channel_id,channel,observed_commenters,total_subs,subscriber_count_hidden,retrieved_at,observed_panel_size,sample_share,sample_share_lcb95,penetration_per_1M_subs
UC0PotgTwYxbOZuM9FbWKdcg,Paranoia_パラノイア【有益】,470,398000,False,2026-06-21T09:38:52.524786+00:00,1527,0.30779305828421744,0.28514767695906534,1180.9045226130652
UC-N7pA0rR1PrUBOfs2OA0oA,哲理学作家さとうみつろう『神さまとのおしゃべり』チャンネル,329,752000,False,2026-06-21T09:38:52.524703+00:00,1527,0.2154551407989522,0.1955610419508485,437.5
UC67Wr_9pA4I0glIxDt_Cpyw,両学長 リベラルアーツ大学,269,9820000,False,2026-06-21T09:38:52.524673+00:00,1527,0.1761624099541585,0.15787382107504302,27.393075356415476
UC4lN5sizuJraSHqy99xTy6Q,Naokiman Show,209,2510000,False,2026-06-21T09:38:52.524642+00:00,1527,0.13686967910936476,0.12053884395537949,83.26693227091633
UC1WkFVOCTPdY782AJ1PZ-JQ,Dr. Zion Kabasawa,174,699000,False,2026-06-21T09:38:52.524503+00:00,1527,0.11394891944990176,0.09897072774249241,248.92703862660943
UC0FFHRF1mytLDhs6nxqGIQg,OTAKING / Toshio Okada,154,1220000,False,2026-06-21T09:38:52.524573+00:00,1527,0.1008513425016372,0.0867346983347003,126.2295081967213
UC8yHePe_RgUBE-waRWy6olw,PIVOT 公式チャンネル,146,3980000,False,2026-06-21T09:38:52.524776+00:00,1527,0.09561231172233137,0.0818614363016792,36.68341708542714
UC1bmnUH1ffc63zohkPvtXcQ,ブライトサイド | Bright Side Japan,136,1640000,False,2026-06-21T09:38:52.524630+00:00,1527,0.08906352324819908,0.07578882246009844,82.92682926829268
UCFo4kqllbcQ4nV83WCyraiw,NAKATA UNIVERSITY ,122,5480000,False,2026-06-21T09:38:52.524666+00:00,1527,0.07989521938441388,0.0673264104972059,22.26277372262774
UC-kF1uMFhIfvw6seHqDGwkg,アシタノワダイ,119,1260000,False,2026-06-21T09:38:52.524732+00:00,1527,0.0779305828421742,0.0655195712482743,94.44444444444444
UC0yQ2h4gQXmVUFWZSqlMVOA,"ひろゆき, hiroyuki",114,1650000,False,2026-06-21T09:38:52.524619+00:00,1527,0.07465618860510806,0.06251372780670833,69.0909090909091
UC9V4eJBNx_hOieGG51NZ6nA,フェルミ漫画大学,112,1390000,False,2026-06-21T09:38:52.524792+00:00,1527,0.0733464309102816,0.06131341194205047,80.57553956834532
UCEixleMT76xDzoiEb9ZA7XA,本要約チャンネル【毎日18時更新】,111,1790000,False,2026-06-21T09:38:52.524561+00:00,1527,0.07269155206286837,0.06071370120880374,62.011173184357546
UC7I3QTra4_kC4TSu8f7rHkA,マコなり社長,106,1130000,False,2026-06-21T09:38:52.524804+00:00,1527,0.06941715782580223,0.05771977001830092,93.80530973451327
UCC4NkFV-L-vVYD5z_Ei5dUA,学識サロン,102,957000,False,2026-06-21T09:38:52.524760+00:00,1527,0.06679764243614932,0.055330413632417225,106.58307210031347
UC4arQnli3ffEuCSrSgAD_Ug,大愚和尚の一問一答/Osho Taigu’s Heart of Buddha,94,765000,False,2026-06-21T09:38:52.524608+00:00,1527,0.06155861165684348,0.05056835539773739,122.87581699346406
UC0aToF412eWBjYJ6pPzUuZQ,井川意高が熔ける日本を斬る,93,574000,False,2026-06-21T09:38:52.524613+00:00,1527,0.060903732809430254,0.04997475685885748,162.02090592334494
UC-fWGfiX-T1YdqaUZvMJBHg,宇宙となかよし/Qさん,91,2000000,False,2026-06-21T09:38:52.524590+00:00,1527,0.0595939751146038,0.048788725950251105,45.5
UC2NQajHz-1eJrobTub1ZnSA,プロ霊能力者チャンネル,88,315000,False,2026-06-21T09:38:52.524750+00:00,1527,0.05762933857236411,0.04701268512851063,279.36507936507934
UC585dIe6lG9UOR-CyE24wmQ,Ken Honda 本田健,87,249000,False,2026-06-21T09:38:52.524679+00:00,1527,0.05697445972495088,0.046421498196729354,349.3975903614458
UC2vi2elY5r_NiMMar423Xwg,おみそちゃんねる【世界どん深闇ニュース】,84,678000,False,2026-06-21T09:38:52.524765+00:00,1527,0.0550098231827112,0.04465051129055823,123.8938053097345
UC-a9wiNTKiLIRLTyIRdNbMg,OGATORE,84,1770000,False,2026-06-21T09:38:52.524566+00:00,1527,0.0550098231827112,0.04465051129055823,47.45762711864407
UC-noa6HH6h4YnjhAAJwUNkg,占い師けんけんTV,83,308000,False,2026-06-21T09:38:52.524548+00:00,1527,0.05435494433529797,0.04406106393121745,269.4805194805195
UC1zsShDyJp8AafQu9BPo1PQ,JOE VLOG 【CRAZY CHALLENGER】,80,2450000,False,2026-06-21T09:38:52.524554+00:00,1527,0.05239030779305828,0.0422954719535692,32.6530612244898
UC0FkyfBoJXIIuQeZ9iurwNQ,5年後の世界,77,254000,False,2026-06-21T09:38:52.524624+00:00,1527,0.0504256712508186,0.040534175278489445,303.1496062992126
UC6AG81pAkf6Lbi_1VC5NmPA,TBS NEWS DIG Powered by JNN,76,3300000,False,2026-06-21T09:38:52.524738+00:00,1527,0.04977079240340537,0.03994807109927949,23.03030303030303
UC3-1iYGHfR43q_b974vUNYg,フェルミ研究所 FermiLab,76,1900000,False,2026-06-21T09:38:52.524810+00:00,1527,0.04977079240340537,0.03994807109927949,40.0
UC0gvn7xAe2wHtFZYPqsf6bA,上岡正明【MBA保有･累計31冊ビジネス作家】,74,738000,False,2026-06-21T09:38:52.524816+00:00,1527,0.04846103470857891,0.038777410267302345,100.27100271002709
UC6I4vtYv0c4KkGbzZHZxBsg,謎解き統計学 | サトマイ,73,452000,False,2026-06-21T09:38:52.524541+00:00,1527,0.04780615586116568,0.03819287316873259,161.50442477876106
UC2A9bPIozUiYiXBbBdCF3eA,かず先生の若返りセルフケア塾,73,789000,False,2026-06-21T09:38:52.524721+00:00,1527,0.04780615586116568,0.03819287316873259,92.52217997465145
UC059SA_tX-AptG0JdMgDG3g,"ひろゆきの部屋【ひろゆき, hiroyuki】切り抜き",72,828000,False,2026-06-21T09:38:52.524691+00:00,1527,0.047151277013752456,0.03760887853164825,86.95652173913044
UCFdBehO71GQaIom4WfVeGSw,メンタリスト DaiGo,72,2210000,False,2026-06-21T09:38:52.524781+00:00,1527,0.047151277013752456,0.03760887853164825,32.579185520361996
UCSV7XsNgbtIjK2sBLrhpZ4A,ひすいこたろうの名言セラピー,70,799000,False,2026-06-21T09:38:52.524579+00:00,1527,0.045841519318926,0.03644255949441473,87.60951188986233
UC1N2_2vCoyd3EvGcVuwTfmw,ナショナル ジオグラフィック TV,70,1110000,False,2026-06-21T09:38:52.524532+00:00,1527,0.045841519318926,0.03644255949441473,63.06306306306306
UC9zY_E8mcAo_Oq772LEZq8Q,THE FIRST TAKE,69,12100000,False,2026-06-21T09:38:52.524685+00:00,1527,0.04518664047151277,0.03586025745696664,5.702479338842975
UC0T9mx1-Nqd01vPFmpk7amA,ブスの美ボディメイク  -miey bodymake-,67,1240000,False,2026-06-21T09:38:52.524710+00:00,1527,0.04387688277668631,0.034697427258980854,54.03225806451613
UC1uHbAbleaXjfegbmFV9TVQ,ウマヅラのお茶の間,66,464000,False,2026-06-21T09:38:52.524770+00:00,1527,0.043222003929273084,0.03411692395376506,142.24137931034483
UC1oPBUWifc0QOOY8DEKhLuQ,avex,64,6360000,False,2026-06-21T09:38:52.524697+00:00,1527,0.04191224623444663,0.032957806564816394,10.062893081761006
UC-Qy4K-hv1Fpd8pouh0bC5A,IROHA TAROT,61,268000,False,2026-06-21T09:38:52.524654+00:00,1527,0.03994760969220694,0.03122406580168782,227.61194029850748
UCDvZpvrjCMfNDMasZEmkFuQ,TOLAND VLOG,60,974000,False,2026-06-21T09:38:52.524660+00:00,1527,0.03929273084479371,0.03064752885024982,61.601642710472284
UC761NMYPNhxIbTXQvYl6oug,THINK.【願望・理想を、創造する。】,59,43200,False,2026-06-21T09:38:52.524635+00:00,1527,0.038637851997380485,0.030071707241032967,1365.7407407407406
UC0rvsDnTlvualb1EkgbxBzQ,金運上昇チャンネル,57,277000,False,2026-06-21T09:38:52.524715+00:00,1527,0.03732809430255403,0.028922279670882862,205.77617328519855
UC-qgCHahOqPsyi_HNnFfqPg,AYAMAR美ヘアチャンネル,56,1310000,False,2026-06-21T09:38:52.524798+00:00,1527,0.0366732154551408,0.02834871038586687,42.74809160305343
UC1Lp8HbCqOPBMT1W_mjb21A,kattyanneru/かっちゃんねる,56,1590000,False,2026-06-21T09:38:52.524648+00:00,1527,0.0366732154551408,0.02834871038586687,35.22012578616352
UC2L2dBbBWuexPgOE4IdGu2g,仏教に学ぶ幸福論 by 菊谷隆太,55,317000,False,2026-06-21T09:38:52.524726+00:00,1527,0.03601833660772757,0.027775929886472796,173.50157728706625
UC1YCT9S8BFkXMYfOn6x0sgg,FXメガバンク – 今日から使えるトレード講座,55,210000,False,2026-06-21T09:38:52.524596+00:00,1527,0.03601833660772757,0.027775929886472796,261.9047619047619
UC3cs6g4_Rl4hPwEjEuxvVjw,大神さんの謎解き部屋,54,101000,False,2026-06-21T09:38:52.524584+00:00,1527,0.03536345776031434,0.02720395858823997,534.6534653465347
UC-pkVT7PmmhoBUYfqz7JN9Q,ダイヤモンド公式チャンネル,53,239000,False,2026-06-21T09:38:52.524755+00:00,1527,0.03470857891290111,0.026632817833639924,221.7573221757322
UC16NNFKodOsrgi0Nla5XPKg,Blue Rose Channel Japan,53,117000,False,2026-06-21T09:38:52.524602+00:00,1527,0.03470857891290111,0.026632817833639924,452.99145299145295
UC-23boc2hLm6irCZP7GpSbw,Canvaデザイナー Sayaka,53,86600,False,2026-06-21T09:38:52.524744+00:00,1527,0.03470857891290111,0.026632817833639924,612.0092378752886
UCB1dgsqLiEp57oDAyNV_vww,ABEMA Prime #アベプラ【公式】,53,2080000,False,2026-06-21T09:38:52.602744+00:00,1527,0.03470857891290111,0.026632817833639924,25.48076923076923
UC4G9FaiM7C4us3WL4jQdQ5A,本田晃一の知ってるだけでハッピーライフ,51,73900,False,2026-06-21T09:38:52.602765+00:00,1527,0.03339882121807466,0.025493118326385095,690.1217861975643
UC1FQWQ3y3-e8l1pCtWhJt5A,Vaundy,51,2530000,False,2026-06-21T09:38:52.602851+00:00,1527,0.03339882121807466,0.025493118326385095,20.15810276679842
UCCDBm5As0AtPlZ4P36WQ1NQ,崔の店長日誌。,51,177000,False,2026-06-21T09:38:52.602859+00:00,1527,0.03339882121807466,0.025493118326385095,288.135593220339
UC0L7F652u_2kIsirLNI6ZLQ,100年生きる！眼科チャンネル,51,361000,False,2026-06-21T09:38:52.602862+00:00,1527,0.03339882121807466,0.025493118326385095,141.2742382271468
UC0LfDpgSw82vYg_mL-OQR6Q,セクテクチャンネル,50,548000,False,2026-06-21T09:38:52.602829+00:00,1527,0.03274394237066143,0.024924607461598972,91.24087591240875
UC67REzSALhOC8_xkgLyif-g,北の達人チャンネル,50,170000,False,2026-06-21T09:38:52.602768+00:00,1527,0.03274394237066143,0.024924607461598972,294.1176470588235
UC0e6zo8oX6ISSBjPaSZsjeA,懲役太郎チャンネル,50,484000,False,2026-06-21T09:38:52.602750+00:00,1527,0.03274394237066143,0.024924607461598972,103.30578512396694
UC-nMK37fDDgPTbENzjx31XQ,ゲッターズ飯田公式チャンネル,50,276000,False,2026-06-21T09:38:52.602734+00:00,1527,0.03274394237066143,0.024924607461598972,181.15942028985506
UC-_2hN8eYuXfWnislPAk60Q,量子力学的引き寄せ理論,50,20600,False,2026-06-21T09:38:52.602789+00:00,1527,0.03274394237066143,0.024924607461598972,2427.1844660194174
UC2QBYE7QabwH_7krAAp2T-g,コヤッキーチャンネル【開運バラエティ】,50,171000,False,2026-06-21T09:38:52.602798+00:00,1527,0.03274394237066143,0.024924607461598972,292.39766081871346
UC0NW9j5c23P23RIfxL1DRsA,マインドマスター,50,35600,False,2026-06-21T09:38:52.602845+00:00,1527,0.03274394237066143,0.024924607461598972,1404.4943820224719
UC3GpbpDEr8mp3ZZ8DDO65fg,佐藤航陽の宇宙会議,49,182000,False,2026-06-21T09:38:52.602865+00:00,1527,0.032089063523248196,0.024357023064561015,269.2307692307692
UC4Ub-Y_yj43aouqFbA7PwhQ,おーちゃん【元外銀マン】,49,230000,False,2026-06-21T09:38:52.602753+00:00,1527,0.032089063523248196,0.024357023064561015,213.04347826086956
UC1nVq5-LTEdUVmr5FLfkd7A,税理士YouTuberチャンネル!! / ヒロ税理士,48,428000,False,2026-06-21T09:38:52.602783+00:00,1527,0.03143418467583497,0.023790392127114167,112.14953271028037
UC1H5dv45x2aFKk-6JZLSWIQ,粗品 Official Channel,48,2420000,False,2026-06-21T09:38:52.602756+00:00,1527,0.03143418467583497,0.023790392127114167,19.834710743801654
UCB4nWNauim-qxiaDOcH0dLA,街録ch〜あなたの人生、教えて下さい〜,48,1880000,False,2026-06-21T09:38:52.602777+00:00,1527,0.03143418467583497,0.023790392127114167,25.53191489361702
UC-6DVb3QQK2_2oso0RqgNWA,Nakano Hiroshi BooKtube Univ.,47,2040000,False,2026-06-21T09:38:52.602870+00:00,1527,0.03077930582842174,0.02322474301843688,23.03921568627451
UC-9t7dZ3xvpjMGtFukKIhPw,ベーシックインカムちゃんねる,47,97400,False,2026-06-21T09:38:52.602774+00:00,1527,0.03077930582842174,0.02322474301843688,482.54620123203284
UC3eTZ5Yld6qufD6rtEiERdw,Repezen Foxx,46,3670000,False,2026-06-21T09:38:52.602826+00:00,1527,0.030124426981008513,0.02266010558582748,12.534059945504087
UC-kwiDn_sPRckNtYLs-B8Tw,Momoka Japan,46,996000,False,2026-06-21T09:38:52.602738+00:00,1527,0.030124426981008513,0.02266010558582748,46.18473895582329
UC-IdN5EFZvzzZGqgul8eXKQ,戸田覚：ガジェット【辛口】点数評価,46,323000,False,2026-06-21T09:38:52.602812+00:00,1527,0.030124426981008513,0.02266010558582748,142.41486068111456
UC3p5OTQsMEnmZktWUkw_Y0A,Koh Kentetsu Kitchen【料理研究家コウケンテツ公式チャンネル】,46,2280000,False,2026-06-21T09:38:52.602730+00:00,1527,0.030124426981008513,0.02266010558582748,20.175438596491226
UC04oPzeoQiTne13IunjNT2g,ましろ【FXトレーダー】,45,93400,False,2026-06-21T09:38:52.602834+00:00,1527,0.029469548133595286,0.02209651126518583,481.7987152034261
UC0LtdRW5VqSXnlq5FIcfzQg,【FX初心者ch】 by ユーちぇる監督,45,151000,False,2026-06-21T09:38:52.602809+00:00,1527,0.029469548133595286,0.02209651126518583,298.0132450331126
UC-xs_TO6k_0TZ91OsBv0d-g,養老孟司の部屋,45,235000,False,2026-06-21T09:38:52.602868+00:00,1527,0.029469548133595286,0.02209651126518583,191.48936170212764
UCL6JY2DXJNDOIqCP1CRADng,エガちゃんねる EGA-CHANNEL,45,5310000,False,2026-06-21T09:38:52.602801+00:00,1527,0.029469548133595286,0.02209651126518583,8.474576271186441
UC14QT5j2nQI8lKBCGtrrBQA,アニプレックス チャンネル,44,3860000,False,2026-06-21T09:38:52.602803+00:00,1527,0.028814669286182055,0.021533993202358263,11.398963730569948
UC-H2m0nZt6k0SJ5o04gS0nA,ガグル〈話題の事 語る奴〉,44,462000,False,2026-06-21T09:38:52.602741+00:00,1527,0.028814669286182055,0.021533993202358263,95.23809523809524
UC4Zyu8fXoss8fnCraoqVprA,GACKTちゃんねる がくちゃん,44,866000,False,2026-06-21T09:38:52.602771+00:00,1527,0.028814669286182055,0.021533993202358263,50.80831408775981
UC-eQC7XwFpCy-2fFtw-NtIg,Eden Media,43,98300,False,2026-06-21T09:38:52.602786+00:00,1527,0.028159790438768827,0.02097258638668156,437.43641912512714
UC1z_KW_4kppjwbRwpPdVnRg,斎名智子アワー ツキを呼び込む,43,158000,False,2026-06-21T09:38:52.602840+00:00,1527,0.028159790438768827,0.02097258638668156,272.1518987341772
UC-dL5Mh7IZKUNl9iYGFqfrw,神結ちゃんねる 〜かみすちゃんねる〜,43,83800,False,2026-06-21T09:38:52.602857+00:00,1527,0.028159790438768827,0.02097258638668156,513.126491646778
UC6merdM0gtSbJyfwT4e3AiQ,REWIRE,43,132000,False,2026-06-21T09:38:52.602854+00:00,1527,0.028159790438768827,0.02097258638668156,325.75757575757575
UC6kSLiIgAcbXNSxf0JHjy5g,中田敦彦のトーク - NAKATA ATSUHIKO TALKS,43,703000,False,2026-06-21T09:38:52.602715+00:00,1527,0.028159790438768827,0.02097258638668156,61.16642958748222
UC28hcmMG3TJv60Byo528VVg,Niconico News,43,357000,False,2026-06-21T09:38:52.602815+00:00,1527,0.028159790438768827,0.02097258638668156,120.44817927170868
UC0ksmumBTu2gltpZpwksbcA,ゆとりくんチャンネル,43,73400,False,2026-06-21T09:38:52.602821+00:00,1527,0.028159790438768827,0.02097258638668156,585.8310626702997
UC3bc4PNLgnBudG19N74Jjzw,苫米地英人の銀河系アカデミア,43,76000,False,2026-06-21T09:38:52.602792+00:00,1527,0.028159790438768827,0.02097258638668156,565.7894736842105
UC0w34ML2u_eWfWv6ZflIXxA,量子力学的　幸せと成功引き寄せチャンネル,42,33900,False,2026-06-21T09:38:52.602762+00:00,1527,0.0275049115913556,0.020412327798259904,1238.9380530973451
UCD7hoq_imKSpKasLuFBHJ6A,波動チャンネル/桑名正典,42,225000,False,2026-06-21T09:38:52.602818+00:00,1527,0.0275049115913556,0.020412327798259904,186.66666666666666
UC2PFHY0nOOVyErB_s1P2iQA,ブレインハック_BrainHack🧠,42,43100,False,2026-06-21T09:38:52.602795+00:00,1527,0.0275049115913556,0.020412327798259904,974.4779582366589
UCG_oqDSlIYEspNpd2H4zWhw,ReHacQ−リハック−【公式】,41,1920000,False,2026-06-21T09:38:52.602837+00:00,1527,0.026850032743942372,0.019853256570742456,21.354166666666668
UC-kyyUVuJUtxi9L59_tWttg,一ノ瀬 京介,41,22300,False,2026-06-21T09:38:52.602843+00:00,1527,0.026850032743942372,0.019853256570742456,1838.5650224215246
UC1pSncDXYrP1c6VWDGIGcNg,桜井美帆のオーラで開運チャンネル,41,57400,False,2026-06-21T09:38:52.602759+00:00,1527,0.026850032743942372,0.019853256570742456,714.2857142857143
UC3vg17IZ1IV73xx069jG44w,OFFICIAL HIGE DANDISM,40,3660000,False,2026-06-21T09:38:52.602832+00:00,1527,0.02619515389652914,0.019295414171644643,10.92896174863388
UC-3QY3npvAhdBncds9bim5A,Hiro's room【4chan】,40,219000,False,2026-06-21T09:38:52.602823+00:00,1527,0.02619515389652914,0.019295414171644643,182.64840182648402
UC-lFhQuhHaxAnRRSK1tds9g,FX Yosuga,40,66200,False,2026-06-21T09:38:52.602780+00:00,1527,0.02619515389652914,0.019295414171644643,604.2296072507553
UCAKJM0HKzVUKSJ6o0KpZ8Ng,Honami,40,235000,False,2026-06-21T09:38:52.602848+00:00,1527,0.02619515389652914,0.019295414171644643,170.2127659574468
UCGCZAYq5Xxojl_tSXcVJhiQ,ANNnewsCH,40,5010000,False,2026-06-21T09:38:52.602747+00:00,1527,0.02619515389652914,0.019295414171644643,7.984031936127745
UC-km1012mEUQQLGxggmrazw,Haiji's Japanese food collection,39,1150000,False,2026-06-21T09:38:52.602806+00:00,1527,0.025540275049115914,0.01873884460258202,33.91304347826087
UC60edzb3Y-OhV02QeXraTDw,あおいの幸せ引き寄せ波動ラボ,38,26300,False,2026-06-21T09:38:52.684305+00:00,1527,0.024885396201702686,0.018183594622173897,1444.866920152091
UC-oB1viuwdIH8dkss87KSYw,ミラクルひかるチャンネル,38,352000,False,2026-06-21T09:38:52.684325+00:00,1527,0.024885396201702686,0.018183594622173897,107.95454545454545
UC97CxE2c4b8TptqpFE6dFfQ,ザ・ルール 【人生の攻略法】,38,24400,False,2026-06-21T09:38:52.684385+00:00,1527,0.024885396201702686,0.018183594622173897,1557.377049180328
UC0NEFJxGzqMUVzh7b0sc1Uw,ショーツレンジャー,38,696000,False,2026-06-21T09:38:52.684344+00:00,1527,0.024885396201702686,0.018183594622173897,54.59770114942529
UC2b1bVPPJgpf4qb6Asij33A,sexyfitness　40-50代ボディをかっこよくする筋トレ法,38,435000,False,2026-06-21T09:38:52.684313+00:00,1527,0.024885396201702686,0.018183594622173897,87.35632183908046
UC17qqZ8hk0HkHLm3zj5bnyQ,内海聡【公式】 YouTubeチャンネル,37,149000,False,2026-06-21T09:38:52.684349+00:00,1527,0.024230517354289455,0.01762971399483634,248.3221476510067
UC4cVwSx4jdZszAcvrgJ4H-g,ガーコちゃんねる,37,493000,False,2026-06-21T09:38:52.684251+00:00,1527,0.024230517354289455,0.01762971399483634,75.05070993914808
UCAMT4hftbWt0kNK7PpKBgEg,むすび大学チャンネル,37,700000,False,2026-06-21T09:38:52.684244+00:00,1527,0.024230517354289455,0.01762971399483634,52.857142857142854
UC1NciQ9_T2vwtI1oWuQSM-g,Takeshi Takeshima's Kiwami-meshi,37,613000,False,2026-06-21T09:38:52.684212+00:00,1527,0.024230517354289455,0.01762971399483634,60.35889070146819
UC7TxDj-DqbKzq9locL-iP2w,Dharma Talk through Scary Stories,37,452000,False,2026-06-21T09:38:52.684327+00:00,1527,0.024230517354289455,0.01762971399483634,81.85840707964603
UCBvB2lvfRiuPG_0bKoo_Y5A,さとうさおり　公認会計士,36,570000,False,2026-06-21T09:38:52.684401+00:00,1527,0.023575638506876228,0.01707725576923951,63.1578947368421
UC3GEdr3hViGQqibBucxweag,『お金の雑学』ゆっくり解説,36,244000,False,2026-06-21T09:38:52.684263+00:00,1527,0.023575638506876228,0.01707725576923951,147.54098360655738
UC3h7LLJp2w7iWeXVlLim6Dw,天日矛 Ameno Hihoko,36,111000,False,2026-06-21T09:38:52.684336+00:00,1527,0.023575638506876228,0.01707725576923951,324.3243243243243
UC7F_CLFtxDetmUnORgmwImg,VALX 山本義徳 筋トレ大学,36,786000,False,2026-06-21T09:38:52.684404+00:00,1527,0.023575638506876228,0.01707725576923951,45.80152671755725
UC7C5oRm6cGgbjJdPPEVeNMA,精神科医がこころの病気を解説するCh,36,733000,False,2026-06-21T09:38:52.684269+00:00,1527,0.023575638506876228,0.01707725576923951,49.113233287858115
UCYhXmcP7xSyGd5RFe15YJOg,パソコン博士TAIKI,35,1770000,False,2026-06-21T09:38:52.684347+00:00,1527,0.022920759659463,0.016526276590872448,19.774011299435028
UC1p51viJBYQyLkDyeADMPug,Takumi,35,22300,False,2026-06-21T09:38:52.684299+00:00,1527,0.022920759659463,0.016526276590872448,1569.506726457399
UC6UHYyVoCrAUBsxF-ortrew,StudyInネイティブ英会話,35,1230000,False,2026-06-21T09:38:52.684283+00:00,1527,0.022920759659463,0.016526276590872448,28.455284552845526
UC0XmONh3BZgA6I0G4F7ZCDQ,YES │Yopi's English School,35,408000,False,2026-06-21T09:38:52.684308+00:00,1527,0.022920759659463,0.016526276590872448,85.7843137254902
UCT9cFrlnfy1-XLf0Vuy0Zzw,NMS STUDIO,35,1480000,False,2026-06-21T09:38:52.684302+00:00,1527,0.022920759659463,0.016526276590872448,23.64864864864865
UC0D596LYDZO95xGiNAGYs2g,ワールドフォーラム（真実が未来を拓く）,35,88200,False,2026-06-21T09:38:52.684390+00:00,1527,0.022920759659463,0.016526276590872448,396.8253968253968
UC7wu64jFsV02bbu6UHUd7JA,ガンダムチャンネル,34,1720000,False,2026-06-21T09:38:52.684330+00:00,1527,0.02226588081204977,0.015976837053967484,19.767441860465116
UC2LJKazqzQ-4ZFWPZFPLDSQ,預言天狗の開運お告げ,34,102000,False,2026-06-21T09:38:52.684295+00:00,1527,0.02226588081204977,0.015976837053967484,333.3333333333333
UC4zMk7dbUqzTZieuIFzzSgg,Relax Music BGM CHANNEL,34,654000,False,2026-06-21T09:38:52.684393+00:00,1527,0.02226588081204977,0.015976837053967484,51.98776758409786
UCA_JrEDNSX96ADP6hh_7iUA,神社チャンネル,34,438000,False,2026-06-21T09:38:52.684273+00:00,1527,0.02226588081204977,0.015976837053967484,77.6255707762557
UC1bt4jsQi5JDW9tR-qaI4lg,雑学王子ミツル - 役立つ雑学,34,272000,False,2026-06-21T09:38:52.684248+00:00,1527,0.02226588081204977,0.015976837053967484,125.0
UC58zaRv7_nuQqVbBGDox9hw,あい先生 ｜リンパ師,34,1080000,False,2026-06-21T09:38:52.684319+00:00,1527,0.02226588081204977,0.015976837053967484,31.48148148148148
UC-J7_24mTSMqC3f3vwIEUdg,石原結實 × 石原新菜 / 東洋医学 断食の専門医,33,111000,False,2026-06-21T09:38:52.684410+00:00,1527,0.021611001964636542,0.015429002099020008,297.2972972972973
UC25f1FyMuKnMapFO5w98N_g,Japan Sci-Fi : Everything Sci-Fi,33,385000,False,2026-06-21T09:38:52.684398+00:00,1527,0.021611001964636542,0.015429002099020008,85.71428571428571
UC1st2Mo2UrKD8YjmyU02NTQ,イエアンドライフ,33,55300,False,2026-06-21T09:38:52.684276+00:00,1527,0.021611001964636542,0.015429002099020008,596.745027124774
UC-6aa7WG4qz8PrsNBHGU1Iw,トラブルバスターズ,33,686000,False,2026-06-21T09:38:52.684396+00:00,1527,0.021611001964636542,0.015429002099020008,48.10495626822158
UC7sEB_ylMuHJD4TjF4Ag1nw,田端大学　投資学部,33,395000,False,2026-06-21T09:38:52.684338+00:00,1527,0.021611001964636542,0.015429002099020008,83.54430379746836
UC0gpekdxUu5gN5SPGd9Nrdg,"参政党の部屋【さんせいとう,sanseitou】切り抜き",33,134000,False,2026-06-21T09:38:52.684412+00:00,1527,0.021611001964636542,0.015429002099020008,246.2686567164179
UC0xRMqPOyRNPTaL6BxhbCnQ,いまにゅのAIプログラミング塾,33,177000,False,2026-06-21T09:38:52.684227+00:00,1527,0.021611001964636542,0.015429002099020008,186.4406779661017
UC-mpreu42R7mLtyOlPKelxQ,シュン@億マーケ,32,36100,False,2026-06-21T09:38:52.684255+00:00,1527,0.020956123117223315,0.014882841463342074,886.4265927977839
UC-9-kyTW8ZkZNDHQJ6FgpwQ,Music,32,127000000,False,2026-06-21T09:38:52.684407+00:00,1527,0.020956123117223315,0.014882841463342074,0.25196850393700787
UC14Yc2Qv92DMuyNRlHvpo2Q,TOHO animation,32,4370000,False,2026-06-21T09:38:52.684341+00:00,1527,0.020956123117223315,0.014882841463342074,7.3226544622425624
UC6oal8R3H4V_yY4-0NpY58Q,西鋭夫チャンネル (PRIDE and HISTORY),32,286000,False,2026-06-21T09:38:52.684333+00:00,1527,0.020956123117223315,0.014882841463342074,111.8881118881119
UC9poG8aQWgYvJykq9PXsvoA,ファビオ飯 /イタリア料理人の世界,32,1300000,False,2026-06-21T09:38:52.684416+00:00,1527,0.020956123117223315,0.014882841463342074,24.615384615384617
UC-zbEki0l8lx5HGfb31YmOg,さっchannel,32,564000,False,2026-06-21T09:38:52.684232+00:00,1527,0.020956123117223315,0.014882841463342074,56.73758865248227
UC01iOPW5JvjdpoCfaY8SbTw,MERRY | 幸せに働く人のマインドコーチ,32,13000,False,2026-06-21T09:38:52.684290+00:00,1527,0.020956123117223315,0.014882841463342074,2461.5384615384614
UC0C-w0YjGpqDXGB8IHb662A,Ed Sheeran,32,59100000,False,2026-06-21T09:38:52.684266+00:00,1527,0.020956123117223315,0.014882841463342074,0.5414551607445008
UC1S2_rXnhdcLkiQAV0kwGIg,Japanese Animator Mr.Gobunme,32,545000,False,2026-06-21T09:38:52.684280+00:00,1527,0.020956123117223315,0.014882841463342074,58.715596330275226
UCFbp2XdRpKfk7mYt_uT8dxw,Kevin's English Room / 掛山ケビ志郎,32,2490000,False,2026-06-21T09:38:52.684237+00:00,1527,0.020956123117223315,0.014882841463342074,12.85140562248996
UC-tmV1TLQeBMq05L8Vf_tTA,金運を上げる音楽,31,56600,False,2026-06-21T09:38:52.684322+00:00,1527,0.020301244269810084,0.014338430193566728,547.7031802120141
UC0LUZomFWMyUA9JywQb-GvA,カピバラチャンネル capybarachannel,31,128000,False,2026-06-21T09:38:52.684241+00:00,1527,0.020301244269810084,0.014338430193566728,242.1875
UC7Uc7ZmNOt_sPLFl7ZM83iQ,Fuyuko / Saving and Investment Geek ,31,661000,False,2026-06-21T09:38:52.684316+00:00,1527,0.020301244269810084,0.014338430193566728,46.89863842662633
UCECfnRv8lSbn90zCAJWC7cg,髙橋洋一チャンネル,31,1440000,False,2026-06-21T09:38:52.684287+00:00,1527,0.020301244269810084,0.014338430193566728,21.527777777777775
UC49Kaj6V3vBLsAZnAlDDVSw,菊池亮太 Ryota Kikuchi PIANO,30,876000,False,2026-06-21T09:38:52.684259+00:00,1527,0.019646365422396856,0.013795849230848579,34.24657534246575
UC12HMtO5MYph9dCZZ7yygng,XG,30,4850000,False,2026-06-21T09:38:52.684311+00:00,1527,0.019646365422396856,0.013795849230848579,6.185567010309278
UC0TNiclinjGoFh1MyFi0N5g,【完全覚醒の学校】YUKARI,30,40100,False,2026-06-21T09:38:52.762534+00:00,1527,0.019646365422396856,0.013795849230848579,748.1296758104738
UC47AYUs8AVU1QsT5LhpXjaw,SHONEN JUMP CHANNEL OFFICIAL,30,2610000,False,2026-06-21T09:38:52.762481+00:00,1527,0.019646365422396856,0.013795849230848579,11.494252873563218
UC3RmaroKqAi3LAVToGzzILA,目覚ましをかけない生活【トミー】,30,64200,False,2026-06-21T09:38:52.762478+00:00,1527,0.019646365422396856,0.013795849230848579,467.2897196261682
UC-5eTKa5UQsHZAgDPqpSBBw,なるためJAPAN,30,192000,False,2026-06-21T09:38:52.762565+00:00,1527,0.019646365422396856,0.013795849230848579,156.25
UC5dzkTCM0Jxnc5widb8arDw,非株式会社いつかやる,30,570000,False,2026-06-21T09:38:52.762576+00:00,1527,0.019646365422396856,0.013795849230848579,52.631578947368425
UC-_JkCD8cRwUV5Z4MLAF7wg,スピリチュアルの慈眼【ゆっくり解説】,29,54400,False,2026-06-21T09:38:52.762487+00:00,1527,0.01899148657498363,0.013255186081781148,533.0882352941177
UC7UqbHzYvxwjq1v37C135BQ,西田文郎公式チャンネル,29,23500,False,2026-06-21T09:38:52.762598+00:00,1527,0.01899148657498363,0.013255186081781148,1234.0425531914893
UC7bMtttgCTTyjUd_NPOjCBA,GabalaboCH-ガバラボ,29,113000,False,2026-06-21T09:38:52.762456+00:00,1527,0.01899148657498363,0.013255186081781148,256.63716814159295
UC0GZNP_j1q1jQTyylQU1cZw,project makeover,29,425000,False,2026-06-21T09:38:52.762492+00:00,1527,0.01899148657498363,0.013255186081781148,68.23529411764706
UC09D3M_DdLaZMJnZp0v4pLQ,山田玲司のヤングサンデー,29,178000,False,2026-06-21T09:38:52.762532+00:00,1527,0.01899148657498363,0.013255186081781148,162.92134831460675
UC0AagSlBxG7IQPGRwwoGDWg,3人勘女＠カマたく,29,543000,False,2026-06-21T09:38:52.762498+00:00,1527,0.01899148657498363,0.013255186081781148,53.40699815837937
UCK_aHj_Ooyg7sGV4GYQsz0g,脳のリミッターを外すサトリ式コーチング【遊び人で賢者】,29,52000,False,2026-06-21T09:38:52.762545+00:00,1527,0.01899148657498363,0.013255186081781148,557.6923076923076
UC5Gln-uR3dCnYakOMV2yBOg,無敵のレオ【世界1人旅】,29,461000,False,2026-06-21T09:38:52.762514+00:00,1527,0.01899148657498363,0.013255186081781148,62.90672451193059
UC2WEap0mCxONZLulKVIW1TA,EBBING English Academy,29,128000,False,2026-06-21T09:38:52.762551+00:00,1527,0.01899148657498363,0.013255186081781148,226.5625
UC-wYwXKRpb8QZxo3i9uyRXA,アネモネTV,29,52000,False,2026-06-21T09:38:52.762525+00:00,1527,0.01899148657498363,0.013255186081781148,557.6923076923076
UCJFzpJDW1yyaCBUZxmAz-3g,三崎優太 元青汁王子,28,1180000,False,2026-06-21T09:38:52.762556+00:00,1527,0.0183366077275704,0.012716535590901776,23.728813559322035
UC-PwctTg1kRVzPcBQlodYcg,もりちゃんねる。,28,165000,False,2026-06-21T09:38:52.762584+00:00,1527,0.0183366077275704,0.012716535590901776,169.6969696969697
UC5BiTvy2Ni2MyigJPspjhOA,トウシル [楽天証券],28,463000,False,2026-06-21T09:38:52.762503+00:00,1527,0.0183366077275704,0.012716535590901776,60.475161987041034
UC5FSZsqWuxqSM8IHfxw-Hyw,きたの先生 | 日本一ロジカルな潜在意識の活用法🌏,28,19200,False,2026-06-21T09:38:52.762562+00:00,1527,0.0183366077275704,0.012716535590901776,1458.3333333333335
UC5CXd3yvCNfePkAbxeianDQ,McGuffin,28,699000,False,2026-06-21T09:38:52.762543+00:00,1527,0.0183366077275704,0.012716535590901776,40.05722460658083
UC8oF7jmQsKbMVrCv5LrP32w,HIRO BEAUTY CHANNEL,28,1720000,False,2026-06-21T09:38:52.762559+00:00,1527,0.0183366077275704,0.012716535590901776,16.279069767441857
UC0QaxWvI7NNWcFTHDVypr1Q,櫻庭露樹のコラボチャンネル,28,42000,False,2026-06-21T09:38:52.762600+00:00,1527,0.0183366077275704,0.012716535590901776,666.6666666666666
UC0nP81Fj8D1HveiG45W_G1g,"望月りんの研究室【フェルミ研究所,漫画大学切り抜き】",28,130000,False,2026-06-21T09:38:52.762528+00:00,1527,0.0183366077275704,0.012716535590901776,215.3846153846154
UC1S31PbQRHVqGbe2mSwyQ6g,KEIちゃんねる / 犬飼京,27,648000,False,2026-06-21T09:38:52.762570+00:00,1527,0.01768172888015717,0.012180000834249902,41.666666666666664
UC2-biDVK0E3d_Rp6rYoh4cQ,人間のトリビア,27,236000,False,2026-06-21T09:38:52.762475+00:00,1527,0.01768172888015717,0.012180000834249902,114.40677966101694
UC2H9JFGicoq2me411QvDX5g,水江卓也のHERO'Sチャンネル,27,21000,False,2026-06-21T09:38:52.762489+00:00,1527,0.01768172888015717,0.012180000834249902,1285.7142857142856
UCL4IyCAYPe7UNe9kmmjCUcA,Captain AT Channel,27,140000,False,2026-06-21T09:38:52.762520+00:00,1527,0.01768172888015717,0.012180000834249902,192.85714285714286
UC-g-w1lS2yYmOLKV6UPrR_A,GOMA  - Japanese Horror Stories -,27,539000,False,2026-06-21T09:38:52.762592+00:00,1527,0.01768172888015717,0.012180000834249902,50.09276437847866
UC1-4AnMxkLXLNL3-7UJ4KTQ,/谷やん谷崎鷹人,27,1750000,False,2026-06-21T09:38:52.762586+00:00,1527,0.01768172888015717,0.012180000834249902,15.428571428571429
UC-QZSLpCPi_RlACN2Xg59lg,ヒストリースタジオ【旧数分で分かる歴史】,27,171000,False,2026-06-21T09:38:52.762554+00:00,1527,0.01768172888015717,0.012180000834249902,157.89473684210526
UC3kCoMOmTiqkjxjpBPKdt6w,テクサス大学【成功の秘密】,27,36100,False,2026-06-21T09:38:52.762506+00:00,1527,0.01768172888015717,0.012180000834249902,747.9224376731302
UC0AanNmw5A6nchQca8IbKMg,大切なお知らせ,27,91100,False,2026-06-21T09:38:52.762603+00:00,1527,0.01768172888015717,0.012180000834249902,296.37760702524696
UCliZ4UHWUq2Y3rWdjqekxsQ,ミルクティー飲みたい,27,644000,False,2026-06-21T09:38:52.762517+00:00,1527,0.01768172888015717,0.012180000834249902,41.92546583850932
UC3_oSWRmPBpnhlzaWLZBafQ,香椎なつ【政治のガチ攻略ch】,27,244000,False,2026-06-21T09:38:52.762537+00:00,1527,0.01768172888015717,0.012180000834249902,110.65573770491802
UC4XJFeGFaJjkwYKuKy2h0Sw,岩瀬アキラ - Akira Iwase Official Channel,27,54800,False,2026-06-21T09:38:52.762484+00:00,1527,0.01768172888015717,0.012180000834249902,492.7007299270073
UC6V_waoFfhhliiqAo5MFjZg,シクロエの家,27,779000,False,2026-06-21T09:38:52.762523+00:00,1527,0.01768172888015717,0.012180000834249902,34.65982028241335
UCDfzsr9f8DKJkQTBdJApflw,LIMIT BREAKER,27,199000,False,2026-06-21T09:38:52.762540+00:00,1527,0.01768172888015717,0.012180000834249902,135.678391959799
UC1xUVJIbbM-PV5W0Cci6zuA,苫米地英人の一言コーチング,27,13500,False,2026-06-21T09:38:52.762578+00:00,1527,0.01768172888015717,0.012180000834249902,2000.0
UC7LT6gRahCIBd5AO5MUl8dQ,Yukari’s Easy Japanese Home Cooking Recipes,26,1770000,False,2026-06-21T09:38:52.762467+00:00,1527,0.017026850032743943,0.011645694158013625,14.689265536723163
UC0AuyBe0-TDTqSWY27nhYBw,Gyoza Quest,26,329000,False,2026-06-21T09:38:52.762472+00:00,1527,0.017026850032743943,0.011645694158013625,79.0273556231003
UC46u5qG6vqDdrNYgqRVvq3Q,GENKI LABO,26,1100000,False,2026-06-21T09:38:52.762495+00:00,1527,0.017026850032743943,0.011645694158013625,23.636363636363637
UCE-lBtQTa3A8gYgbl8xRMig,木村拓哉,26,2330000,False,2026-06-21T09:38:52.762595+00:00,1527,0.017026850032743943,0.011645694158013625,11.158798283261802
UCIQtDoeW36USisFNNUfg5yg,MEDITERRACE,26,187000,False,2026-06-21T09:38:52.762573+00:00,1527,0.017026850032743943,0.011645694158013625,139.0374331550802
UC1HZhN0HjriRUhqH7wGyRQg,てぬキッチン/Tenu Kitchen,26,773000,False,2026-06-21T09:38:52.762500+00:00,1527,0.017026850032743943,0.011645694158013625,33.63518758085382
UC25Ah0_XF2lOUwWV9VSfl2g,藤森慎吾のYouTubeチャンネル,25,874000,False,2026-06-21T09:38:52.762548+00:00,1527,0.016371971185330715,0.011113738392152682,28.604118993135014
UC7umTzIrIJq8Xh428lj0M5A,ヒューマンバグ大学_闇の漫画,25,2070000,False,2026-06-21T09:38:52.762589+00:00,1527,0.016371971185330715,0.011113738392152682,12.077294685990339
UC-WdpyFOCjNhF9Qp0A_K9sg,脳と心と体の専門家：田仲真治のブレイン・アップデートTV,25,23900,False,2026-06-21T09:38:52.762511+00:00,1527,0.016371971185330715,0.011113738392152682,1046.0251046025103
UC-AEBG91PCbcrMj8AMAUDmA,興味深い真実,25,308000,False,2026-06-21T09:38:52.762509+00:00,1527,0.016371971185330715,0.011113738392152682,81.16883116883118
UC4LBOkVeWybjgZcruTPR1PQ,NORIさんの【精神世界探究チャンネル】,25,72900,False,2026-06-21T09:38:52.762581+00:00,1527,0.016371971185330715,0.011113738392152682,342.9355281207133
UC61Kj7sbdV77Xk2Q3sG_69A,Words of Guidance〜導言〜From KAMIHITO,25,138000,False,2026-06-21T09:38:52.762567+00:00,1527,0.016371971185330715,0.011113738392152682,181.15942028985506
UCPzSiosPjlAmQuO5VjYQFzg,あべむつき【ラッキーマイン】,25,251000,False,2026-06-21T09:38:52.838040+00:00,1527,0.016371971185330715,0.011113738392152682,99.60159362549801
UC0Wv49l3qlIdFX69FKD3y1g,神社ソムリエのあやかりチャンネル,24,98100,False,2026-06-21T09:38:52.838035+00:00,1527,0.015717092337917484,0.010584268276448773,244.6483180428135
UC0gex8DAn_KPhHk8ywpEBIw,黒人サムライKOKUJIN SAMURAI,24,235000,False,2026-06-21T09:38:52.837990+00:00,1527,0.015717092337917484,0.010584268276448773,102.12765957446808
UC00rnQH4OeToDAK93dD3fmQ,ハングリーハスキー / おうちで海外料理,24,325000,False,2026-06-21T09:38:52.838024+00:00,1527,0.015717092337917484,0.010584268276448773,73.84615384615384
UC0BSwbn-6xUz_ZiRzwVj27w,ハロー!ミキティ / 藤本美貴,24,1030000,False,2026-06-21T09:38:52.838004+00:00,1527,0.015717092337917484,0.010584268276448773,23.300970873786408
UC0K-L3dioNK9vi11wR_nCBQ,Japanese YOGA,24,291000,False,2026-06-21T09:38:52.838026+00:00,1527,0.015717092337917484,0.010584268276448773,82.47422680412372
UC1DqlLj1onQhBfxW81OgQTw,GLAY,24,560000,False,2026-06-21T09:38:52.837982+00:00,1527,0.015717092337917484,0.010584268276448773,42.857142857142854
UC5z705CUTh_plTUnvnSCvQw,龍神巫女かぐら,24,163000,False,2026-06-21T09:38:52.837961+00:00,1527,0.015717092337917484,0.010584268276448773,147.23926380368098
UC0xYGj09xcSMEIN56dNn8GA,Sunday+,24,50200,False,2026-06-21T09:38:52.838052+00:00,1527,0.015717092337917484,0.010584268276448773,478.08764940239047
UC2UzTcmBxku-WV8cVkuvXXw,潜在意識のかきかえ方【ゆっくり解説】,24,21700,False,2026-06-21T09:38:52.838063+00:00,1527,0.015717092337917484,0.010584268276448773,1105.9907834101382
UC80FWuvIAtY-TRtYuDocfUw,立花孝志,24,722000,False,2026-06-21T09:38:52.837967+00:00,1527,0.015717092337917484,0.010584268276448773,33.24099722991689
UCF8lcwSrRR4ilXDod5SFvUQ,丹田チャンネル,24,161000,False,2026-06-21T09:38:52.838010+00:00,1527,0.015717092337917484,0.010584268276448773,149.06832298136646
UCEWw6AKlR_F5_pbc_GOOIBg,BUDDICAの中野クン,24,200000,False,2026-06-21T09:38:52.838060+00:00,1527,0.015717092337917484,0.010584268276448773,120.0
UC2aGNidfUAdJRRBmHqLjI-g,いなわくTV,24,406000,False,2026-06-21T09:38:52.837944+00:00,1527,0.015717092337917484,0.010584268276448773,59.11330049261084
UC-2hOA2I3ZNlNypmhAc47Ng,インテリアMAGAZINE【KENTO】,23,109000,False,2026-06-21T09:38:52.837984+00:00,1527,0.015062213490504257,0.010057432146294794,211.0091743119266
UCLrqoy6FiCWAoMbKAPdSn0g,ヒロ_お金と心の専門家,23,112000,False,2026-06-21T09:38:52.838049+00:00,1527,0.015062213490504257,0.010057432146294794,205.35714285714286
UC1DCedRgGHBdm81E1llLhOQ,Pekora Ch. 兎田ぺこら,23,2780000,False,2026-06-21T09:38:52.837975+00:00,1527,0.015062213490504257,0.010057432146294794,8.273381294964029
UC-RNsA4086_NI9k3xgUEqnQ,田中理恵 Riefit 【ダイエット】,23,387000,False,2026-06-21T09:38:52.838007+00:00,1527,0.015062213490504257,0.010057432146294794,59.43152454780362
UC-_rEHyejSo0gDagSzA6D1w,sub-low,23,32000,False,2026-06-21T09:38:52.838046+00:00,1527,0.015062213490504257,0.010057432146294794,718.75
UC7LaaFweFU8ielYVC5Kq2LQ,【斎藤一人】ツイてる魂神社,23,79600,False,2026-06-21T09:38:52.837993+00:00,1527,0.015062213490504257,0.010057432146294794,288.94472361809045
UCwKupwJ1EpdNH8Z98SKjY2Q,脱・税理士スガワラくん,23,1690000,False,2026-06-21T09:38:52.838032+00:00,1527,0.015062213490504257,0.010057432146294794,13.609467455621301
UC0SKIdgDQXqV4iSqOmDLSFQ,エイクFXプライスアクションチャンネル,23,23600,False,2026-06-21T09:38:52.838038+00:00,1527,0.015062213490504257,0.010057432146294794,974.5762711864407
UC2l_FQ800uKs7TMYjay2Tsw,ワニボー,23,22700,False,2026-06-21T09:38:52.837973+00:00,1527,0.015062213490504257,0.010057432146294794,1013.2158590308369
UCEhb2xQvz_qU3wyUo5MUkLA,偉人の言葉,23,57400,False,2026-06-21T09:38:52.838001+00:00,1527,0.015062213490504257,0.010057432146294794,400.69686411149826
UC90UTL_T6hQoLnWGATfOc8w,政経電論TV,23,596000,False,2026-06-21T09:38:52.838029+00:00,1527,0.015062213490504257,0.010057432146294794,38.59060402684564
UC-GUnpgY8Er056ZUI_CdDOA,Kyoji Horiguchi,23,357000,False,2026-06-21T09:38:52.837947+00:00,1527,0.015062213490504257,0.010057432146294794,64.42577030812325
UC1h483R01zEPVlMxAE2BOow,PUPPET SUNSUN / パペットスンスン,23,888000,False,2026-06-21T09:38:52.837953+00:00,1527,0.015062213490504257,0.010057432146294794,25.9009009009009
UC1TK5h3syFd9Z0_EbHCXvDw,綾人サロン,23,432000,False,2026-06-21T09:38:52.837938+00:00,1527,0.015062213490504257,0.010057432146294794,53.24074074074074
UC8LhZmYA7VTt84hl91ifIGw,映画弁当 : The movie,23,577000,False,2026-06-21T09:38:52.837950+00:00,1527,0.015062213490504257,0.010057432146294794,39.86135181975737
UC-hM6YJuNYVAmUWxeIr9FeA,Miko Ch. さくらみこ,23,2440000,False,2026-06-21T09:38:52.837964+00:00,1527,0.015062213490504257,0.010057432146294794,9.426229508196721
UC0psEsKVbWwPKHOvKIyMDrw,武井壮のマインド【ライブ切り抜き】,23,80300,False,2026-06-21T09:38:52.837956+00:00,1527,0.015062213490504257,0.010057432146294794,286.42590286425906
UC2alHD2WkakOiTxCxF-uMAg,よにのちゃんねる,23,5000000,False,2026-06-21T09:38:52.837959+00:00,1527,0.015062213490504257,0.010057432146294794,4.6
UCAUBgqFP-qaH2lC7kBR93cw,Tsubaki Reading,23,168000,False,2026-06-21T09:38:52.838057+00:00,1527,0.015062213490504257,0.010057432146294794,136.90476190476193
UC-twgFcRClZz0fVcN1yPtSg,西田どらやきの怪研部,23,142000,False,2026-06-21T09:38:52.837970+00:00,1527,0.015062213490504257,0.010057432146294794,161.9718309859155
UC07a-1FKy4sJ4ZZTpp2RN5g,ニュースあさ8時!,23,339000,False,2026-06-21T09:38:52.837979+00:00,1527,0.015062213490504257,0.010057432146294794,67.84660766961652
UC2tunZXxelGam73VcK3E-ug,棚田行政書士の不動産大学【公式チャンネル・宅建】,23,273000,False,2026-06-21T09:38:52.837928+00:00,1527,0.015062213490504257,0.010057432146294794,84.24908424908425
UC2vQ-7IQJ75obTuTfDrpCyA,現実創造の学校　長友あづさ【潜在意識・脳科学】,23,37100,False,2026-06-21T09:38:52.838018+00:00,1527,0.015062213490504257,0.010057432146294794,619.9460916442048
UC-ivsDwgEwvzjJTRK_jGRqg,トランサーフィン研究所,23,4070,False,2026-06-21T09:38:52.837911+00:00,1527,0.015062213490504257,0.010057432146294794,5651.105651105651
UC-rTBOFUf2IBumga8RzLdWA,北村晴男の溶ける政治,23,89700,False,2026-06-21T09:38:52.837998+00:00,1527,0.015062213490504257,0.010057432146294794,256.4102564102564
UC0mhOaiTObQ9hsCIBQM7Hnw, japanese motorcycle,23,474000,False,2026-06-21T09:38:52.837987+00:00,1527,0.015062213490504257,0.010057432146294794,48.52320675105485
UC5eCvFUhtBeKCiQXUx6CvFg,kottaso cook【kottaso Recipe】,22,849000,False,2026-06-21T09:38:52.838015+00:00,1527,0.014407334643091027,0.00953339393851884,25.91283863368669
UC2GuoutVyegg6PUK88lLpjw,兄者弟者,22,3160000,False,2026-06-21T09:38:52.838012+00:00,1527,0.014407334643091027,0.00953339393851884,6.962025316455697
UC6uU6smfaEvk_vyVjxIOVuQ,たぱぞう投資大学,22,235000,False,2026-06-21T09:38:52.838054+00:00,1527,0.014407334643091027,0.00953339393851884,93.61702127659574
UC7BUQ_Gv-QgKLSyuFwLsJNw,【公式】絵本作家のぶみチャンネル,22,227000,False,2026-06-21T09:38:52.837924+00:00,1527,0.014407334643091027,0.00953339393851884,96.91629955947137
UC2bcMbj2L8pcdzkAIYAg0tw,光岡かつみの政経社会,22,313000,False,2026-06-21T09:38:52.837932+00:00,1527,0.014407334643091027,0.00953339393851884,70.28753993610223
UC3BSzbgMn2vLYS4Dp_i-bow,佐藤 健 / Satoh Takeru,22,2490000,False,2026-06-21T09:38:52.838043+00:00,1527,0.014407334643091027,0.00953339393851884,8.835341365461847
UC3-ReVazV9vfnKVeNl9mrfA,alien channel,22,106000,False,2026-06-21T09:38:52.838021+00:00,1527,0.014407334643091027,0.00953339393851884,207.54716981132074
UCDn8Lqf-x0zD8hmFUg08f6w,狩野英孝【公式チャンネル】EIKO!GO!!,22,2940000,False,2026-06-21T09:38:52.837935+00:00,1527,0.014407334643091027,0.00953339393851884,7.482993197278912
UC0YdreHTXA1FXHNb6psd2CQ,ひろすき【切り抜き】,22,242000,False,2026-06-21T09:38:52.837941+00:00,1527,0.014407334643091027,0.00953339393851884,90.9090909090909
UC-liCop3ltsdE_iklYpkNTA,占い師 諸星拓哉 ORACLE•TAROT,22,59500,False,2026-06-21T09:38:52.837996+00:00,1527,0.014407334643091027,0.00953339393851884,369.74789915966386
UC-lHJZR3Gqxm24_Vd_AJ5Yw,PewDiePie,22,110000000,False,2026-06-21T09:38:52.936535+00:00,1527,0.014407334643091027,0.00953339393851884,0.19999999999999998
UCI3WAlb0djrpodA-2-aa9Hg,- United Gratitude -ユニグラ,22,216000,False,2026-06-21T09:38:52.936539+00:00,1527,0.014407334643091027,0.00953339393851884,101.85185185185185
UC4wMRvFkrG1H81EPDA0zsIg,富士地震火山研究所byえいしゅう博士,22,354000,False,2026-06-21T09:38:52.936552+00:00,1527,0.014407334643091027,0.00953339393851884,62.14689265536724
UCAxhFTZ2S5Ra5xb1KHQyRAQ,世界のドコかでひきこもり,22,1320,False,2026-06-21T09:38:52.936546+00:00,1527,0.014407334643091027,0.00953339393851884,16666.666666666668
UC4feg3_vUrGepbNH97fV-Iw,voice【ニュースラボ】,22,440000,False,2026-06-21T09:38:52.936601+00:00,1527,0.014407334643091027,0.00953339393851884,50.0
UC1ahId_-0jdVG0zrgbEIAzQ,サハトホル SaHathor,22,19600,False,2026-06-21T09:38:52.936566+00:00,1527,0.014407334643091027,0.00953339393851884,1122.4489795918369
UCC3gGKJuchLXL7i80Kq_S8Q,偉人の智慧,22,95900,False,2026-06-21T09:38:52.936485+00:00,1527,0.014407334643091027,0.00953339393851884,229.40563086548488
UC-1RMDK_jTIYocxoxfOJNfg,価値観の健全化チャンネル,21,48300,False,2026-06-21T09:38:52.936577+00:00,1527,0.0137524557956778,0.009012335594817528,434.7826086956522
UC-5-qpAHBNIbRcBH5n7Achg,手相占い*Labo,21,69200,False,2026-06-21T09:38:52.936498+00:00,1527,0.0137524557956778,0.009012335594817528,303.46820809248555
UC29qkYL1bp4aJDtGra8ZMuQ,ABEMA チャンスの時間 【公式】,21,756000,False,2026-06-21T09:38:52.936491+00:00,1527,0.0137524557956778,0.009012335594817528,27.77777777777778
UCItw50IoBdl7nZgZsK-66mg,思考の学校　宮増侑嬉 【潜在意識・引き寄せ】大石洋子,21,121000,False,2026-06-21T09:38:52.936580+00:00,1527,0.0137524557956778,0.009012335594817528,173.55371900826444
UCJZVj2iBrdvbNc416i0V-UA,朝倉未来 Mikuru Asakura,21,3540000,False,2026-06-21T09:38:52.936570+00:00,1527,0.0137524557956778,0.009012335594817528,5.932203389830509
UCJI0Zz7WomTTAx6lQw-HC_Q,秘密結社コヤミナティ,21,546000,False,2026-06-21T09:38:52.936440+00:00,1527,0.0137524557956778,0.009012335594817528,38.46153846153846
UC1tk9F5-MGXEq4LWnjmrtpA,カラオケ歌っちゃ王,21,1000000,False,2026-06-21T09:38:52.936563+00:00,1527,0.0137524557956778,0.009012335594817528,21.0
UC1gHtxTKm_6ZE2_n__vRlwA,公式サブチャンネル 苫米地英人YouTube ,21,16900,False,2026-06-21T09:38:52.936591+00:00,1527,0.0137524557956778,0.009012335594817528,1242.603550295858
UC34oyKa3OSUt8IXfi9MtrEA,オールマイティ・ラボ,21,697000,False,2026-06-21T09:38:52.936481+00:00,1527,0.0137524557956778,0.009012335594817528,30.12912482065997
UCCOM5OkoyUFJa5T4kJn3r0g,YouTube図書館,21,166000,False,2026-06-21T09:38:52.936559+00:00,1527,0.0137524557956778,0.009012335594817528,126.50602409638553
UC1KM0FPG8NvCWKRZURZZEfQ,カカチャンネル,21,423000,False,2026-06-21T09:38:52.936635+00:00,1527,0.0137524557956778,0.009012335594817528,49.645390070921984
UCXjTiSGclQLVVU83GVrRM4w,堀江貴文 ホリエモン,21,2160000,False,2026-06-21T09:38:52.936608+00:00,1527,0.0137524557956778,0.009012335594817528,9.722222222222223
UC2D2CMWXMOVWx7giW1n3LIg,Andrew Huberman,20,7550000,False,2026-06-21T09:38:52.936542+00:00,1527,0.01309757694826457,0.008494459963630746,2.6490066225165565
UC0v-pxTo1XamIDE-f__Ad0Q,Pacific League TV Official,20,1690000,False,2026-06-21T09:38:52.936505+00:00,1527,0.01309757694826457,0.008494459963630746,11.834319526627219
UC0om5rcyyqFfTKLSI34uCdw,一瞬だけ,20,585000,False,2026-06-21T09:38:52.936587+00:00,1527,0.01309757694826457,0.008494459963630746,34.18803418803419
UC-Zrs1kNTReEUfKWnDO_X4g,【THE WORK OUT】北島達也 公式Youtubeチャンネル,20,111000,False,2026-06-21T09:38:52.936556+00:00,1527,0.01309757694826457,0.008494459963630746,180.18018018018017
UCOUu8YlbaPz0W2TyFTZHvjA,ザ・きんにくTV 【The Muscle TV】,20,2790000,False,2026-06-21T09:38:52.936604+00:00,1527,0.01309757694826457,0.008494459963630746,7.168458781362007
UC8AQxRa-WTwfWCJgkOKWxOQ,たてはま / CGBeginner,20,191000,False,2026-06-21T09:38:52.936628+00:00,1527,0.01309757694826457,0.008494459963630746,104.71204188481676
UC91Yi79WkEBQ6VOm5dOipXw,純CHANNEL【純ちゃん公認切り抜き動画】　,20,33300,False,2026-06-21T09:38:52.936597+00:00,1527,0.01309757694826457,0.008494459963630746,600.6006006006006
UC-1ESuGluoxdNy96lkpfDSw,コミックDAYSチャンネル,20,219000,False,2026-06-21T09:38:52.936495+00:00,1527,0.01309757694826457,0.008494459963630746,91.32420091324201
UC1ToVxtUzre1zhpTVxsSh5Q,Chiaki,20,424000,False,2026-06-21T09:38:52.936463+00:00,1527,0.01309757694826457,0.008494459963630746,47.16981132075472
UC5k1lqa8EoA83AJW5FKHmWg,米国内科専門医 安川康介の医学チャンネル,20,176000,False,2026-06-21T09:38:52.936488+00:00,1527,0.01309757694826457,0.008494459963630746,113.63636363636364
UC7mXyzaRLWLq1fQtxvyGcEw,Steve's POV  Steve's Point of View  スティーブ的視点,20,777000,False,2026-06-21T09:38:52.936469+00:00,1527,0.01309757694826457,0.008494459963630746,25.74002574002574
UC7rWtV-JngmNWe01-zkI21A,WIRED.jp,20,696000,False,2026-06-21T09:38:52.936519+00:00,1527,0.01309757694826457,0.008494459963630746,28.735632183908045
UCDHVK-W8XCARucIYu64MJQw,八木仁平の自己理解チャンネル,20,139000,False,2026-06-21T09:38:52.936473+00:00,1527,0.01309757694826457,0.008494459963630746,143.88489208633092
UC-2AcmcgfQAAOuJt72vON2w,木下ゆーき,20,323000,False,2026-06-21T09:38:52.936526+00:00,1527,0.01309757694826457,0.008494459963630746,61.91950464396285
UC6cZRYwUPyvoeOOb0dqrAug,管理栄養士:関口絢子のウェルネスキッチン,20,684000,False,2026-06-21T09:38:52.936531+00:00,1527,0.01309757694826457,0.008494459963630746,29.239766081871345
UC40BxbSAaJVhMp-1XK6un8A,Aosトラットリア〜青池のオッティモな食卓,20,385000,False,2026-06-21T09:38:52.936523+00:00,1527,0.01309757694826457,0.008494459963630746,51.94805194805195
UC0_J_HiKEc4SG8E8_feekLA,東京グルメ,20,351000,False,2026-06-21T09:38:52.936621+00:00,1527,0.01309757694826457,0.008494459963630746,56.98005698005698
UC2ctq8sYlRXDUmsg3cEvvHQ,DAYTONA INTERNATIONAL,20,129000,False,2026-06-21T09:38:52.936631+00:00,1527,0.01309757694826457,0.008494459963630746,155.0387596899225
UC0M8YI6T69ZgGxWERk681tQ,太田上田【公式】,20,581000,False,2026-06-21T09:38:52.936618+00:00,1527,0.01309757694826457,0.008494459963630746,34.42340791738383
UC4-TMrb7Mm4KnYx1VsUgcJA,あいり,20,788000,False,2026-06-21T09:38:52.936573+00:00,1527,0.01309757694826457,0.008494459963630746,25.380710659898476
UCS2c1gBDV-y26r2tJ3ED5FA,腰痛・肩こり駆け込み寺【山内義弘】,20,1570000,False,2026-06-21T09:38:52.936584+00:00,1527,0.01309757694826457,0.008494459963630746,12.738853503184714
UC3IZKseVpdzPSBaWxBxundA,HYBE LABELS,20,81600000,False,2026-06-21T09:38:52.936477+00:00,1527,0.01309757694826457,0.008494459963630746,0.24509803921568626
UC3-Np6_d61xuza9rSEL5JSQ,勉強・睡眠・癒し・能力開発・若返り・ＤＮＡ修復・人間関係・病気治療・ソルフェジオ周波数・困ったときに心を強くする真言・開運・前向きになる・成功へと導く作業用BGM,20,77900,False,2026-06-21T09:38:52.936594+00:00,1527,0.01309757694826457,0.008494459963630746,256.73940949935815
UCAuUUnT6oDeKwE6v1NGQxug,TED,20,27500000,False,2026-06-21T09:38:52.936512+00:00,1527,0.01309757694826457,0.008494459963630746,0.7272727272727273
UC283U3dPUk0RD-etygZJ11g,RadiOyazi,20,164000,False,2026-06-21T09:38:52.936502+00:00,1527,0.01309757694826457,0.008494459963630746,121.95121951219512
UC9hwDDT7femX1YJ_-HfSo7A,【リベ大】スキルアップチャンネル,20,207000,False,2026-06-21T09:38:52.936516+00:00,1527,0.01309757694826457,0.008494459963630746,96.61835748792271
UC1p2d2Fj7O9Kf0S7JmHhj-g,腎機能アップ！ちゃんねる 大野沙織,20,124000,False,2026-06-21T09:38:52.936509+00:00,1527,0.01309757694826457,0.008494459963630746,161.29032258064515
UCK_AZk7XDzR3BBC02uVuRdQ,Kengo - 自然の法則,20,67500,False,2026-06-21T09:38:52.936549+00:00,1527,0.01309757694826457,0.008494459963630746,296.2962962962963
UC5Mjg7-BzY896fGkDoLsejQ,矢作とアイクの英会話,20,700000,False,2026-06-21T09:38:52.936625+00:00,1527,0.01309757694826457,0.008494459963630746,28.57142857142857
UC-bQwtI1nN6t2R7Eb5aa3cA,長生きする健康雑学,20,116000,False,2026-06-21T09:38:52.936611+00:00,1527,0.01309757694826457,0.008494459963630746,172.41379310344826
UC1_eNNjFjV8Cp6QlxbOAnjA,鳥羽さんとなんかやる,19,436000,False,2026-06-21T09:38:52.936614+00:00,1527,0.012442698100851343,0.00797999433298584,43.57798165137615
UC9KPuuwSyeNvVo26tf4mqPw,test,19,655000,False,2026-06-21T09:38:53.012248+00:00,1527,0.012442698100851343,0.00797999433298584,29.00763358778626
UC3FKwhMnGdubV8oc54EOlDw,百田尚樹チャンネル,19,447000,False,2026-06-21T09:38:53.012231+00:00,1527,0.012442698100851343,0.00797999433298584,42.50559284116331
UCFso7FM7bmlv5bkVQ3ovvLw,シンプリィライフ,19,158000,False,2026-06-21T09:38:53.012220+00:00,1527,0.012442698100851343,0.00797999433298584,120.25316455696202
UCY92Ma2-tzt8LLqodw9UF0g,rの住人ピエロ【哲学】,19,588000,False,2026-06-21T09:38:53.012267+00:00,1527,0.012442698100851343,0.00797999433298584,32.31292517006803
UC2otzOMMLeJHZVwwyAQaA_w,スーツ 背広チャンネル,19,547000,False,2026-06-21T09:38:53.012297+00:00,1527,0.012442698100851343,0.00797999433298584,34.73491773308958
UC642pLj4GXSj-0Ybdx3ytmA,Japanese Ninja Kajisac TV,19,2440000,False,2026-06-21T09:38:53.012283+00:00,1527,0.012442698100851343,0.00797999433298584,7.786885245901639
UCPKsFwt9ACF-EnJM3xN8wyQ,VAIENCE バイエンス,19,2580000,False,2026-06-21T09:38:53.012305+00:00,1527,0.012442698100851343,0.00797999433298584,7.364341085271318
UC54sClWiSScAfSfts9Cmk0Q,Microsoft Excel Tutorial,19,236000,False,2026-06-21T09:38:53.012197+00:00,1527,0.012442698100851343,0.00797999433298584,80.50847457627118
UC5Qy8k_hK7eWs0pdF7rxiAA,宇宙経営・平井ナナエ【人生を変えたいあなたへ】,19,59900,False,2026-06-21T09:38:53.012294+00:00,1527,0.012442698100851343,0.00797999433298584,317.19532554257097
UCW01sMEVYQdhcvkrhbxdBpw,料理研究家リュウジのバズレシピ,19,5630000,False,2026-06-21T09:38:53.012281+00:00,1527,0.012442698100851343,0.00797999433298584,3.374777975133215
UC4YYMfsqUrejYXKnV--BydQ,デリッシュキッチン,19,1370000,False,2026-06-21T09:38:53.012256+00:00,1527,0.012442698100851343,0.00797999433298584,13.86861313868613
UCNJRaN9NIAbCXpDa_hAKd3g,大人の学び直しTV,19,1050000,False,2026-06-21T09:38:53.012250+00:00,1527,0.012442698100851343,0.00797999433298584,18.095238095238095
UC5_0YhaN0QWOaHk8pfPMZUg,小梅小町,19,76900,False,2026-06-21T09:38:53.012253+00:00,1527,0.012442698100851343,0.00797999433298584,247.074122236671
UC9iC5kXiHNJCCDjEi1lD3UA,Anime Times Official,19,1480000,False,2026-06-21T09:38:53.012264+00:00,1527,0.012442698100851343,0.00797999433298584,12.837837837837837
UC5w9Uira5JerthMXoeypz6A,SPT スピリチュアルパワースポット旅 -Spiritual Powerspot Traveler-,19,156000,False,2026-06-21T09:38:53.012194+00:00,1527,0.012442698100851343,0.00797999433298584,121.7948717948718
UCTli1Mbz7w9d6RBpXdKjSqw,KUROMARU. Mystery,19,176000,False,2026-06-21T09:38:53.012225+00:00,1527,0.012442698100851343,0.00797999433298584,107.95454545454545
UC6gf55fuoTIhEOh90cZKINA,まっしゅムービー,19,775000,False,2026-06-21T09:38:53.012189+00:00,1527,0.012442698100851343,0.00797999433298584,24.516129032258064
UC3AGP8tjXzAefnKzgxLspQQ,不滅の偉人〜魂の継承〜,18,218000,False,2026-06-21T09:38:53.012217+00:00,1527,0.011787819253438114,0.00746919477062074,82.56880733944953
UCA7eKOm-KmE8Z6VmZkEKlbg,Gen,18,1510000,False,2026-06-21T09:38:53.012182+00:00,1527,0.011787819253438114,0.00746919477062074,11.920529801324504
UC3GWUs1RZC2mHITfsGZLr8g,Maya Arika's Awakening Channel,18,42900,False,2026-06-21T09:38:53.012242+00:00,1527,0.011787819253438114,0.00746919477062074,419.5804195804196
UC02JeoV59i0yhDj009s73GQ,ほんこんちゃんねる,18,209000,False,2026-06-21T09:38:53.012214+00:00,1527,0.011787819253438114,0.00746919477062074,86.1244019138756
UC01BeAkSUXcRX43_mPEz40g,A and A Intuition TAROT,18,96300,False,2026-06-21T09:38:53.012223+00:00,1527,0.011787819253438114,0.00746919477062074,186.91588785046727
UC9OvLVXb-okaVtoK9V8Biwg,ABEMA バラエティ【公式】,18,1010000,False,2026-06-21T09:38:53.012289+00:00,1527,0.011787819253438114,0.00746919477062074,17.821782178217823
UC8Niu74NfPEg82yvHBKb4YA,1日見てもいいですか?,18,361000,False,2026-06-21T09:38:53.012201+00:00,1527,0.011787819253438114,0.00746919477062074,49.86149584487535
UC8s_nliTjuqtO1gK4uzo_Rg,潜在意識研究所,18,36600,False,2026-06-21T09:38:53.012291+00:00,1527,0.011787819253438114,0.00746919477062074,491.8032786885246
UC1OdBHC5rlBb1VRtxrlGl4A,悶絶整体で本格整体『骨盤先生のカラダメンテ』チャンネル,18,347000,False,2026-06-21T09:38:53.012209+00:00,1527,0.011787819253438114,0.00746919477062074,51.873198847262245
UC16niRr50-MSBwiO3YDb3RA,BBC News,18,19800000,False,2026-06-21T09:38:53.012203+00:00,1527,0.011787819253438114,0.00746919477062074,0.9090909090909091
UC31OqQ0FKHo_cvfiLXJ4mHg,スピリチュアルつばさ,18,48600,False,2026-06-21T09:38:53.012245+00:00,1527,0.011787819253438114,0.00746919477062074,370.3703703703703
UC7WWaOF8NL-h_9b-KPiBFRg,しくじり先生 俺みたいになるな!!【公式】,18,1030000,False,2026-06-21T09:38:53.012270+00:00,1527,0.011787819253438114,0.00746919477062074,17.475728155339805
UC0EC1ynCksmUhQI8rnGAXvQ,リクルートエージェント公式チャンネル,18,493000,False,2026-06-21T09:38:53.012308+00:00,1527,0.011787819253438114,0.00746919477062074,36.511156186612574
UCF5_b1FCKAX_GvRu7ePMG3w,苫米地英人YouTube 公式チャンネル,18,124000,False,2026-06-21T09:38:53.012300+00:00,1527,0.011787819253438114,0.00746919477062074,145.16129032258064
UC7L_11j3h-LAzN671GKFnsQ,FamilytimeFT / 格闘技エンタメCH,18,376000,False,2026-06-21T09:38:53.012286+00:00,1527,0.011787819253438114,0.00746919477062074,47.87234042553191
UCKa_NCzd8zhw3m3eDJojHAQ,宋世羅の羅針盤ちゃんねる,18,532000,False,2026-06-21T09:38:53.012228+00:00,1527,0.011787819253438114,0.00746919477062074,33.83458646616541
UC2tT2TQ8TDjX6ZVd12N_n5w,【美肌家】杉山奈津子のツヤ肌ノーファンデchannel,18,175000,False,2026-06-21T09:38:53.012191+00:00,1527,0.011787819253438114,0.00746919477062074,102.85714285714286
UCGXU4lVXc9msfUkjNykA7TA,BANK ACADEMY / バンクアカデミー,18,913000,False,2026-06-21T09:38:53.012278+00:00,1527,0.011787819253438114,0.00746919477062074,19.71522453450164
UC7Opkf9V2DMmw9SXsOcSOeA,原口一博,18,240000,False,2026-06-21T09:38:53.012239+00:00,1527,0.011787819253438114,0.00746919477062074,75.0
UC0j5Sk9XqwibZIh_Dxml8jw,SENGOKU BANASHI【Mr.BUSHIDOU】 ,18,217000,False,2026-06-21T09:38:53.012178+00:00,1527,0.011787819253438114,0.00746919477062074,82.94930875576037
UC1wu3wlRdRzCFLCO5vKp_nQ,DREAMS COME TRUE,18,525000,False,2026-06-21T09:38:53.012212+00:00,1527,0.011787819253438114,0.00746919477062074,34.285714285714285
UC-hVOGj2apTeEvc49CrjQlg,Inner Lotus Music,18,1360000,False,2026-06-21T09:38:53.012259+00:00,1527,0.011787819253438114,0.00746919477062074,13.23529411764706
UC-pQL-6zNVmjbm0qpaas8EA,TTMつよし【海外ニュース】黒メガネ,18,50000,False,2026-06-21T09:38:53.012310+00:00,1527,0.011787819253438114,0.00746919477062074,360.0
UC-opZ_LtdBgD0nqCo06Uxiw,Maiko - Sleep-Relaxing-Healing music,18,45400,False,2026-06-21T09:38:53.012272+00:00,1527,0.011787819253438114,0.00746919477062074,396.4757709251101
UC5QPjyH-ASgmOLEbuBhMgEg,クリエイティブの裏側,18,484000,False,2026-06-21T09:38:53.012174+00:00,1527,0.011787819253438114,0.00746919477062074,37.1900826446281
UC8EJ_7BoTFQUcQwd6cYeBlw,不動産アニキの非常識な投資学,18,118000,False,2026-06-21T09:38:53.012159+00:00,1527,0.011787819253438114,0.00746919477062074,152.54237288135593
UC-Yt1IpLEnzGRYz9uxRAOZQ,まこちんの量子力学チャンネル,17,7360,False,2026-06-21T09:38:53.012237+00:00,1527,0.011132940406024885,0.0069623515090676364,2309.7826086956525
UC16oMU-Ykq7Zm8JcgLWjzew,ZRデザインラボ,17,53400,False,2026-06-21T09:38:53.012302+00:00,1527,0.011132940406024885,0.0069623515090676364,318.3520599250936
UC4Tklxku1yPcRIH0VVCKoeA,Quantum Makers,17,18600000,False,2026-06-21T09:38:53.012206+00:00,1527,0.011132940406024885,0.0069623515090676364,0.9139784946236559
UC4URX_WLZ2EHWuIOtTpYXyA,あかびんたん,17,1570000,False,2026-06-21T09:38:53.012261+00:00,1527,0.011132940406024885,0.0069623515090676364,10.828025477707007
UCVMtuJGkv1Q7t9LXfVF2E6Q,開運マスター櫻庭露樹の運呼チャンネル,17,321000,False,2026-06-21T09:38:53.012234+00:00,1527,0.011132940406024885,0.0069623515090676364,52.9595015576324
UC3tbsC83WBCqaBJD9BbhbLA,セイラの人間分析ラボ,17,72100,False,2026-06-21T09:38:53.012275+00:00,1527,0.011132940406024885,0.0069623515090676364,235.78363384188629
UC37xmcTGYR8W31vUN6l4JHA,40代ゲーマーなちょす,17,247000,False,2026-06-21T09:38:53.012185+00:00,1527,0.011132940406024885,0.0069623515090676364,68.82591093117408
UC1qf8_Vt6zIW2XP0j_FLtqA,野武屋本店のぶ,17,114000,False,2026-06-21T09:38:53.083096+00:00,1527,0.011132940406024885,0.0069623515090676364,149.12280701754386
UC18A5-KezRSqS9mV4TX4OlQ,すずゆうチャンネル,17,119000,False,2026-06-21T09:38:53.082977+00:00,1527,0.011132940406024885,0.0069623515090676364,142.85714285714286
UCAWWDsFWX4lMuRtH46VYdIQ,ゴルフレッスン動画 Tera-You-Golf,17,971000,False,2026-06-21T09:38:53.083234+00:00,1527,0.011132940406024885,0.0069623515090676364,17.507723995880532
UC1LF4Ti3XIB8yaL5_DP_azQ,コトスピ【言霊スピリチュアル】,17,58200,False,2026-06-21T09:38:53.083177+00:00,1527,0.011132940406024885,0.0069623515090676364,292.0962199312715
UC4QyTvP-HC4Xcv9jGbHYv4g,レッツゴーなぎら,17,166000,False,2026-06-21T09:38:53.083032+00:00,1527,0.011132940406024885,0.0069623515090676364,102.40963855421687
UCDgLoYnv_7vLqjzww2XioZw,吉田ゆうすけ,17,60900,False,2026-06-21T09:38:53.083075+00:00,1527,0.011132940406024885,0.0069623515090676364,279.14614121510675
UC6bk01PE2teoKjpdAi-VO6Q,BOGDAN in Ukraine ,17,390000,False,2026-06-21T09:38:53.083050+00:00,1527,0.011132940406024885,0.0069623515090676364,43.58974358974359
UC-yqf8zufdTNd-3OwuSnoUg,猫ですけどなにか？,17,281000,False,2026-06-21T09:38:53.082970+00:00,1527,0.011132940406024885,0.0069623515090676364,60.49822064056939
UC01Ng5lwle6eRSl3rUrbBXg,鮨・寿司専門 【Japanese sushi】,17,335000,False,2026-06-21T09:38:53.083187+00:00,1527,0.011132940406024885,0.0069623515090676364,50.74626865671642
UC3qtgGE9R6fJ4h-jcPNixjQ,茂木としみつの改革チャンネル,17,178000,False,2026-06-21T09:38:53.083228+00:00,1527,0.011132940406024885,0.0069623515090676364,95.50561797752809
UCC1cas4CtjsHFWKutX0s5JQ,QPJ VISION,17,85100,False,2026-06-21T09:38:53.083161+00:00,1527,0.011132940406024885,0.0069623515090676364,199.764982373678
UC-ZjhJ0IBqWKbk3ENOE32Dw,よーたろの超教養UP,17,185000,False,2026-06-21T09:38:53.083208+00:00,1527,0.011132940406024885,0.0069623515090676364,91.89189189189189
UC0nFKe_NyHM5UUQ5J40ktHA,ソフトバンク公式 ビジネスチャンネル,17,51900,False,2026-06-21T09:38:53.083138+00:00,1527,0.011132940406024885,0.0069623515090676364,327.55298651252406
UC9dDhZ-seQ8xmeC11l_7S7A,鴨頭嘉人の鴨BizTube　ビジネスチャンネル,17,189000,False,2026-06-21T09:38:53.083002+00:00,1527,0.011132940406024885,0.0069623515090676364,89.94708994708995
UC0dXZdPnEK8XOa-uiQyXeTw,ユジックの手品教室,17,291000,False,2026-06-21T09:38:53.083044+00:00,1527,0.011132940406024885,0.0069623515090676364,58.419243986254294
UC7MvTslTWkE1HKNYkXiGv1Q,優里ちゃんねる【公式】,17,2510000,False,2026-06-21T09:38:53.083038+00:00,1527,0.011132940406024885,0.0069623515090676364,6.772908366533865
UC0hh25w8RfCziRWRMvUJ5lw,みやわきチャンネル,17,216000,False,2026-06-21T09:38:53.083056+00:00,1527,0.011132940406024885,0.0069623515090676364,78.7037037037037
UC1s2W6VK-34ZXehFgnNMwoA,気になるショート,17,487000,False,2026-06-21T09:38:53.083114+00:00,1527,0.011132940406024885,0.0069623515090676364,34.907597535934286
UC1sCMCM2yQqS3dggBcTbNSg,Yusuke Yachi,17,232000,False,2026-06-21T09:38:53.083126+00:00,1527,0.011132940406024885,0.0069623515090676364,73.27586206896552
UC0GSA71KjRnFvj2GCUYLIIg,ChieArt,17,57700,False,2026-06-21T09:38:53.083102+00:00,1527,0.011132940406024885,0.0069623515090676364,294.6273830155979
UC32V-k7uajDkwOmO1KrL7lA,偉人と賢人に学ぶ,17,45300,False,2026-06-21T09:38:53.083108+00:00,1527,0.011132940406024885,0.0069623515090676364,375.2759381898455
UCGX0i593ciGvM-6hY3yg0Dg,吉岡純子  JUNKO YOSHIOKA,17,179000,False,2026-06-21T09:38:53.083120+00:00,1527,0.011132940406024885,0.0069623515090676364,94.97206703910615
UC-HuiLFNaJ9yELFLHAPEnOQ,ゆっくりダークな世界,17,161000,False,2026-06-21T09:38:53.083145+00:00,1527,0.011132940406024885,0.0069623515090676364,105.59006211180125
UCEg_v29wRm_PP_lfoF096qw,賢太郎【素のままで、なりたい自分になる】,17,140000,False,2026-06-21T09:38:53.083213+00:00,1527,0.011132940406024885,0.0069623515090676364,121.42857142857143
UC3b9jTrnME3V4J5zLnVSmtg,個人で生きる道-ショウ,17,86500,False,2026-06-21T09:38:53.082984+00:00,1527,0.011132940406024885,0.0069623515090676364,196.53179190751445
UC0eKvieg5gnnbNfo5QsinOA,ラブリーサムデイ,17,200000,False,2026-06-21T09:38:53.083202+00:00,1527,0.011132940406024885,0.0069623515090676364,85.0
UC1B51m7HSWGpm_qDDgoIeqA,フワちゃんTV /FUWACHAN TV,16,1030000,False,2026-06-21T09:38:53.083167+00:00,1527,0.010478061558611657,0.006459795700808728,15.533980582524272
UC1ees-fSpiNAIy7O7idjLuA,スーパーポテサラアニメ,16,191000,False,2026-06-21T09:38:53.083026+00:00,1527,0.010478061558611657,0.006459795700808728,83.7696335078534
UCN8IoQLjmcoPzY_kLg7cg7g,タロサックの海外生活ダイアリーTAROSAC,16,1020000,False,2026-06-21T09:38:53.083020+00:00,1527,0.010478061558611657,0.006459795700808728,15.686274509803921
UCNIy6zQyP7SuLEIaiwymfUA,Fujii Kaze,16,5450000,False,2026-06-21T09:38:53.082955+00:00,1527,0.010478061558611657,0.006459795700808728,2.9357798165137616
UC1EVRR14B8PtgszWOwu1opA,とモヤシ,16,236000,False,2026-06-21T09:38:53.083197+00:00,1527,0.010478061558611657,0.006459795700808728,67.79661016949153
UC1AtOYBE-rrvc2NytR1q_5A,時給900円パートから貯金5億円超の4児シングルマザー,16,44800,False,2026-06-21T09:38:53.083223+00:00,1527,0.010478061558611657,0.006459795700808728,357.14285714285717
UCJ-l-sMQFHogSy8KXRyMIRA,SPOTVNOW,16,1750000,False,2026-06-21T09:38:53.083086+00:00,1527,0.010478061558611657,0.006459795700808728,9.142857142857142
UC2ak0cfMQ4zP3w_Fo-Zj-TA,きびまら,16,142000,False,2026-06-21T09:38:53.083069+00:00,1527,0.010478061558611657,0.006459795700808728,112.67605633802818
UC-CA4ND0DqLWio_i_RMOngg,獣神サンダー・ライガーチャンネル-Jushin thunder Liger CHANNEL-,16,231000,False,2026-06-21T09:38:53.082963+00:00,1527,0.010478061558611657,0.006459795700808728,69.26406926406926
UC1yMehQx8NdlIFJlPzptRYg,超開運一直線!チャンネル,16,158000,False,2026-06-21T09:38:53.083062+00:00,1527,0.010478061558611657,0.006459795700808728,101.26582278481013
UC1uVJSclfUKr6RNa5C5zluw,科学的に楽しく自給自足ch,16,316000,False,2026-06-21T09:38:53.082997+00:00,1527,0.010478061558611657,0.006459795700808728,50.63291139240506
UC10Z3uA6Rs1pwAY0oBCG0FA, タイヨーエイガ,16,31700,False,2026-06-21T09:38:53.083080+00:00,1527,0.010478061558611657,0.006459795700808728,504.7318611987382
UC1p2KhFA_poWyYlUTzAxXRw,THINKpod /シンクポッド,16,202000,False,2026-06-21T09:38:53.083192+00:00,1527,0.010478061558611657,0.006459795700808728,79.20792079207921
UC1zYGo1jIIjMVDTLL3dydow,産経ニュース,16,696000,False,2026-06-21T09:38:53.082991+00:00,1527,0.010478061558611657,0.006459795700808728,22.988505747126435
UC0bSCu9Ok99CHKOHpUyhCoA,JJチャンネル,16,90100,False,2026-06-21T09:38:53.083014+00:00,1527,0.010478061558611657,0.006459795700808728,177.58046614872364
UC5OrDvL9DscpcAstz7JnQGA,Michael Jackson,16,39000000,False,2026-06-21T09:38:53.083132+00:00,1527,0.010478061558611657,0.006459795700808728,0.41025641025641024
UC0jNEDGSBcLnfQ8PDhkuYtA,もちぽよ / 最短でトレードが上手くなるチャンネル,16,29600,False,2026-06-21T09:38:53.083172+00:00,1527,0.010478061558611657,0.006459795700808728,540.5405405405405
UC-c-_R1XjcAMsu0JJ9RpnUg,Ussiy_Films,16,99900,False,2026-06-21T09:38:53.082935+00:00,1527,0.010478061558611657,0.006459795700808728,160.16016016016016
UCRC7S1jLmpTHBupG8RqBNXA,Soul Healing Chiho,16,157000,False,2026-06-21T09:38:53.083151+00:00,1527,0.010478061558611657,0.006459795700808728,101.91082802547771
UCFXl12dZUPs7MLy_dMkMZYw,Dan Takahashi  (Japanese),16,533000,False,2026-06-21T09:38:53.083008+00:00,1527,0.010478061558611657,0.006459795700808728,30.0187617260788
UC6ylTkexHwwJo_22V35lx0A,Tsukasa Jonen Channel,16,680000,False,2026-06-21T09:38:53.083218+00:00,1527,0.010478061558611657,0.006459795700808728,23.529411764705884
UC0EJaFtv2zgCblEv8joRKuQ,もりひ,16,131000,False,2026-06-21T09:38:53.083156+00:00,1527,0.010478061558611657,0.006459795700808728,122.13740458015266
UC0D3mF1sUXy6FGE9zelfHJg,健康が一番,16,157000,False,2026-06-21T09:38:53.083091+00:00,1527,0.010478061558611657,0.006459795700808728,101.91082802547771
UCGDec349YIziUytZzc3d7Yg,【簿記系YouTuber?】ふくしままさゆき,16,615000,False,2026-06-21T09:38:53.083182+00:00,1527,0.010478061558611657,0.006459795700808728,26.016260162601625
UC0DsmFzmHGq_jRwMOaPEh4w,金運の神様,16,36500,False,2026-06-21T09:38:53.155127+00:00,1527,0.010478061558611657,0.006459795700808728,438.35616438356163
UC6vzXCyUFiz0wMF6aIe7Isg,macaroni,16,1160000,False,2026-06-21T09:38:53.155353+00:00,1527,0.010478061558611657,0.006459795700808728,13.793103448275861
UC3dh_fQslVReCLOmMsS4pJw,防災士いろはの『健康防災ナビ』,16,164000,False,2026-06-21T09:38:53.155104+00:00,1527,0.010478061558611657,0.006459795700808728,97.5609756097561
UC-OV5Egso9fMqc1YuAxGkHw,港区議会議員・新藤加菜チャンネル,16,52500,False,2026-06-21T09:38:53.155386+00:00,1527,0.010478061558611657,0.006459795700808728,304.76190476190476
UC43FscF1gzzgS1H60vbiQPQ,三日坊主男子『はると』のほったらかし副業,16,18200,False,2026-06-21T09:38:53.155048+00:00,1527,0.010478061558611657,0.006459795700808728,879.1208791208791
UCDJLA5RSBZkMyv0TbTokFnw,潜在意識OS【BAZZI】,16,158000,False,2026-06-21T09:38:53.155288+00:00,1527,0.010478061558611657,0.006459795700808728,101.26582278481013
UCD-R2Y7wTvYMWIcBmob6a2A,study timer,16,306000,False,2026-06-21T09:38:53.155139+00:00,1527,0.010478061558611657,0.006459795700808728,52.287581699346404
UC1GsBI4yJhQmW-Zp-NuXDNg,Official Soka Gakkai channel (SOKAnet),16,419000,False,2026-06-21T09:38:53.155165+00:00,1527,0.010478061558611657,0.006459795700808728,38.186157517899765
UCMAEQdzGckZ9FMWJv8tz2zA,オタク会計士ch【山田真哉】少しだけお金で得する,16,1170000,False,2026-06-21T09:38:53.155177+00:00,1527,0.010478061558611657,0.006459795700808728,13.675213675213676
UCCtALHup92q5xIFb7n9UXVg,TOYOTA GAZOO Racing,15,35100000,False,2026-06-21T09:38:53.155204+00:00,1527,0.009823182711198428,0.005961907995401752,0.4273504273504274
UC13ZBsTf5xPJTVi8DLOrUfQ,たまきねえさん TAMAKI+Storyworks,15,64800,False,2026-06-21T09:38:53.155133+00:00,1527,0.009823182711198428,0.005961907995401752,231.4814814814815
UC91qteXE1f8puKS8lEBRUhw,サマー先生と英会話！,15,478000,False,2026-06-21T09:38:53.155324+00:00,1527,0.009823182711198428,0.005961907995401752,31.380753138075317
UCMAUI5oKmP5nLITD-u9S8dw,ザ・レスポンスtheresponse,15,113000,False,2026-06-21T09:38:53.155111+00:00,1527,0.009823182711198428,0.005961907995401752,132.7433628318584
UC15ebOqdhmvl1eb0s0jk5aw,戦極MCBATTLE,15,849000,False,2026-06-21T09:38:53.155394+00:00,1527,0.009823182711198428,0.005961907995401752,17.6678445229682
UC1bLY6ldt_HTHE-kV3yqO3w,George Kamikawa - 上川ジョージ,15,287000,False,2026-06-21T09:38:53.155074+00:00,1527,0.009823182711198428,0.005961907995401752,52.26480836236934
UC12S2ItsGX5UXNyg9tk2dfA,2ch動物園,15,499000,False,2026-06-21T09:38:53.155190+00:00,1527,0.009823182711198428,0.005961907995401752,30.060120240480963
UC-31Es0zqiSFHE7OTiA01Jw,北の達人ラジオ【マーケティングキングダム】公式チャンネル　木下勝寿,15,16800,False,2026-06-21T09:38:53.155245+00:00,1527,0.009823182711198428,0.005961907995401752,892.8571428571428
UCC0JWiw4BJYR4NUDxQCf0Hg,ひなちゃんねる / Hinata Kato,15,2880000,False,2026-06-21T09:38:53.155274+00:00,1527,0.009823182711198428,0.005961907995401752,5.208333333333333
UC0rbVMCStY7IYwwTg4z_EjA,あしざるFC,15,3020000,False,2026-06-21T09:38:53.155317+00:00,1527,0.009823182711198428,0.005961907995401752,4.966887417218543
UC-QzGqCGi0ny2fZC3v5s5Cw,コトダマノヘヤ,15,26600,False,2026-06-21T09:38:53.155252+00:00,1527,0.009823182711198428,0.005961907995401752,563.9097744360903
UC5xOXf3pR7cmoxloEgdAoCw,有馬樹里 脳科学研究家,15,12800,False,2026-06-21T09:38:53.155332+00:00,1527,0.009823182711198428,0.005961907995401752,1171.875
UC600H5chBUZ9xYWXH8z-Sxw,Tastemade Japan,15,1660000,False,2026-06-21T09:38:53.155119+00:00,1527,0.009823182711198428,0.005961907995401752,9.036144578313253
UCNeegoJ1LrlcpaKl8XGpt2A,美容整体アピアランスTV,15,1470000,False,2026-06-21T09:38:53.155171+00:00,1527,0.009823182711198428,0.005961907995401752,10.204081632653061
UC5xJEhW1NjC6ZjQlP0dNkTQ,写真復活,15,152000,False,2026-06-21T09:38:53.155267+00:00,1527,0.009823182711198428,0.005961907995401752,98.68421052631578
UC4eYXhJI4-7wSWc8UNRwD4A,NPR Music,15,12700000,False,2026-06-21T09:38:53.155339+00:00,1527,0.009823182711198428,0.005961907995401752,1.1811023622047243
UCY1eaC-ewZUgf40g1eY_L_g,椎原崇・伝説のコンサルタント,15,81100,False,2026-06-21T09:38:53.155238+00:00,1527,0.009823182711198428,0.005961907995401752,184.95684340320594
UC-wJmWixKoDH3ycRrCRvPAQ,なべのだいどころ。,15,192000,False,2026-06-21T09:38:53.155184+00:00,1527,0.009823182711198428,0.005961907995401752,78.125
UC56lF6uAJTE0FvA0e8CQXbg,宇宙よりの思考,15,14100,False,2026-06-21T09:38:53.155438+00:00,1527,0.009823182711198428,0.005961907995401752,1063.8297872340427
UCfTnJmRQP79C4y_BMF_XrlA,NewsPicks /ニューズピックス,15,2220000,False,2026-06-21T09:38:53.155417+00:00,1527,0.009823182711198428,0.005961907995401752,6.756756756756757
UCASJIBV9UDa_FDiSddoEonQ,ナスビのマネー講座,15,185000,False,2026-06-21T09:38:53.155346+00:00,1527,0.009823182711198428,0.005961907995401752,81.08108108108108
UCALplCbeagOxXGmEJ-hOJIg,楽天証券,15,195000,False,2026-06-21T09:38:53.155409+00:00,1527,0.009823182711198428,0.005961907995401752,76.92307692307692
UC-3TbnHMwGVKvENnYgVhVmA,賢者の言魂,15,22600,False,2026-06-21T09:38:53.155066+00:00,1527,0.009823182711198428,0.005961907995401752,663.716814159292
UC1JMhM9TJT7yMLx8ZtbDO8g,Yuka Ohishi,15,141000,False,2026-06-21T09:38:53.155057+00:00,1527,0.009823182711198428,0.005961907995401752,106.38297872340425
UC-dKGXS3u0a_j4e_5epWARg,スピの鐘【ゆっくり解説】,15,25200,False,2026-06-21T09:38:53.155146+00:00,1527,0.009823182711198428,0.005961907995401752,595.2380952380953
UCFm8u_ygHo24HeZCYygPygg,THE CORE,15,236000,False,2026-06-21T09:38:53.155211+00:00,1527,0.009823182711198428,0.005961907995401752,63.559322033898304
UC4QadOSsJu54Qs8z99shRiQ,釣りよかでしょう。,15,1750000,False,2026-06-21T09:38:53.155159+00:00,1527,0.009823182711198428,0.005961907995401752,8.571428571428571
UC7Pd7bhUlyU0KZcD7Muja_A,ハル | FX初心者の学校,15,44800,False,2026-06-21T09:38:53.155259+00:00,1527,0.009823182711198428,0.005961907995401752,334.82142857142856
UC0MfjLaktBisOTKO9Xgj0ng,Nama Guitar Channel,15,135000,False,2026-06-21T09:38:53.155152+00:00,1527,0.009823182711198428,0.005961907995401752,111.11111111111111
UC5Qgc-tEFmm5iQX5tUy6TyA,株リアルライブ,15,284000,False,2026-06-21T09:38:53.155281+00:00,1527,0.009823182711198428,0.005961907995401752,52.816901408450704
UCduDJ6s3mMchYMy2HvqalxQ,アバタロー,15,523000,False,2026-06-21T09:38:53.155218+00:00,1527,0.009823182711198428,0.005961907995401752,28.680688336520078
UC4XS_dU0uz5ZU8RtO9p1DdQ,すにすて【公式】SneakerStep  - スニーカーステップ - STPR新人歌い手グループ,15,971000,False,2026-06-21T09:38:53.155432+00:00,1527,0.009823182711198428,0.005961907995401752,15.44799176107106
UC-LDo-K0bca_G1jl5yk5sFA,石井久美子,15,125000,False,2026-06-21T09:38:53.155310+00:00,1527,0.009823182711198428,0.005961907995401752,120.0
UC-HNwUxGklhKSe67EitgqgA,ゲーム夜話,15,204000,False,2026-06-21T09:38:53.155401+00:00,1527,0.009823182711198428,0.005961907995401752,73.52941176470587
UCW3MY7gdx-Gmha9IIx-EGfg,マーケティング侍の非常識なビジネス学,15,109000,False,2026-06-21T09:38:53.155296+00:00,1527,0.009823182711198428,0.005961907995401752,137.61467889908258
UC-jwpAXw3_HjHqb2zo_k34g,歴史ノ書,15,56900,False,2026-06-21T09:38:53.155026+00:00,1527,0.009823182711198428,0.005961907995401752,263.62038664323376
UCB9yWqXpCqFVSwoT_MQiSnQ,トラさん【大切なお知らせ・最新動画へ】,15,198000,False,2026-06-21T09:38:53.155224+00:00,1527,0.009823182711198428,0.005961907995401752,75.75757575757575
UC7FjOy53FpV95CXlwi7I9TA,力武 信 | Wellness Designer.,15,83000,False,2026-06-21T09:38:53.155231+00:00,1527,0.009823182711198428,0.005961907995401752,180.72289156626508
UC7-hcpPV6ttSS5kMIsh9ztg,小顔神 HIRO,15,606000,False,2026-06-21T09:38:53.155424+00:00,1527,0.009823182711198428,0.005961907995401752,24.752475247524753
UC33_tIj4m1_XaqfFcomShvw,BABYMETAL,15,3640000,False,2026-06-21T09:38:53.155198+00:00,1527,0.009823182711198428,0.005961907995401752,4.1208791208791204
UC-4NAdFIP6h9BmtGUFL94Pg,Carly Rae Jepsen,14,4360000,False,2026-06-21T09:38:53.155303+00:00,1527,0.0091683038637852,0.005469129577988082,3.2110091743119265
UC8gjm6l1yaWD2BZy8STqvYA,知らなきゃ損する🦵からだの法則👍湘南プレボ,14,50700,False,2026-06-21T09:38:53.245532+00:00,1527,0.0091683038637852,0.005469129577988082,276.1341222879684
UC8tnTeQhVKoScQQyreaG9pQ,たく先生の非常識な体質改善ch,14,112000,False,2026-06-21T09:38:53.245342+00:00,1527,0.0091683038637852,0.005469129577988082,125.0
UC8yA5ym-0X4GJsAFDytuPfw,ベン・ゼイン,14,370000,False,2026-06-21T09:38:53.245274+00:00,1527,0.0091683038637852,0.005469129577988082,37.83783783783784
UC9AE6MneoakfIEOcWc8hUUg,Gariben TV,14,210000,False,2026-06-21T09:38:53.245431+00:00,1527,0.0091683038637852,0.005469129577988082,66.66666666666667
UCLuIcWmKVDaqJvtp6CpkHZg,岡田斗司夫マインド【サイコパス】,14,341000,False,2026-06-21T09:38:53.245526+00:00,1527,0.0091683038637852,0.005469129577988082,41.05571847507331
UC5sdz5WVIwOhU_yUYt9sjvA,川瀬智広【これからの正しい生き方】,14,27300,False,2026-06-21T09:38:53.245255+00:00,1527,0.0091683038637852,0.005469129577988082,512.8205128205128
UC1Q_aQ3PCjpuuKYeVq4lKAQ,やなっちチャンネル,14,179000,False,2026-06-21T09:38:53.245476+00:00,1527,0.0091683038637852,0.005469129577988082,78.2122905027933
UC1ax6Oh62fiv2Q7L51bSvYQ,謎のちゃんねる,14,263000,False,2026-06-21T09:38:53.245308+00:00,1527,0.0091683038637852,0.005469129577988082,53.231939163498105
UC-gVzqx-OqiA7YMx4yRkY8g,モバイルドットコムTV,14,173000,False,2026-06-21T09:38:53.245402+00:00,1527,0.0091683038637852,0.005469129577988082,80.92485549132948
UC2oltT8x0Su-XR0JolJXqIw,FluenDay_Japan,14,137000,False,2026-06-21T09:38:53.245397+00:00,1527,0.0091683038637852,0.005469129577988082,102.18978102189782
UC2k65hImlOq8bj1cUh5exMA,人生の雫,14,42000,False,2026-06-21T09:38:53.245268+00:00,1527,0.0091683038637852,0.005469129577988082,333.3333333333333
UC2fqv_q3S4cGJa7wAtk3Rcw,【風水】九星気学カフェ,14,101000,False,2026-06-21T09:38:53.245247+00:00,1527,0.0091683038637852,0.005469129577988082,138.6138613861386
UC2SNd1hfazwL1ixMsD91c4g,スミレアキコ的正解のない世界,14,13600,False,2026-06-21T09:38:53.245465+00:00,1527,0.0091683038637852,0.005469129577988082,1029.4117647058824
UCXFKps1F7LeX1BFJjefDjUA,潜在意識ラボ / 純,14,143000,False,2026-06-21T09:38:53.245331+00:00,1527,0.0091683038637852,0.005469129577988082,97.90209790209789
UC-auJhWla6MpfOFNdEOmAPA,奥山真司の地政学・リアリズム「アメリカ通信」,14,91300,False,2026-06-21T09:38:53.245391+00:00,1527,0.0091683038637852,0.005469129577988082,153.34063526834612
UCmjOmXcwVXN3SOnW7tCO3vQ,コヤッキースタジオ,14,1610000,False,2026-06-21T09:38:53.245548+00:00,1527,0.0091683038637852,0.005469129577988082,8.695652173913043
UC4N7NpqbOJ-F8wna4Nf_Xaw,SHELLYのお風呂場,14,439000,False,2026-06-21T09:38:53.245537+00:00,1527,0.0091683038637852,0.005469129577988082,31.890660592255127
UC0maaIVfCFgN_nJNdagpskA,ドクタートッシュ 緩和ケアの本流,14,160000,False,2026-06-21T09:38:53.245454+00:00,1527,0.0091683038637852,0.005469129577988082,87.5
UC3C8_GTxN0hTgjR4iTc_7Fg,山下歩 / Ayumu Yamashita,14,201000,False,2026-06-21T09:38:53.245510+00:00,1527,0.0091683038637852,0.005469129577988082,69.65174129353234
UC0AFpKRYgpcsr0zLFUE6hlg,株の達人　公式チャンネル,14,33200,False,2026-06-21T09:38:53.245336+00:00,1527,0.0091683038637852,0.005469129577988082,421.6867469879518
UCCflFNkyeaY7vRAzLmSO60g,幸せと自己実現の心理学 / 野口嘉則,14,300000,False,2026-06-21T09:38:53.245504+00:00,1527,0.0091683038637852,0.005469129577988082,46.666666666666664
UC-IgiloHdns1NIRZ4KcQXQw,キンブラ【禁断の歴史ブラックファイル】,14,57300,False,2026-06-21T09:38:53.245515+00:00,1527,0.0091683038637852,0.005469129577988082,244.3280977312391
UC0EA20nvW9PmBCA4iIrAYvw,Durian's Powder Room -ドリアン・ロロブリジーダ-,14,150000,False,2026-06-21T09:38:53.245521+00:00,1527,0.0091683038637852,0.005469129577988082,93.33333333333333
UC5laBQe3nqbrAnwNTabchhQ,セミリタイア目指す夫婦 もりげ,14,81500,False,2026-06-21T09:38:53.245459+00:00,1527,0.0091683038637852,0.005469129577988082,171.77914110429447
UCPMJKbrxtpARoTd1b49iUvA,楽待 RAKUMACHI,14,1590000,False,2026-06-21T09:38:53.245436+00:00,1527,0.0091683038637852,0.005469129577988082,8.80503144654088
UC22GM7rXPl0G1Bn-5kfppPg,まりもっこりのマネー教室,14,118000,False,2026-06-21T09:38:53.245297+00:00,1527,0.0091683038637852,0.005469129577988082,118.64406779661017
UC-8-cxyElvXiW9SPBAkZgag,Secret Stays: Japan Hotels,14,300000,False,2026-06-21T09:38:53.245325+00:00,1527,0.0091683038637852,0.005469129577988082,46.666666666666664
UC4b2j0oY5iop4cqREcBGs3A,ひみつ基地。,14,1840000,False,2026-06-21T09:38:53.245498+00:00,1527,0.0091683038637852,0.005469129577988082,7.608695652173913
UCOPQ4nWRjA6BTwPE2hIiPTg,サイモンのイキれる英語教室,14,670000,False,2026-06-21T09:38:53.245280+00:00,1527,0.0091683038637852,0.005469129577988082,20.895522388059703
UC2dhkM2mQXMlIXcd2vMStvQ,ニッポンジャーナル,14,323000,False,2026-06-21T09:38:53.245302+00:00,1527,0.0091683038637852,0.005469129577988082,43.34365325077399
UC2C_vqkHwCWI3NsjxH1j4Gw,MIKURA TAROT - 八百万の神々と龍神様とともに光に包まれながら -,14,21100,False,2026-06-21T09:38:53.245419+00:00,1527,0.0091683038637852,0.005469129577988082,663.5071090047393
UCPzzBZLtD6DdHYfdGMqFqiw,弁護士北村晴男ちゃんねる,14,762000,False,2026-06-21T09:38:53.245222+00:00,1527,0.0091683038637852,0.005469129577988082,18.37270341207349
UC4OtRobhmEjQgT1vTKBib5Q,ニート医師「井たくま」チャンネル,14,482000,False,2026-06-21T09:38:53.245347+00:00,1527,0.0091683038637852,0.005469129577988082,29.04564315352697
UC1fU17Mv-07UYfQYNE6CMAQ,Sora Tori,14,117000,False,2026-06-21T09:38:53.245313+00:00,1527,0.0091683038637852,0.005469129577988082,119.65811965811966
UC5agcP_z1DKwZHG0tp7VnBA,ナビィの暴露,14,309000,False,2026-06-21T09:38:53.245487+00:00,1527,0.0091683038637852,0.005469129577988082,45.30744336569579
UC6NyO8meJAlUHslb-bIIQ1A,飽き性主婦ゆいママの人気副業チャレンジ日記,14,87500,False,2026-06-21T09:38:53.245414+00:00,1527,0.0091683038637852,0.005469129577988082,160.0
UCBqN11fVN9yxA0ARcQxU9sQ,進撃のノア shingeki noa,14,1030000,False,2026-06-21T09:38:53.245385+00:00,1527,0.0091683038637852,0.005469129577988082,13.592233009708737
UC64KwGynvj3hA7T0C9gC5cA,Thewizardliz,14,8500000,False,2026-06-21T09:38:53.245543+00:00,1527,0.0091683038637852,0.005469129577988082,1.6470588235294117
UC1_4Dgxm7gwcs7TPXPjcNwg,原田武夫国際戦略情報研究所(IISIA),14,196000,False,2026-06-21T09:38:53.245448+00:00,1527,0.0091683038637852,0.005469129577988082,71.42857142857143
UCBp751ECaWfrw_dZtdgZu1A,ほんださん / 東大式FPチャンネル,14,368000,False,2026-06-21T09:38:53.245262+00:00,1527,0.0091683038637852,0.005469129577988082,38.04347826086956
UC-2itvFKzZI10GpvMy9bUgg,Yuko Light Message Fabius Music,14,50300,False,2026-06-21T09:38:53.245482+00:00,1527,0.0091683038637852,0.005469129577988082,278.3300198807157
UC6uzoOQ3Pitm5uhbdig8GYA,Harano Times Official Channel,14,201000,False,2026-06-21T09:38:53.245493+00:00,1527,0.0091683038637852,0.005469129577988082,69.65174129353234
UC-bmHfXtwFnKyJ2uwRvuQiw,節約と貯金と投資のゆるチャンネル,14,94100,False,2026-06-21T09:38:53.245354+00:00,1527,0.0091683038637852,0.005469129577988082,148.7778958554729
UC3-G_k3qv0vsK9iBCldVd8Q,【公式】大チャンネル,14,879000,False,2026-06-21T09:38:53.245442+00:00,1527,0.0091683038637852,0.005469129577988082,15.927189988623434
UC00lzukQcBYz0gMCvlmM5_g,Live with Nature自然と共にある暮らし,14,35700,False,2026-06-21T09:38:53.245319+00:00,1527,0.0091683038637852,0.005469129577988082,392.156862745098
UC04hG7RZA8iPqvyrAyL4BFg,UJ 世界はラブソングでできている,14,327000,False,2026-06-21T09:38:53.245408+00:00,1527,0.0091683038637852,0.005469129577988082,42.813455657492355
UC438NzuH3byhVc9KSXKc8ZA,私立パラの丸高校,14,1250000,False,2026-06-21T09:38:53.245291+00:00,1527,0.0091683038637852,0.005469129577988082,11.2
UC01kcYpT2NKrrJWkC-h90YQ,【DeNA公式】事業家のDNA〜事業家を目指すあなたへ〜,14,65200,False,2026-06-21T09:38:53.245286+00:00,1527,0.0091683038637852,0.005469129577988082,214.7239263803681
UC3JTWItzDfl41i2B6BFl9ZA,mikanbouya1987 kitchin garden,14,214000,False,2026-06-21T09:38:53.245425+00:00,1527,0.0091683038637852,0.005469129577988082,65.42056074766354
UC35BdvE8Q4G5nLo0X1nBW5w,SAMEJIMA TIMES,14,198000,False,2026-06-21T09:38:53.245470+00:00,1527,0.0091683038637852,0.005469129577988082,70.7070707070707
UCDxAawc6cuMP7bVQTIKLF1w,Japan Management Consultants Association,14,176000,False,2026-06-21T09:38:53.321626+00:00,1527,0.0091683038637852,0.005469129577988082,79.54545454545455
UCd0pUnH7i5CM-Y8xRe7cZVg,B-life,14,2570000,False,2026-06-21T09:38:53.321582+00:00,1527,0.0091683038637852,0.005469129577988082,5.447470817120623
UC7Ey8KpFqH59QQqTNSm0sOw,ひろむTV,14,367000,False,2026-06-21T09:38:53.321661+00:00,1527,0.0091683038637852,0.005469129577988082,38.14713896457766
UC33TRheKFRadCN8wnkZh7PA,Natural Sonic,14,91500,False,2026-06-21T09:38:53.321567+00:00,1527,0.0091683038637852,0.005469129577988082,153.0054644808743
UC5qdpFDdzySFubUaDgCDoHQ,トレーダーお父さん,13,38100,False,2026-06-21T09:38:53.321593+00:00,1527,0.008513425016371971,0.004981976592078539,341.20734908136484
UC-1E5_HQLNwmbih1cTM4CJQ,越前屋弘之午前の部,13,46500,False,2026-06-21T09:38:53.321564+00:00,1527,0.008513425016371971,0.004981976592078539,279.5698924731183
UC9UI_fNxTbfEJImAg5Y7pOw,レインボーコントチャンネル,13,1860000,False,2026-06-21T09:38:53.321623+00:00,1527,0.008513425016371971,0.004981976592078539,6.989247311827957
UC8embhEdS-QrY3K6XcoyyNg,バキ童チャンネル【ぐんぴぃ】,13,2020000,False,2026-06-21T09:38:53.321562+00:00,1527,0.008513425016371971,0.004981976592078539,6.435643564356436
UC5t5yQzJFvoMkLI5XXZiiIQ,FXサロン-波乗り道場-,13,54700,False,2026-06-21T09:38:53.321604+00:00,1527,0.008513425016371971,0.004981976592078539,237.6599634369287
UC1kZTLuxcZ1ICgKg4YnLLcA,投資大学,13,57500,False,2026-06-21T09:38:53.321542+00:00,1527,0.008513425016371971,0.004981976592078539,226.08695652173913
UCAmJvDLNL3-2UGFu_AiSjPg,言論テレビ,13,702000,False,2026-06-21T09:38:53.321642+00:00,1527,0.008513425016371971,0.004981976592078539,18.51851851851852
UCBkVbgLgVZ473QViK_dtMyw,ポレポレDIYチャンネル,13,451000,False,2026-06-21T09:38:53.321527+00:00,1527,0.008513425016371971,0.004981976592078539,28.824833702882483
UC1sCj2fgOEphRa5H0ZaEjeg,katochan33,13,238000,False,2026-06-21T09:38:53.321596+00:00,1527,0.008513425016371971,0.004981976592078539,54.621848739495796
UC4dQUfQeA-Jy2T_C-Jdf5rw,TOKYO MX,13,490000,False,2026-06-21T09:38:53.321618+00:00,1527,0.008513425016371971,0.004981976592078539,26.53061224489796
UC-f2WBfSCZiu0bOBydjot3w,Yarnhub,13,3100000,False,2026-06-21T09:38:53.321573+00:00,1527,0.008513425016371971,0.004981976592078539,4.193548387096774
UC-fF5jc4VLBIxZMiGpHSQAg,養老孟司の脳内,13,73600,False,2026-06-21T09:38:53.321532+00:00,1527,0.008513425016371971,0.004981976592078539,176.6304347826087
UC85dOBxevq0k18Zac8myquA,FIFI CHANNEL,13,332000,False,2026-06-21T09:38:53.321578+00:00,1527,0.008513425016371971,0.004981976592078539,39.1566265060241
UC-8udhbheRG8eg3s-6AFmXA,Tomo,13,111000,False,2026-06-21T09:38:53.321631+00:00,1527,0.008513425016371971,0.004981976592078539,117.11711711711712
UC6SEj6I-vKEL9tL5aAHHyZg,へんないきものチャンネル,13,490000,False,2026-06-21T09:38:53.321656+00:00,1527,0.008513425016371971,0.004981976592078539,26.53061224489796
UC6SmH9mR82nj28_NNg_rZvA,SQUARE ENIX,13,1140000,False,2026-06-21T09:38:53.321575+00:00,1527,0.008513425016371971,0.004981976592078539,11.403508771929824
UC6OHCySp4R4_LsyKva1EcMA,トレーダー K,13,30300,False,2026-06-21T09:38:53.321598+00:00,1527,0.008513425016371971,0.004981976592078539,429.042904290429
UC0rzYB5Cr7cV1AO959n_IGg,Wolf ch,13,23000,False,2026-06-21T09:38:53.321559+00:00,1527,0.008513425016371971,0.004981976592078539,565.2173913043478
UC5450Xkqz8wdaRYJh7HTGBg,イヌヤマのジブン研究所,13,2940,False,2026-06-21T09:38:53.321634+00:00,1527,0.008513425016371971,0.004981976592078539,4421.768707482994
UC2hnL_7ONv-fOTOdtgkrPzA,AZUSA,13,64200,False,2026-06-21T09:38:53.321620+00:00,1527,0.008513425016371971,0.004981976592078539,202.49221183800623
UClgRkhTL3_hImCAmdLfDE4g,YouTube Movies,13,198000000,False,2026-06-21T09:38:53.321615+00:00,1527,0.008513425016371971,0.004981976592078539,0.06565656565656565
UC2bsoNS_qXR8wliJXHc3iHg,金運巫女⛩️みやび,13,19900,False,2026-06-21T09:38:53.321536+00:00,1527,0.008513425016371971,0.004981976592078539,653.2663316582914
UC0ZCCCa89PaXRn-7gFE7ksw,橋本絢子Ayako Hashimoto,13,24300,False,2026-06-21T09:38:53.321510+00:00,1527,0.008513425016371971,0.004981976592078539,534.9794238683128
UC5PBnSG7C0WXp5gjd4bzKtw,ウルトラマン公式 ULTRAMAN OFFICIAL by TSUBURAYA PROD.,13,3200000,False,2026-06-21T09:38:53.321637+00:00,1527,0.008513425016371971,0.004981976592078539,4.0625
UC7basVkzCE7iEJ3rHYmDFuA,日常英会話school ksp English,13,205000,False,2026-06-21T09:38:53.321601+00:00,1527,0.008513425016371971,0.004981976592078539,63.41463414634146
UC-BuGM5xGth9UFgYGTbP3Zw,ぴーす,13,22700,False,2026-06-21T09:38:53.321650+00:00,1527,0.008513425016371971,0.004981976592078539,572.6872246696036
UC2y2UgUdCrPYSaP3YnMPo5g,禁断の真実~触れてはならぬ真実が、いま暴かれる~,13,90300,False,2026-06-21T09:38:53.321548+00:00,1527,0.008513425016371971,0.004981976592078539,143.96456256921374
UC4BIUwrzsbX5-vDWCcyfGog,開運王,13,138000,False,2026-06-21T09:38:53.321612+00:00,1527,0.008513425016371971,0.004981976592078539,94.20289855072464
UC4h3X7qMLKpLT0yzbyYHj7Q,日本軍事情報,13,297000,False,2026-06-21T09:38:53.321588+00:00,1527,0.008513425016371971,0.004981976592078539,43.77104377104377
UCS5dVIXy8SYcIMWRmEI-_3A,松井証券_MatsuiSecurities,13,905000,False,2026-06-21T09:38:53.321584+00:00,1527,0.008513425016371971,0.004981976592078539,14.3646408839779
UC4HOY-3PwLSV9c-Xoe3xQrQ,Kyokushin World-Champ kouketsu YouTube-Dojo,13,124000,False,2026-06-21T09:38:53.321570+00:00,1527,0.008513425016371971,0.004981976592078539,104.83870967741936
UC7D5cHlavNWxEfnKkyMQGcQ,市村よしなり。,13,63400,False,2026-06-21T09:38:53.321647+00:00,1527,0.008513425016371971,0.004981976592078539,205.04731861198738
UCAERcCeke3w3YHdod0x1FBQ,初耳怪談,13,322000,False,2026-06-21T09:38:53.321553+00:00,1527,0.008513425016371971,0.004981976592078539,40.37267080745341
UCGNd0qq4DC3fNVKbj6g5WDw,【FX】維新の介トレードチャンネル,13,43100,False,2026-06-21T09:38:53.321607+00:00,1527,0.008513425016371971,0.004981976592078539,301.6241299303944
UC455V0qKA3T-87i3Y5eRw9w,苫米地英人博士の教え,13,7100,False,2026-06-21T09:38:53.321658+00:00,1527,0.008513425016371971,0.004981976592078539,1830.9859154929577
UCG0LbYk5oOKK9V7w0IP4PTg,世界の偉人達,13,53800,False,2026-06-21T09:38:53.321545+00:00,1527,0.008513425016371971,0.004981976592078539,241.635687732342
UC3Zr9eDEeKsCE4NgsW1mQ_Q,NATSU  TAROT,13,48500,False,2026-06-21T09:38:53.321556+00:00,1527,0.008513425016371971,0.004981976592078539,268.0412371134021
UCgbjcHvWSPQ7en0LI5bMqJw,心理カウンセラー・ ラッキー,13,655000,False,2026-06-21T09:38:53.321639+00:00,1527,0.008513425016371971,0.004981976592078539,19.84732824427481
UCEip3Uo6j4d9Hgal-wdmfuw,てぃ先生,13,862000,False,2026-06-21T09:38:53.321645+00:00,1527,0.008513425016371971,0.004981976592078539,15.081206496519721
UCEl0cGW4V6pWG--C0hr5JdA,Kazu Languages Shorts,13,1080000,False,2026-06-21T09:38:53.321551+00:00,1527,0.008513425016371971,0.004981976592078539,12.037037037037036
UCEEwwILrD4mkfgeqZKtKz8A,ヴォルテックス  ジャーニー by ゆりあヨガ,13,30800,False,2026-06-21T09:38:53.321590+00:00,1527,0.008513425016371971,0.004981976592078539,422.0779220779221
UC0AH-xo5ttx9PCEol_M1Myg,れいわ一閃【いっせん】,13,28200,False,2026-06-21T09:38:53.321653+00:00,1527,0.008513425016371971,0.004981976592078539,460.9929078014184
UCcVsE4_iMsrRYyDE6tHoWaA,ゆう先生の美容整体塾【京都の整体院悠】,13,1760000,False,2026-06-21T09:38:53.321664+00:00,1527,0.008513425016371971,0.004981976592078539,7.386363636363637
UC6pk6Bpvh6P16mgpC7BSKZg,【りょうま】Fラン会長 熊谷怜真,13,154000,False,2026-06-21T09:38:53.321609+00:00,1527,0.008513425016371971,0.004981976592078539,84.41558441558442
UC6jd9pf_hXgp6UEJ_a_1sjw,感じるスピリチュアルしゅうさんShusan Feel Spiritual,13,155000,False,2026-06-21T09:38:53.321629+00:00,1527,0.008513425016371971,0.004981976592078539,83.87096774193547
UC01eIu3mRgE8aMtq_WrazGQ,まとりんの現実創造ch,13,2230,False,2026-06-21T09:38:53.321539+00:00,1527,0.008513425016371971,0.004981976592078539,5829.596412556054
UC3oVeet7Jd3YF4gmrmvTo9w,節約お姉さんういうい,13,133000,False,2026-06-21T09:38:53.406133+00:00,1527,0.008513425016371971,0.004981976592078539,97.74436090225564
UC4-KH4Uw5-YCfhAYj-gVqSA,TARONII FIT,13,418000,False,2026-06-21T09:38:53.406180+00:00,1527,0.008513425016371971,0.004981976592078539,31.10047846889952
UC1NoyV5DKqt8J1TeHib8bUg,石井貴士　人生は変えられる,13,39800,False,2026-06-21T09:38:53.406322+00:00,1527,0.008513425016371971,0.004981976592078539,326.6331658291457
UC96jiVMyHT-JsEMF0EOtnbQ,転職のサラタメさん,13,175000,False,2026-06-21T09:38:53.406393+00:00,1527,0.008513425016371971,0.004981976592078539,74.28571428571429
UCw7HTQv0F4CB9zGRhqosYsg,Marina Takewaki,12,4400000,False,2026-06-21T09:38:53.406397+00:00,1527,0.007858546168958742,0.00450105930874556,2.727272727272727
UC4khoc98iEkW-5p1h9iakgw,D-FILE,12,73100,False,2026-06-21T09:38:53.406141+00:00,1527,0.007858546168958742,0.00450105930874556,164.15868673050613
UC1OR2YNQLZJYFdQjFrPWvVw,Backstreet Boys,12,8280000,False,2026-06-21T09:38:53.406413+00:00,1527,0.007858546168958742,0.00450105930874556,1.4492753623188406
UC1Hke7eX7zHfRO3sOK_bg7g,Sakitchen,12,105000,False,2026-06-21T09:38:53.406224+00:00,1527,0.007858546168958742,0.00450105930874556,114.28571428571428
UC1GP1tLvu6bp9e69kn53GfA,「やりたいのにできない」を終わらせる幸せ脳インストールメソッド,12,24000,False,2026-06-21T09:38:53.406218+00:00,1527,0.007858546168958742,0.00450105930874556,500.0
UC0cvEna9UC8zeYNXx2niYyg,進撃の歴史旅『信政の野望』,12,47600,False,2026-06-21T09:38:53.406213+00:00,1527,0.007858546168958742,0.00450105930874556,252.10084033613444
UCH2lnz_OBcVo7Y7ptU2qovg,ブルーシー【Blue  Sea】,12,3750000,False,2026-06-21T09:38:53.406402+00:00,1527,0.007858546168958742,0.00450105930874556,3.1999999999999997
UC1pMU0_rKL0NrxZ6yi3FJ6Q,末永 雄大 / すべらない転職エージェント,12,85700,False,2026-06-21T09:38:53.406290+00:00,1527,0.007858546168958742,0.00450105930874556,140.02333722287048
UC6YD-hqIJ1UIOcVyQ07HGAw,TOMIKKU NET,12,2150000,False,2026-06-21T09:38:53.406400+00:00,1527,0.007858546168958742,0.00450105930874556,5.5813953488372094
UC-JBd3hzV7TmSqwAQItp3AA,ポケカルビジネスTVーポケットサイズの学びをあなたに!,12,70500,False,2026-06-21T09:38:53.406174+00:00,1527,0.007858546168958742,0.00450105930874556,170.2127659574468
UC8OfLJFs58s5ckNL9U4pytw,無添加ぐらしで健康に,12,192000,False,2026-06-21T09:38:53.406339+00:00,1527,0.007858546168958742,0.00450105930874556,62.5
UC3jm_V8mHVvkTUr0GYtyXjg,高松あい_violin,12,270000,False,2026-06-21T09:38:53.406405+00:00,1527,0.007858546168958742,0.00450105930874556,44.44444444444445
UCbpjjHOe-zZFUCkia1Si3WA,北原孝彦 -給料8万から億越え社長への転生-,12,201000,False,2026-06-21T09:38:53.406186+00:00,1527,0.007858546168958742,0.00450105930874556,59.701492537313435
UC8RM5W-eUIQhgkb4NSJ0baA,雑学ミステリー通信,12,233000,False,2026-06-21T09:38:53.406115+00:00,1527,0.007858546168958742,0.00450105930874556,51.502145922746784
UC1eJbTQqf2AXQIiV2wTee-Q,上島嘉郎 公式チャンネル【ライズアップジャパン 】,12,100000,False,2026-06-21T09:38:53.406390+00:00,1527,0.007858546168958742,0.00450105930874556,120.0
UC2oNx3mSUClH3_AUkT0lsUg,MindfulMed ,12,816000,False,2026-06-21T09:38:53.406264+00:00,1527,0.007858546168958742,0.00450105930874556,14.705882352941178
UC-ESQDCjT-CkOfEB_uk5C_A,龍の施し,12,13000,False,2026-06-21T09:38:53.406328+00:00,1527,0.007858546168958742,0.00450105930874556,923.0769230769231
UC-l_rrKhQtMr_elyEL9mmfQ,ねこ大家 / 猫のための家づくり,12,44800,False,2026-06-21T09:38:53.406241+00:00,1527,0.007858546168958742,0.00450105930874556,267.8571428571429
UC0OskCvXSgVsle9WVLbO9lA,よしひこチャンネル,12,198000,False,2026-06-21T09:38:53.406162+00:00,1527,0.007858546168958742,0.00450105930874556,60.6060606060606
UCEXCEsV_t1X_d4gSirFLgvA,狂武蔵たくちゃんねる,12,516000,False,2026-06-21T09:38:53.406334+00:00,1527,0.007858546168958742,0.00450105930874556,23.25581395348837
UC4Cm8mh5_OlQlj5kJh0zY9A,ひかりのAI大学,12,108000,False,2026-06-21T09:38:53.406351+00:00,1527,0.007858546168958742,0.00450105930874556,111.11111111111111
UC-SEmxk-bEGxHFMm78NCLNw,WWUK Sub,12,69700,False,2026-06-21T09:38:53.406197+00:00,1527,0.007858546168958742,0.00450105930874556,172.1664275466284
UC-F1fSuUHzvUQes0ujTt3BA,the answer(ジアンサー)メンタルコーチング,12,18300,False,2026-06-21T09:38:53.406251+00:00,1527,0.007858546168958742,0.00450105930874556,655.7377049180328
UC83t4zV_XrK-0BSD41NwK-A,NOBI by NORIKO,12,281000,False,2026-06-21T09:38:53.406269+00:00,1527,0.007858546168958742,0.00450105930874556,42.704626334519574
UCDIeBaj-DMOS5GQnMqN3Dnw,かな | 社会人の勉強部屋,12,72800,False,2026-06-21T09:38:53.406301+00:00,1527,0.007858546168958742,0.00450105930874556,164.83516483516485
UCFy2R0BE58JGfJuM5jUd4Yg,本気AI(MAJI AI),12,97700,False,2026-06-21T09:38:53.406274+00:00,1527,0.007858546168958742,0.00450105930874556,122.82497441146366
UCSz3UBZ1WuBJ-6_bcgoRwbg,自分大好きもっちー,12,315000,False,2026-06-21T09:38:53.406410+00:00,1527,0.007858546168958742,0.00450105930874556,38.095238095238095
UC7dXPammhcS6lrPzgq7WAPQ,文化人放送局LIVE,12,767000,False,2026-06-21T09:38:53.406295+00:00,1527,0.007858546168958742,0.00450105930874556,15.645371577574966
UC0XtwfHlHgZHPAcUaNaUuLw,ニッシーの『成長哲学』,12,12600,False,2026-06-21T09:38:53.406234+00:00,1527,0.007858546168958742,0.00450105930874556,952.3809523809524
UC8jHxOIg9ST7YxiMw2xWYyA,デイナ / Dana【英語の先生】,12,181000,False,2026-06-21T09:38:53.406312+00:00,1527,0.007858546168958742,0.00450105930874556,66.29834254143647
UC-VygzWMWKztwNQ4BQh2SjQ,石崎力也,12,5210,False,2026-06-21T09:38:53.406148+00:00,1527,0.007858546168958742,0.00450105930874556,2303.2629558541266
UC6mbbiP0fzB0wWLNfioiOeQ,ミステリー劇場,12,817000,False,2026-06-21T09:38:53.406229+00:00,1527,0.007858546168958742,0.00450105930874556,14.687882496940025
UC5Ou3Sy_86_pfHlZf7v-REw,聖女イトコイザーさん【仮】,12,162000,False,2026-06-21T09:38:53.406208+00:00,1527,0.007858546168958742,0.00450105930874556,74.07407407407408
UCkkxn2ldlFUMupTlXU8meAw,たっくーTVれいでぃお,12,3200000,False,2026-06-21T09:38:53.406317+00:00,1527,0.007858546168958742,0.00450105930874556,3.75
UC9I5l3CeCsxFdE0p0USWC9g,HISTORY公式,12,496000,False,2026-06-21T09:38:53.406385+00:00,1527,0.007858546168958742,0.00450105930874556,24.193548387096772
UCZ6AXSKWO2AIi5RkSRlPP2A,キリン【考察系youtuber】,12,2350000,False,2026-06-21T09:38:53.406191+00:00,1527,0.007858546168958742,0.00450105930874556,5.106382978723404
UC0tZzQK6ZSzQ4h-qR5lJXgA,新しいカギちゃんねる【公式】,12,143000,False,2026-06-21T09:38:53.406408+00:00,1527,0.007858546168958742,0.00450105930874556,83.91608391608392
UC1laSZHo_6VBXU9FmfGNwFA,こっちのけんと,12,1020000,False,2026-06-21T09:38:53.406345+00:00,1527,0.007858546168958742,0.00450105930874556,11.764705882352942
UCFO5v1aSGEiCBa1J1_A7rtg,時を超える偉人,12,28800,False,2026-06-21T09:38:53.406257+00:00,1527,0.007858546168958742,0.00450105930874556,416.6666666666667
UC-g4Pydd3d7pqvzhC8pIZZg,潜在意識コーチMai,12,2610,False,2026-06-21T09:38:53.406280+00:00,1527,0.007858546168958742,0.00450105930874556,4597.701149425287
UC664AyktJeZAEWiE4xYGXMA,50代かおりの在宅ワーク・副業相談室,12,48200,False,2026-06-21T09:38:53.406168+00:00,1527,0.007858546168958742,0.00450105930874556,248.96265560165975
UC3PWWshMfLtdgDOvM5hKT6A,ド文系でも楽しい【ゆっくり数学の雑学】,12,488000,False,2026-06-21T09:38:53.406155+00:00,1527,0.007858546168958742,0.00450105930874556,24.59016393442623
UC3QGwTAl02IeQftn5C2bKkg,YouTube クリエイター,12,91800,False,2026-06-21T09:38:53.406285+00:00,1527,0.007858546168958742,0.00450105930874556,130.71895424836603
UCOOt1AsvDZoav6XjN6Tly1g,悪の秘密ぼっち「ヘライザー総統」と言う名のファンタジー,12,594000,False,2026-06-21T09:38:53.406202+00:00,1527,0.007858546168958742,0.00450105930874556,20.202020202020204
UC9sEMFZHEbCndUvpxMld1gw,お掃除の錫村商店,12,589000,False,2026-06-21T09:38:53.406306+00:00,1527,0.007858546168958742,0.00450105930874556,20.37351443123939
UC9wKlIKoF_8zCBVndImrq3w,SKY Perfect JSAT Corporation,12,206000,False,2026-06-21T09:38:53.406246+00:00,1527,0.007858546168958742,0.00450105930874556,58.25242718446602
UC8HzVQneyQg_rh6FA09xdhw,The Solutions Bookshelf,12,33900,False,2026-06-21T09:38:53.473431+00:00,1527,0.007858546168958742,0.00450105930874556,353.98230088495575
UC-8Z9RmKDF6qEYeMekdC9DA,市民がつくる政治の会動画部,12,25900,False,2026-06-21T09:38:53.473487+00:00,1527,0.007858546168958742,0.00450105930874556,463.3204633204633
UC4fJmw546DjVql_besPQ1TQ,マーケティング大学 by桜井茶人,12,40900,False,2026-06-21T09:38:53.473406+00:00,1527,0.007858546168958742,0.00450105930874556,293.398533007335
UCIpl1MtyYgNIf692p_FVYlA,目に見える物は目に見えない物,12,70000,False,2026-06-21T09:38:53.473454+00:00,1527,0.007858546168958742,0.00450105930874556,171.42857142857142
UC24I2gsaEx_zfrRHQphjj-w,「THE FACT」 マスコミが報道しない「事実」を世界に伝える番組,12,172000,False,2026-06-21T09:38:53.473350+00:00,1527,0.007858546168958742,0.00450105930874556,69.76744186046511
UC6QDphhNjXCdwTN8UeVXZRg,縁結び占い師E先生,12,127000,False,2026-06-21T09:38:53.473442+00:00,1527,0.007858546168958742,0.00450105930874556,94.48818897637796
UC0iQwTs59wwDHnyDI9LYGBw,薬剤師ぴよ | 幸せ体質改善コーチ,12,55900,False,2026-06-21T09:38:53.473389+00:00,1527,0.007858546168958742,0.00450105930874556,214.6690518783542
UC0lxqpc2hANi2hjtUXiW8Qw,Yuka Guitar Channel,12,112000,False,2026-06-21T09:38:53.473420+00:00,1527,0.007858546168958742,0.00450105930874556,107.14285714285714
UC43ekYDmSbZglc2ndwDNtAQ,日本の政治事情,12,291000,False,2026-06-21T09:38:53.473457+00:00,1527,0.007858546168958742,0.00450105930874556,41.23711340206186
UC-HIyS_41IgbAgajn--1utA,超知能,12,5220,False,2026-06-21T09:38:53.473452+00:00,1527,0.007858546168958742,0.00450105930874556,2298.8505747126437
UC-hy4O_rQitXGoB4JzYHZ2Q,日刊ヒロシちゃんねる,12,116000,False,2026-06-21T09:38:53.473503+00:00,1527,0.007858546168958742,0.00450105930874556,103.44827586206897
UCP2gnyy_-ToZeIDw6qeI6HA,George ジョージ吉田,12,1380000,False,2026-06-21T09:38:53.473463+00:00,1527,0.007858546168958742,0.00450105930874556,8.695652173913043
UC0mPwepVHMKsMJKfMDs5ezg,Driving Schools in Japan,12,136000,False,2026-06-21T09:38:53.473479+00:00,1527,0.007858546168958742,0.00450105930874556,88.23529411764706
UC5SR5ITPwHGHJrQjHEzefGw,まどねす !,12,1110000,False,2026-06-21T09:38:53.473392+00:00,1527,0.007858546168958742,0.00450105930874556,10.81081081081081
UC0jwY5fVb-KGCsI3_wR2eMQ,イミシン,12,200000,False,2026-06-21T09:38:53.473434+00:00,1527,0.007858546168958742,0.00450105930874556,60.0
UC-1nyHi2btOf7d40VJrPl_A,涙ぽろぽろ感動の秘話,12,187000,False,2026-06-21T09:38:53.473465+00:00,1527,0.007858546168958742,0.00450105930874556,64.1711229946524
UCVkVl4K1SbgS6nzuB6uT85A,サイコパスおじさん【岡田斗司夫 切り抜き】,12,613000,False,2026-06-21T09:38:53.473514+00:00,1527,0.007858546168958742,0.00450105930874556,19.575856443719413
UC40MXYe9jrs-hNPF1HyA7CA,ルパン15世【在宅で稼ぐ顔出しなしアフィリエイト】,12,15800,False,2026-06-21T09:38:53.473398+00:00,1527,0.007858546168958742,0.00450105930874556,759.493670886076
UC9AuyS7U4PxeDSNMJ2srarA,AIでサボろうチャンネル,11,73900,False,2026-06-21T09:38:53.473468+00:00,1527,0.007203667321545514,0.004027108104070962,148.84979702300407
UCCy_q-N7F2FOIZ6ZggHIAKg,Sony Music Japan,11,2930000,False,2026-06-21T09:38:53.473403+00:00,1527,0.007203667321545514,0.004027108104070962,3.7542662116040955
UC4l_Xj42vdPjuQTj4UY2o1Q,AIで時短ペラペラ英語 | 超進学校教師みなと,11,34800,False,2026-06-21T09:38:53.473422+00:00,1527,0.007203667321545514,0.004027108104070962,316.0919540229885
UCKud3SBtyRB45Yiij_EeC7g,占い師きんまんの予言ニュース,11,144000,False,2026-06-21T09:38:53.473346+00:00,1527,0.007203667321545514,0.004027108104070962,76.38888888888889
UC0-8T95B-JheVF3-I3Yeeew,Macro Stereo / マクロステレオ,11,241000,False,2026-06-21T09:38:53.473335+00:00,1527,0.007203667321545514,0.004027108104070962,45.64315352697095
UC03xL_ToxDESN8icNsPyHeA,財務博士しのざき【税理士も知らない経営の裏話】,11,19500,False,2026-06-21T09:38:53.473498+00:00,1527,0.007203667321545514,0.004027108104070962,564.1025641025641
UC3jFrOriO8aLufC13bsWT3Q,恋愛マジシャンMAKOTO,11,47000,False,2026-06-21T09:38:53.473471+00:00,1527,0.007203667321545514,0.004027108104070962,234.04255319148936
UC-sb7kM8fmYhlRrXEm7W18Q,Long distance.    Channnel,11,37700,False,2026-06-21T09:38:53.473501+00:00,1527,0.007203667321545514,0.004027108104070962,291.7771883289125
UCQPPXy9LCznUQHHG_kh6Bpg,Buffett Taro's investment channel,11,483000,False,2026-06-21T09:38:53.473380+00:00,1527,0.007203667321545514,0.004027108104070962,22.77432712215321
UC-4MViUviF32myAAN3G0alQ,カヲディ(Kawodii) | オデュッセイアの世界,11,63000,False,2026-06-21T09:38:53.473428+00:00,1527,0.007203667321545514,0.004027108104070962,174.60317460317458
UCLcqrpFhRlJnm6etuLQblWg,【賛否両論】笠原将弘の料理のほそ道,11,1340000,False,2026-06-21T09:38:53.473425+00:00,1527,0.007203667321545514,0.004027108104070962,8.208955223880597
UCL6F7R0unHipZwsXJ3hVHzg,占いTV Love Me Do ラブちゃん,11,348000,False,2026-06-21T09:38:53.473401+00:00,1527,0.007203667321545514,0.004027108104070962,31.609195402298848
UC1JBJvZYuTbW0qvSBq-PZeQ,ミシマ.,11,287000,False,2026-06-21T09:38:53.473509+00:00,1527,0.007203667321545514,0.004027108104070962,38.32752613240418
UC-XcLyfIh3bfc6GikZAcWjw,政経プラスチャンネル,11,62100,False,2026-06-21T09:38:53.473448+00:00,1527,0.007203667321545514,0.004027108104070962,177.13365539452494
UCaPJaMy0_OZlNjq7BVyTnkA,NOBROCKTV by Nobuyuki Sakuma,11,3260000,False,2026-06-21T09:38:53.473473+00:00,1527,0.007203667321545514,0.004027108104070962,3.374233128834356
UCNGDsyvB0CURXJPwYeufsKg, Good luck shortcut ticket,11,219000,False,2026-06-21T09:38:53.473414+00:00,1527,0.007203667321545514,0.004027108104070962,50.22831050228311
UCE40kwov-UdhGikwAowjAAQ,Kurashiru ,11,1760000,False,2026-06-21T09:38:53.473439+00:00,1527,0.007203667321545514,0.004027108104070962,6.25
UC44JZ2KhRfdPMd-jTEtR4mA,齋藤レナ_Lena Saito_松果体覚醒ミュージシャン,11,24900,False,2026-06-21T09:38:53.473395+00:00,1527,0.007203667321545514,0.004027108104070962,441.7670682730924
UCNkl6sk3xpHcSpIfiuV2AIA,ChGrandStrategy,11,510000,False,2026-06-21T09:38:53.473490+00:00,1527,0.007203667321545514,0.004027108104070962,21.56862745098039
UC55V_ihtpI2kc_E2GmLnUMQ,たくま・言語化のシカ🦌,11,72300,False,2026-06-21T09:38:53.473409+00:00,1527,0.007203667321545514,0.004027108104070962,152.14384508990318
UC-gZc7yRmyb9DInZX2DxhdA,日本帝国速報【2ch・5chの政治経済時事まとめ】,11,15800,False,2026-06-21T09:38:53.473417+00:00,1527,0.007203667321545514,0.004027108104070962,696.2025316455696
UC-5rzm-ycmKQxmSQnOaJJXw,cotocoto,11,69500,False,2026-06-21T09:38:53.473437+00:00,1527,0.007203667321545514,0.004027108104070962,158.27338129496403
UCANr15MC0s7bi4cxtDd1Gtg,ざっくりYouTube,11,972000,False,2026-06-21T09:38:53.473482+00:00,1527,0.007203667321545514,0.004027108104070962,11.316872427983538
UC0wwyS5MbDCdbLjbtOt0yew,丸山礼チャンネル,11,1260000,False,2026-06-21T09:38:53.473493+00:00,1527,0.007203667321545514,0.004027108104070962,8.73015873015873
UCOg6P-Ne5Hdd5tDtcOHDd-Q,中川家チャンネル,11,1520000,False,2026-06-21T09:38:53.473512+00:00,1527,0.007203667321545514,0.004027108104070962,7.2368421052631575
UC-J-KZfRV8c13fOCkhXdLiQ,Dua Lipa,11,24900000,False,2026-06-21T09:38:53.473412+00:00,1527,0.007203667321545514,0.004027108104070962,0.44176706827309237
UC75KuCecKVZt7Wzu9yAU99A,BUCKET LIST〜死ぬまでにしたいこと〜,11,421000,False,2026-06-21T09:38:53.473484+00:00,1527,0.007203667321545514,0.004027108104070962,26.128266033254157
UC1nznQzS-aHtUaICqGy-4cg,英語のそーた,11,85800,False,2026-06-21T09:38:53.473385+00:00,1527,0.007203667321545514,0.004027108104070962,128.2051282051282
UC2sBUignRWMrKJtIztlq_VA,FX見える化ラボ【FXLabo】,11,35700,False,2026-06-21T09:38:53.473495+00:00,1527,0.007203667321545514,0.004027108104070962,308.12324929971993
UC2sPmTrh7AGSPi59pb80Zdw,金運の女神ナユタ〜宇宙の黄金法則〜,11,14700,False,2026-06-21T09:38:53.473460+00:00,1527,0.007203667321545514,0.004027108104070962,748.2993197278912
UCIVgnw5Se9vlscb8gKVv2pw,ばくばクック,11,1360000,False,2026-06-21T09:38:53.473476+00:00,1527,0.007203667321545514,0.004027108104070962,8.088235294117647
UCDCmm9RQ3NAlMsaDtKQUiOg,執行草舟チャンネル【公式】,11,90000,False,2026-06-21T09:38:53.473506+00:00,1527,0.007203667321545514,0.004027108104070962,122.22222222222221
UC0AVyhbJ1kGqVOfX-MEzrxA,Japanese Noodles Udon Soba,11,321000,False,2026-06-21T09:38:53.565332+00:00,1527,0.007203667321545514,0.004027108104070962,34.26791277258567
UCFFH1T9H5J7lAr4tkhjoVmw,NAOMI CLUB,11,1530000,False,2026-06-21T09:38:53.565231+00:00,1527,0.007203667321545514,0.004027108104070962,7.18954248366013
UCFBjsYvwX7kWUjQoW7GcJ5A,瀬戸弘司 / Koji Seto,11,1680000,False,2026-06-21T09:38:53.565265+00:00,1527,0.007203667321545514,0.004027108104070962,6.5476190476190474
UC4ZBlcSK0j_SrNxNMCv_qEg,【簿記・会計】公認会計士たぬ吉の資格塾,11,174000,False,2026-06-21T09:38:53.565293+00:00,1527,0.007203667321545514,0.004027108104070962,63.218390804597696
UC2Ku8de18zPkAAdguvdKCiQ,Roommy room tour,11,650000,False,2026-06-21T09:38:53.565285+00:00,1527,0.007203667321545514,0.004027108104070962,16.923076923076923
UC0friAXjxjzZhJWgsYCbTWw,現実のコーデックス,11,5450,False,2026-06-21T09:38:53.565329+00:00,1527,0.007203667321545514,0.004027108104070962,2018.348623853211
UC2kLn6SAI4nH7A5Bu8H4YSA,けみちるちゃんねる,11,152000,False,2026-06-21T09:38:53.565248+00:00,1527,0.007203667321545514,0.004027108104070962,72.36842105263159
UCKnAJC2VKxQeNXJJRKUQViw,勝 友美-VICTORY CHANNEL-,11,452000,False,2026-06-21T09:38:53.565279+00:00,1527,0.007203667321545514,0.004027108104070962,24.33628318584071
UC2jWVnS98M7FyX5mkeKfz_Q,聞くだけ超強力開運 Aya チャンネル,11,14700,False,2026-06-21T09:38:53.565277+00:00,1527,0.007203667321545514,0.004027108104070962,748.2993197278912
UCCTdYItHTc6aueMRyRVbdPQ,OWS TV,11,203000,False,2026-06-21T09:38:53.565234+00:00,1527,0.007203667321545514,0.004027108104070962,54.187192118226605
UCAZc5O2Ix4tCeIswgwaTZNg,アマーリア香織・美しさとお金で生き方を変える専門家,11,18200,False,2026-06-21T09:38:53.565212+00:00,1527,0.007203667321545514,0.004027108104070962,604.3956043956044
UCZf__ehlCEBPop-_sldpBUQ,HikakinTV,11,19700000,False,2026-06-21T09:38:53.565340+00:00,1527,0.007203667321545514,0.004027108104070962,0.5583756345177665
UC5DBMPZZC31Y3YfWNQfZTMA,くつざわ,11,129000,False,2026-06-21T09:38:53.565219+00:00,1527,0.007203667321545514,0.004027108104070962,85.27131782945736
UCAcGenBoh-mXpufzPtNh0hg,hide channel【顔と体の描き方講座】,11,854000,False,2026-06-21T09:38:53.565259+00:00,1527,0.007203667321545514,0.004027108104070962,12.88056206088993
UCBPlelKqrYlM9gqoLC1R9Lg,Natalie Dawson,11,1050000,False,2026-06-21T09:38:53.565268+00:00,1527,0.007203667321545514,0.004027108104070962,10.476190476190476
UC-aug4qxWTqQdgxkh1jgtpw,サムのiPhone激安情報オタク,11,62300,False,2026-06-21T09:38:53.565251+00:00,1527,0.007203667321545514,0.004027108104070962,176.56500802568218
UC25EBu6EIw7ZJmQPzPq5f4w,戸塚哲春の卵顔トレーニング,11,112000,False,2026-06-21T09:38:53.565271+00:00,1527,0.007203667321545514,0.004027108104070962,98.21428571428572
UC0K9cia9k4eN8cNoi1hXjlw,chichirou,11,10300,False,2026-06-21T09:38:53.565309+00:00,1527,0.007203667321545514,0.004027108104070962,1067.9611650485438
UC9mxzGn_II91_fXV_mQ7klQ,なるねぇ【笑けるダイエット】,11,2540000,False,2026-06-21T09:38:53.565209+00:00,1527,0.007203667321545514,0.004027108104070962,4.330708661417323
UCJD2JwJNPzi1qcLizxmxbJA,深田萌絵TV,11,496000,False,2026-06-21T09:38:53.565334+00:00,1527,0.007203667321545514,0.004027108104070962,22.17741935483871
UC21f1t3X_sYMD28XclLNpUw,たくみっく,11,243000,False,2026-06-21T09:38:53.565337+00:00,1527,0.007203667321545514,0.004027108104070962,45.267489711934154
UCJhjE7wbdYAae1G25m0tHAA,Cafe Music BGM channel,11,15000000,False,2026-06-21T09:38:53.565299+00:00,1527,0.007203667321545514,0.004027108104070962,0.7333333333333333
UC-hBsiW-wjfu4yntT3_DNpQ,うしちゃんねる,11,89900,False,2026-06-21T09:38:53.565256+00:00,1527,0.007203667321545514,0.004027108104070962,122.35817575083425
UC-xNVaHIcx28c8MaJdDsxBw,ココロカフェ,11,2470,False,2026-06-21T09:38:53.565282+00:00,1527,0.007203667321545514,0.004027108104070962,4453.441295546559
UC-h_pyU0NBIu12JN5u18sOQ,Hirochan-farm,11,320000,False,2026-06-21T09:38:53.565301+00:00,1527,0.007203667321545514,0.004027108104070962,34.375
UC43KSVyRxlUGDaL09wRjxLA,清水ミチコのシミチコチャンネル,11,338000,False,2026-06-21T09:38:53.565215+00:00,1527,0.007203667321545514,0.004027108104070962,32.54437869822485
UC-oEP6v7yPa4hANJvL9aQuw,日本最後の巫女,11,22700,False,2026-06-21T09:38:53.565242+00:00,1527,0.007203667321545514,0.004027108104070962,484.5814977973568
UC-xDRps8JhkrEj1UbuufmjQ,ABEMA HIPHOP【公式】,11,323000,False,2026-06-21T09:38:53.565321+00:00,1527,0.007203667321545514,0.004027108104070962,34.05572755417957
UC-ojS63IBNqKmyBn9EP-NdQ,渡邉哲也show,11,105000,False,2026-06-21T09:38:53.565323+00:00,1527,0.007203667321545514,0.004027108104070962,104.76190476190476
UC27e9lK-KS5EGvhx-DM0ShQ,定年前後の「お金の悩み」解消ラボ,11,247000,False,2026-06-21T09:38:53.565315+00:00,1527,0.007203667321545514,0.004027108104070962,44.53441295546559
UC-V5up_YoHqFArkXE9ixJvQ,しんかわ不動産,11,16300,False,2026-06-21T09:38:53.565290+00:00,1527,0.007203667321545514,0.004027108104070962,674.8466257668712
UC-U71b403ypwVxAvYeBaR4Q,とら吉博士,11,104000,False,2026-06-21T09:38:53.565312+00:00,1527,0.007203667321545514,0.004027108104070962,105.76923076923077
UC-e9-vYGGXTeKynjhteqZWw,Older mechanics in Japan,11,122000,False,2026-06-21T09:38:53.565304+00:00,1527,0.007203667321545514,0.004027108104070962,90.1639344262295
UC0BCfHbNORhd7dsw1R5rw9w,ゆあちゃんねる! 三上悠亜オフィシャルYoutube,11,1120000,False,2026-06-21T09:38:53.565237+00:00,1527,0.007203667321545514,0.004027108104070962,9.821428571428571
UC0B4rD2QKkIbHjuMub4jXhw,魔法の恋愛サプリ,11,31700,False,2026-06-21T09:38:53.565274+00:00,1527,0.007203667321545514,0.004027108104070962,347.0031545741325
UC2GlmiEscZjR0bz8Ken0r4g,国民の声ニュース,11,156000,False,2026-06-21T09:38:53.565318+00:00,1527,0.007203667321545514,0.004027108104070962,70.51282051282051
UC4YUA_Pnk2TfihuuauGzjPw,りょう校長のお金と時間の学校,11,116000,False,2026-06-21T09:38:53.565253+00:00,1527,0.007203667321545514,0.004027108104070962,94.82758620689654
UC37tdXvFfQ-gAtxkGy4VdVg,Saki Kawamura in NYC🗽,11,168000,False,2026-06-21T09:38:53.565262+00:00,1527,0.007203667321545514,0.004027108104070962,65.47619047619048
UC0J7Yk_O3g1-x-xD7xxAE8Q,スタビジ【誰でもAIデータサイエンス】byウマたん,11,64700,False,2026-06-21T09:38:53.565245+00:00,1527,0.007203667321545514,0.004027108104070962,170.01545595054094
UC4AqSsuBfCryDHNt5eHksVg,動画編集で人生を切り拓く-やまと,11,20200,False,2026-06-21T09:38:53.565307+00:00,1527,0.007203667321545514,0.004027108104070962,544.5544554455446
UC-APJUQWxnTJ3JR1EDUi1wQ,TEICHIKU RECORDS,11,475000,False,2026-06-21T09:38:53.565205+00:00,1527,0.007203667321545514,0.004027108104070962,23.157894736842106
UCCiOsYX3Q3wtgvtep-x_yjA,Naoki Saito illust Channel2,11,825000,False,2026-06-21T09:38:53.565342+00:00,1527,0.007203667321545514,0.004027108104070962,13.333333333333334
UCBC9F0IokoWtGV4hX_1ueTw,Makabeeの米国株【ジム・クレイマー応援ch】,11,80800,False,2026-06-21T09:38:53.565288+00:00,1527,0.007203667321545514,0.004027108104070962,136.13861386138615
UC4YT50DP7hbMsor8FmyEPMw,Victor Entertainment,11,1100000,False,2026-06-21T09:38:53.565240+00:00,1527,0.007203667321545514,0.004027108104070962,10.0
UC-YuscBTW_-8VJkxPT-xSDQ,モテコンサルはしかなチャンネル,11,31300,False,2026-06-21T09:38:53.565326+00:00,1527,0.007203667321545514,0.004027108104070962,351.4376996805112
UC1Z82r17ow4o7cdMUEm1MQQ,Happy LGT チャンネル,11,36900,False,2026-06-21T09:38:53.565192+00:00,1527,0.007203667321545514,0.004027108104070962,298.1029810298103
UC3xd9YtthN6JEKEiRxdgJVQ,ネック,11,276000,False,2026-06-21T09:38:53.565228+00:00,1527,0.007203667321545514,0.004027108104070962,39.85507246376812
UC-sUWj7fzOBSyhT_ohEGvZA,あばれる君,11,318000,False,2026-06-21T09:38:53.565296+00:00,1527,0.007203667321545514,0.004027108104070962,34.59119496855346
UC1FB7SPHoJOIfRrrqHbrhEQ,山本太郎切り抜きYouTube ch,11,62900,False,2026-06-21T09:38:53.565222+00:00,1527,0.007203667321545514,0.004027108104070962,174.8807631160572
UC0U2GG9WNndvt1wK41l9iqg,スタジオぴえろ【公式】,11,388000,False,2026-06-21T09:38:53.565225+00:00,1527,0.007203667321545514,0.004027108104070962,28.350515463917525
UCEUA7h_dCKi4OOciRaryotA,トクモリザウルス,11,286000,False,2026-06-21T09:38:53.652818+00:00,1527,0.007203667321545514,0.004027108104070962,38.46153846153846
UC8sHCoAfxXsEo6_p_HVcqTQ,葉っぱ Premiere動画編集室,10,81600,False,2026-06-21T09:38:53.652906+00:00,1527,0.006548788474132285,0.0035610094572040255,122.54901960784314
UC8nlwBiuAcuLKOFz7V-NGyg,マッドフラッド フラットアース エンドゥ一日一食 OMAD (目標)【マトリックス突破編】,10,87900,False,2026-06-21T09:38:53.652908+00:00,1527,0.006548788474132285,0.0035610094572040255,113.76564277588167
UC0-NdXj3Hzcr7EFh5hP00vw,netkeiba ネットケイバ 公式,10,366000,False,2026-06-21T09:38:53.652785+00:00,1527,0.006548788474132285,0.0035610094572040255,27.3224043715847
UC2fHPR-NxuYGd1oMOGXLwFA,Hiroshi Hayashi,10,52900,False,2026-06-21T09:38:53.652837+00:00,1527,0.006548788474132285,0.0035610094572040255,189.03591682419662
UC2_729TkAGJrT3iMWs-tndA,JAPANに乾杯,10,312000,False,2026-06-21T09:38:53.652808+00:00,1527,0.006548788474132285,0.0035610094572040255,32.05128205128205
UC0U408SFijimaTqkgvNYmMw,TheWolf,10,26400,False,2026-06-21T09:38:53.652834+00:00,1527,0.006548788474132285,0.0035610094572040255,378.7878787878788
UC7VFKdb5_4Ik6_N1LG4eU_A,【Mr.K】トレードチャンネル,10,62100,False,2026-06-21T09:38:53.652832+00:00,1527,0.006548788474132285,0.0035610094572040255,161.0305958132045
UC-EMnVMgRVfQmAw2fH4W7gw,退職サポーターズ,10,51700,False,2026-06-21T09:38:53.652851+00:00,1527,0.006548788474132285,0.0035610094572040255,193.42359767891682
UC8zsQuGZ7nQXsqq1qn3VfGA,セールスラインチャンネル,10,76300,False,2026-06-21T09:38:53.652789+00:00,1527,0.006548788474132285,0.0035610094572040255,131.0615989515072
UC5oLRA4CAPwZdZ-o0yLF-Tg,videonewscom,10,166000,False,2026-06-21T09:38:53.652856+00:00,1527,0.006548788474132285,0.0035610094572040255,60.24096385542168
UC5p_nshDQNGjh2B3h-FP33g,ジュジュワールドJUJUWORLD,10,663000,False,2026-06-21T09:38:53.652815+00:00,1527,0.006548788474132285,0.0035610094572040255,15.082956259426847
UC-Z1TD10QN9CBtcyVYBkjSA,ヒーローゆうき,10,7700,False,2026-06-21T09:38:53.652769+00:00,1527,0.006548788474132285,0.0035610094572040255,1298.7012987012988
UC3zx3B5VObMmSGyZk0mijxw,スマキン【Smakin】,10,431000,False,2026-06-21T09:38:53.652800+00:00,1527,0.006548788474132285,0.0035610094572040255,23.20185614849188
UC1YI9PkfUYmY7FYbfuxcFKg,社会人ですけど何か？【NewGame】,10,417000,False,2026-06-21T09:38:53.652892+00:00,1527,0.006548788474132285,0.0035610094572040255,23.980815347721823
UCMdFdPJsBa6MrGC1AnLayjA,YUKI 【井添結琴】アメリカから配信,10,78200,False,2026-06-21T09:38:53.652914+00:00,1527,0.006548788474132285,0.0035610094572040255,127.87723785166239
UC14OtQ0hkT3BReOs6C1RKDA,苫米地式コーチング認定コーチ渡辺実,10,7390,False,2026-06-21T09:38:53.652840+00:00,1527,0.006548788474132285,0.0035610094572040255,1353.1799729364006
UC1Tlje8tyV0fejlnbNdrvsA,サムライ翔,10,1040000,False,2026-06-21T09:38:53.652887+00:00,1527,0.006548788474132285,0.0035610094572040255,9.615384615384615
UC4R8DWoMoI7CAwX8_LjQHig,Live,10,15800000,False,2026-06-21T09:38:53.652878+00:00,1527,0.006548788474132285,0.0035610094572040255,0.6329113924050632
UC-xhr7EEqSks3enwRQB6SRA,営業ハック 笹田,10,14700,False,2026-06-21T09:38:53.652793+00:00,1527,0.006548788474132285,0.0035610094572040255,680.2721088435374
UC39OZ_IRiZLUfRQx8R9zDgQ,教養としての世界史ch,10,145000,False,2026-06-21T09:38:53.652843+00:00,1527,0.006548788474132285,0.0035610094572040255,68.96551724137932
UC39k3ok2M6ewPaA-IKEfazQ,よなたんの斬れる英語道場,10,93300,False,2026-06-21T09:38:53.652796+00:00,1527,0.006548788474132285,0.0035610094572040255,107.18113612004286
UC37so-pB6Lhmertb39NulOQ,世界はたまにバグってる,10,16500,False,2026-06-21T09:38:53.652881+00:00,1527,0.006548788474132285,0.0035610094572040255,606.060606060606
UC-SXNknOFmXNfHx8ZsB6y3Q,癒しのまりちゃんねる。,10,22800,False,2026-06-21T09:38:53.652873+00:00,1527,0.006548788474132285,0.0035610094572040255,438.5964912280702
UC6BL1oMOfn2poGZH33rDQFg,目醒めラボ,10,17300,False,2026-06-21T09:38:53.652865+00:00,1527,0.006548788474132285,0.0035610094572040255,578.0346820809249
UC6221cixGtzOBFJyLoSEuQQ,太朗のおもてなし。,10,154000,False,2026-06-21T09:38:53.652854+00:00,1527,0.006548788474132285,0.0035610094572040255,64.93506493506493
UC0D6L-NV6fdgbJMRZH1Q5Ig,Nibakoちゃんねる　ダイハツの移動販売レンタカー,10,128000,False,2026-06-21T09:38:53.652895+00:00,1527,0.006548788474132285,0.0035610094572040255,78.125
UC4gtGRAiS5msZfhEhdZO6hw,マナル隊MANARUTAI,10,1720000,False,2026-06-21T09:38:53.652823+00:00,1527,0.006548788474132285,0.0035610094572040255,5.813953488372093
UC-HtWWWFevZy2WSLWDQksgQ,TaimanTV,10,61000,False,2026-06-21T09:38:53.652829+00:00,1527,0.006548788474132285,0.0035610094572040255,163.9344262295082
UC4IMXIZ-7yyra4G5mc6pdNw,Deku's Car Life,10,139000,False,2026-06-21T09:38:53.652846+00:00,1527,0.006548788474132285,0.0035610094572040255,71.94244604316546
UC4AsqJ682wdqoqb0XA8H07A,Dr.赤松のLongevity Science,10,43800,False,2026-06-21T09:38:53.652897+00:00,1527,0.006548788474132285,0.0035610094572040255,228.31050228310502
UC4Au2QrbfaSjHPSdk5tUBeg,ワタナベマホト,10,1900000,False,2026-06-21T09:38:53.652826+00:00,1527,0.006548788474132285,0.0035610094572040255,5.2631578947368425
UC-9xDciS5-k4LAp6RYcnn8g,macaron,10,74900,False,2026-06-21T09:38:53.652911+00:00,1527,0.006548788474132285,0.0035610094572040255,133.5113484646195
UCJOGhcQGkbDJXzXEk54Ro5g,ノージョブフドウch. 【nojob.fudou.ch】,10,509000,False,2026-06-21T09:38:53.652848+00:00,1527,0.006548788474132285,0.0035610094572040255,19.646365422396855
UC0qRlg0U8_6cMBvFJf0p9Fw,正太郎FXちゃんねる,10,11700,False,2026-06-21T09:38:53.652903+00:00,1527,0.006548788474132285,0.0035610094572040255,854.7008547008547
UC-ggcrnvqCQls7Us_7vnrCg,闇のクマさん緊急避難&実写版ch,10,38900,False,2026-06-21T09:38:53.652806+00:00,1527,0.006548788474132285,0.0035610094572040255,257.0694087403599
UCUCeZaZeJbEYAAzvMgrKOPQ,Kenshi Yonezu  米津玄師,10,8660000,False,2026-06-21T09:38:53.652812+00:00,1527,0.006548788474132285,0.0035610094572040255,1.1547344110854503
UCEmUvweJwQ1EeUqb-dk8FkA,僕らの知らない物語,10,351000,False,2026-06-21T09:38:53.652821+00:00,1527,0.006548788474132285,0.0035610094572040255,28.49002849002849
UCFkVVgEo5E2Gk79Ah8uM7kw,【休止】Zeppy投資ちゃんねる,10,157000,False,2026-06-21T09:38:53.652803+00:00,1527,0.006548788474132285,0.0035610094572040255,63.69426751592356
UC-dmJ79518WlKMbsu50eMTQ,Clark Kegley,10,1940000,False,2026-06-21T09:38:53.652868+00:00,1527,0.006548788474132285,0.0035610094572040255,5.154639175257732
UC69LHPVPZ0EVf35eJp_m9cQ,霜降り明星せいやのイニミニチャンネル,10,668000,False,2026-06-21T09:38:53.652884+00:00,1527,0.006548788474132285,0.0035610094572040255,14.970059880239521
UC-U63hTXJs54YNIOECNN33Q,ぱんチャンネル_ぱんちゃん璃奈,10,141000,False,2026-06-21T09:38:53.652889+00:00,1527,0.006548788474132285,0.0035610094572040255,70.92198581560284
UC5X3kJorIx55tOJQ9283tkg,公式 池上彰と増田ユリヤのYouTube学園,10,204000,False,2026-06-21T09:38:53.652876+00:00,1527,0.006548788474132285,0.0035610094572040255,49.01960784313725
UC-b3JIZhC0xATKwBK4cmnqg,【元サッカー日本代表 城彰二】JOチャンネル,10,104000,False,2026-06-21T09:38:53.652925+00:00,1527,0.006548788474132285,0.0035610094572040255,96.15384615384616
UC5TLiFhywxadMYioq9rYihQ,安住紳一郎の日曜天国【公式】,10,444000,False,2026-06-21T09:38:53.652919+00:00,1527,0.006548788474132285,0.0035610094572040255,22.52252252252252
UCCVtmC1XwIOREVGQMLG8PfQ,一番面白い政治解説【無敵おぢさん】,10,251000,False,2026-06-21T09:38:53.652870+00:00,1527,0.006548788474132285,0.0035610094572040255,39.8406374501992
UC78zfX-wGho3o6MrrnzLzMw,SUSHI RAMEN【2nd】,10,2530000,False,2026-06-21T09:38:53.652922+00:00,1527,0.006548788474132285,0.0035610094572040255,3.9525691699604737
UCG_o_NraCXX395GrDrZjsgw,心理コーチとよかわ,10,92500,False,2026-06-21T09:38:53.652916+00:00,1527,0.006548788474132285,0.0035610094572040255,108.10810810810811
UC0fvGpDXi7sV2hbgD-O47yw,Amaury Guichon,10,23300000,False,2026-06-21T09:38:53.652862+00:00,1527,0.006548788474132285,0.0035610094572040255,0.4291845493562232
UC23wOTsr0ZZrZoyU2jWk6Kw,DramaBox - Stream Drama Shorts,10,14400000,False,2026-06-21T09:38:53.652859+00:00,1527,0.006548788474132285,0.0035610094572040255,0.6944444444444445
UC24T2Vj2uSukiOwWcpG_9fA,極楽とんぼ山本圭壱 けいちょんチャンネル,10,575000,False,2026-06-21T09:38:53.711100+00:00,1527,0.006548788474132285,0.0035610094572040255,17.391304347826086
UC0hUsLLUfRY5-Q05alte43g,Lizzy channel,10,49700,False,2026-06-21T09:38:53.711086+00:00,1527,0.006548788474132285,0.0035610094572040255,201.20724346076457
UC8FwuifT73FtnO93ZUNSoLg,ダイさん・AI活用の専門家,10,30600,False,2026-06-21T09:38:53.711121+00:00,1527,0.006548788474132285,0.0035610094572040255,326.797385620915
UC8GgWCXNsrKkCeN5xt30Euw,Find My Light 333,10,31000,False,2026-06-21T09:38:53.711028+00:00,1527,0.006548788474132285,0.0035610094572040255,322.5806451612903
UCGGsKQVinW2cgQL3YfufeKQ,炎の祈祷師　護摩祈祷,10,106000,False,2026-06-21T09:38:53.711083+00:00,1527,0.006548788474132285,0.0035610094572040255,94.33962264150944
UCAE-jd-plCRuYmeu8GqF-dg,政治の裏世界,10,157000,False,2026-06-21T09:38:53.711003+00:00,1527,0.006548788474132285,0.0035610094572040255,63.69426751592356
UC2M-72jG8rauIKm6OSUnZoA,トラブルのため停止中,10,21100,False,2026-06-21T09:38:53.711118+00:00,1527,0.006548788474132285,0.0035610094572040255,473.93364928909955
UC2JJiHkY6PHLm3b4PVUOZmw,愛内里菜 オフィシャルチャンネル,10,149000,False,2026-06-21T09:38:53.711138+00:00,1527,0.006548788474132285,0.0035610094572040255,67.11409395973153
UC2GS74txP1QN_pa3Svh1uHA,kaiteki ART,10,750000,False,2026-06-21T09:38:53.711145+00:00,1527,0.006548788474132285,0.0035610094572040255,13.333333333333334
UCC9SB7UVkUvmF7tXTXs0umA,オレ的ゲーム速報JIN FX・株投資部,10,210000,False,2026-06-21T09:38:53.711038+00:00,1527,0.006548788474132285,0.0035610094572040255,47.61904761904762
UC7P3bmkbTdAXaJYzhuF2obA,平岡 雄太 / Yuta Hiraoka,10,434000,False,2026-06-21T09:38:53.711104+00:00,1527,0.006548788474132285,0.0035610094572040255,23.04147465437788
UC7Gpp9AXsyBns4oPt0rd82A,無駄なし！まかない道場（MAKANAI DOUJYOU),10,344000,False,2026-06-21T09:38:53.711052+00:00,1527,0.006548788474132285,0.0035610094572040255,29.069767441860467
UC5UvWEDpPVe8uA8AroD1G_A,Iraresan - Vocational School Instructor,10,72600,False,2026-06-21T09:38:53.711097+00:00,1527,0.006548788474132285,0.0035610094572040255,137.7410468319559
UC3gb9I2UQ_l8HEzxvewAyPg,iscle,10,20800,False,2026-06-21T09:38:53.711128+00:00,1527,0.006548788474132285,0.0035610094572040255,480.7692307692308
UCWp8Zl7kiqL7rQ23CoRbcag,潜在意識の学校,10,52700,False,2026-06-21T09:38:53.711063+00:00,1527,0.006548788474132285,0.0035610094572040255,189.75332068311195
UCFYfhDylHK-gFSXjtNr8dYQ,たっくーTV,10,531000,False,2026-06-21T09:38:53.711073+00:00,1527,0.006548788474132285,0.0035610094572040255,18.832391713747647
UC793WyAnqu2VU5m9mplwfpQ,全国無料テレビ BS11,10,436000,False,2026-06-21T09:38:53.710989+00:00,1527,0.006548788474132285,0.0035610094572040255,22.93577981651376
UC-J6dgFIF8OFf70frRkS8HQ,light-workers,10,9100,False,2026-06-21T09:38:53.711080+00:00,1527,0.006548788474132285,0.0035610094572040255,1098.901098901099
UCOX7X_ddhi1oXurSbJsk45Q,NOBU塾 ,10,258000,False,2026-06-21T09:38:53.711124+00:00,1527,0.006548788474132285,0.0035610094572040255,38.759689922480625
UCO3gOWCjoz9aeXdSUt6Fhmw,Yusaku Maezawa【MZ】,10,1270000,False,2026-06-21T09:38:53.711056+00:00,1527,0.006548788474132285,0.0035610094572040255,7.874015748031496
UC4akeHUneE-Q6h8ZL0GcE8Q,株式会社小田オート,10,105000,False,2026-06-21T09:38:53.710985+00:00,1527,0.006548788474132285,0.0035610094572040255,95.23809523809524
UCD4vf51DU8M2lBKitZhNxgQ,【ゆっくり引き寄せ解説】億らす,10,17700,False,2026-06-21T09:38:53.711014+00:00,1527,0.006548788474132285,0.0035610094572040255,564.9717514124294
UC4WCYBs0R6fABHwqnneUiEA,BOATERS l ボーターズ,10,326000,False,2026-06-21T09:38:53.711131+00:00,1527,0.006548788474132285,0.0035610094572040255,30.67484662576687
UCKAXg84Mg4FighZJ14bxJvA,曖昧な思考,10,51600,False,2026-06-21T09:38:53.711024+00:00,1527,0.006548788474132285,0.0035610094572040255,193.7984496124031
UC0eN2lZzUS1mbNOugWsisvw,馬と生きるアパルーサ　,10,14800,False,2026-06-21T09:38:53.710967+00:00,1527,0.006548788474132285,0.0035610094572040255,675.6756756756757
UCIR8bP-MIXHwTPkUjcnjBCw,今古賀翔【トレーニング科学】,10,571000,False,2026-06-21T09:38:53.710980+00:00,1527,0.006548788474132285,0.0035610094572040255,17.513134851138354
UCIaQKvzS2QFoV9GWTXZ_YDQ,本解説のしもん塾【プロ読書家】,10,110000,False,2026-06-21T09:38:53.711018+00:00,1527,0.006548788474132285,0.0035610094572040255,90.9090909090909
UCcrpFRRYkH185Xb8D-JQT7Q,Bappa Shota,10,1520000,False,2026-06-21T09:38:53.711049+00:00,1527,0.006548788474132285,0.0035610094572040255,6.578947368421053
UC0YsAI8JC0yx1sCbshABidA,ぺえ,10,939000,False,2026-06-21T09:38:53.711010+00:00,1527,0.006548788474132285,0.0035610094572040255,10.649627263045794
UC-GAhNmY6bkuuRPUSaRI_oQ,Flashback FM,10,8960000,False,2026-06-21T09:38:53.711046+00:00,1527,0.006548788474132285,0.0035610094572040255,1.1160714285714286
UC2Kb6k-aGIaKxlNPkrdcoHA,ござ / Goza's Piano Channel,10,267000,False,2026-06-21T09:38:53.711141+00:00,1527,0.006548788474132285,0.0035610094572040255,37.453183520599254
UC7sYsbWhhzOPEBAP2A0bsvA,令和書籍株式会社,10,85700,False,2026-06-21T09:38:53.711114+00:00,1527,0.006548788474132285,0.0035610094572040255,116.68611435239207
UC-9BNQSqNx9T6j63UqdP6hQ,作曲家・和田貴史の庭,10,44500,False,2026-06-21T09:38:53.711021+00:00,1527,0.006548788474132285,0.0035610094572040255,224.71910112359552
UC4ZkIWuPJJsA3-GWcslvaow,長門政和 Nagato Masakazu,10,267000,False,2026-06-21T09:38:53.711148+00:00,1527,0.006548788474132285,0.0035610094572040255,37.453183520599254
UC5f7RjfZfamzfmOv5jXKKSA,【向井ゆき】スピ♡チャンネル,10,14600,False,2026-06-21T09:38:53.711076+00:00,1527,0.006548788474132285,0.0035610094572040255,684.931506849315
UC49IcjbsspFVpukiVYN05Hg,ARuFa,10,1300000,False,2026-06-21T09:38:53.711059+00:00,1527,0.006548788474132285,0.0035610094572040255,7.692307692307692
UC49K1-mmgbAhYVL1fWGNsAw,限りなき繁栄,10,8420,False,2026-06-21T09:38:53.711041+00:00,1527,0.006548788474132285,0.0035610094572040255,1187.6484560570073
UCaG7jufgiw4p5mphPPVbqhw,サラタメさん,10,822000,False,2026-06-21T09:38:53.711034+00:00,1527,0.006548788474132285,0.0035610094572040255,12.165450121654501
UCb9h8EpBlGHv9Z896fu4yeQ,マナブ,10,490000,False,2026-06-21T09:38:53.711111+00:00,1527,0.006548788474132285,0.0035610094572040255,20.408163265306122
UC8JJPejpW-jkj4ItGNyarTw,どれ,10,52300,False,2026-06-21T09:38:53.711090+00:00,1527,0.006548788474132285,0.0035610094572040255,191.20458891013385
UCZj8PZ_0d0rh0ivbNWAiD7g,トーマの夢日記,10,50700,False,2026-06-21T09:38:53.711107+00:00,1527,0.006548788474132285,0.0035610094572040255,197.23865877712032
UC5FHro6XfWMGHafWWavzXaQ,Briana Gigante,10,582000,False,2026-06-21T09:38:53.711066+00:00,1527,0.006548788474132285,0.0035610094572040255,17.18213058419244
UC2ghxrGPzvBMy-GAg2q7BAQ,八田エミリ 美容,10,318000,False,2026-06-21T09:38:53.711134+00:00,1527,0.006548788474132285,0.0035610094572040255,31.446540880503143
UC2hZOjUdQ-dPrLO2fP2LClw,世界でバズった,10,394000,False,2026-06-21T09:38:53.711000+00:00,1527,0.006548788474132285,0.0035610094572040255,25.380710659898476
UC0SG0ourp3Qrt_7bqgxdCeg,せんぴちゃんねる,10,19900,False,2026-06-21T09:38:53.710996+00:00,1527,0.006548788474132285,0.0035610094572040255,502.5125628140704
UClWdrIa7OsxFTROZ3e9FeEg,まるかんアプリ【斎藤一人さんの教え】,10,335000,False,2026-06-21T09:38:53.711031+00:00,1527,0.006548788474132285,0.0035610094572040255,29.850746268656717
UC4LPZMM2cZGkUBAZpBMU2_g,ヨメトオレ【音】,10,441000,False,2026-06-21T09:38:53.710993+00:00,1527,0.006548788474132285,0.0035610094572040255,22.675736961451246
UC-PYFlNwRzLcGfMzT4pSl5Q,KOJIMA Horrors Channel,10,277000,False,2026-06-21T09:38:53.711093+00:00,1527,0.006548788474132285,0.0035610094572040255,36.101083032490976
UC9GWh7Q2EbFMq3kqSSjNFRw,さまぁ〜ずチャンネル,10,1090000,False,2026-06-21T09:38:53.711007+00:00,1527,0.006548788474132285,0.0035610094572040255,9.174311926605505
UC10Cp6r98mQjtEB_G7jwFjQ,旺季志ずかの宇宙は舞台,10,15700,False,2026-06-21T09:38:53.711069+00:00,1527,0.006548788474132285,0.0035610094572040255,636.9426751592356
UCB3scYIDyM-f9h8OhdLI8jg,小池浩,10,10000,False,2026-06-21T09:38:53.778815+00:00,1527,0.006548788474132285,0.0035610094572040255,1000.0
UC-ShOLmYCqoYBW4PiCDe5Xg,八木沙季,10,292000,False,2026-06-21T09:38:53.778851+00:00,1527,0.006548788474132285,0.0035610094572040255,34.24657534246575
UCBevyiJ2ierZY-0yZhfLrmQ,3Blue1BrownJapan,10,276000,False,2026-06-21T09:38:53.778805+00:00,1527,0.006548788474132285,0.0035610094572040255,36.231884057971016
UC2kM-GuFyvSk2wpxs3OtPag,シネマぺディア -密告者-,10,35000,False,2026-06-21T09:38:53.778766+00:00,1527,0.006548788474132285,0.0035610094572040255,285.7142857142857
UC0zpHW7uASrLjsGYHx7aT4A,KNOWAVE | ノーウェーブ,10,15100,False,2026-06-21T09:38:53.778801+00:00,1527,0.006548788474132285,0.0035610094572040255,662.2516556291391
UC04upX3blwqu1rJK-rLFYHQ,ナマケモノはるひ,10,3870,False,2026-06-21T09:38:53.778794+00:00,1527,0.006548788474132285,0.0035610094572040255,2583.9793281653747
UC13uqFOdIrsRdl63n4OGOnw,ふえる 株式大学,10,37900,False,2026-06-21T09:38:53.778878+00:00,1527,0.006548788474132285,0.0035610094572040255,263.8522427440633
UC1_zDNVepGryK16CSOM42fg,山川紘矢.亜希子の「スピリチュアル学校」　「ザ・シークレット」「聖なる予言」「アルケミスト」の訳者,10,25600,False,2026-06-21T09:38:53.778885+00:00,1527,0.006548788474132285,0.0035610094572040255,390.625
UC1a7bmClAeLYrchvRrQFOHw,ココチャンネル,10,343000,False,2026-06-21T09:38:53.778798+00:00,1527,0.006548788474132285,0.0035610094572040255,29.154518950437318
UC-L6oKM0dDcwdWlJv6ZjCDw,Peke-Peke!Peket's!,10,544000,False,2026-06-21T09:38:53.778905+00:00,1527,0.006548788474132285,0.0035610094572040255,18.382352941176467
UC2boXfwHHmiu_qCJItGjvvQ,MJGA,10,139000,False,2026-06-21T09:38:53.778779+00:00,1527,0.006548788474132285,0.0035610094572040255,71.94244604316546
UCI2my7nm4HZdkM5JWjB_JXQ,あかでみっくなカレッジ　-Academic な College-,10,816000,False,2026-06-21T09:38:53.778919+00:00,1527,0.006548788474132285,0.0035610094572040255,12.254901960784313
UC93X_ngUmGrFJrDMXzeyoZA,Full Body Channel【beauty and health】,10,177000,False,2026-06-21T09:38:53.778932+00:00,1527,0.006548788474132285,0.0035610094572040255,56.497175141242934
UCL_DnEu_JXWKp1VqH-q5i0Q,小野マッチスタイル邪兄の人生V字回復の法則,10,74500,False,2026-06-21T09:38:53.778929+00:00,1527,0.006548788474132285,0.0035610094572040255,134.22818791946307
UC1EB8moGYdkoZQfWHjh7Ivw,ぽんぽこちゃんねる,10,729000,False,2026-06-21T09:38:53.778865+00:00,1527,0.006548788474132285,0.0035610094572040255,13.717421124828531
UC1RG7m8FwFKgB3IpfN3ccew,Healing Tree Music & Sounds,10,1600000,False,2026-06-21T09:38:53.778854+00:00,1527,0.006548788474132285,0.0035610094572040255,6.25
UC1FZ-jmqm3WyUkcSFhbszqA,脳科学,10,14300,False,2026-06-21T09:38:53.778834+00:00,1527,0.006548788474132285,0.0035610094572040255,699.3006993006993
UCM4qOCYKzBbuK1qK3YW9Fvg,ジョージ -メンズコーチ-,10,459000,False,2026-06-21T09:38:53.778844+00:00,1527,0.006548788474132285,0.0035610094572040255,21.78649237472767
UC-2Y8dQb0S6DtpxNgAKoJKA,PlayStation,10,17200000,False,2026-06-21T09:38:53.778858+00:00,1527,0.006548788474132285,0.0035610094572040255,0.5813953488372093
UC-2roq7xkyzwFvuYFPeresg,猫ミームニュース速報,10,54200,False,2026-06-21T09:38:53.778771+00:00,1527,0.006548788474132285,0.0035610094572040255,184.50184501845018
UC8w3bNlsLkSbd9AnpHWPLrw,モトキネットショップ経営,10,60800,False,2026-06-21T09:38:53.778775+00:00,1527,0.006548788474132285,0.0035610094572040255,164.4736842105263
UC4jbELyqfdqrhO2HWKL7mfA,二瓶有加ch,9,241000,False,2026-06-21T09:38:53.778912+00:00,1527,0.005893909626719057,0.003103857143150748,37.344398340248965
UC1CJfkyVslTkE9yAAnHRRrA,Level 0 チャンネル,9,214000,False,2026-06-21T09:38:53.778908+00:00,1527,0.005893909626719057,0.003103857143150748,42.05607476635514
UC17s95XZ2Eow-pB0AudhSeA,rainbo6003,9,75000,False,2026-06-21T09:38:53.778898+00:00,1527,0.005893909626719057,0.003103857143150748,120.0
UC16bljMGmi9JYoyL5x9jLGg,けなそゆ,9,900000,False,2026-06-21T09:38:53.778783+00:00,1527,0.005893909626719057,0.003103857143150748,10.0
UC1T8XKfOYOFO3Wuo4lke9sA,健康感謝チャンネル,9,48900,False,2026-06-21T09:38:53.778892+00:00,1527,0.005893909626719057,0.003103857143150748,184.04907975460125
UC1SqP7_RfOC9Jf9L_GRHANg,Avicii,9,10500000,False,2026-06-21T09:38:53.778925+00:00,1527,0.005893909626719057,0.003103857143150748,0.8571428571428571
UCMJiPpN_09F0aWpQrgbc_qg,キヨ。,9,5690000,False,2026-06-21T09:38:53.778848+00:00,1527,0.005893909626719057,0.003103857143150748,1.5817223198594024
UC41E63p3_uqTKoaJkQJvfMg,世界の筋肉,9,123000,False,2026-06-21T09:38:53.778841+00:00,1527,0.005893909626719057,0.003103857143150748,73.17073170731707
UCVC4gwk42731pbweE6abiPw,本要約チャンネル【毎日9時更新】,9,326000,False,2026-06-21T09:38:53.778837+00:00,1527,0.005893909626719057,0.003103857143150748,27.607361963190183
UC-JDndHxD9_dQLCeU-Voj0g,Cocco,9,240000,False,2026-06-21T09:38:53.778787+00:00,1527,0.005893909626719057,0.003103857143150748,37.5
UC-JBOEI9NRCis8p_han0xww,ありんくりんチャンネル,9,112000,False,2026-06-21T09:38:53.778812+00:00,1527,0.005893909626719057,0.003103857143150748,80.35714285714285
UC-Lmxe8ImqCI73hqOjI28ig,バンカラジオの時間【公認】,9,407000,False,2026-06-21T09:38:53.778830+00:00,1527,0.005893909626719057,0.003103857143150748,22.113022113022115
UC6d_ptgRNDMHgZocGC6G9lA,大紀元 エポックタイムズ・ジャパン,9,256000,False,2026-06-21T09:38:53.778888+00:00,1527,0.005893909626719057,0.003103857143150748,35.15625
UCAbAnNqKQOrWbEmXa46yJIA,おかぴーAI引き寄せ自由人,9,54100,False,2026-06-21T09:38:53.778808+00:00,1527,0.005893909626719057,0.003103857143150748,166.35859519408504
UCDdZOqCzvX9Tp86ntGzVDsQ,銀ちゃんねる　-山納銀之輔メインチャンネル-,9,60400,False,2026-06-21T09:38:53.778936+00:00,1527,0.005893909626719057,0.003103857143150748,149.0066225165563
UC2iHI3kGrPcXeluLZ8H1CEA,渥美拓馬/Takuma Atsumi,9,526000,False,2026-06-21T09:38:53.778902+00:00,1527,0.005893909626719057,0.003103857143150748,17.11026615969582
UC2g7VZ9c9ByCPYprFn82H3w,つねちゃんのAIクリエイターハック,9,12900,False,2026-06-21T09:38:53.778922+00:00,1527,0.005893909626719057,0.003103857143150748,697.6744186046511
UC0OXPEQRKArB_EVyFMwDbAQ,テレ東アニメ,9,316000,False,2026-06-21T09:38:53.778826+00:00,1527,0.005893909626719057,0.003103857143150748,28.481012658227847
UC0U3SshJ2N0T8Lewn8Kwx1g,秘境やけん,9,32200,False,2026-06-21T09:38:53.778753+00:00,1527,0.005893909626719057,0.003103857143150748,279.5031055900621
UC2b1DGGaKy4e1LqbZYVqRqQ,石川典行サブチャンネル,9,131000,False,2026-06-21T09:38:53.778861+00:00,1527,0.005893909626719057,0.003103857143150748,68.70229007633588
UC-Cuw7QXLjJd1lFQzp5AP-w,さんちゃんく！,9,520000,False,2026-06-21T09:38:53.778790+00:00,1527,0.005893909626719057,0.003103857143150748,17.30769230769231
UCjrN-o1HlLk22qcauIKDtlQ,参政党【公式】,9,568000,False,2026-06-21T09:38:53.778882+00:00,1527,0.005893909626719057,0.003103857143150748,15.845070422535212
UC0ZK-2GfWJEFlgsWreDmV_A,ソクラのオモロショート,9,217000,False,2026-06-21T09:38:53.778895+00:00,1527,0.005893909626719057,0.003103857143150748,41.474654377880185
UC0WP5P-ufpRfjbNrmOWwLBQ,The Weeknd,9,39700000,False,2026-06-21T09:38:53.778822+00:00,1527,0.005893909626719057,0.003103857143150748,0.22670025188916876
UC0_wz6vGB92wS9hcqhhNvMA,易選流運命鑑定チャンネル,9,10600,False,2026-06-21T09:38:53.778871+00:00,1527,0.005893909626719057,0.003103857143150748,849.0566037735849
UC-suR0N5rb8eR4m3M5Z0elg,東京カフェちゃんねる,9,209000,False,2026-06-21T09:38:53.778819+00:00,1527,0.005893909626719057,0.003103857143150748,43.0622009569378
UC6VSFaHYbR-bhNer7DXxGNQ,ボンボンTV,9,2840000,False,2026-06-21T09:38:53.778875+00:00,1527,0.005893909626719057,0.003103857143150748,3.1690140845070425
UC9Pu5ypBaqckQb0awcJ86wQ,わたぬき社長・アパレルの勝算,9,201000,False,2026-06-21T09:38:53.778915+00:00,1527,0.005893909626719057,0.003103857143150748,44.77611940298508
UC8Ua4BLnjWQRnxBZrr-l-Zg,ささっちのトレード大学チャンネル,9,53500,False,2026-06-21T09:38:53.778868+00:00,1527,0.005893909626719057,0.003103857143150748,168.22429906542055
UC8UXXTaoP6Xf-zGRLf0R46w,ワタナベカズマサ,9,419000,False,2026-06-21T09:38:53.837174+00:00,1527,0.005893909626719057,0.003103857143150748,21.479713603818617
UC137dAgXEQc0QfRqBoDPNng,SEIKYO SHIMBUN,9,264000,False,2026-06-21T09:38:53.837077+00:00,1527,0.005893909626719057,0.003103857143150748,34.09090909090909
UC15oAZnbkwc0NFn-20kY4OQ,サイエンスライター北村雄一の地球放送,9,89800,False,2026-06-21T09:38:53.837218+00:00,1527,0.005893909626719057,0.003103857143150748,100.22271714922049
UCCJel9mmTsxDU9RiCwdiLiA,サイヤマングレート,9,578000,False,2026-06-21T09:38:53.837100+00:00,1527,0.005893909626719057,0.003103857143150748,15.570934256055363
UCCIPlDofGZVef3HArQBRrEw,【さき】のAIでええやん。,9,114000,False,2026-06-21T09:38:53.837187+00:00,1527,0.005893909626719057,0.003103857143150748,78.94736842105263
UCEdcHQhfWM3Lyz-Lpt0_c4g,幸運すまいチャンネル,9,260000,False,2026-06-21T09:38:53.837088+00:00,1527,0.005893909626719057,0.003103857143150748,34.61538461538462
UCEbPgdUbZgme40WpYmR0ocA,東映特撮YouTube Official,9,2000000,False,2026-06-21T09:38:53.837136+00:00,1527,0.005893909626719057,0.003103857143150748,4.5
UC038ST96Lg0E01VVSOCAMnA,ゆっくり未来channel,9,59600,False,2026-06-21T09:38:53.837212+00:00,1527,0.005893909626719057,0.003103857143150748,151.00671140939596
UCZ3aNA6C5VxBi_b_SV_XAxA,Life Changing School,9,242000,False,2026-06-21T09:38:53.837122+00:00,1527,0.005893909626719057,0.003103857143150748,37.1900826446281
UC7t5WoXYPWpsvRMpIGVLtuA,インテリジェンス,9,88900,False,2026-06-21T09:38:53.837204+00:00,1527,0.005893909626719057,0.003103857143150748,101.23734533183351
UC2KyBoTSiW7XvRGw53sNvdQ,矢作直樹による『我が国のこころ塾』,9,29000,False,2026-06-21T09:38:53.837047+00:00,1527,0.005893909626719057,0.003103857143150748,310.3448275862069
UC2NOk8DQ-KLc9ticdLPiOXQ,Rei丨暮らしとNotion。,9,50600,False,2026-06-21T09:38:53.837180+00:00,1527,0.005893909626719057,0.003103857143150748,177.86561264822134
UC2n1IMilrQjKlokyBop1Tyw,週末ビフォーアフター,9,456000,False,2026-06-21T09:38:53.837215+00:00,1527,0.005893909626719057,0.003103857143150748,19.736842105263158
UCGoO3tJBFbxiMXpQPQwq5KA,次元越境 × Zero Point - Shunpeter Z,9,13400,False,2026-06-21T09:38:53.837208+00:00,1527,0.005893909626719057,0.003103857143150748,671.641791044776
UCGlgXjYVoHLD86TQQ799WIw,キノコード / プログラミング学習チャンネル,9,205000,False,2026-06-21T09:38:53.837160+00:00,1527,0.005893909626719057,0.003103857143150748,43.90243902439024
UCGl4oWkMUpTzcJpUI5dFeLA,都市ボーイズ,9,404000,False,2026-06-21T09:38:53.837108+00:00,1527,0.005893909626719057,0.003103857143150748,22.277227722772277
UCR6Syi0g7ltMFV_ildio6OQ,並木良和 / Namiki Channel,9,181000,False,2026-06-21T09:38:53.837096+00:00,1527,0.005893909626719057,0.003103857143150748,49.72375690607735
UC2qbc9D3CcDRi_r394bGuLA,PHOTOGLISH／岡崎修平塾,9,116000,False,2026-06-21T09:38:53.837146+00:00,1527,0.005893909626719057,0.003103857143150748,77.58620689655173
UC2v3r3SQZy1s9jLHC4hX9jQ,HTLちゃんねる,9,18700,False,2026-06-21T09:38:53.837184+00:00,1527,0.005893909626719057,0.003103857143150748,481.2834224598931
UC3uODtYvKjb7gPY9EFOlUWw,Ariannita la Gringa,9,2110000,False,2026-06-21T09:38:53.837133+00:00,1527,0.005893909626719057,0.003103857143150748,4.265402843601896
UC0-Cp_cg9_Orij5XDoNyJ-g,東スポレースチャンネル,9,337000,False,2026-06-21T09:38:53.837222+00:00,1527,0.005893909626719057,0.003103857143150748,26.706231454005938
UC5aerFlSJr2iTybxU_msSpA,Channel Uribo,9,328000,False,2026-06-21T09:38:53.837235+00:00,1527,0.005893909626719057,0.003103857143150748,27.439024390243905
UC_uHj0h4ydb9WY9_F2PfoUA,Healing Sound JAPAN,9,433000,False,2026-06-21T09:38:53.837232+00:00,1527,0.005893909626719057,0.003103857143150748,20.785219399538107
UC4YaOt1yT-ZeyB0OmxHgolA,Kizuna AI - A.I.Channel,9,3090000,False,2026-06-21T09:38:53.837081+00:00,1527,0.005893909626719057,0.003103857143150748,2.912621359223301
UC-jn_5BNteTejcvG8gSu3Xg,S&P500最強伝説サブ,9,85400,False,2026-06-21T09:38:53.837125+00:00,1527,0.005893909626719057,0.003103857143150748,105.3864168618267
UC0KlnhY6jRI2_kXBFlaFP0w,生産技術の馬【元工場勤務・大手メーカー】,9,129000,False,2026-06-21T09:38:53.837228+00:00,1527,0.005893909626719057,0.003103857143150748,69.76744186046511
UC0NRyTXrKmSm_RSoBEJR41Q,Rinco connect,9,378000,False,2026-06-21T09:38:53.837163+00:00,1527,0.005893909626719057,0.003103857143150748,23.80952380952381
UC2tN8yIRVdZ8-Ig2REhPPWg,ano official channel,9,660000,False,2026-06-21T09:38:53.837143+00:00,1527,0.005893909626719057,0.003103857143150748,13.636363636363637
UCQ6LI1xmwjCHYR-lWvZHR8Q,異次元の不思議ちゃん,9,54100,False,2026-06-21T09:38:53.837225+00:00,1527,0.005893909626719057,0.003103857143150748,166.35859519408504
UC7d2VBUSrJwnACKNwBcxmAw,やさしい予防医学チャンネル【医師解説】,9,404000,False,2026-06-21T09:38:53.837177+00:00,1527,0.005893909626719057,0.003103857143150748,22.277227722772277
UCNFRU-8ZN2RCslr1S-th0ag,偉人の言葉,9,36300,False,2026-06-21T09:38:53.837118+00:00,1527,0.005893909626719057,0.003103857143150748,247.93388429752068
UCN64oPXNfhEvPQJUaIHAEnA,Carmen-kun　Garden Channel,9,1310000,False,2026-06-21T09:38:53.837129+00:00,1527,0.005893909626719057,0.003103857143150748,6.870229007633588
UC1fCwOqLbh7EybsBLhVOu1w,都市伝説の真相ラボ,9,58700,False,2026-06-21T09:38:53.837140+00:00,1527,0.005893909626719057,0.003103857143150748,153.32197614991483
UCAL3H5xxIb7PhwkfaIf00fg,アンジャッシュ渡部がいつか地上波のグルメ番組に出ることを夢見てロケハンする番組,9,545000,False,2026-06-21T09:38:53.837170+00:00,1527,0.005893909626719057,0.003103857143150748,16.513761467889907
UC02s8Qvi4R9sKkARv_H5WGg,Curious Fact JP,9,74300,False,2026-06-21T09:38:53.837153+00:00,1527,0.005893909626719057,0.003103857143150748,121.13055181695827
UC-SlVdCnyGUo_UrlZxmKGgg,Otogokudo Music,9,52200,False,2026-06-21T09:38:53.837157+00:00,1527,0.005893909626719057,0.003103857143150748,172.41379310344826
UC-Sd8lPzQYa2d1aZZznpo1g,TAROT KK,9,13000,False,2026-06-21T09:38:53.837201+00:00,1527,0.005893909626719057,0.003103857143150748,692.3076923076923
UC4ub9NlUukmUW_H4eJ6etdA,40歳以上の英語力UPスクール,9,120000,False,2026-06-21T09:38:53.837092+00:00,1527,0.005893909626719057,0.003103857143150748,75.0
UC1l_qPyQf9Fk3u59PoFe3sg,Komusubi Channel,9,250000,False,2026-06-21T09:38:53.837115+00:00,1527,0.005893909626719057,0.003103857143150748,36.0
UCKatN6slu1BFGUnZOTXSBsw,こねこフィルム,9,596000,False,2026-06-21T09:38:53.837061+00:00,1527,0.005893909626719057,0.003103857143150748,15.100671140939598
UCKPZsaXTuIgEfzeKVFMpn7Q,パソコン修理屋の豆知識,9,558000,False,2026-06-21T09:38:53.837194+00:00,1527,0.005893909626719057,0.003103857143150748,16.129032258064516
UCKPIWq2EmGa-axa1Fmy7n6A,明日を照らす言霊,9,250000,False,2026-06-21T09:38:53.837066+00:00,1527,0.005893909626719057,0.003103857143150748,36.0
UC0zArNuGZKdvzSkfHbR9yLA,ほんタメ,9,156000,False,2026-06-21T09:38:53.837085+00:00,1527,0.005893909626719057,0.003103857143150748,57.69230769230769
UC1mv1_wL_UnCqXQEl_z7dUQ,Nao,9,35200,False,2026-06-21T09:38:53.837104+00:00,1527,0.005893909626719057,0.003103857143150748,255.68181818181822
UC0v6kAlU5EwP62tbiZodgsg,ポテヒロの楽メシ,9,144000,False,2026-06-21T09:38:53.837167+00:00,1527,0.005893909626719057,0.003103857143150748,62.5
UC2C-x4yqDaNzp_wYLHga3QQ,TENDER SOUND JAPAN Official,9,98900,False,2026-06-21T09:38:53.837074+00:00,1527,0.005893909626719057,0.003103857143150748,91.0010111223458
UCPcDzdFvEc5fQwT2n4SXnqg,Ryuの自己管理室,9,154000,False,2026-06-21T09:38:53.837191+00:00,1527,0.005893909626719057,0.003103857143150748,58.44155844155844
UC0fBJ4vGh5AtOXv-cR1EIRw,羽妃のタロット*⭐︎オラクルROOM,9,29000,False,2026-06-21T09:38:53.837070+00:00,1527,0.005893909626719057,0.003103857143150748,310.3448275862069
UC0elp2101KAxbaAMzInGerA,KIRITANPO,9,1330000,False,2026-06-21T09:38:53.837111+00:00,1527,0.005893909626719057,0.003103857143150748,6.7669172932330826
UC0eTlO_yZOPTSnSd5M6FCxA,オムライス兄さん Omurice Boy🇯🇵,9,1180000,False,2026-06-21T09:38:53.837150+00:00,1527,0.005893909626719057,0.003103857143150748,7.627118644067797
UC-Fnix71vRP64WXeo0ikd0Q,IVE,9,5120000,False,2026-06-21T09:38:53.903053+00:00,1527,0.005893909626719057,0.003103857143150748,1.7578125
UC7N348fUF5Sh-N4m1y578zg,Number_i OFFICIAL,9,1050000,False,2026-06-21T09:38:53.903120+00:00,1527,0.005893909626719057,0.003103857143150748,8.571428571428571
UC0L9kkdJ2N6uMdhkEKaBg9A,豊川雄也Guitar Channel,9,101000,False,2026-06-21T09:38:53.903131+00:00,1527,0.005893909626719057,0.003103857143150748,89.10891089108911
UC1qeDvnf0kBWfpK3Cxv53kA,本郷奏多の日常,9,673000,False,2026-06-21T09:38:53.903042+00:00,1527,0.005893909626719057,0.003103857143150748,13.37295690936107
UC1pl44-S8XZAoh37-KNt14A,プリズンアーカイブ,9,54400,False,2026-06-21T09:38:53.902962+00:00,1527,0.005893909626719057,0.003103857143150748,165.44117647058823
UC1opHUrw8rvnsadT-iGp7Cg,Aqua Ch. 湊あくあ,9,2190000,False,2026-06-21T09:38:53.902903+00:00,1527,0.005893909626719057,0.003103857143150748,4.10958904109589
UC-y8ci7xfsu4L3zkSuHae0A,Justin Timberlake,9,11200000,False,2026-06-21T09:38:53.902915+00:00,1527,0.005893909626719057,0.003103857143150748,0.8035714285714286
UCWsAvz-plMpc8dgiaoMb0XQ,Kenta's kitchen,9,2090000,False,2026-06-21T09:38:53.903064+00:00,1527,0.005893909626719057,0.003103857143150748,4.306220095693781
UC3i7EDSiTalpUh81RUNuxFQ,The strongest shrine,9,32100,False,2026-06-21T09:38:53.903001+00:00,1527,0.005893909626719057,0.003103857143150748,280.3738317757009
UC-IJviKGjvsH7EmYYfi1ihQ,Veritasium [日本語] - [ヴェリタシウム],9,11400,False,2026-06-21T09:38:53.902979+00:00,1527,0.005893909626719057,0.003103857143150748,789.4736842105262
UC-5ztjRXOCpOsJi0xMES52A,ガジェ丸 / iPhoneお得情報,9,43200,False,2026-06-21T09:38:53.903084+00:00,1527,0.005893909626719057,0.003103857143150748,208.33333333333334
UC24_sB2euW3ijBYkOpI-02A,アンタッチャブルでやらせてもらってます,9,375000,False,2026-06-21T09:38:53.903018+00:00,1527,0.005893909626719057,0.003103857143150748,24.0
UC2AIhcNB9EOsGaZiG0S7MTA,お金の心理,9,6460,False,2026-06-21T09:38:53.903030+00:00,1527,0.005893909626719057,0.003103857143150748,1393.1888544891642
UC-cXutYzvqARF5wNKx1KCNA,ShoProアニメチャンネル,9,297000,False,2026-06-21T09:38:53.902882+00:00,1527,0.005893909626719057,0.003103857143150748,30.3030303030303
UCGhikPUeW2ITXvbdpjtEbkw,mami,9,732000,False,2026-06-21T09:38:53.902897+00:00,1527,0.005893909626719057,0.003103857143150748,12.295081967213115
UC2z5HWE11alcAT0bmiyuYrA,野草研究所,9,159000,False,2026-06-21T09:38:53.903079+00:00,1527,0.005893909626719057,0.003103857143150748,56.60377358490566
UC0Im7ayDlKNfdlBtMnOdXrQ,東京の街と公園ガイド パークナビ,9,34600,False,2026-06-21T09:38:53.902927+00:00,1527,0.005893909626719057,0.003103857143150748,260.11560693641616
UCRxKfiksKgWGCI59Ngyq1RQ,ネドじゅんの三脳バランス研究所,9,149000,False,2026-06-21T09:38:53.902932+00:00,1527,0.005893909626719057,0.003103857143150748,60.40268456375839
UC785cdGT0K2Xj5LYXQlNSgQ,英語のカナチャンネル,9,117000,False,2026-06-21T09:38:53.902995+00:00,1527,0.005893909626719057,0.003103857143150748,76.92307692307692
UCCb4JEa7itqmHTilclgTmcA,ナカセの本棚 / Nakase,9,370000,False,2026-06-21T09:38:53.903036+00:00,1527,0.005893909626719057,0.003103857143150748,24.324324324324323
UCBy-BFf7XO7wCfwVAC_tBig,【公式】こんまりちゃんねる,9,136000,False,2026-06-21T09:38:53.902973+00:00,1527,0.005893909626719057,0.003103857143150748,66.17647058823529
UCBvZZ4Lc2K_bQU-Aey-hLtg,Kenja quotes motivation TV,9,99300,False,2026-06-21T09:38:53.903115+00:00,1527,0.005893909626719057,0.003103857143150748,90.6344410876133
UC452hry4DI_pDn_CVT9ZKhQ,だれでもエンジニア / 山浦清透,9,127000,False,2026-06-21T09:38:53.902949+00:00,1527,0.005893909626719057,0.003103857143150748,70.86614173228347
UC4C37AMho6DRUIYnoc4fiSA,TOYSFACTORYJP,9,567000,False,2026-06-21T09:38:53.903089+00:00,1527,0.005893909626719057,0.003103857143150748,15.873015873015872
UCGMG8BNfA8gsH9Rn_d_yW2A,シクフォニ【SIXFONIA】,9,1260000,False,2026-06-21T09:38:53.903125+00:00,1527,0.005893909626719057,0.003103857143150748,7.142857142857142
UC0l4tjS60zEod6OCC97-9BA,Souzoukan Technical Report,9,127000,False,2026-06-21T09:38:53.902956+00:00,1527,0.005893909626719057,0.003103857143150748,70.86614173228347
UC9WJo5ZJVXMZiA5XV2jLx5Q,吉田製作所Y,9,1220000,False,2026-06-21T09:38:53.903007+00:00,1527,0.005893909626719057,0.003103857143150748,7.377049180327869
UC4ZsTSzZ8MwYuLgm3Mjj4pw,偉人の救い,9,12600,False,2026-06-21T09:38:53.902967+00:00,1527,0.005893909626719057,0.003103857143150748,714.2857142857143
UC08cbDyoQG0J8kBfED402TA,Hitomi@Udemyで資産形成,9,4950,False,2026-06-21T09:38:53.903146+00:00,1527,0.005893909626719057,0.003103857143150748,1818.1818181818182
UC089UQ4bfVnh8MatGM9Ofqg,山本太郎と日本の闇を暴くちゃんねる【れいわ新選組】切り抜き,9,55100,False,2026-06-21T09:38:53.903059+00:00,1527,0.005893909626719057,0.003103857143150748,163.33938294010892
UC077797x8s188d_h0vrGBHA,BiX【ビックス】,9,247000,False,2026-06-21T09:38:53.903109+00:00,1527,0.005893909626719057,0.003103857143150748,36.43724696356276
UC-OO324clObi3H-U0bP77dw,SnoopDoggTV,9,11200000,False,2026-06-21T09:38:53.903012+00:00,1527,0.005893909626719057,0.003103857143150748,0.8035714285714286
UC-RJloUzsh1DQWGVh0pcrkA,これが国民の本音だチャンネル,9,28600,False,2026-06-21T09:38:53.903069+00:00,1527,0.005893909626719057,0.003103857143150748,314.68531468531467
UCAnUUkliBXa1z4QPGUK3ikQ,メンタエクセル,9,173000,False,2026-06-21T09:38:53.903048+00:00,1527,0.005893909626719057,0.003103857143150748,52.02312138728323
UCJyGoLz_sLHHHI1uEPg6UhA,仲里依紗です。,9,2140000,False,2026-06-21T09:38:53.903024+00:00,1527,0.005893909626719057,0.003103857143150748,4.205607476635514
UC0pyyPwW_-1Ug0itc3NCnjQ,塗り替え道場,9,244000,False,2026-06-21T09:38:53.903158+00:00,1527,0.005893909626719057,0.003103857143150748,36.885245901639344
UC1z2nYFeSleV9iKSSlc-afQ,OPEN MIC,9,301000,False,2026-06-21T09:38:53.902990+00:00,1527,0.005893909626719057,0.003103857143150748,29.900332225913623
UC1xI5CdPneTWx0Tpc-0Gb5Q,Doggy Men,9,383000,False,2026-06-21T09:38:53.903165+00:00,1527,0.005893909626719057,0.003103857143150748,23.498694516971277
UCOk5YQTyq6B9lOZ1FqG54Jw,ニック式英会話,9,569000,False,2026-06-21T09:38:53.903104+00:00,1527,0.005893909626719057,0.003103857143150748,15.817223198594025
UC-J0pIKmHc6_chLUCch_wNA,フィールドキャスター,9,402000,False,2026-06-21T09:38:53.902890+00:00,1527,0.005893909626719057,0.003103857143150748,22.38805970149254
UC3W5V8xydOw7HlgKA9r6KRg,Rainのゲームチャンネル,9,246000,False,2026-06-21T09:38:53.902984+00:00,1527,0.005893909626719057,0.003103857143150748,36.58536585365854
UC-qcYTsFOiFmNqYhvqT6kRg,クールジャパンチャンネル,9,39300,False,2026-06-21T09:38:53.903094+00:00,1527,0.005893909626719057,0.003103857143150748,229.00763358778624
UC-tvirGhzgW0COFrpUiciqg,マイベストのこれヤバ!,9,123000,False,2026-06-21T09:38:53.903074+00:00,1527,0.005893909626719057,0.003103857143150748,73.17073170731707
UC0iYy3mXLdy1gf2lnLJp_Qg,たまきまみtarot〜宇宙と繋がる魔法の部屋,9,10100,False,2026-06-21T09:38:53.903152+00:00,1527,0.005893909626719057,0.003103857143150748,891.0891089108911
UC-go0IiemkJJuA1gPLm_CoQ,【鬼才】ブッこみのサトシ【浜田聡応援ちゃんねる】,9,48000,False,2026-06-21T09:38:53.902938+00:00,1527,0.005893909626719057,0.003103857143150748,187.5
UC0K6AgNQ19dBjzOZkY-ySyQ,MrMoonligtt,9,155000,False,2026-06-21T09:38:53.902908+00:00,1527,0.005893909626719057,0.003103857143150748,58.064516129032256
UC0JR9ZTJIvB9VX8xz7LyujA,NINJA TWINS,9,539000,False,2026-06-21T09:38:53.903099+00:00,1527,0.005893909626719057,0.003103857143150748,16.697588126159555
UC33M0W_11wa_eIUZd1d0SAQ,ローズ英語塾｜Rose Eigo,9,87400,False,2026-06-21T09:38:53.902865+00:00,1527,0.005893909626719057,0.003103857143150748,102.97482837528604
UC32npfnFmloPy1dm-k7wxhw,今・ここ・すべて,9,8100,False,2026-06-21T09:38:53.902921+00:00,1527,0.005893909626719057,0.003103857143150748,1111.111111111111
UCSwW7Cgtn1Bq74YGiIY2UFg,竹花貴騎 (Takaki Takehana),9,1030000,False,2026-06-21T09:38:53.902944+00:00,1527,0.005893909626719057,0.003103857143150748,8.737864077669903
UCJkq3q4UnEnayNbwt6N9ttg,鳥海翔の騙されない金融学,9,426000,False,2026-06-21T09:38:53.967392+00:00,1527,0.005893909626719057,0.003103857143150748,21.12676056338028
UC23GRd-qpGILX9pLti5UVbg,【公認】かなえ先生への共感【Vtuber】,9,170000,False,2026-06-21T09:38:53.967342+00:00,1527,0.005893909626719057,0.003103857143150748,52.94117647058824
UC21H2527F_9Hr57Ce28VNNg,たけペットライフch(黒猫スピ),9,260000,False,2026-06-21T09:38:53.967428+00:00,1527,0.005893909626719057,0.003103857143150748,34.61538461538462
UC20XVc_0krhP1WbdAOuDxUg,賢者の朗読,9,18800,False,2026-06-21T09:38:53.967423+00:00,1527,0.005893909626719057,0.003103857143150748,478.7234042553191
UC0k238zFx-Z8xFH0sxCrPJg,Architectural Digest,9,7920000,False,2026-06-21T09:38:53.967258+00:00,1527,0.005893909626719057,0.003103857143150748,1.1363636363636365
UC3EDIinQZS_Db8cft_sQ5FQ,APHRODITE GANG,9,256000,False,2026-06-21T09:38:53.967443+00:00,1527,0.005893909626719057,0.003103857143150748,35.15625
UC3D6ZIuBbLNZri9VztaZTiA,AOGASHIMA Channel,9,225000,False,2026-06-21T09:38:53.967269+00:00,1527,0.005893909626719057,0.003103857143150748,40.0
UC3D2Id9EjpEiU2eXHe-Izlg,Rina Ohkuma,9,217000,False,2026-06-21T09:38:53.967299+00:00,1527,0.005893909626719057,0.003103857143150748,41.474654377880185
UC1JblLAuGsgpxjQjROHfwzQ,Hyukヒョク,9,536000,False,2026-06-21T09:38:53.967403+00:00,1527,0.005893909626719057,0.003103857143150748,16.791044776119403
UC-5MzIQb-PGF_O9pPyB2nmg,音楽生活シバっさんの部屋【毎週金曜18時更新】,9,35400,False,2026-06-21T09:38:53.967413+00:00,1527,0.005893909626719057,0.003103857143150748,254.23728813559322
UC6rrGfyEDLdIkNB-uQmR-pw,🐏Yurupechi🐏ダイエット,9,306000,False,2026-06-21T09:38:53.967284+00:00,1527,0.005893909626719057,0.003103857143150748,29.411764705882355
UCEZE13DFJdRjTLvv4YvwPSA,トップランキング,9,846000,False,2026-06-21T09:38:53.967381+00:00,1527,0.005893909626719057,0.003103857143150748,10.638297872340425
UC1Q990j5wBf8DsUAmFHHogg,かほの登山日記,9,340000,False,2026-06-21T09:38:53.967463+00:00,1527,0.005893909626719057,0.003103857143150748,26.47058823529412
UC2dzekIER9onv3YZq2ehCbA,宇野正美の講演会,9,32400,False,2026-06-21T09:38:53.967352+00:00,1527,0.005893909626719057,0.003103857143150748,277.77777777777777
UCHLGkgvgsSEe-2vLTQ7b42g,超次元ライブ『迷宮からの脱出パラレルワールドを移行せよ!』 ミナミAアシュタール,9,64700,False,2026-06-21T09:38:53.967337+00:00,1527,0.005893909626719057,0.003103857143150748,139.10355486862443
UC9FTrf3ryoNxs01o_a2FE6g,マジでイケてる宅建講座【ゆーき大学】,9,216000,False,2026-06-21T09:38:53.967243+00:00,1527,0.005893909626719057,0.003103857143150748,41.666666666666664
UC8g17oXkRt8buwQL8GU-NSw,ラムダ技術部,9,919000,False,2026-06-21T09:38:53.967305+00:00,1527,0.005893909626719057,0.003103857143150748,9.793253536452665
UCCp9Q2JCLjOenDa63FJi_Ag,陣内智則のネタジン,9,1710000,False,2026-06-21T09:38:53.967248+00:00,1527,0.005893909626719057,0.003103857143150748,5.2631578947368425
UC19y8d6Nm2_tv8aa3vkrtaQ,ムービーコン - アニメ,9,429000,False,2026-06-21T09:38:53.967274+00:00,1527,0.005893909626719057,0.003103857143150748,20.97902097902098
UC1CzWN54chg7rzG7BBU2H2g,オンナのソノ,9,190000,False,2026-06-21T09:38:53.967294+00:00,1527,0.005893909626719057,0.003103857143150748,47.36842105263158
UC1CmBZNCHu8Hq5gr7POCSIg,学習コーチ・タカ,9,48500,False,2026-06-21T09:38:53.967474+00:00,1527,0.005893909626719057,0.003103857143150748,185.56701030927834
UC1NtXVnJ-VffY4fCmI2tLxw,Ayakamv,8,258000,False,2026-06-21T09:38:53.967448+00:00,1527,0.005239030779305829,0.0026570272840316664,31.007751937984498
UC1J7Kx06xlz0Ed4Z7dT3I6g,Hitomi,8,128000,False,2026-06-21T09:38:53.967226+00:00,1527,0.005239030779305829,0.0026570272840316664,62.5
UCLrRs5masRm4u8YaLLXU3zQ,Floating Stories,8,110000,False,2026-06-21T09:38:53.967289+00:00,1527,0.005239030779305829,0.0026570272840316664,72.72727272727273
UC-VxXyLMfviUYS5DA7zOBBw,雑学まとめ,8,21100,False,2026-06-21T09:38:53.967331+00:00,1527,0.005239030779305829,0.0026570272840316664,379.1469194312796
UC-Wc0cp70Wd2oDsOE1bFVQQ,Vanlife Hub |日本最大級のバンライフメディア,8,25100,False,2026-06-21T09:38:53.967489+00:00,1527,0.005239030779305829,0.0026570272840316664,318.7250996015936
UC8fTn4DsxlAlql3OXJ8syRA,海外Yパパラジオ　世界を読み解く,8,47700,False,2026-06-21T09:38:53.967279+00:00,1527,0.005239030779305829,0.0026570272840316664,167.71488469601675
UCH5YwlO6r8O8miT1ryatYYQ,Bebechan - 日本のフランス人,8,865000,False,2026-06-21T09:38:53.967458+00:00,1527,0.005239030779305829,0.0026570272840316664,9.248554913294797
UCHH_jEpEnCuBB8At4-fNVSQ,リョウの宇宙科学,8,183000,False,2026-06-21T09:38:53.967438+00:00,1527,0.005239030779305829,0.0026570272840316664,43.71584699453552
UC1AF8AxkB-J1m2O4hNsLYwQ,mamatas(ママタス),8,120000,False,2026-06-21T09:38:53.967326+00:00,1527,0.005239030779305829,0.0026570272840316664,66.66666666666667
UC92zkZ-jTITVHTjfEmlgTlw,ヨガ・シャラ細江たかゆき,8,84400,False,2026-06-21T09:38:53.967469+00:00,1527,0.005239030779305829,0.0026570272840316664,94.7867298578199
UC-2uqKWcAteAt_OTYRow3-g,カズさんの村,8,236000,False,2026-06-21T09:38:53.967220+00:00,1527,0.005239030779305829,0.0026570272840316664,33.898305084745765
UCEMQJKLijEgRjV5aC8CwYVQ,ビジネスカレッジTSUTAYA,8,75900,False,2026-06-21T09:38:53.967408+00:00,1527,0.005239030779305829,0.0026570272840316664,105.40184453227931
UCEO389HqxYFp7WhfmXV-5WQ,らんさ〜ず,8,15500,False,2026-06-21T09:38:53.967205+00:00,1527,0.005239030779305829,0.0026570272840316664,516.1290322580645
UC6pHj6SQA3eDKgR7dc5PV0A,小澤辰矢 / Dotcon,8,104000,False,2026-06-21T09:38:53.967398+00:00,1527,0.005239030779305829,0.0026570272840316664,76.92307692307692
UC8pMBOI9vXf6fIM670vdIPw,ほんだのばいく,8,1880000,False,2026-06-21T09:38:53.967453+00:00,1527,0.005239030779305829,0.0026570272840316664,4.255319148936171
UC8eSkVQy5lBj-tEu5Ny_org,YouTube整体師腰の王子,8,55400,False,2026-06-21T09:38:53.967484+00:00,1527,0.005239030779305829,0.0026570272840316664,144.4043321299639
UC1EJuu8uyNGl_6DetQ16U0g,新田祐士のStory Writing,8,13700,False,2026-06-21T09:38:53.967253+00:00,1527,0.005239030779305829,0.0026570272840316664,583.9416058394161
UCLyLesqvKaQwrGZg0cC6qRA,竹花貴騎の部屋【公認切り抜き】,8,101000,False,2026-06-21T09:38:53.967237+00:00,1527,0.005239030779305829,0.0026570272840316664,79.20792079207921
UCM2lyz-r88z3073oKf10TcA,Onmyoji / Kyomei Hashimoto's channel (Japanese fortune teller),8,737000,False,2026-06-21T09:38:53.967387+00:00,1527,0.005239030779305829,0.0026570272840316664,10.854816824966079
UC69PmrVDjOy4KBkaW9S4ZJg,米国株ファンダメンタルズ分析家　まもる【米国株】【経済】,8,61000,False,2026-06-21T09:38:53.967433+00:00,1527,0.005239030779305829,0.0026570272840316664,131.14754098360658
UC-TvHSpf__bdfEp5oWOdkpA,宇宙銀河スピリチュアルガイド【アセンション】,8,10300,False,2026-06-21T09:38:53.967347+00:00,1527,0.005239030779305829,0.0026570272840316664,776.6990291262136
UC4PJ_OncfmJ1IEeqroBqOAg,元予備校講師の宇山チャンネル,8,68700,False,2026-06-21T09:38:53.967232+00:00,1527,0.005239030779305829,0.0026570272840316664,116.44832605531295
UC0jLSh6zOCYjhfBZWLr1-0w,PLT協会,8,47000,False,2026-06-21T09:38:53.967418+00:00,1527,0.005239030779305829,0.0026570272840316664,170.2127659574468
UCJHZshDuIrd_6MaT8MIjFtg,るーいのゆっくり科学,8,665000,False,2026-06-21T09:38:53.967310+00:00,1527,0.005239030779305829,0.0026570272840316664,12.030075187969924
UCPNd7xHDFhsbGwL-bqwQKMQ,S&P500最強伝説,8,327000,False,2026-06-21T09:38:53.967479+00:00,1527,0.005239030779305829,0.0026570272840316664,24.464831804281346
UC08xdTMKb_imvITR1dhglgg,知りたい未来,8,7570,False,2026-06-21T09:38:53.967495+00:00,1527,0.005239030779305829,0.0026570272840316664,1056.8031704095113
UCTONFwr7toKbbvkX-QITUUA,Yuki Nakagawa,8,1970000,False,2026-06-21T09:38:53.967264+00:00,1527,0.005239030779305829,0.0026570272840316664,4.060913705583756
UCSSYU3AyYzO3zbNkjHbXNtg,Hina -TOEIC満点-,8,475000,False,2026-06-21T09:38:53.967321+00:00,1527,0.005239030779305829,0.0026570272840316664,16.842105263157894
UC-VjzSCoMVWrSeuO-4N3UoA,エド山口チャンネル,8,50000,False,2026-06-21T09:38:53.967316+00:00,1527,0.005239030779305829,0.0026570272840316664,160.0
UC0GgO2x6jsXWnJw3ZVxCk-g,ノージョブフドウセカンドch,8,125000,False,2026-06-21T09:38:54.048919+00:00,1527,0.005239030779305829,0.0026570272840316664,64.0
UC0iJ8CReKfQUKJHmHjhPmXQ,LINE公式アカウントチャンネル,8,25100,False,2026-06-21T09:38:54.048932+00:00,1527,0.005239030779305829,0.0026570272840316664,318.7250996015936
UC4Ws3VbmjUATvxsJlznaqdg,SOUL'd OUT オフィシャルYouTubeチャンネル,8,206000,False,2026-06-21T09:38:54.048847+00:00,1527,0.005239030779305829,0.0026570272840316664,38.83495145631068
UC-qK1jcRfivvFDka3NhyUmA,虹ムービー,8,96400,False,2026-06-21T09:38:54.049109+00:00,1527,0.005239030779305829,0.0026570272840316664,82.98755186721992
UC3LAEwEhZ0Yn3l4-WatZo2Q,えっちゃんねる/悦子,8,749000,False,2026-06-21T09:38:54.048987+00:00,1527,0.005239030779305829,0.0026570272840316664,10.68090787716956
UC09o0gfx7MdL4EKkG_r1FMQ,うわさのゆっくり解説【さぶ】,8,11600,False,2026-06-21T09:38:54.049027+00:00,1527,0.005239030779305829,0.0026570272840316664,689.655172413793
UC3SMMsAG5lFTBlvgsTH5Z_Q,小春の政治家ターゲットch,8,165000,False,2026-06-21T09:38:54.049016+00:00,1527,0.005239030779305829,0.0026570272840316664,48.484848484848484
UC3ULbNt5-DFM0aPZdhRwi7w,World U Academy/ヒーローズクラブ,8,60200,False,2026-06-21T09:38:54.049120+00:00,1527,0.005239030779305829,0.0026570272840316664,132.89036544850498
UC-GJVz5Mqs8nLDG4JGU0xEA,声の調律師TOM,8,5880,False,2026-06-21T09:38:54.049097+00:00,1527,0.005239030779305829,0.0026570272840316664,1360.5442176870747
UCOnA15zQ7OafLsnN8J-CMvg,マリマリマリー,8,1770000,False,2026-06-21T09:38:54.048925+00:00,1527,0.005239030779305829,0.0026570272840316664,4.519774011299435
UCOy5sLcFLqYNqZ1iurp4dCg,西野亮廣 / Akihiro Nishino,8,528000,False,2026-06-21T09:38:54.049056+00:00,1527,0.005239030779305829,0.0026570272840316664,15.15151515151515
UC1wewJ2jIxb65MjTlPdxpIA,しろまるくん,8,171000,False,2026-06-21T09:38:54.049038+00:00,1527,0.005239030779305829,0.0026570272840316664,46.78362573099415
UC1uj19dZQXa17-SqNGpVNLw,Python・データサイエンス入門チャンネル -はやたす-,8,61700,False,2026-06-21T09:38:54.048994+00:00,1527,0.005239030779305829,0.0026570272840316664,129.65964343598057
UC6LjoShjVTW0Y7RPHIUnyvw,JPN English,8,58700,False,2026-06-21T09:38:54.049011+00:00,1527,0.005239030779305829,0.0026570272840316664,136.28620102214649
UC-w7LMa7Soxe_ml9aFDIV3w,YOKARO-MON よかろうもん,8,358000,False,2026-06-21T09:38:54.049050+00:00,1527,0.005239030779305829,0.0026570272840316664,22.346368715083802
UC-wDoENlmgTNK356btBWpkw,シユウの作曲・DTM講座,8,47500,False,2026-06-21T09:38:54.049005+00:00,1527,0.005239030779305829,0.0026570272840316664,168.42105263157896
UCUVWoy_rGPdZeUp7jjRHOaQ,株式会社ティーファイブプロジェクト,8,613000,False,2026-06-21T09:38:54.049103+00:00,1527,0.005239030779305829,0.0026570272840316664,13.05057096247961
UCF7IKesFOYQb34uzNiuNDqQ,KYOKO先生のビジネス学園,8,136000,False,2026-06-21T09:38:54.048821+00:00,1527,0.005239030779305829,0.0026570272840316664,58.82352941176471
UC07Kxew-cMIaykMOkzqHtBQ,Lady Gaga,8,8880000,False,2026-06-21T09:38:54.049022+00:00,1527,0.005239030779305829,0.0026570272840316664,0.9009009009009009
UC9cD37sXfBNCQpz3vINa3TA,令和の虎Second,8,201000,False,2026-06-21T09:38:54.048860+00:00,1527,0.005239030779305829,0.0026570272840316664,39.800995024875625
UC-8Q-hLdECwQmaWNwXitYDw,Katy Perry,8,24200000,False,2026-06-21T09:38:54.049086+00:00,1527,0.005239030779305829,0.0026570272840316664,0.3305785123966942
UC-5r0IvQKQNsBrfpZW2_-BA,海外のFX手法検証委員会,8,11200,False,2026-06-21T09:38:54.048975+00:00,1527,0.005239030779305829,0.0026570272840316664,714.2857142857143
UC-I7KHWuazM1EEo9wzp0TrA,ZERO-UCHI Restart,8,6030000,False,2026-06-21T09:38:54.048866+00:00,1527,0.005239030779305829,0.0026570272840316664,1.326699834162521
UCiJwlAlhqeglBcDtqj55pjQ,Unfiltered01 | 元米国警察官  永田有理 ,8,386000,False,2026-06-21T09:38:54.048962+00:00,1527,0.005239030779305829,0.0026570272840316664,20.72538860103627
UC-tUtC7aQXLccSLqW7edsZQ,江戸発酵暮らし,8,7210,False,2026-06-21T09:38:54.048853+00:00,1527,0.005239030779305829,0.0026570272840316664,1109.5700416088766
UC-ASnhD1JXr-AISPr0tv_OA,有吉の壁【公式】壁チャンネル,8,519000,False,2026-06-21T09:38:54.049069+00:00,1527,0.005239030779305829,0.0026570272840316664,15.414258188824661
UC88KSXMWdkv50V1Wm8CAYWg,high_note Music Lounge,8,1520000,False,2026-06-21T09:38:54.049080+00:00,1527,0.005239030779305829,0.0026570272840316664,5.2631578947368425
UC5RSMeHeKiUSm5A87pDFdtQ,Yu Ishikawa(Family counselor),8,46700,False,2026-06-21T09:38:54.049062+00:00,1527,0.005239030779305829,0.0026570272840316664,171.30620985010708
UC-b2dAUTIM3lJdsbQHy22-A,アスパラ屋仁左衛門,8,52100,False,2026-06-21T09:38:54.048944+00:00,1527,0.005239030779305829,0.0026570272840316664,153.55086372360844
UC-ZVcMhlFj1DRRbIGLgT2IQ,ikuya【AI×Excel×自動化スキル】,8,83500,False,2026-06-21T09:38:54.049032+00:00,1527,0.005239030779305829,0.0026570272840316664,95.80838323353294
UCWHP3Pj1OAZFY3ZoCkpsMKw,引き寄せ科学者 / とー,8,106000,False,2026-06-21T09:38:54.048872+00:00,1527,0.005239030779305829,0.0026570272840316664,75.47169811320755
UCWj_vk_I1S_Bh6yWmLALq3g,UP&UP,8,36500,False,2026-06-21T09:38:54.048839+00:00,1527,0.005239030779305829,0.0026570272840316664,219.17808219178082
UC2zM0ulWBixfvs9A-Mozr-Q,RIDE HI / ライドハイ,8,88600,False,2026-06-21T09:38:54.048878+00:00,1527,0.005239030779305829,0.0026570272840316664,90.29345372460496
UCRxPq02pjQS_ax60gcTSDHQ,AI仙人 【AI歴10年・ガチADHD男】,8,60600,False,2026-06-21T09:38:54.048950+00:00,1527,0.005239030779305829,0.0026570272840316664,132.013201320132
UC2xTGY1xlCgz3PDZkhj2Jhg,獣医さや先生の猫学ゼミ,8,27900,False,2026-06-21T09:38:54.048908+00:00,1527,0.005239030779305829,0.0026570272840316664,286.7383512544803
UCGkOj_XB1k6pGX_tOdIUM5w,人気カウンセラーになるにはチャンネル【綿貫智香】,8,53000,False,2026-06-21T09:38:54.048890+00:00,1527,0.005239030779305829,0.0026570272840316664,150.9433962264151
UCIoTgYjd_F9cD3gxgE7Lk8A,おすぎ(管理栄養士),8,630000,False,2026-06-21T09:38:54.049044+00:00,1527,0.005239030779305829,0.0026570272840316664,12.698412698412698
UC26H3H7aEUnMwF7hztP07Og,トモニテ,8,242000,False,2026-06-21T09:38:54.048902+00:00,1527,0.005239030779305829,0.0026570272840316664,33.057851239669425
UC271ED-UDlMVQlJfJyeVr4w,林千勝 / 月刊インサイダーヒストリー,8,26200,False,2026-06-21T09:38:54.048981+00:00,1527,0.005239030779305829,0.0026570272840316664,305.3435114503817
UC-KCDAFaIerSgTmBKFIZLUQ,鮪アンダーグラウンド,8,92800,False,2026-06-21T09:38:54.048938+00:00,1527,0.005239030779305829,0.0026570272840316664,86.20689655172413
UCASe2_T_6LtZgzDS_KjFrkQ,OTAKING Anime Seminar,8,238000,False,2026-06-21T09:38:54.049114+00:00,1527,0.005239030779305829,0.0026570272840316664,33.61344537815126
UC3hb-DiQCVlPLv3kgWVs-MQ,ひろ 人生を豊かにする言葉たち,8,49200,False,2026-06-21T09:38:54.049126+00:00,1527,0.005239030779305829,0.0026570272840316664,162.60162601626016
UC3bBCyGyGfI9elWm6cEAcGA,クロネコの部屋,8,481000,False,2026-06-21T09:38:54.048913+00:00,1527,0.005239030779305829,0.0026570272840316664,16.632016632016633
UCE8qPb4i2vMjLlnRHJXmL1w,『表現者クライテリオン』チャンネル,8,306000,False,2026-06-21T09:38:54.049075+00:00,1527,0.005239030779305829,0.0026570272840316664,26.143790849673202
UCEBZSg72CyeB4T_8rqfYUsA,ピロの火遊び,8,257000,False,2026-06-21T09:38:54.048956+00:00,1527,0.005239030779305829,0.0026570272840316664,31.128404669260696
UC5uDVXCTLx1RUgWItSTb57A,J.R.P Television,8,71600,False,2026-06-21T09:38:54.048969+00:00,1527,0.005239030779305829,0.0026570272840316664,111.73184357541899
UC1qOSES4sqEySqc-PFmov1g,デュラ村【広報部】,8,123000,False,2026-06-21T09:38:54.049091+00:00,1527,0.005239030779305829,0.0026570272840316664,65.04065040650406
UC0LHhyNIIh5L2WXu1aAK40w,山北弘一ドラムレッスン,8,53300,False,2026-06-21T09:38:54.049000+00:00,1527,0.005239030779305829,0.0026570272840316664,150.093808630394
UC2H-PmX9pw7_AxSZ25RFGTw,科学的に金運が上がる音楽,8,12900,False,2026-06-21T09:38:54.048884+00:00,1527,0.005239030779305829,0.0026570272840316664,620.15503875969
UC0eDNB1PZKimS476G5qYOEw,たけざわ投資塾　武沢信行,8,42200,False,2026-06-21T09:38:54.048896+00:00,1527,0.005239030779305829,0.0026570272840316664,189.5734597156398
UC0ejAAmvj6A1onW5qdzMVMA,OMGチャンネル,8,215000,False,2026-06-21T09:38:54.151554+00:00,1527,0.005239030779305829,0.0026570272840316664,37.2093023255814
UCPWi6BgnqRc4wtqEGftCuuw,DAIFUKU KITCHEN,8,1010000,False,2026-06-21T09:38:54.151581+00:00,1527,0.005239030779305829,0.0026570272840316664,7.920792079207922
UCIR2mQ77wHrLMreV45nYhgw,かまいたちチャンネル,8,2590000,False,2026-06-21T09:38:54.151678+00:00,1527,0.005239030779305829,0.0026570272840316664,3.0888030888030884
UCISg6B0UZg0zcUN6jkoDLNw,Yuuka Sagawa,8,3990000,False,2026-06-21T09:38:54.151609+00:00,1527,0.005239030779305829,0.0026570272840316664,2.0050125313283207
UCCYNZu_NQIm2-PzMyHg55OQ,我那覇真子チャンネル,8,261000,False,2026-06-21T09:38:54.151630+00:00,1527,0.005239030779305829,0.0026570272840316664,30.651340996168578
UC1mzmtmzRUb4_IybHZx041A,宇宙遊覧ツアー ゆらch,8,53300,False,2026-06-21T09:38:54.151656+00:00,1527,0.005239030779305829,0.0026570272840316664,150.093808630394
UC1l7wYrva1qCH-wgqcHaaRg,David Guetta,8,27800000,False,2026-06-21T09:38:54.151645+00:00,1527,0.005239030779305829,0.0026570272840316664,0.2877697841726619
UC10BM9XdLdrvB8japwmRUvA,Kanaria,8,1490000,False,2026-06-21T09:38:54.151598+00:00,1527,0.005239030779305829,0.0026570272840316664,5.369127516778524
UC0yOM-GVMLQTy6gDS0UZ1Pg,株屋の立ち話,8,89200,False,2026-06-21T09:38:54.151617+00:00,1527,0.005239030779305829,0.0026570272840316664,89.68609865470852
UC1iA6_NT4mtAcIII6ygrvCw,Hajime Ch. 轟はじめ ‐ ReGLOSS,8,1210000,False,2026-06-21T09:38:54.151640+00:00,1527,0.005239030779305829,0.0026570272840316664,6.611570247933884
UC4xD9wgkE7cUk85abrvQ5rw,ゆるパンダのネットの話題ch,8,195000,False,2026-06-21T09:38:54.151541+00:00,1527,0.005239030779305829,0.0026570272840316664,41.02564102564102
UCCVBPDxDb8Yw5-8_OwrqsIg,シソンヌライブ,8,397000,False,2026-06-21T09:38:54.151612+00:00,1527,0.005239030779305829,0.0026570272840316664,20.151133501259444
UC02YuILI65J8WK_AY2Y0LuA,賢者の人事,8,46200,False,2026-06-21T09:38:54.151571+00:00,1527,0.005239030779305829,0.0026570272840316664,173.16017316017317
UC3k3RSFHemW5qjtp-X1TGZg,岡野あつこ®【離婚・修復】解決チャンネル,8,75100,False,2026-06-21T09:38:54.151662+00:00,1527,0.005239030779305829,0.0026570272840316664,106.52463382157123
UC3dta71v5aSS7Qk0Xm0ZTtw,賢人のノート 人生を後悔しないために,8,21100,False,2026-06-21T09:38:54.151593+00:00,1527,0.005239030779305829,0.0026570272840316664,379.1469194312796
UCAIjtkHOp04k-xEKE-K87Tg,DeepEarth Mystery ,8,120000,False,2026-06-21T09:38:54.151675+00:00,1527,0.005239030779305829,0.0026570272840316664,66.66666666666667
UC1cHlPIE-kqiPvpyYz2O8rQ,Junior CHANNEL,8,2070000,False,2026-06-21T09:38:54.151560+00:00,1527,0.005239030779305829,0.0026570272840316664,3.864734299516908
UCNBWx9JET3iRoCXliY2G4rQ,AI様の下僕,8,53800,False,2026-06-21T09:38:54.151601+00:00,1527,0.005239030779305829,0.0026570272840316664,148.69888475836433
UCBU6fpZ3UacYrFW9qVKiRFg,ワケミタマ【斎藤一人さんの言霊】,8,71800,False,2026-06-21T09:38:54.151664+00:00,1527,0.005239030779305829,0.0026570272840316664,111.42061281337047
UCD-8FUA2E1FrNYxdA2QUP7Q,ツナボーイ🐟,8,988000,False,2026-06-21T09:38:54.151551+00:00,1527,0.005239030779305829,0.0026570272840316664,8.097165991902834
UC-kzC82QwWLa26a-RPIrQTw,元気が出るニッポン,8,105000,False,2026-06-21T09:38:54.151653+00:00,1527,0.005239030779305829,0.0026570272840316664,76.19047619047619
UC-lafsH8pDHkFwWYHWkR_7g,金太郎の年金、教えてもらってイイですか?,8,38300,False,2026-06-21T09:38:54.151670+00:00,1527,0.005239030779305829,0.0026570272840316664,208.87728459530027
UCZGcthFzJyZXOh-ueTnLrMg,投資うさぎ「会話で解説」,8,140000,False,2026-06-21T09:38:54.151642+00:00,1527,0.005239030779305829,0.0026570272840316664,57.14285714285714
UC-_fIaQi9ImX_JW5-thf60A,花香琴音 Kotone Racer Vtuber,8,180000,False,2026-06-21T09:38:54.151648+00:00,1527,0.005239030779305829,0.0026570272840316664,44.44444444444445
UC-bDu8Pax2JQBvpWO6W5ugQ,昭和スターの軌跡,8,115000,False,2026-06-21T09:38:54.151651+00:00,1527,0.005239030779305829,0.0026570272840316664,69.56521739130434
UC2MIgqt-5KCrZSjjQ0vJtLA,tama,8,57700,False,2026-06-21T09:38:54.151604+00:00,1527,0.005239030779305829,0.0026570272840316664,138.64818024263434
UCPlreGCqby4Qg9Vuem5scpw,Bilingirl Chika,8,1580000,False,2026-06-21T09:38:54.151624+00:00,1527,0.005239030779305829,0.0026570272840316664,5.063291139240506
UCPrjycK4eiQhUw2PnVIq7Gg,CANACANA family,8,1880000,False,2026-06-21T09:38:54.151557+00:00,1527,0.005239030779305829,0.0026570272840316664,4.255319148936171
UC2KDRmBXQsShj8GgTfLnyPg,Cherry | 40代からの「10歳若返り」おうち美容,8,17700,False,2026-06-21T09:38:54.151607+00:00,1527,0.005239030779305829,0.0026570272840316664,451.9774011299435
UC2FmqYe0DgxgKVHfzcTl0vQ,小崎壮平の日本人覚醒チャンネル,8,28100,False,2026-06-21T09:38:54.151565+00:00,1527,0.005239030779305829,0.0026570272840316664,284.69750889679716
UC-chr8slOaleA1yaJVcMIiQ,バイナリーオプション,8,22000,False,2026-06-21T09:38:54.151584+00:00,1527,0.005239030779305829,0.0026570272840316664,363.6363636363636
UC59gHK7pW5W245V6ES9jQEQ,コジコジのオタク文化 情報局,8,294000,False,2026-06-21T09:38:54.151568+00:00,1527,0.005239030779305829,0.0026570272840316664,27.2108843537415
UC-d1SG2Gk11r-d08Bz-PGog,森三中ube,8,349000,False,2026-06-21T09:38:54.151634+00:00,1527,0.005239030779305829,0.0026570272840316664,22.922636103151863
UCXYlk6MXurenhAuTsUnpWrg,黒幕の日記帳,8,105000,False,2026-06-21T09:38:54.151545+00:00,1527,0.005239030779305829,0.0026570272840316664,76.19047619047619
UC6YvcKQ4Ydffc23SQ1_2KTg,Ilko Allexandroff,8,153000,False,2026-06-21T09:38:54.151637+00:00,1527,0.005239030779305829,0.0026570272840316664,52.287581699346404
UC5dz5HTMO-tU_5amQkL37ew,アラサー夫婦の沖縄移住セミリタイア計画,8,165000,False,2026-06-21T09:38:54.151562+00:00,1527,0.005239030779305829,0.0026570272840316664,48.484848484848484
UC5ek7CK6fI6avcM6OONuNAA,RKPhoto_9チャンネル,8,199000,False,2026-06-21T09:38:54.151573+00:00,1527,0.005239030779305829,0.0026570272840316664,40.20100502512563
UC_9UuV_nrWuPfioQEXMQSPw,ねずみ,8,460000,False,2026-06-21T09:38:54.151576+00:00,1527,0.005239030779305829,0.0026570272840316664,17.391304347826086
UC5h1sKIPpsRdK-8U-862OYw,ユダヤの教えタルムード解説チャンネル,8,4540,False,2026-06-21T09:38:54.151620+00:00,1527,0.005239030779305829,0.0026570272840316664,1762.114537444934
UC5_-qhFtHJP-ggLNKcdcuDQ,金持ち父さん 貧乏倒産,8,18200,False,2026-06-21T09:38:54.151615+00:00,1527,0.005239030779305829,0.0026570272840316664,439.56043956043953
UC-zHKPw_XqtMrOAl7Uor_7A,富を読む者,8,12600,False,2026-06-21T09:38:54.151548+00:00,1527,0.005239030779305829,0.0026570272840316664,634.9206349206349
UC6jrifjIAQ2hSoe9I7BwftQ,まさとFPのデータで学ぶマネー教室,8,67400,False,2026-06-21T09:38:54.151596+00:00,1527,0.005239030779305829,0.0026570272840316664,118.69436201780417
UC3sM_YxT0oHUAZTr3dOjsAg,あすか修繕堂,8,107000,False,2026-06-21T09:38:54.151587+00:00,1527,0.005239030779305829,0.0026570272840316664,74.76635514018692
UC2rZGQZjyIeWLjjTJI5p3DA,宇宙に行く子ども,8,35800,False,2026-06-21T09:38:54.151579+00:00,1527,0.005239030779305829,0.0026570272840316664,223.46368715083798
UCR5r-ZjTy9w-fdJ5UfXXelA,ミナミAアシュタールRadio,8,48000,False,2026-06-21T09:38:54.151590+00:00,1527,0.005239030779305829,0.0026570272840316664,166.66666666666666
UC0MwTuNA7dqMjqVaGkz0bow,HAL PROJECT,8,169000,False,2026-06-21T09:38:54.151667+00:00,1527,0.005239030779305829,0.0026570272840316664,47.337278106508876
UC2L7vR43LKuBXXV2AentEMw,Luke's English Podcast,8,1800000,False,2026-06-21T09:38:54.151659+00:00,1527,0.005239030779305829,0.0026570272840316664,4.444444444444444
UCZG8C9C8GDZCXuIQtkJJnCg,mika宇宙CH,8,92000,False,2026-06-21T09:38:54.151528+00:00,1527,0.005239030779305829,0.0026570272840316664,86.95652173913044
UC008cuJ34I24TmRiIbPpMKg,Fun Eats,8,70900,False,2026-06-21T09:38:54.151627+00:00,1527,0.005239030779305829,0.0026570272840316664,112.83497884344146
UC01SsDYI6ZNFz-jD-dA_u9A,None Channel【プラモデル製作係】,8,187000,False,2026-06-21T09:38:54.151673+00:00,1527,0.005239030779305829,0.0026570272840316664,42.780748663101605
UC116P3VfoGEmOhRNODetbOA,今日から使える健康知識,8,43700,False,2026-06-21T09:38:54.216857+00:00,1527,0.005239030779305829,0.0026570272840316664,183.06636155606407
UCpFgmZm65yOU5X-hmWkWjuw,Mrs. GREEN APPLE,8,6360000,False,2026-06-21T09:38:54.216975+00:00,1527,0.005239030779305829,0.0026570272840316664,1.2578616352201257
UCq0g4VJx0J6Mbzt5odSMPyA,さとう式リンパケア 〜1日5分で幸せ美人に〜,8,822000,False,2026-06-21T09:38:54.216943+00:00,1527,0.005239030779305829,0.0026570272840316664,9.7323600973236
UC8XtvMtw4upzmugbL_MmEHg,松浦勝人【max matsuura】,8,310000,False,2026-06-21T09:38:54.217068+00:00,1527,0.005239030779305829,0.0026570272840316664,25.806451612903224
UC4DfUTbVd0dlIsVj3tmIYxA,ノノたまTV,8,224000,False,2026-06-21T09:38:54.216874+00:00,1527,0.005239030779305829,0.0026570272840316664,35.714285714285715
UC-vvD3vvJhQn7lfjnbqmEzg,Masa@実績公開チャンネル,8,36200,False,2026-06-21T09:38:54.217053+00:00,1527,0.005239030779305829,0.0026570272840316664,220.99447513812154
UC2bXo5ROWI6LY6m1jTaKNsg,格闘キャスト,8,177000,False,2026-06-21T09:38:54.216826+00:00,1527,0.005239030779305829,0.0026570272840316664,45.19774011299435
UCHk4PXQ2hSGT_B9lqH-redQ,七瀬アリーサ【大人の勉強ch】📕1000冊以上本読んだ人,8,56700,False,2026-06-21T09:38:54.217120+00:00,1527,0.005239030779305829,0.0026570272840316664,141.09347442680775
UCHk5QD2cZFzhUXcokAGXeqg,メタボールスタジオ,8,400000,False,2026-06-21T09:38:54.216956+00:00,1527,0.005239030779305829,0.0026570272840316664,20.0
UC2SGVDhLj6ZD56ty1XSvTfg,雑学ネットフリクス,8,41500,False,2026-06-21T09:38:54.217048+00:00,1527,0.005239030779305829,0.0026570272840316664,192.77108433734938
UCI6BUMP8AToFbnNHW-4YaSQ,ゴッドハンド通信,8,221000,False,2026-06-21T09:38:54.216802+00:00,1527,0.005239030779305829,0.0026570272840316664,36.199095022624434
UCICoLn_-HDoHal2GpVxPQJA,AKINA NAKAMORI OFFICIAL,8,909000,False,2026-06-21T09:38:54.216930+00:00,1527,0.005239030779305829,0.0026570272840316664,8.800880088008801
UCk7YkjB08lzyUuLO2jUJmZw,NoBorder / 溝口勇児,8,624000,False,2026-06-21T09:38:54.217074+00:00,1527,0.005239030779305829,0.0026570272840316664,12.82051282051282
UCkQYlpn0tWcqHgLJGtUWaOg,Sakura English School,8,796000,False,2026-06-21T09:38:54.216868+00:00,1527,0.005239030779305829,0.0026570272840316664,10.050251256281408
UC2gq6CEYA3uXaM413nljZ-w,田村亮&鈴木奈々 自腹で米国株はじめました【Wealth On (ウェルスオン) 提供】,8,126000,False,2026-06-21T09:38:54.216903+00:00,1527,0.005239030779305829,0.0026570272840316664,63.49206349206349
UC0VZdw86ay2WPGrkKZLdLCA,2WPGrkKZ,8,112000,False,2026-06-21T09:38:54.216892+00:00,1527,0.005239030779305829,0.0026570272840316664,71.42857142857143
UC0WMYbByyUKdOytIyEoR-7Q,Tips for Awakening,8,13000,False,2026-06-21T09:38:54.216937+00:00,1527,0.005239030779305829,0.0026570272840316664,615.3846153846154
UC0RJAtZGjcUfwskb_AKGw3Q,さきここVoice,8,304000,False,2026-06-21T09:38:54.216819+00:00,1527,0.005239030779305829,0.0026570272840316664,26.315789473684212
UCl9njYV9OgdE1IOqVlfs44w,"Mitsui & Co., Ltd. Official",8,992000,False,2026-06-21T09:38:54.217037+00:00,1527,0.005239030779305829,0.0026570272840316664,8.064516129032258
UC9yOhniOuokH6iiw4Q14XQg,StarPeople & 岩戸開きチャンネル,8,44200,False,2026-06-21T09:38:54.217090+00:00,1527,0.005239030779305829,0.0026570272840316664,180.99547511312218
UC-KsEyI3i_Ft1CKAkG8kBaA,今日から使える健康情報館,8,52500,False,2026-06-21T09:38:54.216845+00:00,1527,0.005239030779305829,0.0026570272840316664,152.38095238095238
UC6o-JRdRTSxt8zWwNj_RjEQ,【公式】ワタナベ薫 wjproducts,8,80500,False,2026-06-21T09:38:54.217002+00:00,1527,0.005239030779305829,0.0026570272840316664,99.37888198757764
UC3zuCTNN8RcMRpBuHUy8L4g,弁護士ビーノ,8,113000,False,2026-06-21T09:38:54.216950+00:00,1527,0.005239030779305829,0.0026570272840316664,70.79646017699115
UCVHFnMzUnQdqfw3LwnDXd9A,Dr.ヒロの実験室,8,212000,False,2026-06-21T09:38:54.217017+00:00,1527,0.005239030779305829,0.0026570272840316664,37.735849056603776
UC-xxfDccYd4Kdp2XuiJs6Jw,佐々木農園,8,18700,False,2026-06-21T09:38:54.217114+00:00,1527,0.005239030779305829,0.0026570272840316664,427.80748663101605
UC3vnXo3ZBJA0mDX8EVZDYmA,マネするだけで勝てるFX手法攻略 | えり,8,12500,False,2026-06-21T09:38:54.217026+00:00,1527,0.005239030779305829,0.0026570272840316664,640.0
UCMnKXHHgAIJH_zfd8W6dW0Q,AI副業マニアー東大生アオイー,8,61700,False,2026-06-21T09:38:54.216962+00:00,1527,0.005239030779305829,0.0026570272840316664,129.65964343598057
UCMF3_IR9TQvAzjkQoNl-47Q,たくと@Instagram攻略,8,77400,False,2026-06-21T09:38:54.217032+00:00,1527,0.005239030779305829,0.0026570272840316664,103.35917312661499
UC1EDjct4lQ4lkFGhxQvUf1w,クレアの食速報,8,122000,False,2026-06-21T09:38:54.217096+00:00,1527,0.005239030779305829,0.0026570272840316664,65.57377049180329
UC1HkjsJ0Ttu7vd5mhbJgd9g,関西弁投資家つばさ,8,31300,False,2026-06-21T09:38:54.217085+00:00,1527,0.005239030779305829,0.0026570272840316664,255.59105431309905
UC--vjcNzor5JzYAuqPviltA,WurtS,8,335000,False,2026-06-21T09:38:54.216981+00:00,1527,0.005239030779305829,0.0026570272840316664,23.88059701492537
UC-1yEeK8Br75QxGIHTU2gkA,きくドラ,7,24300,False,2026-06-21T09:38:54.216996+00:00,1527,0.0045841519318926,0.0022222924474078246,288.0658436213992
UC1GI4gCcL3_7Z1qQn4JqRwA,Mitsuike Animal Hospital Channel,7,165000,False,2026-06-21T09:38:54.217102+00:00,1527,0.0045841519318926,0.0022222924474078246,42.42424242424242
UC9CoOnJkIBMdeijd9qYoT_g,Ariana Grande,7,57500000,False,2026-06-21T09:38:54.216897+00:00,1527,0.0045841519318926,0.0022222924474078246,0.12173913043478261
UC-5El9cit9a9OhRB_AFyrjA,Mr. & Mrs.Y studio™,7,1140000,False,2026-06-21T09:38:54.217007+00:00,1527,0.0045841519318926,0.0022222924474078246,6.140350877192982
UC9Lx-zRFGfpuls27tNAOIqA,マエスケ,7,2070000,False,2026-06-21T09:38:54.217079+00:00,1527,0.0045841519318926,0.0022222924474078246,3.3816425120772946
UC9OaXhVz6_Z0lvck01Qid5w,古川大策の経営流儀 / 年商20億経営者,7,22800,False,2026-06-21T09:38:54.216886+00:00,1527,0.0045841519318926,0.0022222924474078246,307.01754385964915
UC-4asDECfBooFz1rQ-MxQ3g,FXtraderたかし,7,4700,False,2026-06-21T09:38:54.217012+00:00,1527,0.0045841519318926,0.0022222924474078246,1489.3617021276596
UC8aIZF5U67Ght05GaCSGuMw,食欲コントロールダイエット講座,7,134000,False,2026-06-21T09:38:54.216851+00:00,1527,0.0045841519318926,0.0022222924474078246,52.23880597014925
UC9Yva5b_FCTXHWHtLuvT7cw,English Hack,7,86500,False,2026-06-21T09:38:54.216838+00:00,1527,0.0045841519318926,0.0022222924474078246,80.92485549132948
UC-6YcFh1o9FlvYBWA_js0Fw,ハギ - 最強の男【恋愛攻略】,7,7290,False,2026-06-21T09:38:54.217022+00:00,1527,0.0045841519318926,0.0022222924474078246,960.2194787379973
UC8-kmIZowlGKYNuJUSgzfpg,薬剤師トレーニーSakura,7,408000,False,2026-06-21T09:38:54.217108+00:00,1527,0.0045841519318926,0.0022222924474078246,17.15686274509804
UCmD3ZX3hXhihuzVRVe5o27g,トレトレチャンネル,7,238000,False,2026-06-21T09:38:54.216863+00:00,1527,0.0045841519318926,0.0022222924474078246,29.411764705882355
UC-7sYi9OninbvXP4toJ8ZiQ,SIRUKO camp,7,22700,False,2026-06-21T09:38:54.216880+00:00,1527,0.0045841519318926,0.0022222924474078246,308.3700440528634
UC9eKha91yNaPjjMVv3--znA,のぶ子の部屋,7,55600,False,2026-06-21T09:38:54.216991+00:00,1527,0.0045841519318926,0.0022222924474078246,125.89928057553956
UC-9NClmrFl4XLn4cj7l5-2A,シークエンスパパとも,7,32700,False,2026-06-21T09:38:54.216986+00:00,1527,0.0045841519318926,0.0022222924474078246,214.0672782874618
UC7m7oo-Xkm4yKUhXchMK8CQ,Take AFTF55,7,38500,False,2026-06-21T09:38:54.216832+00:00,1527,0.0045841519318926,0.0022222924474078246,181.8181818181818
UC9tHbB4m6BV70PSoxq1szjA,幸福の学問,7,8100,False,2026-06-21T09:38:54.217126+00:00,1527,0.0045841519318926,0.0022222924474078246,864.1975308641976
UC7bpetJeyr12k8ryA2sIRnQ,Kay & ZooKatsu,7,392000,False,2026-06-21T09:38:54.216968+00:00,1527,0.0045841519318926,0.0022222924474078246,17.857142857142858
UC7hHF4W8gkHEc9-VqZiK5uQ,ドクターA(麻生泰),7,218000,False,2026-06-21T09:38:54.217042+00:00,1527,0.0045841519318926,0.0022222924474078246,32.11009174311927
UC7VsyNNxwOYgpvJLYabrprQ,飯田将成 Masanari Iida,7,423000,False,2026-06-21T09:38:54.276924+00:00,1527,0.0045841519318926,0.0022222924474078246,16.548463356973997
UC1JhREFCea0EwJ2F-3FyCkQ,旅びとキャンパーまい,7,63000,False,2026-06-21T09:38:54.276856+00:00,1527,0.0045841519318926,0.0022222924474078246,111.11111111111111
UC-EIQoKszZjiQ-c9neLBgrA,CONOMI CHANNEL,7,532000,False,2026-06-21T09:38:54.276797+00:00,1527,0.0045841519318926,0.0022222924474078246,13.157894736842106
UC9ytGl3_VwLlwU7BHSX3LuA,コミュニケーションカフェ〜自分と仲良くなる手帳時間〜,7,73800,False,2026-06-21T09:38:54.276931+00:00,1527,0.0045841519318926,0.0022222924474078246,94.8509485094851
UCA2McdYJLbD4IAQo0wLWOUQ,FXism 及川圭哉,7,100000,False,2026-06-21T09:38:54.276921+00:00,1527,0.0045841519318926,0.0022222924474078246,70.0
UCA2UaHL_cIvNbaAaSLCTDFw,BIKIN YOGA CHANNEL,7,526000,False,2026-06-21T09:38:54.276948+00:00,1527,0.0045841519318926,0.0022222924474078246,13.307984790874526
UCA5fJq_6qUxHoN2NkQupCaQ,偉人の道標,7,39800,False,2026-06-21T09:38:54.276900+00:00,1527,0.0045841519318926,0.0022222924474078246,175.87939698492463
UCj6AKkCWS6FJqf0o5wP45eQ,JRA公式チャンネル,7,1170000,False,2026-06-21T09:38:54.276873+00:00,1527,0.0045841519318926,0.0022222924474078246,5.982905982905983
UC7MQgeoNg9S4rOZBU2k9pqw,kubota,7,439000,False,2026-06-21T09:38:54.276839+00:00,1527,0.0045841519318926,0.0022222924474078246,15.945330296127564
UCA86tPNYQSsPQEGZAhKJvkQ,植物と風と水のある暮らし,7,104000,False,2026-06-21T09:38:54.276944+00:00,1527,0.0045841519318926,0.0022222924474078246,67.3076923076923
UCA9zIXK8lH3k2G-8AFDYWJQ,Dr.スズキの若返り革命ch,7,74600,False,2026-06-21T09:38:54.276897+00:00,1527,0.0045841519318926,0.0022222924474078246,93.83378016085791
UC-Eh1lR_tWVtv9AvxLybMtQ,Tyga,7,12200000,False,2026-06-21T09:38:54.276822+00:00,1527,0.0045841519318926,0.0022222924474078246,0.5737704918032788
UC-EiWb2xz1ZfTl8VBcEWqIQ,Japan’s Nostalgic Films,7,69200,False,2026-06-21T09:38:54.276812+00:00,1527,0.0045841519318926,0.0022222924474078246,101.15606936416185
UC7AnBGoQKgUAuCyxgaG9FxA,ニュルちゃん!【クルマ系・ゆっくり解説】,7,154000,False,2026-06-21T09:38:54.276789+00:00,1527,0.0045841519318926,0.0022222924474078246,45.45454545454545
UC7BLsnWEPZwIMN5c8maF_nA,【Shu-Shu Goku】,7,631000,False,2026-06-21T09:38:54.276793+00:00,1527,0.0045841519318926,0.0022222924474078246,11.09350237717908
UC7BYJDxt7M3yddgHJAF4ZeA,自然治癒クラブ,7,94000,False,2026-06-21T09:38:54.276825+00:00,1527,0.0045841519318926,0.0022222924474078246,74.46808510638299
UCLbv0iWDAqgEw60Dn2Rv5CQ,デイリーWiLL,7,656000,False,2026-06-21T09:38:54.276907+00:00,1527,0.0045841519318926,0.0022222924474078246,10.670731707317072
UCLcl5uLW6W1LjeQKJhFy4Xg,369 Miroku Mind,7,462000,False,2026-06-21T09:38:54.276818+00:00,1527,0.0045841519318926,0.0022222924474078246,15.15151515151515
UCLqv4vhAFj140bSh4W3EDDA,そろ谷のアニメっち,7,1220000,False,2026-06-21T09:38:54.276914+00:00,1527,0.0045841519318926,0.0022222924474078246,5.737704918032787
UC-InbUMe7DQcbVL4j-pCPsw,野村謙二郎のノムケンCHANNEL,7,54000,False,2026-06-21T09:38:54.276904+00:00,1527,0.0045841519318926,0.0022222924474078246,129.62962962962962
UCANN6knNbmdr4S5DTNXc6Uw,ほめ♡レン - Homéren -,7,147000,False,2026-06-21T09:38:54.276894+00:00,1527,0.0045841519318926,0.0022222924474078246,47.61904761904762
UC6tVLhA00aBnwnr30YX3lAg,希空ちゃんネル,7,685000,False,2026-06-21T09:38:54.276890+00:00,1527,0.0045841519318926,0.0022222924474078246,10.218978102189782
UC-KK_-m-w-Jr73bvbgQJSzQ,越水はるか弁護士-守りの経営ch,7,18700,False,2026-06-21T09:38:54.276883+00:00,1527,0.0045841519318926,0.0022222924474078246,374.331550802139
UCfapRkagDtoQEkGeyD3uERQ,KEITO【AI&WEB ch】,7,203000,False,2026-06-21T09:38:54.276870+00:00,1527,0.0045841519318926,0.0022222924474078246,34.48275862068966
UCg9AKxJ-4pP8gmUdQ01rc4Q,心理カウンセラーmasa,7,288000,False,2026-06-21T09:38:54.276860+00:00,1527,0.0045841519318926,0.0022222924474078246,24.305555555555554
UCARRXzT1owe5Z4d68V0vUdw,偉人エピソードX,7,131000,False,2026-06-21T09:38:54.276880+00:00,1527,0.0045841519318926,0.0022222924474078246,53.43511450381679
UC6knnPyaxJoPWdH_G-0P08w,Foodie Boy from Tokyo - Gourmet Vlogs and Cooking Channel,7,188000,False,2026-06-21T09:38:54.276917+00:00,1527,0.0045841519318926,0.0022222924474078246,37.23404255319149
UC-LGGavoeps5RegITdHegrg,Gadget Guide Sakurajima,7,47100,False,2026-06-21T09:38:54.276842+00:00,1527,0.0045841519318926,0.0022222924474078246,148.619957537155
UC-M3t08tcnHmvMRKRMSJgoQ,足つぼチャンネル「あんよ先生」,7,35100,False,2026-06-21T09:38:54.276853+00:00,1527,0.0045841519318926,0.0022222924474078246,199.43019943019945
UC-JS7QLK-u70e6vRUZPLjhQ,Ryan Suzuki,7,42900,False,2026-06-21T09:38:54.276815+00:00,1527,0.0045841519318926,0.0022222924474078246,163.17016317016316
UC169FIKMFQKr1n65N3UcQag,夕闇に誘いし漆黒の天使達,7,613000,False,2026-06-21T09:38:54.276804+00:00,1527,0.0045841519318926,0.0022222924474078246,11.419249592169658
UC17F_2PziMdtCzRb_CT3rIg,WONDER OTSUKA,7,33400,False,2026-06-21T09:38:54.276863+00:00,1527,0.0045841519318926,0.0022222924474078246,209.5808383233533
UCLYxftbbRDFGGeuU5_tysMA,Restful sleep and healing rooms,7,29500,False,2026-06-21T09:38:54.276769+00:00,1527,0.0045841519318926,0.0022222924474078246,237.28813559322035
UC6gk_AxbHDT4uLA8SOzZeFg,2ch案内人マイケル,7,24000,False,2026-06-21T09:38:54.276951+00:00,1527,0.0045841519318926,0.0022222924474078246,291.6666666666667
UC6he7aSwwn3JKc0qWi17QdA,maya painting tips,7,102000,False,2026-06-21T09:38:54.276867+00:00,1527,0.0045841519318926,0.0022222924474078246,68.62745098039215
UC6Ze6VcAXK9_iBYyOSbtc5A,西田昌司チャンネル,7,198000,False,2026-06-21T09:38:54.276937+00:00,1527,0.0045841519318926,0.0022222924474078246,35.35353535353535
UCdX4bMa2UPwcfZ_8ietRs2g,美容整体のうちやま先生。,7,1410000,False,2026-06-21T09:38:54.276832+00:00,1527,0.0045841519318926,0.0022222924474078246,4.964539007092199
UC-QwEsnc_f8JEboR-jwLLpQ,キヤノンマーケティングジャパン / Canon Marketing Japan,7,70800,False,2026-06-21T09:38:54.276784+00:00,1527,0.0045841519318926,0.0022222924474078246,98.87005649717514
UCb_a-fPfpri7C6-KrUrnk5Q,HIROSHI IKI,7,304000,False,2026-06-21T09:38:54.276835+00:00,1527,0.0045841519318926,0.0022222924474078246,23.026315789473685
UC6ID-aYVgXMaxn23_31_u8A,Rui【事務作業効率家】,7,290000,False,2026-06-21T09:38:54.276877+00:00,1527,0.0045841519318926,0.0022222924474078246,24.137931034482758
UC6IMGCz0Pjwt2icerqPIuZg,秦拓馬☆俺達。チャンネル,7,372000,False,2026-06-21T09:38:54.276801+00:00,1527,0.0045841519318926,0.0022222924474078246,18.81720430107527
UC6JoXVNP6LzIB9Yh__eXWZA,新卒2ヶ月退職ニート,7,17000,False,2026-06-21T09:38:54.276934+00:00,1527,0.0045841519318926,0.0022222924474078246,411.764705882353
UC67x7_KT2NZEjzJle5ZoqnA,クリームソーダと手帳のある暮らし,7,154000,False,2026-06-21T09:38:54.276846+00:00,1527,0.0045841519318926,0.0022222924474078246,45.45454545454545
UCBA9uUGktmChypQe1Yb4TYw,イタリアガイドみめMime Italy Guide,7,161000,False,2026-06-21T09:38:54.276887+00:00,1527,0.0045841519318926,0.0022222924474078246,43.47826086956522
UC-X-2ka2RqLtBYhY2FQowug,Fujinの部屋,7,5010,False,2026-06-21T09:38:54.276850+00:00,1527,0.0045841519318926,0.0022222924474078246,1397.2055888223554
UCaoKBrqrmJ6HTak__VLeA1Q,村松大輔の『人生開華!』チャンネル,7,100000,False,2026-06-21T09:38:54.276927+00:00,1527,0.0045841519318926,0.0022222924474078246,70.0
UCb29q7ta9rgxh-IV1FDkMEw,KOKOIMA | Mindful Living for a Fulfilling Life,7,129000,False,2026-06-21T09:38:54.276829+00:00,1527,0.0045841519318926,0.0022222924474078246,54.263565891472865
UCL5RbhB5M8LPexsQ6gWh24A,【名無き仙人】チャンネル,7,55900,False,2026-06-21T09:38:54.276808+00:00,1527,0.0045841519318926,0.0022222924474078246,125.22361359570662
UCLN23ye5WYdjTTON4mgcFTA,J-SPACE,7,31700,False,2026-06-21T09:38:54.276910+00:00,1527,0.0045841519318926,0.0022222924474078246,220.82018927444793
UC1P6fv0uCNNTBQIWlhUVvaw,ちょっと一息 ch,7,197000,False,2026-06-21T09:38:54.276941+00:00,1527,0.0045841519318926,0.0022222924474078246,35.53299492385787
UC5vwQRngGPrqgt7W455A7Bg,Yonemura Denjiro Science Production,7,279000,False,2026-06-21T09:38:54.336142+00:00,1527,0.0045841519318926,0.0022222924474078246,25.089605734767026
UC-VuNhvBm3bnOpzsYk-o4mA,The Message,7,17700,False,2026-06-21T09:38:54.336146+00:00,1527,0.0045841519318926,0.0022222924474078246,395.48022598870057
UCBeVJVMVoCSS76xb51qTK8Q,ドムス【見るだけで痩せるチャンネル】,7,195000,False,2026-06-21T09:38:54.336095+00:00,1527,0.0045841519318926,0.0022222924474078246,35.8974358974359
UCBi2mrWuNuyYy4gbM6fU18Q,ABC News,7,19600000,False,2026-06-21T09:38:54.336153+00:00,1527,0.0045841519318926,0.0022222924474078246,0.35714285714285715
UC5iOuqUPyR4dBLYnrD0tB9A,人生の物語アニメ,7,46300,False,2026-06-21T09:38:54.336064+00:00,1527,0.0045841519318926,0.0022222924474078246,151.1879049676026
UC5jLzUQiTIk8CWiShdqQfDQ,たこまる/TAKOMARU,7,654000,False,2026-06-21T09:38:54.336105+00:00,1527,0.0045841519318926,0.0022222924474078246,10.703363914373089
UC5kHH4Bq46XCAcahuFsm7-w,米澤浩ちゃんねる,7,175000,False,2026-06-21T09:38:54.336109+00:00,1527,0.0045841519318926,0.0022222924474078246,40.0
UC5X_EosD9VyZYAHSYZ6fb8g,tomatoのかわいいごはん,7,175000,False,2026-06-21T09:38:54.336088+00:00,1527,0.0045841519318926,0.0022222924474078246,40.0
UC-azJrHeE66u0zbAmEPnefA,KEIJU,7,132000,False,2026-06-21T09:38:54.336156+00:00,1527,0.0045841519318926,0.0022222924474078246,53.03030303030303
UCBzHLiBZWSn7AmaW0AOAlWg,COCOCOROチャンネル,7,472000,False,2026-06-21T09:38:54.336092+00:00,1527,0.0045841519318926,0.0022222924474078246,14.830508474576272
UC5IT9uQwZiWWIQanS2bIkGw,ポムさんとしまちゃん / ねこべや。,7,522000,False,2026-06-21T09:38:54.336119+00:00,1527,0.0045841519318926,0.0022222924474078246,13.409961685823754
UC5JWR1otGbD8iJO4qN_dsfA,Nero Knowledge,7,408000,False,2026-06-21T09:38:54.336060+00:00,1527,0.0045841519318926,0.0022222924474078246,17.15686274509804
UC5Kgc_HNzx4GJ-w4QMeeKiQ,Pythonプログラミング VTuber サプー,7,162000,False,2026-06-21T09:38:54.336081+00:00,1527,0.0045841519318926,0.0022222924474078246,43.20987654320987
UCZluk9qJTcNvX1xhpwSpyuA,まじめくん,7,224000,False,2026-06-21T09:38:54.336025+00:00,1527,0.0045841519318926,0.0022222924474078246,31.25
UC1ZeXWYf1jTNNqBprKMxjrA,ダウ理論専門・FXプロトレーダー養成道場,7,2700,False,2026-06-21T09:38:54.336163+00:00,1527,0.0045841519318926,0.0022222924474078246,2592.5925925925926
UC1T_pR-Rt-NdHgytn2GkTeA,Abao Vision,7,308000,False,2026-06-21T09:38:54.336029+00:00,1527,0.0045841519318926,0.0022222924474078246,22.727272727272727
UC1VYb0EKcZuy9rG3q0VR57Q,todrickhall,7,3550000,False,2026-06-21T09:38:54.336099+00:00,1527,0.0045841519318926,0.0022222924474078246,1.971830985915493
UC1VghyKU1Nb-Gs8Hv1xmaJw,警視庁公式チャンネル,7,103000,False,2026-06-21T09:38:54.336136+00:00,1527,0.0045841519318926,0.0022222924474078246,67.96116504854369
UC5CTV3JSdrlo5Pa42QkK8SA,桜井政博のゲーム作るには,7,916000,False,2026-06-21T09:38:54.336177+00:00,1527,0.0045841519318926,0.0022222924474078246,7.641921397379913
UC-cLxIAq3grMR22PULSIM8A,理系女子占い師 千歩,7,6340,False,2026-06-21T09:38:54.336067+00:00,1527,0.0045841519318926,0.0022222924474078246,1104.1009463722396
UCCEoqaOzY9__AReWKXrvt8Q,[公式]お金の専門学校,7,217000,False,2026-06-21T09:38:54.336126+00:00,1527,0.0045841519318926,0.0022222924474078246,32.25806451612903
UC-crYMTeBxngoWocISb4BxA,Galch Summary Channel,7,45900,False,2026-06-21T09:38:54.336040+00:00,1527,0.0045841519318926,0.0022222924474078246,152.50544662309366
UC-db7Tl3VZJIlICjaoV69iA,GOOD CARLIFE Channel /ゼミッタ,7,153000,False,2026-06-21T09:38:54.336085+00:00,1527,0.0045841519318926,0.0022222924474078246,45.751633986928105
UC4zNRgdhLb7wczrMcfdrsVQ,韓国 JIN,7,541000,False,2026-06-21T09:38:54.336033+00:00,1527,0.0045841519318926,0.0022222924474078246,12.939001848428836
UCYdR4KN71wDKR4-2Xxirz_g,マドモアゼル・愛,7,185000,False,2026-06-21T09:38:54.336112+00:00,1527,0.0045841519318926,0.0022222924474078246,37.83783783783784
UCYg9i0n1Vc4705rsYKJio9A,ごく普通の外国人・がっちゃん,7,734000,False,2026-06-21T09:38:54.336074+00:00,1527,0.0045841519318926,0.0022222924474078246,9.536784741144414
UC-fJtROW71hGam_1bOMpoEw,isshin CH,7,69500,False,2026-06-21T09:38:54.336078+00:00,1527,0.0045841519318926,0.0022222924474078246,100.71942446043165
UC4v0hpO933h8cdjemR-q7gQ,株式会社ぷ(街録ch運営),7,81100,False,2026-06-21T09:38:54.336181+00:00,1527,0.0045841519318926,0.0022222924474078246,86.31319358816276
UC1ayVmK30NzErsWze--IozA,HoyKey 一刀両断TV,7,186000,False,2026-06-21T09:38:54.336057+00:00,1527,0.0045841519318926,0.0022222924474078246,37.63440860215054
UC1b_S6pKoB6BQayFYHBgYQA,神様(ほんもの),7,137000,False,2026-06-21T09:38:54.336139+00:00,1527,0.0045841519318926,0.0022222924474078246,51.09489051094891
UC1X8VrX-c3i33XDrE7vIVOw,みんなの政治チャンネル,7,75400,False,2026-06-21T09:38:54.336129+00:00,1527,0.0045841519318926,0.0022222924474078246,92.83819628647215
UCMcPUQ32zjHF_pkfn_24LkQ,ひろゆきのマインド【#ひろゆき #hiroyuki】《切り抜き》,7,386000,False,2026-06-21T09:38:54.336132+00:00,1527,0.0045841519318926,0.0022222924474078246,18.134715025906736
UC4n4_M1pv7pMguAIHLhO9dw,Back Alley at Omagatoki,7,322000,False,2026-06-21T09:38:54.336070+00:00,1527,0.0045841519318926,0.0022222924474078246,21.73913043478261
UC4pv0ooIy44xKnDAP1g6-wQ,星詠みタロットのローラン,7,19300,False,2026-06-21T09:38:54.336043+00:00,1527,0.0045841519318926,0.0022222924474078246,362.69430051813475
UCCUDI6EtG-Y0w8Nc-hTpsYg,Shiba Inu Steve,7,394000,False,2026-06-21T09:38:54.336170+00:00,1527,0.0045841519318926,0.0022222924474078246,17.766497461928935
UC-hQsIrkum6AtKXyC_n9d4Q,バイラ チャンネル,7,30300,False,2026-06-21T09:38:54.336050+00:00,1527,0.0045841519318926,0.0022222924474078246,231.02310231023102
UC-i36SWiUZRxW9S0ROCoseQ,Mods Clinic モッズクリニック【脂肪吸引・注入】,7,55100,False,2026-06-21T09:38:54.336102+00:00,1527,0.0045841519318926,0.0022222924474078246,127.04174228675137
UC4jbh3S-f3vBja8a8EAXnWw,ユニバーサル弥榮,7,22400,False,2026-06-21T09:38:54.336149+00:00,1527,0.0045841519318926,0.0022222924474078246,312.5
UC4lp9Emg1ci8eo2eDkB-Tag,Nature Relaxation Films,7,1060000,False,2026-06-21T09:38:54.336021+00:00,1527,0.0045841519318926,0.0022222924474078246,6.60377358490566
UCCnpddpO0f-llNaC8av-EhQ,ワタナベケンタロウ,7,125000,False,2026-06-21T09:38:54.336167+00:00,1527,0.0045841519318926,0.0022222924474078246,56.0
UC-iv-02xd8U75F2Dn_TB7Tg,大林モータース,7,91300,False,2026-06-21T09:38:54.336047+00:00,1527,0.0045841519318926,0.0022222924474078246,76.67031763417306
UC4dHG5n-zjvEmWlLua2p5hw,闇の事件簿,7,46700,False,2026-06-21T09:38:54.336160+00:00,1527,0.0045841519318926,0.0022222924474078246,149.8929336188437
UCDBtDAxlqoXWRzhEb4yZ1wA,山﨑拓巳の『凄いことはアッサリ起きる』チャンネル,7,39200,False,2026-06-21T09:38:54.336012+00:00,1527,0.0045841519318926,0.0022222924474078246,178.57142857142858
UCX2tvXwAItLs5RhFFSGn9LQ,『あいうえおフォニックス』英語発音,7,575000,False,2026-06-21T09:38:54.336174+00:00,1527,0.0045841519318926,0.0022222924474078246,12.173913043478262
UC1_-qKnEhVJ-k77YRyR2Ciw,藤原さくら,7,176000,False,2026-06-21T09:38:54.336053+00:00,1527,0.0045841519318926,0.0022222924474078246,39.77272727272727
UC12FUHVhwpC5lMYsMPMbmyg,Dashcam Roadshow,7,191000,False,2026-06-21T09:38:54.335997+00:00,1527,0.0045841519318926,0.0022222924474078246,36.64921465968586
UC12RsAZe2Wmx5D9sCWesyNQ,フルコンタクトチャンネル,7,80800,False,2026-06-21T09:38:54.336122+00:00,1527,0.0045841519318926,0.0022222924474078246,86.63366336633663
UC4YOaeDPrrWdNAfch4lPIRQ,ピノ電気工事,7,116000,False,2026-06-21T09:38:54.336017+00:00,1527,0.0045841519318926,0.0022222924474078246,60.3448275862069
UC4N9V8J-QDrNx7x1eDPE75A,わっさーふぁんくらぶ【公式】,7,421000,False,2026-06-21T09:38:54.336115+00:00,1527,0.0045841519318926,0.0022222924474078246,16.627078384798097
UC4NpGzqd6nnntf8ehYC50-A,B.LEAGUE - Japan Professional Basketball League,7,368000,False,2026-06-21T09:38:54.336036+00:00,1527,0.0045841519318926,0.0022222924474078246,19.02173913043478
UC-tjELSB12C9j8Vu5XJLwNA,バイバイモーション,7,25500,False,2026-06-21T09:38:54.391119+00:00,1527,0.0045841519318926,0.0022222924474078246,274.5098039215686
UC-rO9A_VllC58F-uqGHWjIg,ガルこめちゃん【ガルちゃん有益スレ】,7,10900,False,2026-06-21T09:38:54.391028+00:00,1527,0.0045841519318926,0.0022222924474078246,642.2018348623853
UC4QOeoSNFdmJx6IFECBlbVw,たこの見解【格闘技バラエティ】,7,92800,False,2026-06-21T09:38:54.391108+00:00,1527,0.0045841519318926,0.0022222924474078246,75.43103448275862
UCDampMTmVkf0D3rCvQP2R7A,サンシャイン池崎の超・空前絶後超絶怒涛のギャラクシーちゃんねる極,7,756000,False,2026-06-21T09:38:54.391150+00:00,1527,0.0045841519318926,0.0022222924474078246,9.25925925925926
UCDbQblY1XASbgqOXmy6FOFQ,kobasolo,7,3080000,False,2026-06-21T09:38:54.391191+00:00,1527,0.0045841519318926,0.0022222924474078246,2.272727272727273
UC-ve2Yj6RmgF5LKQic7Pe5w,KID FRESINO,7,63600,False,2026-06-21T09:38:54.391196+00:00,1527,0.0045841519318926,0.0022222924474078246,110.062893081761
UC-smeLB9AnOTeypr1YyjJ3A,ARTE Concert,7,1980000,False,2026-06-21T09:38:54.391292+00:00,1527,0.0045841519318926,0.0022222924474078246,3.535353535353535
UCDnUkOjKd0ggqHBaexWDatw,しばとん投資信託,7,227000,False,2026-06-21T09:38:54.391048+00:00,1527,0.0045841519318926,0.0022222924474078246,30.837004405286347
UCDy22j1Z7jDpyI14KWVgmQQ,サイエンスドリーム 【Science Dream】,7,449000,False,2026-06-21T09:38:54.391181+00:00,1527,0.0045841519318926,0.0022222924474078246,15.5902004454343
UC4BdqBRtJXpOGJg2KCzQmvg,たまゆら学園,7,397000,False,2026-06-21T09:38:54.391114+00:00,1527,0.0045841519318926,0.0022222924474078246,17.632241813602015
UCN36kFB7Lh4tptI4rsy5vFw,東洋経済オンライン,7,632000,False,2026-06-21T09:38:54.391254+00:00,1527,0.0045841519318926,0.0022222924474078246,11.075949367088608
UC4925c_l26RDiNvwgjlCXzQ,タロット・ティアラ,7,49600,False,2026-06-21T09:38:54.391287+00:00,1527,0.0045841519318926,0.0022222924474078246,141.12903225806454
UC-yOfEFvIc48ouq4jMCz4YA,緑おじぃのショート,7,139000,False,2026-06-21T09:38:54.391238+00:00,1527,0.0045841519318926,0.0022222924474078246,50.35971223021583
UCVmhuqz0HJkVbfmWA5eqyyg,Jamev_『内向型の覚醒論』,7,48700,False,2026-06-21T09:38:54.391174+00:00,1527,0.0045841519318926,0.0022222924474078246,143.73716632443532
UC3x4jfBYkeGRUv0udxL426A,Aurora Tune,7,14500,False,2026-06-21T09:38:54.391206+00:00,1527,0.0045841519318926,0.0022222924474078246,482.7586206896552
UC-zeaPnxZHE3EcTyVl1fTdw,ClariS Official YouTube Channel,7,307000,False,2026-06-21T09:38:54.391096+00:00,1527,0.0045841519318926,0.0022222924474078246,22.80130293159609
UC-zp2IkXgo4BP_dpXP2_z_A,占いチャンネル,7,16900,False,2026-06-21T09:38:54.391201+00:00,1527,0.0045841519318926,0.0022222924474078246,414.2011834319527
UC3u1lQRR5MKOWH8erkGn3zw,オオカミ少佐のニュースチャンネル,7,176000,False,2026-06-21T09:38:54.391067+00:00,1527,0.0045841519318926,0.0022222924474078246,39.77272727272727
UC00LLNK4no5sv-HzT2a5owg,Wink,7,57300,False,2026-06-21T09:38:54.391102+00:00,1527,0.0045841519318926,0.0022222924474078246,122.16404886561955
UCEgdi0XIXXZ-qJOFPf4JSKw,Sports,7,74300000,False,2026-06-21T09:38:54.391216+00:00,1527,0.0045841519318926,0.0022222924474078246,0.09421265141318977
UC3jMy08han2ODgu-0L-zMVA,Erino Yumiki / 弓木英梨乃 YouTube Channel,7,179000,False,2026-06-21T09:38:54.391091+00:00,1527,0.0045841519318926,0.0022222924474078246,39.10614525139665
UC05TCoSUwXrH72e-28Lo5xw,営業研修講師 / 浅川智仁チャンネル,7,25000,False,2026-06-21T09:38:54.391249+00:00,1527,0.0045841519318926,0.0022222924474078246,280.0
UC3ksN_4AjdLqefrgnSfB8NA,ちあこちゃんねる / Chiako channel,7,79500,False,2026-06-21T09:38:54.391298+00:00,1527,0.0045841519318926,0.0022222924474078246,88.0503144654088
UC3gIFrMEpEMhDziMRoNBIDg,みんなのＦＸ｜トレイダーズ証券,7,47600,False,2026-06-21T09:38:54.391054+00:00,1527,0.0045841519318926,0.0022222924474078246,147.05882352941174
UCUTgXNqRBqR33D5q10DfQXw,テイコウペンギン,7,2080000,False,2026-06-21T09:38:54.391138+00:00,1527,0.0045841519318926,0.0022222924474078246,3.3653846153846154
UCUuihBLgcL1v9Raof4r2JbA,心理カウンセラー 衛藤信之,7,100000,False,2026-06-21T09:38:54.391020+00:00,1527,0.0045841519318926,0.0022222924474078246,70.0
UC3dIX91y-gu-PkXNx0qbszA,Sleep Hypnosis / Rye Yobanashi,7,191000,False,2026-06-21T09:38:54.391125+00:00,1527,0.0045841519318926,0.0022222924474078246,36.64921465968586
UC3dT7gwezpVA1dAUgt2x_wQ,なかむた,7,304000,False,2026-06-21T09:38:54.391085+00:00,1527,0.0045841519318926,0.0022222924474078246,23.026315789473685
UC1jJ1J-NU5KWIhYOqn1wtjQ,CITYPOP198X,7,35000,False,2026-06-21T09:38:54.391211+00:00,1527,0.0045841519318926,0.0022222924474078246,200.0
UC1jcMLLLW72VwA1bUK1vT-w,群れずに1000万円。マジメな個人戦略。,7,3030,False,2026-06-21T09:38:54.391186+00:00,1527,0.0045841519318926,0.0022222924474078246,2310.2310231023102
UC06WalpLcwTx-0ZVgglMc5Q,DOMMUNE,7,79800,False,2026-06-21T09:38:54.391264+00:00,1527,0.0045841519318926,0.0022222924474078246,87.71929824561403
UC06ZDb8Gai8rtkqshcHeuRA,あはれ!名作くん,7,510000,False,2026-06-21T09:38:54.391132+00:00,1527,0.0045841519318926,0.0022222924474078246,13.72549019607843
UC09d82usokACH1z5YeKnfiA,Fifth Harmony,7,9320000,False,2026-06-21T09:38:54.391162+00:00,1527,0.0045841519318926,0.0022222924474078246,0.7510729613733906
UC3PZvqEE-zprmx70h3Q-zog,AKASAKI (19),7,512000,False,2026-06-21T09:38:54.391041+00:00,1527,0.0045841519318926,0.0022222924474078246,13.671875
UC3Q2mEFdbGF8GyVIQCRVXng,大人のブラック恋愛心理学,7,33800,False,2026-06-21T09:38:54.391270+00:00,1527,0.0045841519318926,0.0022222924474078246,207.10059171597635
UCFVa7A6WrcrpANNx14U9CFg,大田ひろゆき,7,92200,False,2026-06-21T09:38:54.391144+00:00,1527,0.0045841519318926,0.0022222924474078246,75.92190889370933
UC3MEHVxWH61MlRaJx1LQXbA,オシロサイクルoshirocycle,7,197000,False,2026-06-21T09:38:54.391003+00:00,1527,0.0045841519318926,0.0022222924474078246,35.53299492385787
UCF_HS4xECQPheRXiosgblqw,Crystalian - Sound Healing,7,179000,False,2026-06-21T09:38:54.391281+00:00,1527,0.0045841519318926,0.0022222924474078246,39.10614525139665
UCFdD4l0QtLRrWwO21VTyhow,浜田 聡　@前参議院議員,7,317000,False,2026-06-21T09:38:54.391233+00:00,1527,0.0045841519318926,0.0022222924474078246,22.082018927444796
UCFhcNbijKU0_0chLSrKgAug,メシのタネ,7,517000,False,2026-06-21T09:38:54.391244+00:00,1527,0.0045841519318926,0.0022222924474078246,13.539651837524179
UC3CN-6HD65mLjZe_nO0KcCg,つなまよの親バカ日記,7,379000,False,2026-06-21T09:38:54.391228+00:00,1527,0.0045841519318926,0.0022222924474078246,18.46965699208443
UC3FqX2adoxzuOwrbRt_c_Gw,これエエやん,7,126000,False,2026-06-21T09:38:54.391168+00:00,1527,0.0045841519318926,0.0022222924474078246,55.55555555555556
UC38PdLw9v5LoC5cAGTDmyoQ,植木理恵の心理学チャンネル【公式】,7,60800,False,2026-06-21T09:38:54.391222+00:00,1527,0.0045841519318926,0.0022222924474078246,115.13157894736842
UC1kS0UwEOoHpgzgnV_goVZQ,清水貴裕,7,92400,False,2026-06-21T09:38:54.391073+00:00,1527,0.0045841519318926,0.0022222924474078246,75.75757575757575
UC1m694k0A33QAnADuKcvR3w,The Soul Resonance,7,237000,False,2026-06-21T09:38:54.391156+00:00,1527,0.0045841519318926,0.0022222924474078246,29.535864978902953
UC1fYrot9lgMstv7vX0BnjnQ,かす,7,1430000,False,2026-06-21T09:38:54.391060+00:00,1527,0.0045841519318926,0.0022222924474078246,4.895104895104895
UC39EMuY_IVq6_hBrs6tAMuQ,CRAFTA クラフタチャンネル,7,419000,False,2026-06-21T09:38:54.391035+00:00,1527,0.0045841519318926,0.0022222924474078246,16.706443914081145
UC3Ag_RYMHDYbAV0UKYRtzZQ,DENPO-ZI（無料で動画制作を学べる総合サイト）,7,36900,False,2026-06-21T09:38:54.391275+00:00,1527,0.0045841519318926,0.0022222924474078246,189.7018970189702
UCG8nVOl500FeDYUF37nTRow,パウラちゃんねる,7,142000,False,2026-06-21T09:38:54.391079+00:00,1527,0.0045841519318926,0.0022222924474078246,49.29577464788732
UC35TRecEk9N5FAj2a--PAkg,ボートレース公式映像配信 JLCレジャーチャンネル,7,222000,False,2026-06-21T09:38:54.391259+00:00,1527,0.0045841519318926,0.0022222924474078246,31.53153153153153
UC0Hul89PTAXeu1ibaviCCbg,みわ⌇40代激務OLのゆるエクササイズ,7,51100,False,2026-06-21T09:38:54.458890+00:00,1527,0.0045841519318926,0.0022222924474078246,136.986301369863
UC0HxSOdO3O67nfy-11kcFJw,Tommy february6 / Tommy heavenly6,7,165000,False,2026-06-21T09:38:54.458833+00:00,1527,0.0045841519318926,0.0022222924474078246,42.42424242424242
UC2vvdIk2GX0nnySaYTqABMg,天之御中主神様 一日一回,7,16300,False,2026-06-21T09:38:54.458796+00:00,1527,0.0045841519318926,0.0022222924474078246,429.4478527607362
UC2xJ-Bs_oUY6afJyHDGG-zw,けしごむ /KESHIGOMU,7,75800,False,2026-06-21T09:38:54.458814+00:00,1527,0.0045841519318926,0.0022222924474078246,92.34828496042216
UCRouQRkb2eoUaU2T7TMfggg,偉人の言葉,7,109000,False,2026-06-21T09:38:54.458885+00:00,1527,0.0045841519318926,0.0022222924474078246,64.22018348623854
UC0I_4R0GPWnUnM-b4-KXnLw,wAtARu -CAR and DESIGN,7,88600,False,2026-06-21T09:38:54.458778+00:00,1527,0.0045841519318926,0.0022222924474078246,79.00677200902935
UCGdGyJ6N07dvumQSTOCEOQg,Japanese History / YouTube High School,7,676000,False,2026-06-21T09:38:54.458868+00:00,1527,0.0045841519318926,0.0022222924474078246,10.355029585798817
UCQlOfsmvWrWDHdopzmoxi2A,Kazu Languages,7,1580000,False,2026-06-21T09:38:54.458822+00:00,1527,0.0045841519318926,0.0022222924474078246,4.430379746835443
UCRKVzYJ0LQ6-U1HXNI9iDzg,NoBorder X File,7,242000,False,2026-06-21T09:38:54.458825+00:00,1527,0.0045841519318926,0.0022222924474078246,28.925619834710744
UCRRc9jvc6LP-MO2Cf0E7ZZA,島田秀平のお開運巡り,7,346000,False,2026-06-21T09:38:54.458874+00:00,1527,0.0045841519318926,0.0022222924474078246,20.23121387283237
UC0z4aPH95GA94fKH2OBdNIA,有益ガル美ちゃん【Girlschannelまとめ】,7,65000,False,2026-06-21T09:38:54.458827+00:00,1527,0.0045841519318926,0.0022222924474078246,107.6923076923077
UCGxe7RjYvCgoD5l2I1enVsg,都市伝説探求機関,7,221000,False,2026-06-21T09:38:54.458803+00:00,1527,0.0045841519318926,0.0022222924474078246,31.674208144796378
UC2oc9ZvoYYuMNWHy41J4USQ,Tomoki Suzuki,7,147000,False,2026-06-21T09:38:54.458898+00:00,1527,0.0045841519318926,0.0022222924474078246,47.61904761904762
UC2p9pSIMYa-asF6C38039gQ,ビデリシャス - おいしい動画 -,7,256000,False,2026-06-21T09:38:54.458835+00:00,1527,0.0045841519318926,0.0022222924474078246,27.34375
UC2kbd8gXj5fdfmta-Gp_kFw,チェリー東大 /あきぴで,7,717000,False,2026-06-21T09:38:54.458882+00:00,1527,0.0045841519318926,0.0022222924474078246,9.762900976290098
UC0R6UO7KdbteolkybHkrWVg,リサの世界,7,51000,False,2026-06-21T09:38:54.458805+00:00,1527,0.0045841519318926,0.0022222924474078246,137.2549019607843
UC2dMZ0-RekJkm4dQYnraW7g,川端龍【ドンマイ川端】,7,428000,False,2026-06-21T09:38:54.458793+00:00,1527,0.0045841519318926,0.0022222924474078246,16.355140186915886
UC0UHA4weNDGnzq-OakNyXrQ,ハピちゃんとさっちゃんの不思議な旅,7,1860,False,2026-06-21T09:38:54.458904+00:00,1527,0.0045841519318926,0.0022222924474078246,3763.440860215054
UC0UJ2ZphiSp-ye0mxM_MIwQ,Grow Mind,7,1820,False,2026-06-21T09:38:54.458816+00:00,1527,0.0045841519318926,0.0022222924474078246,3846.153846153846
UCHgmn654dSJaE6cSWzwYMDw,みっちーのアニメ,7,317000,False,2026-06-21T09:38:54.458849+00:00,1527,0.0045841519318926,0.0022222924474078246,22.082018927444796
UCQINXHZqCU5i06HzxRkujfg,BGM channel,7,5720000,False,2026-06-21T09:38:54.458863+00:00,1527,0.0045841519318926,0.0022222924474078246,1.2237762237762237
UC0WQW-Fdwxu1ISo9EgAYItA,Global X Japan,7,56800,False,2026-06-21T09:38:54.458866+00:00,1527,0.0045841519318926,0.0022222924474078246,123.2394366197183
UC0ct9iy0QcNMj7gHl1EOiZQ,バタービスケット,7,431000,False,2026-06-21T09:38:54.458901+00:00,1527,0.0045841519318926,0.0022222924474078246,16.241299303944317
UC0cy4AN51lAHRzVdpMHGTnA,ジブリに学ぶLesson,7,30100,False,2026-06-21T09:38:54.458906+00:00,1527,0.0045841519318926,0.0022222924474078246,232.55813953488374
UC0x3-oWbp8upxtyrOdquO8g,Honami Shorts,7,7080,False,2026-06-21T09:38:54.458858+00:00,1527,0.0045841519318926,0.0022222924474078246,988.7005649717514
UC2FsTPZ5-qIvL-qJaO8ii4Q,ひろゆきの語り場【切り抜き】,7,74100,False,2026-06-21T09:38:54.458912+00:00,1527,0.0045841519318926,0.0022222924474078246,94.46693657219973
UC0fSYqtJMTWXUNQ19QYWH3w,陽香HARUKA,7,129000,False,2026-06-21T09:38:54.458917+00:00,1527,0.0045841519318926,0.0022222924474078246,54.263565891472865
UCIVqvhyo8ttjYOmMJuhq_YQ,RADWIMPS,7,3550000,False,2026-06-21T09:38:54.458808+00:00,1527,0.0045841519318926,0.0022222924474078246,1.971830985915493
UCIWtoNkliCKDmmW5HafXAvg,散歩するアンドロイド　,7,462000,False,2026-06-21T09:38:54.458838+00:00,1527,0.0045841519318926,0.0022222924474078246,15.15151515151515
UCIYs6nBtvkXWjTNZWNRtD-g,ナナフシギ【公式】,7,552000,False,2026-06-21T09:38:54.458799+00:00,1527,0.0045841519318926,0.0022222924474078246,12.681159420289855
UC2DLYvRf5PZHytTEb137nvw,夏海ルイの音楽隊,7,115000,False,2026-06-21T09:38:54.458841+00:00,1527,0.0045841519318926,0.0022222924474078246,60.869565217391305
UC2DOb7D13IZZkjZ9TYZZSgw,MAGGY's Beauty and the Speed,7,125000,False,2026-06-21T09:38:54.458852+00:00,1527,0.0045841519318926,0.0022222924474078246,56.0
UC28VlSMKRAERsXYXCAMsyIg,藤澤一樹,7,42500,False,2026-06-21T09:38:54.458844+00:00,1527,0.0045841519318926,0.0022222924474078246,164.7058823529412
UC2AVtTOAnC89oOgwobq45mQ,にんじんFX,7,18900,False,2026-06-21T09:38:54.458860+00:00,1527,0.0045841519318926,0.0022222924474078246,370.3703703703703
UCIu9bc_ZLLmIZ1r_3UXi4PA,ためになるAppleの話,7,218000,False,2026-06-21T09:38:54.458896+00:00,1527,0.0045841519318926,0.0022222924474078246,32.11009174311927
UCIxmMJenWnBZuSSg0hmLx_g,未来視!直感タロット占い ふなチャンネル,7,72200,False,2026-06-21T09:38:54.458915+00:00,1527,0.0045841519318926,0.0022222924474078246,96.95290858725761
UC0i5DoDaPTkvl3OoWcipQgQ,MIURA CLUB,7,114000,False,2026-06-21T09:38:54.458811+00:00,1527,0.0045841519318926,0.0022222924474078246,61.40350877192983
UCJhFv3A2dYQNwUgEAn6WPJw,世界見聞録,7,450000,False,2026-06-21T09:38:54.458830+00:00,1527,0.0045841519318926,0.0022222924474078246,15.555555555555555
UC0rPzOftAFIF2zHwQpeu6eQ,YogakuDaigaku,7,22100,False,2026-06-21T09:38:54.458920+00:00,1527,0.0045841519318926,0.0022222924474078246,316.74208144796376
UC2-yhQkFm5p3_PHl7v4twTA,Yuki's Morning TOEIC English Channel,7,12700,False,2026-06-21T09:38:54.458887+00:00,1527,0.0045841519318926,0.0022222924474078246,551.1811023622047
UC1xd0cAOryAMTTG34joEgdg,べりたんで検索お願いします,7,1310000,False,2026-06-21T09:38:54.458871+00:00,1527,0.0045841519318926,0.0022222924474078246,5.343511450381679
UC1u2xTgQlswh8-rRekyZeRA,ミランダかあちゃんねる,7,137000,False,2026-06-21T09:38:54.458847+00:00,1527,0.0045841519318926,0.0022222924474078246,51.09489051094891
UC1uLU_Ei6KTMddEwuCRgrwg,この世のミステリーを霊視考察!!ゆるふわサイキックちゃんねる,7,89000,False,2026-06-21T09:38:54.458855+00:00,1527,0.0045841519318926,0.0022222924474078246,78.65168539325843
UCK-1ia7u9plYyIbSuHPOsIw,Stretch trainer Tadashi Kaneko Channel,7,332000,False,2026-06-21T09:38:54.458909+00:00,1527,0.0045841519318926,0.0022222924474078246,21.08433734939759
UCK9Pl6bbWqMC_x7IDca2tIg,Sho's投資情報局,7,228000,False,2026-06-21T09:38:54.458789+00:00,1527,0.0045841519318926,0.0022222924474078246,30.701754385964914
UC1rwj_XV_cH1PLjDnw6Jf-w,ゲーム燦爛チャンネル暁,7,49400,False,2026-06-21T09:38:54.458819+00:00,1527,0.0045841519318926,0.0022222924474078246,141.70040485829958
UCORW3zZTUVdVwlY5Mnk8q9Q,ブレイクスルー佐々木,7,1300000,False,2026-06-21T09:38:54.458923+00:00,1527,0.0045841519318926,0.0022222924474078246,5.384615384615385
UCOe26hLXeypA8KGls6fXPxw,税理士河南のYouTubeチャンネル!,7,282000,False,2026-06-21T09:38:54.458893+00:00,1527,0.0045841519318926,0.0022222924474078246,24.822695035460992
UC-0VaC5FJX_IxQZx25LX1Ew,音のひとくち,7,57600,False,2026-06-21T09:38:54.458879+00:00,1527,0.0045841519318926,0.0022222924474078246,121.52777777777777
UC93Jre2TBI_9dzzYhQFFzXg,PanoL,7,516000,False,2026-06-21T09:38:54.458877+00:00,1527,0.0045841519318926,0.0022222924474078246,13.565891472868216
UC--gkGfH8u33yIDDLrFNl6A,川畑要のYouTubeチャンネル KKTV,7,143000,False,2026-06-21T09:38:54.516539+00:00,1527,0.0045841519318926,0.0022222924474078246,48.951048951048946
UC--VXRpoDtokerOb5TDwE5g,Fly-N フライン,7,5310000,False,2026-06-21T09:38:54.516456+00:00,1527,0.0045841519318926,0.0022222924474078246,1.3182674199623352
UC9D8vopYTSvGIdzyH6e_3oA,YMK / iPadで生活を少し豊かに,6,194000,False,2026-06-21T09:38:54.516563+00:00,1527,0.003929273084479371,0.0018020029322419076,30.927835051546396
UC-3LVluQysOhLXVUQUBUhVA,PRANK JAPAN,6,216000,False,2026-06-21T09:38:54.516566+00:00,1527,0.003929273084479371,0.0018020029322419076,27.77777777777778
UCxbY38ReXW3LbaviWUE4omg,Discovery Channel Japan,6,2090000,False,2026-06-21T09:38:54.516512+00:00,1527,0.003929273084479371,0.0018020029322419076,2.8708133971291865
UC-4HCk14Nb7hkdZ1aiZYBeg,YUZU CHANNEL【ゆずチャンネル】,6,99700,False,2026-06-21T09:38:54.516429+00:00,1527,0.003929273084479371,0.0018020029322419076,60.18054162487463
UC-4HMv1j00QTebcFg4mV2DQ,Paul Barton,6,778000,False,2026-06-21T09:38:54.516577+00:00,1527,0.003929273084479371,0.0018020029322419076,7.712082262210797
UC-1uvY3U4sMSGi52IcT_fWQ,さとみ【すとぷり】,6,1660000,False,2026-06-21T09:38:54.516583+00:00,1527,0.003929273084479371,0.0018020029322419076,3.6144578313253013
UCxR6wFHN0t9svHv84l7vE7A,カルマン【構造で人生を制す】,6,44300,False,2026-06-21T09:38:54.516491+00:00,1527,0.003929273084479371,0.0018020029322419076,135.44018058690745
UC-nCEnXF8ofTmGv8KBUlvIw,ほんとにあった都市伝説【ほん都市】,6,22600,False,2026-06-21T09:38:54.516529+00:00,1527,0.003929273084479371,0.0018020029322419076,265.4867256637168
UCDFUIHM-_G3GRwUlo6r7KxA,BSノブロック〜新橋ヘロヘロ団〜,6,524000,False,2026-06-21T09:38:54.516449+00:00,1527,0.003929273084479371,0.0018020029322419076,11.450381679389313
UCD9Rctu_iqX1DP35iSm2e-Q,Biologist hebifrog ch,6,785000,False,2026-06-21T09:38:54.516481+00:00,1527,0.003929273084479371,0.0018020029322419076,7.643312101910828
UC4ZMxjJYNiR0MnvwBdquEAA,Mr.Forte,6,308000,False,2026-06-21T09:38:54.516501+00:00,1527,0.003929273084479371,0.0018020029322419076,19.48051948051948
UC4fX3u0gtH0z5LqJ7oDC4KQ,Yuu / Photo Journal PRESS,6,34100,False,2026-06-21T09:38:54.516597+00:00,1527,0.003929273084479371,0.0018020029322419076,175.95307917888562
UCKuKJHdK8hmwNXpEcHPK8FQ,筋トレの科学【理学療法士リョウ】,6,163000,False,2026-06-21T09:38:54.516495+00:00,1527,0.003929273084479371,0.0018020029322419076,36.809815950920246
UCX23v0voDwuLdlF7kNbfZFA,KOTSUBU CHANNEL,6,566000,False,2026-06-21T09:38:54.516536+00:00,1527,0.003929273084479371,0.0018020029322419076,10.60070671378092
UC1xO2eXAxRFjrp_0RPhcNTg,AIニュースラボ【毎朝配信】,6,3140,False,2026-06-21T09:38:54.516463+00:00,1527,0.003929273084479371,0.0018020029322419076,1910.8280254777071
UC-7C8c-SOAQ_X8kLBVQSclw,かけまるチャンネル,6,389000,False,2026-06-21T09:38:54.516459+00:00,1527,0.003929273084479371,0.0018020029322419076,15.424164524421593
UC9OXNkUKmf3bUx8N9l8jM2w,zardofficial,6,506000,False,2026-06-21T09:38:54.516553+00:00,1527,0.003929273084479371,0.0018020029322419076,11.857707509881422
UC9Ije5dQVFx9uTGddG_U5XA,将棋放浪記【プロ棋士】,6,230000,False,2026-06-21T09:38:54.516505+00:00,1527,0.003929273084479371,0.0018020029322419076,26.086956521739133
UC8fHDBGAgaHRX2SfVxjsABQ,pinkhage_bassplayer,6,208000,False,2026-06-21T09:38:54.516587+00:00,1527,0.003929273084479371,0.0018020029322419076,28.846153846153847
UC8bnwWsV8zw-2PNpdPJiW9g,杉崎仁志の悟りTV,6,126000,False,2026-06-21T09:38:54.516525+00:00,1527,0.003929273084479371,0.0018020029322419076,47.61904761904762
UC-nK7utNXXAS63tlLwdopbQ,TRUE Lantis Official Channel,6,101000,False,2026-06-21T09:38:54.516445+00:00,1527,0.003929273084479371,0.0018020029322419076,59.4059405940594
UC-kl8i6lq_ObZAn4kTL2WHA,in living. ,6,429000,False,2026-06-21T09:38:54.516560+00:00,1527,0.003929273084479371,0.0018020029322419076,13.986013986013987
UCXteDRy5qB0IjA8WPusCJ7w,Mr.Children Official Channel,6,1740000,False,2026-06-21T09:38:54.516498+00:00,1527,0.003929273084479371,0.0018020029322419076,3.4482758620689653
UCXhiUvJK_0uyLY1YvaSa0AQ,馬渕磨理子の株式クラブ,6,538000,False,2026-06-21T09:38:54.516508+00:00,1527,0.003929273084479371,0.0018020029322419076,11.152416356877323
UC-ltIgkALuC9liu6rC_m7BQ,チキンボールチャンネル,6,188000,False,2026-06-21T09:38:54.516453+00:00,1527,0.003929273084479371,0.0018020029322419076,31.914893617021274
UC4QcbLJWP6PEQu0eZ_AYWkw,Kenji Tarot,6,36000,False,2026-06-21T09:38:54.516434+00:00,1527,0.003929273084479371,0.0018020029322419076,166.66666666666666
UCOmHUn--16B90oW2L6FRR3A,BLACKPINK,6,101000000,False,2026-06-21T09:38:54.516573+00:00,1527,0.003929273084479371,0.0018020029322419076,0.05940594059405941
UC1siOb3YGln2SqwT03jEZZg,PODCAST:多教養大學,6,9780,False,2026-06-21T09:38:54.516518+00:00,1527,0.003929273084479371,0.0018020029322419076,613.4969325153374
UCKDHaChsg15O48nitYLZ2ow,ゆうた /心とお金の探究者,6,18900,False,2026-06-21T09:38:54.516570+00:00,1527,0.003929273084479371,0.0018020029322419076,317.46031746031747
UCK6UcpNmgAV49wvRNf6Sm_w,【公式】まんが日本昔ばなし,6,359000,False,2026-06-21T09:38:54.516473+00:00,1527,0.003929273084479371,0.0018020029322419076,16.71309192200557
UC1zDA0fVqjcBUFjDU4hsMzw,闇堕ち世界史【ゆっくり世界史解説】,6,40800,False,2026-06-21T09:38:54.516515+00:00,1527,0.003929273084479371,0.0018020029322419076,147.05882352941174
UC1xeCHFAHV2yXN3J_CNQzEg,動物の幸せ,6,2810000,False,2026-06-21T09:38:54.516580+00:00,1527,0.003929273084479371,0.0018020029322419076,2.135231316725979
UC1xW9sWqMKwkt6BLYF8xx6Q,ドレミ付！1本指ピアノbyりょん,6,190000,False,2026-06-21T09:38:54.516484+00:00,1527,0.003929273084479371,0.0018020029322419076,31.57894736842105
UC1aHmxIBnaJ_a1UXIo46Rug,開運ガルねこちゃん,6,12700,False,2026-06-21T09:38:54.516477+00:00,1527,0.003929273084479371,0.0018020029322419076,472.4409448818898
UC118F1yOA0bQYGgRMaeWbug,Chakra Work - チャクラワーク協会 - ,6,17100,False,2026-06-21T09:38:54.516594+00:00,1527,0.003929273084479371,0.0018020029322419076,350.8771929824561
UC1_kDQ6oRMhs8JaoMRK5PPw,SUUMOチャンネル,6,47800,False,2026-06-21T09:38:54.516556+00:00,1527,0.003929273084479371,0.0018020029322419076,125.52301255230127
UC4kUV8uGKmoQUs1HLzf7jsg,ニートtokyo,6,432000,False,2026-06-21T09:38:54.516441+00:00,1527,0.003929273084479371,0.0018020029322419076,13.88888888888889
UC-hlkO_qHp5CqQOLuFToZqQ,ゆっくりピアノ【ryo】,6,80500,False,2026-06-21T09:38:54.516600+00:00,1527,0.003929273084479371,0.0018020029322419076,74.53416149068323
UC-gjtyoUTzGEwWM5Y1J4J7Q,New Bliss,6,559000,False,2026-06-21T09:38:54.516415+00:00,1527,0.003929273084479371,0.0018020029322419076,10.73345259391771
UC-kHdyfI8TjS2j4s4gOsqsQ,ローカルアカデミーチャンネル,6,9820,False,2026-06-21T09:38:54.516466+00:00,1527,0.003929273084479371,0.0018020029322419076,610.9979633401223
UCCb4Vivka5F45u1MfO07nZQ,桃太郎+,6,183000,False,2026-06-21T09:38:54.516590+00:00,1527,0.003929273084479371,0.0018020029322419076,32.786885245901644
UCCZuWE7lIoqX8_HwwNfcErA,ジュラシック木澤,6,124000,False,2026-06-21T09:38:54.516438+00:00,1527,0.003929273084479371,0.0018020029322419076,48.387096774193544
UC4MhPBLL80Enn9EGPzDoGiA,西山孝四郎のマーケットスクエア,6,28700,False,2026-06-21T09:38:54.516470+00:00,1527,0.003929273084479371,0.0018020029322419076,209.05923344947735
UC4OqUn5DHBYhk9VOHs89lWQ,洋一の部屋,6,163000,False,2026-06-21T09:38:54.516549+00:00,1527,0.003929273084479371,0.0018020029322419076,36.809815950920246
UCP7Gw_YZAuh4Yg2fcdcuumQ,ARASHI,6,3860000,False,2026-06-21T09:38:54.516487+00:00,1527,0.003929273084479371,0.0018020029322419076,1.5544041450777202
UC9SED_R0__JoyR-x_EFE2gA,楽に生きる研究室🌻,6,18200,False,2026-06-21T09:38:54.516542+00:00,1527,0.003929273084479371,0.0018020029322419076,329.6703296703297
UC8_wmm5DX9mb4jrLiw8ZYzw,スカイピース,6,4330000,False,2026-06-21T09:38:54.516532+00:00,1527,0.003929273084479371,0.0018020029322419076,1.3856812933025404
UC-4ct-6r2qHA5h2jZ_h5w1A,KOBATO TIMES - Citizens raising their voices Japan,6,21000,False,2026-06-21T09:38:54.516522+00:00,1527,0.003929273084479371,0.0018020029322419076,285.7142857142857
UCq1cKXce5VFXG-nX8DBkTWQ,サイトウさんの毎日心理学チャンネル,6,136000,False,2026-06-21T09:38:54.566972+00:00,1527,0.003929273084479371,0.0018020029322419076,44.11764705882353
UC20ED07lWsx3ahgG4y1H3iQ,Yama Q,6,195000,False,2026-06-21T09:38:54.566963+00:00,1527,0.003929273084479371,0.0018020029322419076,30.769230769230766
UC2-uEmeE03S_hOQgUssCOZA,事件ジャングル,6,59200,False,2026-06-21T09:38:54.567040+00:00,1527,0.003929273084479371,0.0018020029322419076,101.35135135135134
UC-vtEQo3uKRegc2be9mqexw,igo shogi LIVE TV,6,130000,False,2026-06-21T09:38:54.566933+00:00,1527,0.003929273084479371,0.0018020029322419076,46.15384615384615
UC-veA4H0QF3Ev4uZe9vpQrQ,大阪・海遊館 Osaka Aquarium Kaiyukan,6,146000,False,2026-06-21T09:38:54.566952+00:00,1527,0.003929273084479371,0.0018020029322419076,41.09589041095891
UC4GXMHCwmONp6XFRB5SayAg,なとり / natori,6,1400000,False,2026-06-21T09:38:54.567032+00:00,1527,0.003929273084479371,0.0018020029322419076,4.285714285714286
UCDeSu8g3j-IxUG8iuxpZJug,【夜の心理学】心と脳の教養チャンネル,6,15600,False,2026-06-21T09:38:54.567007+00:00,1527,0.003929273084479371,0.0018020029322419076,384.61538461538464
UCDe1U0tcuU-UsSJsbSEsGuA,別冊！ニューソク通信,6,367000,False,2026-06-21T09:38:54.566996+00:00,1527,0.003929273084479371,0.0018020029322419076,16.348773841961854
UC4ncQuk56I8SK6lJGZcGwJQ,アコギ弾き語り専門ラボ / クルーニー,6,89200,False,2026-06-21T09:38:54.567018+00:00,1527,0.003929273084479371,0.0018020029322419076,67.2645739910314
UC8HIQJyMpEveMjxQbxH135Q,PATRICK MORDI,6,263000,False,2026-06-21T09:38:54.566988+00:00,1527,0.003929273084479371,0.0018020029322419076,22.813688212927758
UC899MXB8_df7O5HzedKBzaA,Julien Cohen,6,7500000,False,2026-06-21T09:38:54.566957+00:00,1527,0.003929273084479371,0.0018020029322419076,0.7999999999999999
UC8IWoNfegB72Q2nT9GJy2zQ,セイト先生 by AIプログラミングスクールSiiD,6,130000,False,2026-06-21T09:38:54.567002+00:00,1527,0.003929273084479371,0.0018020029322419076,46.15384615384615
UC8IK363bd35lzYO7wXUlvRg,DIY道楽 テツ,6,242000,False,2026-06-21T09:38:54.566941+00:00,1527,0.003929273084479371,0.0018020029322419076,24.793388429752063
UC-6Il-_GUvpordvs2fz3JLw,ゆあんくん🍑,6,191000,False,2026-06-21T09:38:54.567050+00:00,1527,0.003929273084479371,0.0018020029322419076,31.41361256544503
UC-8HUbXxrVLbDWJshcAEaYg,World Healthcare Game Changers Forum,6,4160,False,2026-06-21T09:38:54.567037+00:00,1527,0.003929273084479371,0.0018020029322419076,1442.3076923076924
UC9_jyB4wC3UXiZG7Zn9WKSA,すなおの着物チャンネル/Kimono-Sunao,6,417000,False,2026-06-21T09:38:54.566944+00:00,1527,0.003929273084479371,0.0018020029322419076,14.388489208633093
UCPOY4MSNPc7dlNE--QQcMxg,碇のりこ- スピリチュアルチャンネル,6,149000,False,2026-06-21T09:38:54.567026+00:00,1527,0.003929273084479371,0.0018020029322419076,40.26845637583893
UCPJMlD3I7bAPQnoisLwiUAQ,伝説の気功チャンネル,6,14500,False,2026-06-21T09:38:54.566999+00:00,1527,0.003929273084479371,0.0018020029322419076,413.7931034482759
UCPB26zyC0o8XNaNi0dN0u8Q,Japan healing - meditation and healing -,6,44100,False,2026-06-21T09:38:54.566960+00:00,1527,0.003929273084479371,0.0018020029322419076,136.05442176870747
UC4nFXu3gS34mJlaEVchsRWw,ZORN Official,6,322000,False,2026-06-21T09:38:54.566974+00:00,1527,0.003929273084479371,0.0018020029322419076,18.633540372670808
UC4zGMicoES8FZwkhiXXZThg,ボートレース公式 BOATRACE official,6,180000,False,2026-06-21T09:38:54.566955+00:00,1527,0.003929273084479371,0.0018020029322419076,33.333333333333336
UCMrg0DqhgSL8d9q1_i_Tv2A,毎日チャート分析ちゃんねる,6,157000,False,2026-06-21T09:38:54.567029+00:00,1527,0.003929273084479371,0.0018020029322419076,38.21656050955414
UC4A0ZOrruCUJ7Orhx8AeeQg,人生を変えるマネーアカデミー・ちょーさんch,6,18800,False,2026-06-21T09:38:54.566939+00:00,1527,0.003929273084479371,0.0018020029322419076,319.1489361702127
UC4JVSozJ0CXatYcOLQSdDug,【公式】脳科学研究所-Brain Science Lab,6,3410,False,2026-06-21T09:38:54.566993+00:00,1527,0.003929273084479371,0.0018020029322419076,1759.5307917888563
UC1XJ01wgexiFH4fmXDmK_pw,うさ耳情報局,6,95300,False,2026-06-21T09:38:54.566949+00:00,1527,0.003929273084479371,0.0018020029322419076,62.95907660020986
UCnBj9CULLD4Zbk_uZh2hnZQ,フル☆アニメTV,6,2130000,False,2026-06-21T09:38:54.566928+00:00,1527,0.003929273084479371,0.0018020029322419076,2.816901408450704
UCmZhEZxSCQdaiVnwbf7p5Mg,秘密の図書館,6,82000,False,2026-06-21T09:38:54.567048+00:00,1527,0.003929273084479371,0.0018020029322419076,73.17073170731707
UCmMFrO9hjeAg9RLuTSF4A2A,だれウマ【料理研究家】,6,1900000,False,2026-06-21T09:38:54.567053+00:00,1527,0.003929273084479371,0.0018020029322419076,3.1578947368421053
UC8-Th83bH_thdKZDJCrn88g,The Tonight Show Starring Jimmy Fallon,6,34000000,False,2026-06-21T09:38:54.566922+00:00,1527,0.003929273084479371,0.0018020029322419076,0.1764705882352941
UC7zx7uOmqXsD153rPSUvxcg,数学・英語のトリセツ!,6,241000,False,2026-06-21T09:38:54.566985+00:00,1527,0.003929273084479371,0.0018020029322419076,24.896265560165975
UC1ano3Qb1ORaTCWxdEQ0YTg,えんにっき,6,2590,False,2026-06-21T09:38:54.566968+00:00,1527,0.003929273084479371,0.0018020029322419076,2316.6023166023165
UC4wKG5KyK_jstc2g01PZBcg,ゴールデンボンバー公式,6,500000,False,2026-06-21T09:38:54.566983+00:00,1527,0.003929273084479371,0.0018020029322419076,12.0
UCCSj64W5_FtW3ZJMWfyH29g,Life Motivation,6,44700,False,2026-06-21T09:38:54.567013+00:00,1527,0.003929273084479371,0.0018020029322419076,134.22818791946307
UC53d1sJKJ8wt2hPqN2sv25g,ひーさま,6,55600,False,2026-06-21T09:38:54.567045+00:00,1527,0.003929273084479371,0.0018020029322419076,107.9136690647482
UCWcRj4M6JYcaXlAIn0IwfGw,しょーてぃ仮想通貨,6,109000,False,2026-06-21T09:38:54.567004+00:00,1527,0.003929273084479371,0.0018020029322419076,55.04587155963303
UCKlM7oQ1MaWt9ZMbMXtQyew,若返り健康生活TV【リーフィ・ラボ】,6,72200,False,2026-06-21T09:38:54.566977+00:00,1527,0.003929273084479371,0.0018020029322419076,83.10249307479225
UCKeSbR4kQK4RAPsrLVKJjCQ,埼玉スマホ教室,6,509000,False,2026-06-21T09:38:54.566966+00:00,1527,0.003929273084479371,0.0018020029322419076,11.787819253438114
UCNG0oQyGV5zPWEylPf164LA,CORE LIFE STORY,6,23600,False,2026-06-21T09:38:54.567021+00:00,1527,0.003929273084479371,0.0018020029322419076,254.23728813559322
UCN1w0Esm19bl7kMh5O23y-w,予防医学ch /医師監修 ウチカラクリニック,6,1080000,False,2026-06-21T09:38:54.566991+00:00,1527,0.003929273084479371,0.0018020029322419076,5.555555555555556
UCEAOVoVVtVBhcn7vLIQIkDA,spitzclips,6,990000,False,2026-06-21T09:38:54.566925+00:00,1527,0.003929273084479371,0.0018020029322419076,6.0606060606060606
UCE76DwRLDd0a81qEprE1ERA,Trade Labo【高配当・増配株チャンネル】,6,312000,False,2026-06-21T09:38:54.566980+00:00,1527,0.003929273084479371,0.0018020029322419076,19.23076923076923
UCWoiNwdr7EEjgs2waxe_QpA,勝間和代が徹底的にマニアックな話をするYouTube,6,270000,False,2026-06-21T09:38:54.567023+00:00,1527,0.003929273084479371,0.0018020029322419076,22.222222222222225
UCWknBs085JIeUMTWaix4_3g,みやぞんチャンネル,6,253000,False,2026-06-21T09:38:54.567042+00:00,1527,0.003929273084479371,0.0018020029322419076,23.715415019762844
UCCD76tKlE45u1YTX0cVh1OQ,Appleが大好きなんだよ,6,259000,False,2026-06-21T09:38:54.567034+00:00,1527,0.003929273084479371,0.0018020029322419076,23.166023166023166
UC5CRHe4xL-hoQclcBzPb_mg,ELLEGARDEN_OFFICIAL,6,288000,False,2026-06-21T09:38:54.567015+00:00,1527,0.003929273084479371,0.0018020029322419076,20.833333333333332
UC-BoD8Gx4gsPdmUv4NlA8Jw,CHEF'S LABO | Cook at home like a PRO,6,460000,False,2026-06-21T09:38:54.567010+00:00,1527,0.003929273084479371,0.0018020029322419076,13.043478260869566
UC9jWMeb8GhMqO3fGAB-XbiQ,永田MOVIE,6,142000,False,2026-06-21T09:38:54.566947+00:00,1527,0.003929273084479371,0.0018020029322419076,42.25352112676056
UC9fcd5KCJfOeRsdRJZdSaGQ,人生これから - ブッダの教え,6,67200,False,2026-06-21T09:38:54.566917+00:00,1527,0.003929273084479371,0.0018020029322419076,89.28571428571429
UC9d_g8p4e1T9tEhTppMRdBA,うごめ紀,6,761000,False,2026-06-21T09:38:54.566907+00:00,1527,0.003929273084479371,0.0018020029322419076,7.884362680683311
UC24yfMhHL7ryQhbc_Zw_qng,カズ飯/Cooking Kazu,6,565000,False,2026-06-21T09:38:54.566936+00:00,1527,0.003929273084479371,0.0018020029322419076,10.619469026548673
UC26ZU-55UPc7lVR9inHWayA,アバンティーズ,6,1270000,False,2026-06-21T09:38:54.651920+00:00,1527,0.003929273084479371,0.0018020029322419076,4.724409448818897
UC26AciTXULvcABdrWbaeL8Q,るぅとちゃんねる【すとぷり】,6,1020000,False,2026-06-21T09:38:54.651972+00:00,1527,0.003929273084479371,0.0018020029322419076,5.882352941176471
UC59QmljwcLTry65r8d_mllA,FX研究家　ちりつも,6,20300,False,2026-06-21T09:38:54.651982+00:00,1527,0.003929273084479371,0.0018020029322419076,295.5665024630542
UC58buGQNjsmGyiH2fCrWBCw,【純ちゃん公認】ピュアソウル・チャンネル,6,3400,False,2026-06-21T09:38:54.651813+00:00,1527,0.003929273084479371,0.0018020029322419076,1764.7058823529412
UC58AKXIB0rfLiKYw8vsf_Og,ゲロロンちゃんねる,6,13800,False,2026-06-21T09:38:54.652009+00:00,1527,0.003929273084479371,0.0018020029322419076,434.7826086956522
UC-c78nflPNgf4dJiytFEarg,ファンキーターン,6,36400,False,2026-06-21T09:38:54.651941+00:00,1527,0.003929273084479371,0.0018020029322419076,164.83516483516485
UC5FCURSdp8ob8NoOG_iB4dg,独ヲタ女子【＊アッキーch＊】,6,707000,False,2026-06-21T09:38:54.651894+00:00,1527,0.003929273084479371,0.0018020029322419076,8.486562942008486
UCVARwuMmqP4tqQFUQm57oQQ,RKJ VIDEO ,6,87300,False,2026-06-21T09:38:54.652025+00:00,1527,0.003929273084479371,0.0018020029322419076,68.72852233676976
UCIPm5o4QMXp8Cbgf7ZLbhow,奥薗壽子の日めくりレシピ【家庭料理研究家公式チャンネル】,6,844000,False,2026-06-21T09:38:54.652014+00:00,1527,0.003929273084479371,0.0018020029322419076,7.109004739336493
UC7ly4Q6oT3rcdOKQcQVvMgg,PASSLABO in 東大医学部発「朝10分」の受験勉強cafe,6,800000,False,2026-06-21T09:38:54.651818+00:00,1527,0.003929273084479371,0.0018020029322419076,7.5
UC7kwqr4yZo7h4Xj45eXz5pg,リーゼント刑事・秋山 博康チャンネル 「11時09分、現逮じゃ!」,6,155000,False,2026-06-21T09:38:54.651998+00:00,1527,0.003929273084479371,0.0018020029322419076,38.70967741935484
UC7w0EcsocUo6VEN7XvLj25Q,伊藤宏美 - 40代からのリッチ起業,6,14400,False,2026-06-21T09:38:54.651856+00:00,1527,0.003929273084479371,0.0018020029322419076,416.6666666666667
UC295-Dw_tDNtZXFeAPAW6Aw,5-Minute Crafts,6,80700000,False,2026-06-21T09:38:54.651861+00:00,1527,0.003929273084479371,0.0018020029322419076,0.07434944237918216
UC293LgrQDhHiODzHnbFUwtQ,Japanese Politics Room [ Seiji Room ],6,41000,False,2026-06-21T09:38:54.651845+00:00,1527,0.003929273084479371,0.0018020029322419076,146.34146341463415
UC0fwIt3KwTqN1SKv5oS6OJg,営業の神様 ユダヤ流チャンネル,6,4150,False,2026-06-21T09:38:54.651877+00:00,1527,0.003929273084479371,0.0018020029322419076,1445.7831325301206
UC3zIsdcPCG2OjaojTA79jaw,美しさは生きる力。 /中島香里(化粧品開発者),6,159000,False,2026-06-21T09:38:54.651936+00:00,1527,0.003929273084479371,0.0018020029322419076,37.735849056603776
UC-w7uU4AfLnZu2_po4e8YMQ,🌎 英語ニュースリスニング　English Mind Gym,6,31400,False,2026-06-21T09:38:54.651909+00:00,1527,0.003929273084479371,0.0018020029322419076,191.08280254777068
UC01YF5kNmfaM9lNb0Qarb1w,開運 - Lucky Japan,6,28600,False,2026-06-21T09:38:54.651829+00:00,1527,0.003929273084479371,0.0018020029322419076,209.7902097902098
UC3wNxV5ZWOL9kf4v2oXGQbw,入江慎吾 / アプリ開発FIRE,6,14500,False,2026-06-21T09:38:54.652020+00:00,1527,0.003929273084479371,0.0018020029322419076,413.7931034482759
UCVvVfg6FUYUtM71nDykgNZA,Moha-P World News,6,243000,False,2026-06-21T09:38:54.651866+00:00,1527,0.003929273084479371,0.0018020029322419076,24.691358024691358
UC1ZZXxFmKCIxoaIaye3OQeQ,お米チャンネル「人生を楽しむ食べ方」,6,73200,False,2026-06-21T09:38:54.651930+00:00,1527,0.003929273084479371,0.0018020029322419076,81.9672131147541
UC1YvITgTwB93QTGCMXQNe9A,black cat house ,6,70400,False,2026-06-21T09:38:54.651962+00:00,1527,0.003929273084479371,0.0018020029322419076,85.22727272727273
UC5MMdyWKFlCIKZGUigWwLOQ,のんびり暮らしチャンネル,6,466000,False,2026-06-21T09:38:54.651823+00:00,1527,0.003929273084479371,0.0018020029322419076,12.875536480686696
UCZnndFCPnK1EC2PERlGvwOA,シークエンスはやともチャンネル〜1人で見えるもん。〜,6,513000,False,2026-06-21T09:38:54.652030+00:00,1527,0.003929273084479371,0.0018020029322419076,11.695906432748538
UC3sxk9gzpiqhlIdgsOGIULw,はなこ,6,20800,False,2026-06-21T09:38:54.651987+00:00,1527,0.003929273084479371,0.0018020029322419076,288.4615384615385
UCLsdm7nCJCVTWSid7G_f0Pg,ABEMA【アベマ】公式,6,1860000,False,2026-06-21T09:38:54.651904+00:00,1527,0.003929273084479371,0.0018020029322419076,3.225806451612903
UC1JCb8qD6WpKnDq4qew7s1g,Premiere Note プレミアノート (Community Evangelist),6,23800,False,2026-06-21T09:38:54.651946+00:00,1527,0.003929273084479371,0.0018020029322419076,252.10084033613444
UC7diLYdTVp-jYqSIo--SJBA,Reo,6,307000,False,2026-06-21T09:38:54.651899+00:00,1527,0.003929273084479371,0.0018020029322419076,19.543973941368076
UC2C2al2XqmLm1sDadyMF_sw,スナックENVii GABRIELLA,6,199000,False,2026-06-21T09:38:54.651957+00:00,1527,0.003929273084479371,0.0018020029322419076,30.150753768844222
UCIZ6V0k88rJ_dP-9Ux-M3PQ,マネーのミカタ -トクする暮らしch-,6,300000,False,2026-06-21T09:38:54.651882+00:00,1527,0.003929273084479371,0.0018020029322419076,20.0
UCPcsc6rdDo70m47Jd1TxLhg,【斎藤一人 一番弟子】柴村恵美子 ふわふわチャンネル,6,197000,False,2026-06-21T09:38:54.651795+00:00,1527,0.003929273084479371,0.0018020029322419076,30.456852791878173
UC0f044PCt-QkUtql9FS6sXQ,Diary from the Japanese Country Side,6,112000,False,2026-06-21T09:38:54.651925+00:00,1527,0.003929273084479371,0.0018020029322419076,53.57142857142857
UC3qLKsWOOXgPrVGabFX-Vvg,Masaニュース雑談,6,140000,False,2026-06-21T09:38:54.651952+00:00,1527,0.003929273084479371,0.0018020029322419076,42.857142857142854
UCEXFjZTS3pRDxEnVvG41FDQ,夢をかなえる宝地図 ～望月俊孝～,6,29300,False,2026-06-21T09:38:54.651915+00:00,1527,0.003929273084479371,0.0018020029322419076,204.77815699658703
UC0-rgUz06yQA3n_7w5g-Znw,Power for Luck and Health,6,17800,False,2026-06-21T09:38:54.652004+00:00,1527,0.003929273084479371,0.0018020029322419076,337.07865168539325
UC3mm_8VUTwXyHXFkGV_GbYA,コルクマンガチャンネル,6,44400,False,2026-06-21T09:38:54.652046+00:00,1527,0.003929273084479371,0.0018020029322419076,135.13513513513513
UC5Kbujh4uGJP-ghTVCbgP0g,吉田エリカ,6,6050,False,2026-06-21T09:38:54.651806+00:00,1527,0.003929273084479371,0.0018020029322419076,991.7355371900827
UCC-KuyRS_lc1-0kCTOCesfw,英語発音専門ドクターDイングリッシュ,6,111000,False,2026-06-21T09:38:54.652041+00:00,1527,0.003929273084479371,0.0018020029322419076,54.054054054054056
UC2IH6kglV84Y8bDffGkwucQ,カーライフ情報チャンネル　フィアットさん,6,80200,False,2026-06-21T09:38:54.651850+00:00,1527,0.003929273084479371,0.0018020029322419076,74.81296758104737
UC2HXaFmf5YYy-PeIN90Sryg,Joseph Tittel,6,74700,False,2026-06-21T09:38:54.651872+00:00,1527,0.003929273084479371,0.0018020029322419076,80.32128514056225
UC2HLW_ZkopBzjnAId04vPxA,メンズNs【分かりやすい医学解説チャンネル】,6,142000,False,2026-06-21T09:38:54.651888+00:00,1527,0.003929273084479371,0.0018020029322419076,42.25352112676056
UC0bRz2qCgQj7fGPHkKZ95vw,ナンタラちゃんねる（くりぃむナンタラ公式チャンネル）,6,162000,False,2026-06-21T09:38:54.651992+00:00,1527,0.003929273084479371,0.0018020029322419076,37.03703703703704
UCPiQ_mEXdEbB-3Yhiq7gq5w,Watercolor by Shibasaki,6,2140000,False,2026-06-21T09:38:54.651835+00:00,1527,0.003929273084479371,0.0018020029322419076,2.803738317757009
UCBtuFiLjcevA5gLfWgeiRzw,Rちゃん,6,816000,False,2026-06-21T09:38:54.651977+00:00,1527,0.003929273084479371,0.0018020029322419076,7.352941176470589
UC05FxY71VTRBpJ08zpKZJKQ,Patrick in Japan,6,83500,False,2026-06-21T09:38:54.651967+00:00,1527,0.003929273084479371,0.0018020029322419076,71.8562874251497
UCBls5vQWbi3iedkMy5Pv3GQ,コットンきょんの人間観察ちゃんねる,6,238000,False,2026-06-21T09:38:54.652035+00:00,1527,0.003929273084479371,0.0018020029322419076,25.210084033613445
UC3guHRx3Vrq05UuHlNVh_bw,トレイダーズ証券　金融を、もっと面白く。,6,31800,False,2026-06-21T09:38:54.651788+00:00,1527,0.003929273084479371,0.0018020029322419076,188.67924528301887
UC3fOqiQwk378AnjTu4a0TjA,園原夫婦株式会社,6,27800,False,2026-06-21T09:38:54.651840+00:00,1527,0.003929273084479371,0.0018020029322419076,215.8273381294964
UC3ecufGSv_-F8fmeLmvjz6A,Nagoya Vocal School,6,64300,False,2026-06-21T09:38:54.651767+00:00,1527,0.003929273084479371,0.0018020029322419076,93.3125972006221
UC3eadaBk_BNK_kjurO7hitA,噂のスカッと,6,414000,False,2026-06-21T09:38:54.651801+00:00,1527,0.003929273084479371,0.0018020029322419076,14.492753623188404
UCNfVIim1m4pVgppvnuSdYIA,MARIA ORACLE,6,135000,False,2026-06-21T09:38:54.703753+00:00,1527,0.003929273084479371,0.0018020029322419076,44.44444444444445
UC1gbNFHc3Ut8xZj37QUStKg,テセサクch,6,1240000,False,2026-06-21T09:38:54.703749+00:00,1527,0.003929273084479371,0.0018020029322419076,4.838709677419355
UCEnIm3PHBjYjtwZdPnJwBxw,小玉歩【スキルを活かしてオンライン起業】,6,155000,False,2026-06-21T09:38:54.703708+00:00,1527,0.003929273084479371,0.0018020029322419076,38.70967741935484
UCV2G7uXFvBq6XYrM5TDgfNA,Endoscope channel,6,1310000,False,2026-06-21T09:38:54.703692+00:00,1527,0.003929273084479371,0.0018020029322419076,4.580152671755725
UCU8hoxo5usUNE_CEJli5x2g,好井まさおの怪談を浴びる会,6,745000,False,2026-06-21T09:38:54.703665+00:00,1527,0.003929273084479371,0.0018020029322419076,8.053691275167784
UC1rUV89a6t4kEI8-M8spNtA,データ競馬予想ダイジェスト,6,62000,False,2026-06-21T09:38:54.703783+00:00,1527,0.003929273084479371,0.0018020029322419076,96.77419354838709
UC0tFvjxtskreGS7ZfneQlaQ,ADVENTURE KING,6,7990,False,2026-06-21T09:38:54.703841+00:00,1527,0.003929273084479371,0.0018020029322419076,750.938673341677
UC7ZJE6US_DjsgVKF55fimgg,MOTIVE RIM,6,18000,False,2026-06-21T09:38:54.703732+00:00,1527,0.003929273084479371,0.0018020029322419076,333.3333333333333
UC7Yhy9EwOF343ci7O0xpQVw,チームみらい通信,6,14900,False,2026-06-21T09:38:54.703763+00:00,1527,0.003929273084479371,0.0018020029322419076,402.68456375838923
UC1KUo8aNFK4pUYhIbr-qnEA,戸塚ヨットスクールの真実,6,24300,False,2026-06-21T09:38:54.703725+00:00,1527,0.003929273084479371,0.0018020029322419076,246.9135802469136
UC09PYZNPkPW0G60IFu36B2g,2chSSプラス,6,59900,False,2026-06-21T09:38:54.703851+00:00,1527,0.003929273084479371,0.0018020029322419076,100.1669449081803
UC-_KlEHbeOq0qDeEZYPzz2A,40代からのFIRE計画,6,8090,False,2026-06-21T09:38:54.703790+00:00,1527,0.003929273084479371,0.0018020029322419076,741.6563658838071
UC5lJz69qiFu-F_0t-FXFg6w,世界一のゆっけ 、/ yukke,6,1100000,False,2026-06-21T09:38:54.703810+00:00,1527,0.003929273084479371,0.0018020029322419076,5.454545454545454
UC3Xpo5a0fRecHkCjEsnlgWQ,DIY JP channel,6,156000,False,2026-06-21T09:38:54.703700+00:00,1527,0.003929273084479371,0.0018020029322419076,38.46153846153846
UCNiurMpWExWgio2lqldycbA,辻ちゃんネル,6,2050000,False,2026-06-21T09:38:54.703814+00:00,1527,0.003929273084479371,0.0018020029322419076,2.926829268292683
UC5jLCyltbnart3k4iLFQvZg,GRe4N BOYZ,6,951000,False,2026-06-21T09:38:54.703834+00:00,1527,0.003929273084479371,0.0018020029322419076,6.309148264984227
UC5iLPoX7jHrxhjg76eGMCLQ,しょうじ,6,1190000,False,2026-06-21T09:38:54.703696+00:00,1527,0.003929273084479371,0.0018020029322419076,5.042016806722689
UCBiJhpVPD1jA6V4o7r2rQog,kaede cooking,6,192000,False,2026-06-21T09:38:54.703687+00:00,1527,0.003929273084479371,0.0018020029322419076,31.25
UCB_qr75-ydFVKSF9Dmo6izg,FORMULA 1,6,14800000,False,2026-06-21T09:38:54.703776+00:00,1527,0.003929273084479371,0.0018020029322419076,0.40540540540540543
UCBYFb5Tynk3s7sy4KI8iJ8w,ひよりの虫日記,6,106000,False,2026-06-21T09:38:54.703804+00:00,1527,0.003929273084479371,0.0018020029322419076,56.60377358490566
UCBVjMGOIkavEAhyqpxJ73Dw,Maroon 5,6,38000000,False,2026-06-21T09:38:54.703824+00:00,1527,0.003929273084479371,0.0018020029322419076,0.15789473684210528
UCTYQzAi6YOcgv2mkzsfzmpA,Kendra's Language School,6,6620000,False,2026-06-21T09:38:54.703807+00:00,1527,0.003929273084479371,0.0018020029322419076,0.9063444108761329
UCFDL0NuxUBAvvu1PnIwW2ww,Goose house,6,2490000,False,2026-06-21T09:38:54.703793+00:00,1527,0.003929273084479371,0.0018020029322419076,2.4096385542168677
UCA0JAke3g1FzHhm5AR6gr0A,【見るだけで健康になれる】元気健康ライフ,6,308000,False,2026-06-21T09:38:54.703711+00:00,1527,0.003929273084479371,0.0018020029322419076,19.48051948051948
UC9yE5zNQtT-sItF53GfQs7w,ぷらぐら,6,232000,False,2026-06-21T09:38:54.703722+00:00,1527,0.003929273084479371,0.0018020029322419076,25.862068965517242
UClWnDrT3brFVwhckhrbd2KA,あんずまろん,6,306000,False,2026-06-21T09:38:54.703770+00:00,1527,0.003929273084479371,0.0018020029322419076,19.607843137254903
UC2NujFa5X09CdV0YCntmQDg,板橋ハウス,6,776000,False,2026-06-21T09:38:54.703728+00:00,1527,0.003929273084479371,0.0018020029322419076,7.731958762886599
UC2N_J7rKTayAFg5A6QSIl6g,時事ネタJAPAN,6,50400,False,2026-06-21T09:38:54.703766+00:00,1527,0.003929273084479371,0.0018020029322419076,119.04761904761905
UC2NXLCH1PZO423_7xMf-Lrw,3150FIGHT,6,65700,False,2026-06-21T09:38:54.703773+00:00,1527,0.003929273084479371,0.0018020029322419076,91.32420091324201
UC1oDlBaj8rBLS-NiC_85YBg,人生は100年,6,52200,False,2026-06-21T09:38:54.703821+00:00,1527,0.003929273084479371,0.0018020029322419076,114.94252873563218
UC1naW_Wi8SgpjdyLA0YR9QQ,まんまるダイエット,6,61900,False,2026-06-21T09:38:54.703718+00:00,1527,0.003929273084479371,0.0018020029322419076,96.93053311793214
UC3_3jxzwvz8_6fZ3dglQJ0g,さやか食堂 / 小麦･油･砂糖なしレシピ研究室,6,33600,False,2026-06-21T09:38:54.703787+00:00,1527,0.003929273084479371,0.0018020029322419076,178.57142857142858
UC-YcwKIBD0kvwaICQXXlwCg,木佐貫洋平 LimbaTrip (プロカリンバ奏者),6,908000,False,2026-06-21T09:38:54.703780+00:00,1527,0.003929273084479371,0.0018020029322419076,6.607929515418502
UC5ruajhMHGygJUZ6rCpJ9iQ,Japanese girl Chie-Maru's Shachiku (aka. corporate slave) life,6,511000,False,2026-06-21T09:38:54.703759+00:00,1527,0.003929273084479371,0.0018020029322419076,11.741682974559687
UC5qXwHPFT6kzlbgxmZG9oug,遠藤真里佳　夢が叶う研究所,6,38400,False,2026-06-21T09:38:54.703797+00:00,1527,0.003929273084479371,0.0018020029322419076,156.25
UCBHu34kUlAAmQG5LsOKHlIw,あなたの知らない映画の世界【映画紹介ちゃんねる】,6,195000,False,2026-06-21T09:38:54.703756+00:00,1527,0.003929273084479371,0.0018020029322419076,30.769230769230766
UCBFcM6zw-0ygsRAJzo29iHw,岡田斗司夫セミナー【岡田斗司夫 切り抜き】,6,103000,False,2026-06-21T09:38:54.703745+00:00,1527,0.003929273084479371,0.0018020029322419076,58.25242718446602
UC1SvfAFIkNrLvz17isUO6sg,DOKUNO 読脳 ch,6,10800,False,2026-06-21T09:38:54.703704+00:00,1527,0.003929273084479371,0.0018020029322419076,555.5555555555555
UC2RY6iPTIwVVmkC-eFm8hog,金運アップ引き寄せの法則,6,4700,False,2026-06-21T09:38:54.703854+00:00,1527,0.003929273084479371,0.0018020029322419076,1276.5957446808509
UC0sKeBXCIA_gxRy0j9UICKg,株のプラスアルファを探すチャンネル,6,21700,False,2026-06-21T09:38:54.703742+00:00,1527,0.003929273084479371,0.0018020029322419076,276.49769585253455
UC0YewJU_GkRsZNdkOZz-h3g,CASTDICE TV,6,189000,False,2026-06-21T09:38:54.703738+00:00,1527,0.003929273084479371,0.0018020029322419076,31.746031746031743
UC0YZwJK11AtPPazhWnSxd6Q,Cat is Cat,6,25900,False,2026-06-21T09:38:54.703831+00:00,1527,0.003929273084479371,0.0018020029322419076,231.66023166023166
UC0cpUGlqr4YlEmRG7543dEg,ぎこちゃん / GIKOCHAN,6,815000,False,2026-06-21T09:38:54.703827+00:00,1527,0.003929273084479371,0.0018020029322419076,7.361963190184049
UC0cL6JIp3ekG0_-CbeZoA0w,カネマン,6,301000,False,2026-06-21T09:38:54.703735+00:00,1527,0.003929273084479371,0.0018020029322419076,19.93355481727575
UC3U8d4Lc9UWpL85clhsa3uQ,ゆたれぴレシピ,6,145000,False,2026-06-21T09:38:54.703715+00:00,1527,0.003929273084479371,0.0018020029322419076,41.37931034482759
UCU607BfClX724VqZZ9zWWcA,エガちゃんねる 〜替えのパンツ〜,6,1210000,False,2026-06-21T09:38:54.703844+00:00,1527,0.003929273084479371,0.0018020029322419076,4.958677685950414
UCTxDz8sXbnpYAfulQMRFNEQ,【公式】竹田恒泰チャンネル 2,6,955000,False,2026-06-21T09:38:54.703837+00:00,1527,0.003929273084479371,0.0018020029322419076,6.282722513089005
UCLC5Mv8VO-VM8wfrn1Twohw,葦原大和 DEEP MAX,6,386000,False,2026-06-21T09:38:54.703848+00:00,1527,0.003929273084479371,0.0018020029322419076,15.544041450777204
UC-Tb3IQgPdvmcQTXPqsTPvA,Vegetable Studio,6,105000,False,2026-06-21T09:38:54.703817+00:00,1527,0.003929273084479371,0.0018020029322419076,57.14285714285714
UCb9OgQn_8qXCsmztGCiyOWg,がまぐち夫婦の節約チャンネル,6,466000,False,2026-06-21T09:38:54.703800+00:00,1527,0.003929273084479371,0.0018020029322419076,12.875536480686696
UCaminwG9MTO4sLYeC3s6udA,ヒカル（Hikaru）,6,4830000,False,2026-06-21T09:38:54.800301+00:00,1527,0.003929273084479371,0.0018020029322419076,1.2422360248447204
UCaKNw80Hs9M5qSdAp62lYFg,潜在意識ラボ純のサブチャンネル,6,22900,False,2026-06-21T09:38:54.800235+00:00,1527,0.003929273084479371,0.0018020029322419076,262.0087336244541
UC2YCORq-wZiYSCMxLfn0Hjw,おむら ちも【片付け心理カウンセラー】,6,15400,False,2026-06-21T09:38:54.800225+00:00,1527,0.003929273084479371,0.0018020029322419076,389.61038961038963
UC2Y2xrhzvZnPDsDQ75MG1_w,ネオホラーラジオ,6,68500,False,2026-06-21T09:38:54.800285+00:00,1527,0.003929273084479371,0.0018020029322419076,87.5912408759124
UCACUd-GAlz4brbapgRSbNbA,ゆっくりお金アカデミー,6,164000,False,2026-06-21T09:38:54.800259+00:00,1527,0.003929273084479371,0.0018020029322419076,36.58536585365854
UC7LnadOwPEGqGnIuwVGfjow,Utsuさん,6,239000,False,2026-06-21T09:38:54.800292+00:00,1527,0.003929273084479371,0.0018020029322419076,25.10460251046025
UC-CplAgEAaD9-KNxBajXoWg,せいら,6,761000,False,2026-06-21T09:38:54.800315+00:00,1527,0.003929273084479371,0.0018020029322419076,7.884362680683311
UCit4Iu0EPk4fP0P_gZio5Zg,MOMOYO channel,6,119000,False,2026-06-21T09:38:54.800210+00:00,1527,0.003929273084479371,0.0018020029322419076,50.42016806722689
UC-GAVzwXnMpIddqXM16ITyw,ももごり🍑🦍,6,131000,False,2026-06-21T09:38:54.800232+00:00,1527,0.003929273084479371,0.0018020029322419076,45.80152671755725
UC7Kfm5kIKZ8Vu_7_0DfW0Vw,さらば森田の五反田ガレージ,6,462000,False,2026-06-21T09:38:54.800323+00:00,1527,0.003929273084479371,0.0018020029322419076,12.987012987012987
UC7JQKVJMCIuVMcrFXSozMCw,Da-iCE Official YouTube Channel,6,841000,False,2026-06-21T09:38:54.800217+00:00,1527,0.003929273084479371,0.0018020029322419076,7.134363852556481
UC0Bsmeeuj9HfPbjAS7xrRkA,akiko 引き寄せ,6,9670,False,2026-06-21T09:38:54.800138+00:00,1527,0.003929273084479371,0.0018020029322419076,620.4756980351602
UC3MIZel02-i-7JQFq1Xr-IQ,全国賃貸オーナーズフェスタ 公式チャンネル,6,137000,False,2026-06-21T09:38:54.800214+00:00,1527,0.003929273084479371,0.0018020029322419076,43.7956204379562
UC3J-txytRWiRtNXrLS95eEw,ASIAN KUNG-FU GENERATION Official YouTube Channel,6,823000,False,2026-06-21T09:38:54.800320+00:00,1527,0.003929273084479371,0.0018020029322419076,7.2904009720534635
UCFQEO_c41E-8VtQTSX7rKMw,おさるマーケ講座受講生対談,6,23800,False,2026-06-21T09:38:54.800269+00:00,1527,0.003929273084479371,0.0018020029322419076,252.10084033613444
UC3HQ1dhrub23loM-iUvJUiw,ズボラ主婦Kちゃんの在宅ワーク,6,4690,False,2026-06-21T09:38:54.800159+00:00,1527,0.003929273084479371,0.0018020029322419076,1279.317697228145
UC3N68KFMqDwacbD-WImpcvg,FXで1000万チャンネル,6,8280,False,2026-06-21T09:38:54.800281+00:00,1527,0.003929273084479371,0.0018020029322419076,724.6376811594203
UC5xkAVIjB7-a7dYCJTN_feg,🔥リベルタ久保🔥0から億まで3年で達成,6,18400,False,2026-06-21T09:38:54.800307+00:00,1527,0.003929273084479371,0.0018020029322419076,326.0869565217392
UC0aNJP0Yc-1cgHYkiCYzCOg,まいのイングリッシュアカデミー,6,12600,False,2026-06-21T09:38:54.800197+00:00,1527,0.003929273084479371,0.0018020029322419076,476.1904761904762
UC0aJdBlxidP5FBqJ6UAEPPA,Zeebraのラップメソッドチャンネル,6,35800,False,2026-06-21T09:38:54.800276+00:00,1527,0.003929273084479371,0.0018020029322419076,167.5977653631285
UC2WllyoBdiWnESWa9inI1gg,K-POP発声の秘密,6,35800,False,2026-06-21T09:38:54.800239+00:00,1527,0.003929273084479371,0.0018020029322419076,167.5977653631285
UC-EZPezUpwtN520FGl6Le_w,【金運の女神】エリサ,6,7470,False,2026-06-21T09:38:54.800221+00:00,1527,0.003929273084479371,0.0018020029322419076,803.2128514056225
UC2SP1C1L7iY_d39JQQcV_OQ,小柳ゆき Official Channel,6,75300,False,2026-06-21T09:38:54.800207+00:00,1527,0.003929273084479371,0.0018020029322419076,79.6812749003984
UC63cb-lg-sLGO5mLan3Z_PQ,ブッダの教え1日1話,6,30800,False,2026-06-21T09:38:54.800172+00:00,1527,0.003929273084479371,0.0018020029322419076,194.80519480519482
UCBAIZr7BislZ-qqy9iqCDNA,シリコンバレー起業家の哲学【AI時代のビジネス教養】,6,15200,False,2026-06-21T09:38:54.800242+00:00,1527,0.003929273084479371,0.0018020029322419076,394.7368421052631
UC-V_W6rIRooNIHFJ-ha9MAA,ヒトコワダーク心理学チャンネル,6,2360,False,2026-06-21T09:38:54.800228+00:00,1527,0.003929273084479371,0.0018020029322419076,2542.372881355932
UC-VIsxOflhaq-896HQqu0iQ,【公式】ジェットコースター男™ (Roller Coaster Man),6,90900,False,2026-06-21T09:38:54.800190+00:00,1527,0.003929273084479371,0.0018020029322419076,66.006600660066
UC68CsNyASsyu0S6hPBedtBw,Shioda Masahiro【Aikido World】,6,100000,False,2026-06-21T09:38:54.800304+00:00,1527,0.003929273084479371,0.0018020029322419076,60.0
UC6I6V7rxTngQ7D9xSP64NLQ,Jun Takeda,6,173000,False,2026-06-21T09:38:54.800312+00:00,1527,0.003929273084479371,0.0018020029322419076,34.68208092485549
UCKN1x9HADB_rGluUs6y_SLw,地理の雑学ゆっくり解説,6,501000,False,2026-06-21T09:38:54.800200+00:00,1527,0.003929273084479371,0.0018020029322419076,11.976047904191617
UC0E-n6k-gW3gHuTb1cTy42w,Mizue【宇宙の法則】,6,3990,False,2026-06-21T09:38:54.800263+00:00,1527,0.003929273084479371,0.0018020029322419076,1503.7593984962407
UC0DlQBzPBEz7XPNmdpOVLLw,まき⌇仕事と日常,6,16200,False,2026-06-21T09:38:54.800266+00:00,1527,0.003929273084479371,0.0018020029322419076,370.3703703703703
UC3EqE59ExXNeZxlWBdJyisA,バタやんCLUB【くわばたりえ切り抜き】,6,138000,False,2026-06-21T09:38:54.800245+00:00,1527,0.003929273084479371,0.0018020029322419076,43.47826086956522
UCSACDJBZm4UiVK3CnZ5G7aw,"BABA'S Kitchen "" NO BRAINER"" Simple Japanese Style Dishes ",6,1310000,False,2026-06-21T09:38:54.800176+00:00,1527,0.003929273084479371,0.0018020029322419076,4.580152671755725
UC0ICt0ZAM7Q99OoCDTSg0zA,引き寄せの達人図鑑【2chゆっくり解説】,6,2820,False,2026-06-21T09:38:54.800289+00:00,1527,0.003929273084479371,0.0018020029322419076,2127.6595744680853
UC3AQFO6FBjONUBleVcPtfcQ,Kaoru GreenEmerald,6,212000,False,2026-06-21T09:38:54.800165+00:00,1527,0.003929273084479371,0.0018020029322419076,28.30188679245283
UC1l8jsqYmIj1bjCzN43UPfA,しゅうゲームズ,6,1060000,False,2026-06-21T09:38:54.800249+00:00,1527,0.003929273084479371,0.0018020029322419076,5.660377358490567
UC-PfrH3RV-wUlYh8UBL-SOg,狐娘のユズ,6,76900,False,2026-06-21T09:38:54.800318+00:00,1527,0.003929273084479371,0.0018020029322419076,78.02340702210664
UC7B1x83eHNvg5vxJfRwcU7g,【左脳系スピリチュアルチャンネル】,6,7560,False,2026-06-21T09:38:54.800309+00:00,1527,0.003929273084479371,0.0018020029322419076,793.6507936507936
UC7A9FqZiaNRE3xoIlU5Kifg,yukap,6,242000,False,2026-06-21T09:38:54.800256+00:00,1527,0.003929273084479371,0.0018020029322419076,24.793388429752063
UC77ZfLyTydI70dfjDZONsIA,ネット大衆紙「ブルーカラー」,6,293000,False,2026-06-21T09:38:54.800204+00:00,1527,0.003929273084479371,0.0018020029322419076,20.477815699658706
UCdHQwB2hfRpZksvcY-BZWNQ,Kenji Spirit,6,172000,False,2026-06-21T09:38:54.800252+00:00,1527,0.003929273084479371,0.0018020029322419076,34.883720930232556
UCAsGN3duhpN_M1SbB4tEFtQ,ゴロー/イラストで学ぶ体の仕組み,6,460000,False,2026-06-21T09:38:54.800296+00:00,1527,0.003929273084479371,0.0018020029322419076,13.043478260869566
UC6Ri6mOkaYecBefJxaeSJLA,おすりんちゃんねる/翠衣すず,6,352000,False,2026-06-21T09:38:54.800169+00:00,1527,0.003929273084479371,0.0018020029322419076,17.045454545454547
UC-O-iSYkOiozB_KQ_SAbaig,ロディマス,6,14000,False,2026-06-21T09:38:54.800193+00:00,1527,0.003929273084479371,0.0018020029322419076,428.57142857142856
UC-Qz5zpSt-Qm-B7j2LCUApg,ガル姫の商品紹介【有益ガルちゃんまとめ】,6,20800,False,2026-06-21T09:38:54.800273+00:00,1527,0.003929273084479371,0.0018020029322419076,288.4615384615385
UC-QCpqbnzfuxcuCqrti04UQ,ゆっくりモーターラボ【車系・ゆっくり解説】,6,120000,False,2026-06-21T09:38:54.800180+00:00,1527,0.003929273084479371,0.0018020029322419076,50.0
UCAnYwNNz9wCvOri3qcNCscw,だーまめ,6,317000,False,2026-06-21T09:38:54.800187+00:00,1527,0.003929273084479371,0.0018020029322419076,18.92744479495268
UC0J207a77jE68AocS6BtzRg,美男子ヤノ,6,74100,False,2026-06-21T09:38:54.800298+00:00,1527,0.003929273084479371,0.0018020029322419076,80.97165991902834
UC32eV8m1229STWwLkUw0jwA,ネットワークビジネス応援 金城富雄,6,3870,False,2026-06-21T09:38:54.800183+00:00,1527,0.003929273084479371,0.0018020029322419076,1550.3875968992247
UC37j5pBY-mw3QoCMEdomE2g,⭐︎金母kinkaはぴねすちゃんねる358⭐︎,6,22100,False,2026-06-21T09:38:54.850159+00:00,1527,0.003929273084479371,0.0018020029322419076,271.49321266968326
UC-IsVtDZ_i9HigV1ouJCZTw,アバウトガールズch,6,75200,False,2026-06-21T09:38:54.850054+00:00,1527,0.003929273084479371,0.0018020029322419076,79.78723404255318
UC74GHh4GkKoTHzssH9vlp1w,イス軸法®︎Channel,6,63600,False,2026-06-21T09:38:54.850098+00:00,1527,0.003929273084479371,0.0018020029322419076,94.33962264150944
UC1MF4QvvvNIpogR6eCcUHcA,ナチュラルボディビルダー軸丸謙吾CH,6,6890,False,2026-06-21T09:38:54.850006+00:00,1527,0.003929273084479371,0.0018020029322419076,870.8272859216256
UC1AWYKpGNZhH699x1-2J4IQ,ゆっくりの怖い話【2ch怖噺】,6,285000,False,2026-06-21T09:38:54.850011+00:00,1527,0.003929273084479371,0.0018020029322419076,21.05263157894737
UC0TnW9acNxqeojxXDMbohcA,Mark Manson,6,3070000,False,2026-06-21T09:38:54.850142+00:00,1527,0.003929273084479371,0.0018020029322419076,1.9543973941368076
UC36SyFQ2jdH_YRdoYJx-t2Q,セクテク講師 相葉たつや,6,39600,False,2026-06-21T09:38:54.850169+00:00,1527,0.003929273084479371,0.0018020029322419076,151.5151515151515
UC6YNWTm6zuMFsjqd0PO3G-Q,Momoiro Clover Z Channel,6,668000,False,2026-06-21T09:38:54.850173+00:00,1527,0.003929273084479371,0.0018020029322419076,8.982035928143713
UC6eCFcJpPFNP_P6Y0bKHqKg,taishiyade@元シリコンバレーCTO個人開発者,6,15300,False,2026-06-21T09:38:54.850132+00:00,1527,0.003929273084479371,0.0018020029322419076,392.156862745098
UC6dvyIhDcHROKLuNaQyRk7g,みんなの無添加研究所,6,103000,False,2026-06-21T09:38:54.850088+00:00,1527,0.003929273084479371,0.0018020029322419076,58.25242718446602
UC2vnK-QoXQrl1LVTNFDfUaQ,[ラミレス公式]ラミちゃんねる,6,253000,False,2026-06-21T09:38:54.850030+00:00,1527,0.003929273084479371,0.0018020029322419076,23.715415019762844
UCGQ4RBrN9wZJ1j6oOJ2KTFw,山口一郎,6,709000,False,2026-06-21T09:38:54.850095+00:00,1527,0.003929273084479371,0.0018020029322419076,8.462623413258111
UCGMHzu51c4xIdBwU-CLq5XA,【振動マスター物部彩花】地球の振動数を上げる・ボイトレ・呼吸,6,60300,False,2026-06-21T09:38:54.850015+00:00,1527,0.003929273084479371,0.0018020029322419076,99.50248756218905
UCGLR-wLrgjwKWSQ85nSDVUw,エコビレッジビルダー　山納銀之輔,6,63700,False,2026-06-21T09:38:54.850125+00:00,1527,0.003929273084479371,0.0018020029322419076,94.19152276295132
UCebxxMx7lc2r7Vf0njXVJCQ,青木仁志の『人生経営哲学』-100回聞いたら豊かになる話-,6,115000,False,2026-06-21T09:38:54.850105+00:00,1527,0.003929273084479371,0.0018020029322419076,52.173913043478265
UC-PXEscxMvf58R-60ewSE4A,コトメン / kotomen,6,114000,False,2026-06-21T09:38:54.850092+00:00,1527,0.003929273084479371,0.0018020029322419076,52.631578947368425
UCGhudK3AIG152KrfURCSb2Q,ICHIKEN Engineering,6,512000,False,2026-06-21T09:38:54.850067+00:00,1527,0.003929273084479371,0.0018020029322419076,11.71875
UC2xskkQVFEpLcGFnNSLQY0A,Rihanna,6,24700000,False,2026-06-21T09:38:54.850040+00:00,1527,0.003929273084479371,0.0018020029322419076,0.24291497975708504
UC0ImVPcE_Lu-y58NeBMEOwg,Windows Japan,6,28500,False,2026-06-21T09:38:54.850037+00:00,1527,0.003929273084479371,0.0018020029322419076,210.5263157894737
UCRroWwZVZINltsByEJ7k-2g,根源の目覚めch / たい・じろう,6,49800,False,2026-06-21T09:38:54.850057+00:00,1527,0.003929273084479371,0.0018020029322419076,120.48192771084337
UC2gg1NtHtFD7QN9V83zBBPQ,人生最後のダイエットチャンネル,6,79800,False,2026-06-21T09:38:54.850118+00:00,1527,0.003929273084479371,0.0018020029322419076,75.18796992481202
UC2gL3sJ-chGTbb2bRA2CvOw,ミラシア mirathea,6,15100,False,2026-06-21T09:38:54.850108+00:00,1527,0.003929273084479371,0.0018020029322419076,397.35099337748346
UC2g5T9Gk5SY-Mq0hN0gmuAw,きずなタロットチャンネル,6,32400,False,2026-06-21T09:38:54.850139+00:00,1527,0.003929273084479371,0.0018020029322419076,185.18518518518516
UC2bt30LUWpHGPYVXz3n_jzQ,ボビー・オロゴン【公式チャンネル】,6,82000,False,2026-06-21T09:38:54.850050+00:00,1527,0.003929273084479371,0.0018020029322419076,73.17073170731707
UCHQw8yGouhHGLUdLz-scUjQ,カラダ研究所_日本一わかりやすい解剖学チャンネル,6,97100,False,2026-06-21T09:38:54.850060+00:00,1527,0.003929273084479371,0.0018020029322419076,61.79196704428424
UCH3goNChaODS4vVO3yZjacQ,竹之内社長の【非常識な成功法則】,6,294000,False,2026-06-21T09:38:54.850078+00:00,1527,0.003929273084479371,0.0018020029322419076,20.408163265306122
UCAJU2KW2-j-epKIziwCbWbA,三木 恵「心を動かす話し方」,6,57500,False,2026-06-21T09:38:54.850112+00:00,1527,0.003929273084479371,0.0018020029322419076,104.34782608695653
UC-Gu3F7CjVvTW-AZffmWFhQ,古舘伊知郎の煩悩チャンネル,6,18700,False,2026-06-21T09:38:54.850149+00:00,1527,0.003929273084479371,0.0018020029322419076,320.85561497326205
UCRgKqNuGk_pChdsfRQyxxgg,Hiro's FX Life,6,27800,False,2026-06-21T09:38:54.850166+00:00,1527,0.003929273084479371,0.0018020029322419076,215.8273381294964
UC2xMnpXn7RGm83UYdOnV-0w,Northern Alena,6,180000,False,2026-06-21T09:38:54.850135+00:00,1527,0.003929273084479371,0.0018020029322419076,33.333333333333336
UC2vvNviMCmRBDs0w4neGZIw,世界の裏側ファイル,6,54500,False,2026-06-21T09:38:54.849988+00:00,1527,0.003929273084479371,0.0018020029322419076,110.09174311926606
UCAUGjq16HfA97h4JhD85zWA,イケハヤ大学2.0,6,21900,False,2026-06-21T09:38:54.850033+00:00,1527,0.003929273084479371,0.0018020029322419076,273.972602739726
UC6fx7wWeicJDdS8DNNYN9fQ,パロディガール【BLACK】,6,102000,False,2026-06-21T09:38:54.850152+00:00,1527,0.003929273084479371,0.0018020029322419076,58.82352941176471
UC6eEt2sskiqP66clB2IAbzw,看護師マッキー【メンズヘルス専門チャンネル】,6,189000,False,2026-06-21T09:38:54.850163+00:00,1527,0.003929273084479371,0.0018020029322419076,31.746031746031743
UC1QOBWG-X63hFb9_bXTN2PA,CARINAR - ヤマトヒューマンキャピタル,6,25900,False,2026-06-21T09:38:54.850085+00:00,1527,0.003929273084479371,0.0018020029322419076,231.66023166023166
UC1Q-QHjKod7chfFLwYqpn3w,Lacampin たくむ ラキャンピン,6,122000,False,2026-06-21T09:38:54.850023+00:00,1527,0.003929273084479371,0.0018020029322419076,49.18032786885246
UC178IqFF1Mbe64lRfJSin9A,国振チャンネル,6,26500,False,2026-06-21T09:38:54.850128+00:00,1527,0.003929273084479371,0.0018020029322419076,226.41509433962264
UC2roF7I4LOS2jnLY9npkqTA,再起の人生習慣,6,3930,False,2026-06-21T09:38:54.850102+00:00,1527,0.003929273084479371,0.0018020029322419076,1526.7175572519084
UC2rjL91-uGD8tID-LG1Vezg,ガチの朝倉未来,6,223000,False,2026-06-21T09:38:54.850047+00:00,1527,0.003929273084479371,0.0018020029322419076,26.905829596412556
UC0QArRTuApgKFbX1OZUAJGA,ゆるっと退職,6,14400,False,2026-06-21T09:38:54.850122+00:00,1527,0.003929273084479371,0.0018020029322419076,416.6666666666667
UC0P2khjAMqd-FGkZmpVk1dA,ふらちな音楽談義,6,9930,False,2026-06-21T09:38:54.850043+00:00,1527,0.003929273084479371,0.0018020029322419076,604.2296072507553
UCgXl5H1V4Fq4q0_gJYXR3bw,マイキーの非道徳な社会学,6,82500,False,2026-06-21T09:38:54.850026+00:00,1527,0.003929273084479371,0.0018020029322419076,72.72727272727273
UCfQgDo4XidXGKq5nXlC1qpw,【SBI証券公式】ビジネスドライブ!,6,991000,False,2026-06-21T09:38:54.850115+00:00,1527,0.003929273084479371,0.0018020029322419076,6.054490413723512
UC6u8ORphzv5O7QJn3AAwzFg,goyim24,6,50100,False,2026-06-21T09:38:54.850019+00:00,1527,0.003929273084479371,0.0018020029322419076,119.76047904191617
UCANLZYMidaCbLQFWXBC95Jg,Taylor Swift,6,25200000,False,2026-06-21T09:38:54.850146+00:00,1527,0.003929273084479371,0.0018020029322419076,0.23809523809523808
UCAN0E9cZN7n22Ka1-TuVb-Q,松田政策研究所チャンネル,6,298000,False,2026-06-21T09:38:54.850075+00:00,1527,0.003929273084479371,0.0018020029322419076,20.134228187919465
UC0Rjg-kUtUCEvdMYwPQTUSA,Nine Universe,6,181000,False,2026-06-21T09:38:54.850156+00:00,1527,0.003929273084479371,0.0018020029322419076,33.149171270718234
UC0OBn-tWZT1lAASt9mwM4yg,ハル【資産を10倍にする投資】,6,30900,False,2026-06-21T09:38:54.850064+00:00,1527,0.003929273084479371,0.0018020029322419076,194.1747572815534
UC0yqjDdsDfmzHasfbEk0qmg,Daisogen Channel,6,124000,False,2026-06-21T09:38:54.850081+00:00,1527,0.003929273084479371,0.0018020029322419076,48.387096774193544
UCGkxhoVGXHXxHx-TKkacb2Q,あにまるず Animals,6,678000,False,2026-06-21T09:38:54.850071+00:00,1527,0.003929273084479371,0.0018020029322419076,8.849557522123893
UC6raUGFw3O3yK2-XzcZsOVw,FXライブトレードをするAki,6,80400,False,2026-06-21T09:38:54.897386+00:00,1527,0.003929273084479371,0.0018020029322419076,74.6268656716418
UC6qsaQ7P9sM_b_Uxt7Eqsyg,IRIE × ReZARD Channel,6,62900,False,2026-06-21T09:38:54.897395+00:00,1527,0.003929273084479371,0.0018020029322419076,95.38950715421304
UC6pAU449vK_UYQOYJ1JgLaQ,動画編集の中の人,6,31400,False,2026-06-21T09:38:54.897271+00:00,1527,0.003929273084479371,0.0018020029322419076,191.08280254777068
UCATC7a3C7maWUe_uymIoq-g,CYBERJAPAN DANCERS Official,6,987000,False,2026-06-21T09:38:54.897332+00:00,1527,0.003929273084479371,0.0018020029322419076,6.079027355623101
UCASv6OgFsfqV03b7TDOrsDA,KUSOLAB,6,246000,False,2026-06-21T09:38:54.897520+00:00,1527,0.003929273084479371,0.0018020029322419076,24.390243902439025
UC2oQ5573SQ8ouFun0qQw27w,Hikari Mori,6,187000,False,2026-06-21T09:38:54.897251+00:00,1527,0.003929273084479371,0.0018020029322419076,32.0855614973262
UC1PnX-pV16fUxhVbL81Ro9g,MusicallyZen ,6,969000,False,2026-06-21T09:38:54.897340+00:00,1527,0.003929273084479371,0.0018020029322419076,6.191950464396284
UC6nW5kYg0DYrvKXjO3RNnjA,ひまつ 【時事ネタ語り】,6,189000,False,2026-06-21T09:38:54.897264+00:00,1527,0.003929273084479371,0.0018020029322419076,31.746031746031743
UC-JSOjRnW-3GJNSzmDWkYww,夜のひと震え,6,30900,False,2026-06-21T09:38:54.897294+00:00,1527,0.003929273084479371,0.0018020029322419076,194.1747572815534
UC-Md_S_A6VcSJiAhStZCKbw,Jordi Koalitic,6,6620000,False,2026-06-21T09:38:54.897497+00:00,1527,0.003929273084479371,0.0018020029322419076,0.9063444108761329
UC6mVMhtTp5YEkjE-j4x6jsw,歴史探検隊ずんだもん,6,129000,False,2026-06-21T09:38:54.897439+00:00,1527,0.003929273084479371,0.0018020029322419076,46.51162790697674
UC2nsP5D6eG2RSFLqA24AAsw,CheerS & Sports,6,1860000,False,2026-06-21T09:38:54.897302+00:00,1527,0.003929273084479371,0.0018020029322419076,3.225806451612903
UCGynN2H7DcNjpN7Qng4dZmg,上原浩治の雑談魂,6,1170000,False,2026-06-21T09:38:54.897212+00:00,1527,0.003929273084479371,0.0018020029322419076,5.128205128205128
UC0uhHblJDiX-Ifg-xyO7s9w,Mark’s Mountain Life Adventure,6,59800,False,2026-06-21T09:38:54.897514+00:00,1527,0.003929273084479371,0.0018020029322419076,100.33444816053512
UC0uR95iuiMg9dM0AkSss3JA,piano DIY と 保守点検,6,20200,False,2026-06-21T09:38:54.897401+00:00,1527,0.003929273084479371,0.0018020029322419076,297.029702970297
UCOGRMsx2g1_FqdXvFRwiB8g,Japanese Traveler SHIGE,6,650000,False,2026-06-21T09:38:54.897222+00:00,1527,0.003929273084479371,0.0018020029322419076,9.23076923076923
UC98PlmYNo7PJSgTLWVKXoDg,こざりえの裏技宅建合格チャンネル,6,61600,False,2026-06-21T09:38:54.897431+00:00,1527,0.003929273084479371,0.0018020029322419076,97.40259740259741
UC1HTrFwjiq27la2PO1T8IqQ,桜井ケンジ_アラサー素人童貞の逆襲,6,36300,False,2026-06-21T09:38:54.897561+00:00,1527,0.003929273084479371,0.0018020029322419076,165.28925619834712
UC8xkzBruPP96NI22ki4mB_w,バーバパパ,6,829000,False,2026-06-21T09:38:54.897230+00:00,1527,0.003929273084479371,0.0018020029322419076,7.237635705669481
UC-2JUs_G21BrJ0efehwGkUw,Scary Pockets,6,1240000,False,2026-06-21T09:38:54.897447+00:00,1527,0.003929273084479371,0.0018020029322419076,4.838709677419355
UC8s1FrVoPsTSbFSxsdWA11Q,東京総合研究所 / 金融庁登録の株式投資アドバイス,6,147000,False,2026-06-21T09:38:54.897508+00:00,1527,0.003929273084479371,0.0018020029322419076,40.816326530612244
UCrJNhVfj4BziaA_-2rHyHPg,副業太郎【AIで月5万GET】,6,105000,False,2026-06-21T09:38:54.897525+00:00,1527,0.003929273084479371,0.0018020029322419076,57.14285714285714
UC9DEl3jyY763VXco_s-LFJQ,あえるば_【公式】藤原直哉,6,63600,False,2026-06-21T09:38:54.897551+00:00,1527,0.003929273084479371,0.0018020029322419076,94.33962264150944
UCuTAXTexrhetbOe3zgskJBQ,日テレNEWS,5,3260000,False,2026-06-21T09:38:54.897244+00:00,1527,0.0032743942370661427,0.0013993910452432326,1.5337423312883436
UC9954C4qPvi-_FIb1Fr1KQg,長谷川潤 /Jun Hasegawa,5,116000,False,2026-06-21T09:38:54.897257+00:00,1527,0.0032743942370661427,0.0013993910452432326,43.103448275862064
UC8mw3yrgLfoLntTQvkiFIkQ,レオレオ大フィーバー,5,68200,False,2026-06-21T09:38:54.897530+00:00,1527,0.0032743942370661427,0.0013993910452432326,73.31378299120234
UC0q2yo6_8KjJCArJHuTC-mA,むちこ【脂肪は友達】,5,36700,False,2026-06-21T09:38:54.897566+00:00,1527,0.0032743942370661427,0.0013993910452432326,136.23978201634878
UC0qQmKEox2C4fT_o1kedZLw,しおの日々ふせん,5,208000,False,2026-06-21T09:38:54.897556+00:00,1527,0.0032743942370661427,0.0013993910452432326,24.03846153846154
UCJqWKSEmDP9ph3iVYCKyl3Q,HANA official,5,2220000,False,2026-06-21T09:38:54.897486+00:00,1527,0.0032743942370661427,0.0013993910452432326,2.2522522522522523
UC-12YbwaVqxP9yLSB8y_N9w,POPO,5,16700,False,2026-06-21T09:38:54.897502+00:00,1527,0.0032743942370661427,0.0013993910452432326,299.4011976047904
UC8oDE6oMo52OlGAUrXWRpvQ,調査報道  河添恵子TV / 公式チャンネル,5,84400,False,2026-06-21T09:38:54.897463+00:00,1527,0.0032743942370661427,0.0013993910452432326,59.241706161137444
UC-5UXqUsWh2z81dT0JIKVaw,京都エレベータ_,5,47000,False,2026-06-21T09:38:54.897347+00:00,1527,0.0032743942370661427,0.0013993910452432326,106.38297872340425
UCr6tQigvQs3tOkXtxxEPvSw,よつば ⌇ 波動×意識で現実をラクにチェンジする方法,5,109000,False,2026-06-21T09:38:54.897535+00:00,1527,0.0032743942370661427,0.0013993910452432326,45.87155963302752
UC8k-mtka1KCgid5aNnY2umA,農業応援Tube【日産化学】,5,310000,False,2026-06-21T09:38:54.897325+00:00,1527,0.0032743942370661427,0.0013993910452432326,16.129032258064516
UC8jFb9OgzNzKEbzHA5PREGw,プロトレーダーJenny先生,5,37500,False,2026-06-21T09:38:54.897310+00:00,1527,0.0032743942370661427,0.0013993910452432326,133.33333333333334
UCOcQ68ppAk_ezdSNKzlP81Q,長嶋 修の「日本と世界の未来を読む」大人の再教育。本物の教養があなたを変える。,5,381000,False,2026-06-21T09:38:54.897492+00:00,1527,0.0032743942370661427,0.0013993910452432326,13.123359580052494
UC0u-397edk1t_SNtgOcymMQ,JAPAN HOUND DIARY,5,115000,False,2026-06-21T09:38:54.897475+00:00,1527,0.0032743942370661427,0.0013993910452432326,43.47826086956522
UC0vzKZXvQ8ZdHbiDsU_oY2w,ガイル【ビットコイン最新情報】,5,11100,False,2026-06-21T09:38:54.897409+00:00,1527,0.0032743942370661427,0.0013993910452432326,450.45045045045043
UC0v4soreOVnrfsyDrZl_giA,社長名鑑,5,14100,False,2026-06-21T09:38:54.897469+00:00,1527,0.0032743942370661427,0.0013993910452432326,354.6099290780142
UC1t4enbm-c5uMac-lBLh7mw,悪役レスラーの日常,5,54100,False,2026-06-21T09:38:54.897540+00:00,1527,0.0032743942370661427,0.0013993910452432326,92.42144177449168
UC-sDjSPxGabigzhtidiS_gA,ぷくとも / iPad Illust Club,5,20000,False,2026-06-21T09:38:54.897456+00:00,1527,0.0032743942370661427,0.0013993910452432326,250.0
UC4cjvf0vSvWOkXbrTkCLuMg,勇気をくれる名言🌱べべ,5,63700,False,2026-06-21T09:38:54.897192+00:00,1527,0.0032743942370661427,0.0013993910452432326,78.49293563579278
UCXxMBhRjxIGwVGbNXUmbP8A,アニキリゾートライフチャンネル,5,174000,False,2026-06-21T09:38:54.897237+00:00,1527,0.0032743942370661427,0.0013993910452432326,28.735632183908045
UCXnR8M-dJrrldyUJ0UuP1QA,gekihit,5,715000,False,2026-06-21T09:38:54.897480+00:00,1527,0.0032743942370661427,0.0013993910452432326,6.993006993006993
UCXgd6LKq3xMCLGvW_AZhghQ,フレンズ英会話カフェ,5,439000,False,2026-06-21T09:38:54.897286+00:00,1527,0.0032743942370661427,0.0013993910452432326,11.389521640091116
UCXVErXFv_fzdIMjFpkIXHtg,まめたまの筋トレ日記,5,699000,False,2026-06-21T09:38:54.897545+00:00,1527,0.0032743942370661427,0.0013993910452432326,7.15307582260372
UC-jBS6YBYhMPCW2yZOB_UgA,夜空のおしゃべり部屋🌙,5,12900,False,2026-06-21T09:38:54.897423+00:00,1527,0.0032743942370661427,0.0013993910452432326,387.5968992248062
UC4YTfLWPtO0CkjAYVbpGRPw,2ch感動ストーリー,5,307000,False,2026-06-21T09:38:54.897317+00:00,1527,0.0032743942370661427,0.0013993910452432326,16.286644951140065
UC4X6jmsQmQ5KXk0bQxubazA,思春期の子育てCh【元中学校教師道山ケイ】,5,92700,False,2026-06-21T09:38:54.897278+00:00,1527,0.0032743942370661427,0.0013993910452432326,53.937432578209275
UC15vLSz0KCDI3NYekDW-pBA,サンクチュアリ出版チャンネル,5,18300,False,2026-06-21T09:38:54.897416+00:00,1527,0.0032743942370661427,0.0013993910452432326,273.224043715847
UCNsidkYpIAQ4QaufptQBPHQ,ウェザーニュース,5,1580000,False,2026-06-21T09:38:54.959569+00:00,1527,0.0032743942370661427,0.0013993910452432326,3.1645569620253164
UCNqbJ7zpxAxC2BxPx-xmx6g,KAZUYA Channel,5,629000,False,2026-06-21T09:38:54.959602+00:00,1527,0.0032743942370661427,0.0013993910452432326,7.94912559618442
UC6l2fcqKcv-5pUz3ESJ6BmQ,くぅのキャットフード研究室,5,150000,False,2026-06-21T09:38:54.959621+00:00,1527,0.0032743942370661427,0.0013993910452432326,33.333333333333336
UC6rNTnB7pPZFQPBUKBvIudA,つっき_Excel攻略,5,64100,False,2026-06-21T09:38:54.959518+00:00,1527,0.0032743942370661427,0.0013993910452432326,78.003120124805
UCAOAkf2hZ7vJQtZeZreYNxQ,Chase & KenKen,5,112000,False,2026-06-21T09:38:54.959541+00:00,1527,0.0032743942370661427,0.0013993910452432326,44.642857142857146
UC6uX1CLi8Z3Ruo85uF1x-3Q,怪談・都市伝説・人怖【OKOWAチャンネル】,5,85500,False,2026-06-21T09:38:54.959558+00:00,1527,0.0032743942370661427,0.0013993910452432326,58.47953216374269
UC2mCA5AdXGzxLra6j7JTg9Q,さや応援チャンネル,5,9720,False,2026-06-21T09:38:54.959588+00:00,1527,0.0032743942370661427,0.0013993910452432326,514.40329218107
UC2kmAJVx75W3ZYm98-yg5gQ,マタタビの羅針盤3,5,41200,False,2026-06-21T09:38:54.959550+00:00,1527,0.0032743942370661427,0.0013993910452432326,121.35922330097087
UC2kM01yXNnouBsJJ0ghyfMg,菅野完,5,106000,False,2026-06-21T09:38:54.959538+00:00,1527,0.0032743942370661427,0.0013993910452432326,47.16981132075472
UC2ocfKoB6IrhAmXh7HAE9Nw,人生はねこだらけ【動物愛護団体キーテイル代表チャンネル】,5,117000,False,2026-06-21T09:38:54.959624+00:00,1527,0.0032743942370661427,0.0013993910452432326,42.73504273504273
UC-Ji9aYnyjt5rvQOkinGoug,祖先の1日,5,10100,False,2026-06-21T09:38:54.959637+00:00,1527,0.0032743942370661427,0.0013993910452432326,495.0495049504951
UC-JXcCsb5HXhxyllDstBU_w,ゆっくり怪談怪奇禄,5,48600,False,2026-06-21T09:38:54.959597+00:00,1527,0.0032743942370661427,0.0013993910452432326,102.88065843621399
UC-JFzXNiQydwpOUHdhyTHLw,りみみらいら / RIMIMI RAIRA,5,47600,False,2026-06-21T09:38:54.959640+00:00,1527,0.0032743942370661427,0.0013993910452432326,105.0420168067227
UC2nXAsGbMEluTpBgfLJpl0A,広大ちゃんねる,5,16400,False,2026-06-21T09:38:54.959610+00:00,1527,0.0032743942370661427,0.0013993910452432326,304.8780487804878
UCO8oZT0EhBW7HMqHg2EorHQ,龍の癒し人【お祓い、除霊、開運、好転、奇跡ヒーリング】,5,116000,False,2026-06-21T09:38:54.959643+00:00,1527,0.0032743942370661427,0.0013993910452432326,43.103448275862064
UCfSJLM0qrPbzXnuAATuELhA,聞いてわかる投資本チャンネル,5,246000,False,2026-06-21T09:38:54.959580+00:00,1527,0.0032743942370661427,0.0013993910452432326,20.32520325203252
UC-KVg-uMRL3VwYdGZmytocg,イノチテラス【ヘルスエコビレッジ】,5,9860,False,2026-06-21T09:38:54.959607+00:00,1527,0.0032743942370661427,0.0013993910452432326,507.0993914807302
UCAJi0Hv45RROxRoB9IpAdEw,Tokyo Trading Wisdom,5,47700,False,2026-06-21T09:38:54.959575+00:00,1527,0.0032743942370661427,0.0013993910452432326,104.82180293501048
UC0RIS1VB9JPd17DVbfyRuXA,りえ先生【日本一学べるおうち英語学習】,5,20500,False,2026-06-21T09:38:54.959635+00:00,1527,0.0032743942370661427,0.0013993910452432326,243.90243902439025
UC2vM8cLoKmnbryMz4Uknatw,ズバッとタロット占いたまきチャンネル　時事ネタトーク,5,67900,False,2026-06-21T09:38:54.959632+00:00,1527,0.0032743942370661427,0.0013993910452432326,73.63770250368188
UC0LVjY1g0QSoA3edqlsqBJA,"橋本梨菜の""週末ライフ""",5,143000,False,2026-06-21T09:38:54.959629+00:00,1527,0.0032743942370661427,0.0013993910452432326,34.96503496503497
UC0L3pgMEX_XZn3v5W6_Wi2w,【日本語教師になる】ももこ,5,28800,False,2026-06-21T09:38:54.959530+00:00,1527,0.0032743942370661427,0.0013993910452432326,173.61111111111111
UC2svCyhzrmkDHzE8yTyid-w,N高等学校・S高等学校・R高等学校,5,68800,False,2026-06-21T09:38:54.959560+00:00,1527,0.0032743942370661427,0.0013993910452432326,72.67441860465117
UCNlA_JiwrTZ1NxsryTRc_pg,ユダヤの伝道師　ゆだしん,5,15200,False,2026-06-21T09:38:54.959511+00:00,1527,0.0032743942370661427,0.0013993910452432326,328.9473684210526
UC0yjJhXKaBs8rQiOSc9p7tQ,NINJA BOXER KENJI,5,66100,False,2026-06-21T09:38:54.959605+00:00,1527,0.0032743942370661427,0.0013993910452432326,75.642965204236
UC1ojHZ6DmiRsV8df-ulFCOQ,しーさんの株とドル円の予想,5,18700,False,2026-06-21T09:38:54.959586+00:00,1527,0.0032743942370661427,0.0013993910452432326,267.379679144385
UCGnadkx8UNGjc3W_NTf5Keg,しゃべれる英語,5,152000,False,2026-06-21T09:38:54.959594+00:00,1527,0.0032743942370661427,0.0013993910452432326,32.89473684210526
UCGlWnxRgmii2-InQLp8HmiA,中川翔子の「ヲ」,5,950000,False,2026-06-21T09:38:54.959500+00:00,1527,0.0032743942370661427,0.0013993910452432326,5.2631578947368425
UC0N4UXZJj7uQv1LO06f4f9A,古森もぐ,5,632000,False,2026-06-21T09:38:54.959564+00:00,1527,0.0032743942370661427,0.0013993910452432326,7.9113924050632916
UCRV0biiLdsSV1Zd3Qi6ID7w,生活に役立つメンタルヘルス【精神科医とカウンセラーが解説】,5,181000,False,2026-06-21T09:38:54.959527+00:00,1527,0.0032743942370661427,0.0013993910452432326,27.624309392265193
UCROeL9j9VBL7eCzmqWqcD5A,吉田昌生のマインドフルネス瞑想チャンネル,5,54600,False,2026-06-21T09:38:54.959616+00:00,1527,0.0032743942370661427,0.0013993910452432326,91.57509157509158
UC2i9z804rWVhZTiJq_juQDA,ワサビちゃんねる,5,125000,False,2026-06-21T09:38:54.959613+00:00,1527,0.0032743942370661427,0.0013993910452432326,40.0
UC2h7qQk_brhZfGPdgFKl2kg,真・防衛研究チャンネル,5,183000,False,2026-06-21T09:38:54.959524+00:00,1527,0.0032743942370661427,0.0013993910452432326,27.3224043715847
UC2dWSCQluKtkppFXLQAp0vQ,田舎民カイジ【shorts】,5,642000,False,2026-06-21T09:38:54.959552+00:00,1527,0.0032743942370661427,0.0013993910452432326,7.78816199376947
UC2cIh29vyhZqbjkOe9ovQuQ,Comic Panda - JPN,5,215000,False,2026-06-21T09:38:54.959618+00:00,1527,0.0032743942370661427,0.0013993910452432326,23.25581395348837
UCH9oscRsKRFmVV2ASa_rVHg,飯島レンジ / Renji Iijima,5,973000,False,2026-06-21T09:38:54.959572+00:00,1527,0.0032743942370661427,0.0013993910452432326,5.138746145940391
UCH9i--1vKBFg5MgLmAk0zjg,ストレッチ整体師とも先生,5,674000,False,2026-06-21T09:38:54.959577+00:00,1527,0.0032743942370661427,0.0013993910452432326,7.41839762611276
UC0SFNx2jty2Hhooz6WWNpkQ,AURA MASTER,5,14400,False,2026-06-21T09:38:54.959626+00:00,1527,0.0032743942370661427,0.0013993910452432326,347.22222222222223
UC6eWCld0KwmyHFbAqK3V-Rw,Koyori ch. 博衣こより - holoX -,5,1350000,False,2026-06-21T09:38:54.959533+00:00,1527,0.0032743942370661427,0.0013993910452432326,3.7037037037037037
UC17VdsjEB57Ozzt6kGfQrUw,ゾクゾク家族団RUNチャンネル,5,40300,False,2026-06-21T09:38:54.959515+00:00,1527,0.0032743942370661427,0.0013993910452432326,124.06947890818859
UC17IhBxmW-63ZGbFAhyk_nQ,中川尚大【ドル君】,5,40100,False,2026-06-21T09:38:54.959547+00:00,1527,0.0032743942370661427,0.0013993910452432326,124.68827930174562
UC2q0Lisd92TAnWJCPycUQDQ,DJぜふ,5,99400,False,2026-06-21T09:38:54.959567+00:00,1527,0.0032743942370661427,0.0013993910452432326,50.30181086519114
UC2pmfLm7iq6Ov1UwYrWYkZA,Vevo,5,20000000,False,2026-06-21T09:38:54.959544+00:00,1527,0.0032743942370661427,0.0013993910452432326,0.25
UCQl3McRMLtGBKvma3Z2ANig,【公式】中村天風財団・公財 天風会,5,14000,False,2026-06-21T09:38:54.959521+00:00,1527,0.0032743942370661427,0.0013993910452432326,357.14285714285717
UC0P8fXzj-JxUsvDFEbpAkSg,RIDE NOW,5,91600,False,2026-06-21T09:38:54.959599+00:00,1527,0.0032743942370661427,0.0013993910452432326,54.58515283842795
UC-ISzLVaCrh3sA9QAkmCAgA,蜷川べに_Beni Ninagawa,5,114000,False,2026-06-21T09:38:54.959555+00:00,1527,0.0032743942370661427,0.0013993910452432326,43.859649122807014
UCgE9lrN1n1dVKoFKSlgortg,【投資家】ぽんちよ,5,512000,False,2026-06-21T09:38:54.959646+00:00,1527,0.0032743942370661427,0.0013993910452432326,9.765625
UC6dLNfG3yovI7QMJaW9p1Iw,伊東彩のほんのり昭和回顧,5,140000,False,2026-06-21T09:38:54.959591+00:00,1527,0.0032743942370661427,0.0013993910452432326,35.714285714285715
UCfAnGaT97LJuKyZ65KhRb6Q,さき-インスタの大学,5,116000,False,2026-06-21T09:38:54.959536+00:00,1527,0.0032743942370661427,0.0013993910452432326,43.103448275862064
UCemj6fzwjj_8C1yJilVKdVQ,高市早苗チャンネル,5,864000,False,2026-06-21T09:38:54.959583+00:00,1527,0.0032743942370661427,0.0013993910452432326,5.787037037037036
UC31b2ASxYZBG_xLGJ1DmZjQ,会社員,5,37200,False,2026-06-21T09:38:55.024061+00:00,1527,0.0032743942370661427,0.0013993910452432326,134.40860215053763
UCGRqql4D56uvMAo2uPbGEJA,Togo Ishii 1inch channel,5,328000,False,2026-06-21T09:38:55.024042+00:00,1527,0.0032743942370661427,0.0013993910452432326,15.24390243902439
UC34DbNyD_0t8tnOc5V38Big,Deutsche Grammophon - DG,5,868000,False,2026-06-21T09:38:55.024013+00:00,1527,0.0032743942370661427,0.0013993910452432326,5.76036866359447
UCecSTcJr0y8JUSCkPItjWwg,Testosterone | 心の筋トレ教室,5,87800,False,2026-06-21T09:38:55.024024+00:00,1527,0.0032743942370661427,0.0013993910452432326,56.94760820045558
UC-OoCUexTg9nDSy5Nrw2QcQ,ADHDの彼氏とわたし,5,21500,False,2026-06-21T09:38:55.024016+00:00,1527,0.0032743942370661427,0.0013993910452432326,232.55813953488374
UC6_LJzAnhSItVsJzH3C5l4w,2chお金や投資スレ【株主優待】,5,42500,False,2026-06-21T09:38:55.023952+00:00,1527,0.0032743942370661427,0.0013993910452432326,117.64705882352942
UCAWxPGGuIfWME2KTLUmSCHw,ぱかチューブっ!【ウマ娘公式】,5,1400000,False,2026-06-21T09:38:55.023935+00:00,1527,0.0032743942370661427,0.0013993910452432326,3.571428571428571
UCAW6oRUDItNDGBnbW6d0y8g,BTTPのタイムトラベルや不思議な話,5,46300,False,2026-06-21T09:38:55.023969+00:00,1527,0.0032743942370661427,0.0013993910452432326,107.9913606911447
UCGho1EeHY-v-bu-phQqqYSw,カネイ　Kanei,5,46500,False,2026-06-21T09:38:55.024063+00:00,1527,0.0032743942370661427,0.0013993910452432326,107.52688172043011
UC2y5TKmYgZ5Bmwp9xRKDtQg,Karin's  Piano  channel,5,82900,False,2026-06-21T09:38:55.023983+00:00,1527,0.0032743942370661427,0.0013993910452432326,60.31363088057901
UCS0tu5DAEf8dTGphxjHW76Q,ちいりおちゃんねる,5,1670000,False,2026-06-21T09:38:55.023989+00:00,1527,0.0032743942370661427,0.0013993910452432326,2.9940119760479043
UCS02b3Y9RCzsT2k4no6LN-g,友利新公式チャンネル(内科・皮膚科医),5,1650000,False,2026-06-21T09:38:55.023977+00:00,1527,0.0032743942370661427,0.0013993910452432326,3.0303030303030303
UC0W8qPUoEOyc_rocTDRZR3A,nidones,5,231000,False,2026-06-21T09:38:55.023961+00:00,1527,0.0032743942370661427,0.0013993910452432326,21.645021645021647
UC31tv9pB5vAkGPUMeIxI9wQ,Freeman,5,45600,False,2026-06-21T09:38:55.023986+00:00,1527,0.0032743942370661427,0.0013993910452432326,109.64912280701755
UC37r6PdAvgkgsV08OGYPARA,札幌 桑園 美容室hair salon casita,5,21500,False,2026-06-21T09:38:55.023930+00:00,1527,0.0032743942370661427,0.0013993910452432326,232.55813953488374
UCAIgyiRdZDCArJCs3vYcMHA,絵描きchica  card reading  YORISOU CARD,5,73900,False,2026-06-21T09:38:55.024055+00:00,1527,0.0032743942370661427,0.0013993910452432326,67.65899864682004
UC1MrUSjRKwDJuHrNBd7Cp3Q,高瀬シュンスケの男性心理占い Tarot Reading,5,47100,False,2026-06-21T09:38:55.023997+00:00,1527,0.0032743942370661427,0.0013993910452432326,106.15711252653928
UC1M8fu7fLfw-M1DR3Zql9rQ,‐sioさんの宇宙部屋‐,5,10700,False,2026-06-21T09:38:55.024047+00:00,1527,0.0032743942370661427,0.0013993910452432326,467.2897196261682
UC1AMI-vrGHT9xl41LcIOu2g,みんなの無添加情報局,5,28800,False,2026-06-21T09:38:55.023944+00:00,1527,0.0032743942370661427,0.0013993910452432326,173.61111111111111
UC1ACSJY8lvbo-7koOpBtD4w,花澤香菜,5,366000,False,2026-06-21T09:38:55.023994+00:00,1527,0.0032743942370661427,0.0013993910452432326,13.66120218579235
UCHTAtqhbj8kqAHvE2gJmFIg,来島美幸の婚活チャンネル,5,164000,False,2026-06-21T09:38:55.024005+00:00,1527,0.0032743942370661427,0.0013993910452432326,30.48780487804878
UCHRl9smgcUkUanigPw0NsvQ,覚醒の教科書　スピリチュアル瑠璃,5,66200,False,2026-06-21T09:38:55.023974+00:00,1527,0.0032743942370661427,0.0013993910452432326,75.52870090634441
UCHRc_1iAPXP0_H1eMvjvFmQ,伊比裕一郎,5,101000,False,2026-06-21T09:38:55.023963+00:00,1527,0.0032743942370661427,0.0013993910452432326,49.504950495049506
UC0V7_HA1PezrvBxHwUTRR8w,ルネスタよしお【運輸安全講師】,5,35100,False,2026-06-21T09:38:55.024010+00:00,1527,0.0032743942370661427,0.0013993910452432326,142.45014245014244
UC0XVEWjE-St3oaYbYaVtjzA,パジャマ家族【ラク家事ライフ】,5,71900,False,2026-06-21T09:38:55.024058+00:00,1527,0.0032743942370661427,0.0013993910452432326,69.54102920723227
UC0Whg8Zz7TT1VSpWeCjghKg,-sokoninaru-そこに鳴る,5,136000,False,2026-06-21T09:38:55.024050+00:00,1527,0.0032743942370661427,0.0013993910452432326,36.764705882352935
UC6YFaOCCIr6QgCU4WVU09-A,たけ | ITリテラシー⤴︎,5,118000,False,2026-06-21T09:38:55.024002+00:00,1527,0.0032743942370661427,0.0013993910452432326,42.37288135593221
UC6VjNLslXbb6Stl0I2MkQWA,ガーリィレコードチャンネル,5,1120000,False,2026-06-21T09:38:55.023966+00:00,1527,0.0032743942370661427,0.0013993910452432326,4.464285714285714
UC6UkPR6DkVmfUZD38dzVhEQ,Misty no sekai༆tarot,5,21100,False,2026-06-21T09:38:55.024035+00:00,1527,0.0032743942370661427,0.0013993910452432326,236.96682464454977
UCAxiJ4ZUbRrQhwYHLd5pWhA,【FX攻略】トレーダーワタル,5,39600,False,2026-06-21T09:38:55.023955+00:00,1527,0.0032743942370661427,0.0013993910452432326,126.26262626262626
UC6Tzn3v7aHfcBzMUTLAWoew,チーム ロンハー&アメトーーク!&テレビ千鳥,5,367000,False,2026-06-21T09:38:55.024032+00:00,1527,0.0032743942370661427,0.0013993910452432326,13.623978201634877
UC34LwS_QwS9KiGESFdW1b0g,たすく,5,232000,False,2026-06-21T09:38:55.024053+00:00,1527,0.0032743942370661427,0.0013993910452432326,21.551724137931032
UCG7FPicHPJXg6romhe0t92g,小次郎講師チャンネル,5,57300,False,2026-06-21T09:38:55.023958+00:00,1527,0.0032743942370661427,0.0013993910452432326,87.26003490401396
UCFyWOIOYgyM9YlJLi3ATr2A,WWUK TV,5,398000,False,2026-06-21T09:38:55.024021+00:00,1527,0.0032743942370661427,0.0013993910452432326,12.56281407035176
UCFwoRgP3tLngAwyu7uISkCg,心のつかえがとれる雑学,5,14100,False,2026-06-21T09:38:55.024066+00:00,1527,0.0032743942370661427,0.0013993910452432326,354.6099290780142
UC0Es_RHY2j9r53EnOZ14sDA,TAKOベース【カメラドローン等】,5,22600,False,2026-06-21T09:38:55.023947+00:00,1527,0.0032743942370661427,0.0013993910452432326,221.23893805309734
UC0EV2xq2BGR7m0JJddd8k-w,tomo,5,115000,False,2026-06-21T09:38:55.023941+00:00,1527,0.0032743942370661427,0.0013993910452432326,43.47826086956522
UC0ERnp2TfH9Dj4s3XtVimSw,みんな〜アクアやろ〜よ!,5,33000,False,2026-06-21T09:38:55.024044+00:00,1527,0.0032743942370661427,0.0013993910452432326,151.5151515151515
UC-OQ5bos-1a70cZvYKUoxPg,Élan studio(旧Prima Ballett Klasse),5,15600,False,2026-06-21T09:38:55.023991+00:00,1527,0.0032743942370661427,0.0013993910452432326,320.5128205128205
UC-N5VcKtH5XQLoOQonXDkow,zen place,5,21200,False,2026-06-21T09:38:55.023938+00:00,1527,0.0032743942370661427,0.0013993910452432326,235.8490566037736
UCAmXp_W1h3I8T_Pz4kaoeRA,かんな┊︎Canva使い方始め方マニュアル,5,11600,False,2026-06-21T09:38:55.023971+00:00,1527,0.0032743942370661427,0.0013993910452432326,431.0344827586207
UC0HFgxVVovAmhaLBSlalGIA,ActOnTV01,5,60000,False,2026-06-21T09:38:55.024039+00:00,1527,0.0032743942370661427,0.0013993910452432326,83.33333333333333
UC0H4IGyB-bpKvralbeTFVwQ,Sushi Bomber TV クッキング最前線,5,200000,False,2026-06-21T09:38:55.024027+00:00,1527,0.0032743942370661427,0.0013993910452432326,25.0
UC0InKCF8eQsKjs8O908yNDw,Silky Nights,5,19300,False,2026-06-21T09:38:55.024008+00:00,1527,0.0032743942370661427,0.0013993910452432326,259.0673575129534
UC32oVb-nfyRBNlWzUw3dC5Q,Wysetrade,5,1520000,False,2026-06-21T09:38:55.023950+00:00,1527,0.0032743942370661427,0.0013993910452432326,3.2894736842105265
UC2aRmdL5enWb9GElkpY2KZw,リスペクトジャパン2,5,53400,False,2026-06-21T09:38:55.024030+00:00,1527,0.0032743942370661427,0.0013993910452432326,93.63295880149813
UC2dnosEt5WLRNqh20_7j5qw,Ankh Priest,5,481000,False,2026-06-21T09:38:55.023919+00:00,1527,0.0032743942370661427,0.0013993910452432326,10.395010395010395
UC19k_7hqCBqCPupBlAPKOvw,ミルキの事件語り,5,129000,False,2026-06-21T09:38:55.023980+00:00,1527,0.0032743942370661427,0.0013993910452432326,38.759689922480625
UC1DlDWqOwD1B0SH4Hngh-2A,Brain Lab,5,1370,False,2026-06-21T09:38:55.024000+00:00,1527,0.0032743942370661427,0.0013993910452432326,3649.63503649635
UC1DijbzOiB3MTLNbCgqasHw,webの森・モモンガch,5,7260,False,2026-06-21T09:38:55.024019+00:00,1527,0.0032743942370661427,0.0013993910452432326,688.7052341597796
UC72A_x2FKHkJ8Nc2eIzqj8Q,「チームみらい」公式チャンネル,5,87200,False,2026-06-21T09:38:55.082180+00:00,1527,0.0032743942370661427,0.0013993910452432326,57.33944954128441
UC7-XlNDMKDmEE6J7sipqggA,竹花貴騎の時間【切り抜き】,5,23600,False,2026-06-21T09:38:55.082332+00:00,1527,0.0032743942370661427,0.0013993910452432326,211.864406779661
UC77fE-CthS26aesRDL6PMqA,都市伝説の部屋,5,56000,False,2026-06-21T09:38:55.082316+00:00,1527,0.0032743942370661427,0.0013993910452432326,89.28571428571429
UC7FdbGVb7oIUNtk2EoBNhNg,【公式】文化放送 おはよう寺ちゃん,5,169000,False,2026-06-21T09:38:55.082154+00:00,1527,0.0032743942370661427,0.0013993910452432326,29.585798816568047
UCQVhrypJhw1HxuRV4gX6hoQ,あいみょん,5,2290000,False,2026-06-21T09:38:55.082272+00:00,1527,0.0032743942370661427,0.0013993910452432326,2.1834061135371177
UCQTvAutdntZvp6wobnwjSow,やまりゅう【肌の悩み改善ch】,5,84900,False,2026-06-21T09:38:55.082170+00:00,1527,0.0032743942370661427,0.0013993910452432326,58.89281507656066
UCQAJlnmzlQGhDmjiSx8FH4Q,ヒトデせいやチャンネル,5,150000,False,2026-06-21T09:38:55.082241+00:00,1527,0.0032743942370661427,0.0013993910452432326,33.333333333333336
UC-PaMCi--UKZ06ac7OLaJjA,VIVA JAPAN【海外の反応】,5,13400,False,2026-06-21T09:38:55.082262+00:00,1527,0.0032743942370661427,0.0013993910452432326,373.13432835820896
UCbGpIw5LmPNu4nSWqlaiu7g,神王ＴＶ,5,234000,False,2026-06-21T09:38:55.082197+00:00,1527,0.0032743942370661427,0.0013993910452432326,21.367521367521366
UC-SuHonAEkrikvs2oj7LLXg,Lifeder,5,677000,False,2026-06-21T09:38:55.082120+00:00,1527,0.0032743942370661427,0.0013993910452432326,7.385524372230428
UCB3mOPzHaD-K1n7YlubgOqA,テックナビ,5,10100,False,2026-06-21T09:38:55.082114+00:00,1527,0.0032743942370661427,0.0013993910452432326,495.0495049504951
UCBE4xAbWESF5ofPzS9eLhgg,HeartStation365,5,184000,False,2026-06-21T09:38:55.082267+00:00,1527,0.0032743942370661427,0.0013993910452432326,27.17391304347826
UCBD4RO82lle5CyB_M9dtwzw,PROWRESTLING SHIBATAR ZZ,5,1140000,False,2026-06-21T09:38:55.082148+00:00,1527,0.0032743942370661427,0.0013993910452432326,4.385964912280701
UCB8gUdHweo--1aou95RQvQw,お絵かき講座パルミー【公式】,5,192000,False,2026-06-21T09:38:55.082175+00:00,1527,0.0032743942370661427,0.0013993910452432326,26.041666666666668
UC6DP_0fgMiSFj7O6DJinhHg,あかでみっくラバー博士のくるま奮闘記　AMC Racing,5,130000,False,2026-06-21T09:38:55.082164+00:00,1527,0.0032743942370661427,0.0013993910452432326,38.46153846153846
UC-RrdD4QWPoz89YSAt_Ck-g,街の小さなお肉屋さん,5,29900,False,2026-06-21T09:38:55.082310+00:00,1527,0.0032743942370661427,0.0013993910452432326,167.22408026755852
UC-RcE1VpO2yjRk-EF8pZSQQ,占星術で人生が分かりすぎてしまった男【公式】- TAKAAKI KJ,5,3990,False,2026-06-21T09:38:55.082326+00:00,1527,0.0032743942370661427,0.0013993910452432326,1253.1328320802004
UC69_6DX--kdRjq9XiOsaDyg,【The Science of Youth】Optimal Health to Age 100,5,32500,False,2026-06-21T09:38:55.082186+00:00,1527,0.0032743942370661427,0.0013993910452432326,153.84615384615384
UC6EWynzx1ox4NxA3OCSZnJA,pianomaedaful,5,96800,False,2026-06-21T09:38:55.082305+00:00,1527,0.0032743942370661427,0.0013993910452432326,51.65289256198347
UC38USpiXhfzHZZWUJT9-VSA,Sunny Journey,5,213000,False,2026-06-21T09:38:55.082294+00:00,1527,0.0032743942370661427,0.0013993910452432326,23.474178403755868
UCSC4jWZXjX2EjEHQnqGEmVg,AMPTAKxCOLORS(アンプタックカラーズ),5,1700000,False,2026-06-21T09:38:55.082214+00:00,1527,0.0032743942370661427,0.0013993910452432326,2.9411764705882355
UC3C3YOGFjn7Pq3lOCeUFHfg,花江夏樹,5,2190000,False,2026-06-21T09:38:55.082081+00:00,1527,0.0032743942370661427,0.0013993910452432326,2.2831050228310503
UC3A0nuJpz3NnPi2luPj41fA,Kenrick Sound -- ケンリックサウンド,5,109000,False,2026-06-21T09:38:55.082256+00:00,1527,0.0032743942370661427,0.0013993910452432326,45.87155963302752
UC1lXpTHk-Vu5lJvzkTreAtw,アランのくつろぎ空間,5,9630,False,2026-06-21T09:38:55.082235+00:00,1527,0.0032743942370661427,0.0013993910452432326,519.2107995846313
UC1l-cSsy9wf2PMXVnQrYJ3A,【澤さんの人生いつも楽しく】ホームレスからホテルオーナーになった宇宙の法則,5,813,False,2026-06-21T09:38:55.082224+00:00,1527,0.0032743942370661427,0.0013993910452432326,6150.0615006150065
UC1kIG_rmi4__Oky-KIlL2yw,やまだ | 旅するクリエイター,5,83400,False,2026-06-21T09:38:55.082219+00:00,1527,0.0032743942370661427,0.0013993910452432326,59.95203836930456
UC2anAxlFg64q98Ba176msrA,のりぽんチャンネル,5,1250000,False,2026-06-21T09:38:55.082143+00:00,1527,0.0032743942370661427,0.0013993910452432326,4.0
UCFarL62IY4cxKF6YA6Wx-XQ,お金と人に愛されるがまぐち先生,5,22500,False,2026-06-21T09:38:55.082337+00:00,1527,0.0032743942370661427,0.0013993910452432326,222.22222222222223
UC3NjcCQNVVR4rBVkxU3rr5A,ボディメイクコーチエイミー,5,50000,False,2026-06-21T09:38:55.082278+00:00,1527,0.0032743942370661427,0.0013993910452432326,100.0
UC3McPdkyidCBzdV_XbQu-4w,ひろぬけ【ひろゆき切り抜き】,5,69600,False,2026-06-21T09:38:55.082246+00:00,1527,0.0032743942370661427,0.0013993910452432326,71.83908045977012
UC2WSn4tjvIrWO1NrljInDvg,税理士ナガイ,5,126000,False,2026-06-21T09:38:55.082289+00:00,1527,0.0032743942370661427,0.0013993910452432326,39.682539682539684
UCHi5HD9w9B-gI6Lbx43Rs7A,川口春奈オフィシャル はーちゃんねる,5,1950000,False,2026-06-21T09:38:55.082353+00:00,1527,0.0032743942370661427,0.0013993910452432326,2.564102564102564
UCHaHD477h-FeBbVh9Sh7syA,BBC Learning English,5,10300000,False,2026-06-21T09:38:55.082137+00:00,1527,0.0032743942370661427,0.0013993910452432326,0.4854368932038835
UC7F3jAsH6cGXF-vMD9hc-Wg,やまとのニッチな動画編集チャンネル,5,18800,False,2026-06-21T09:38:55.082230+00:00,1527,0.0032743942370661427,0.0013993910452432326,265.95744680851067
UC-FNlCXs_xEmBomOUC33EIw,ゆっくりF1な世界,5,81600,False,2026-06-21T09:38:55.082348+00:00,1527,0.0032743942370661427,0.0013993910452432326,61.27450980392157
UChe0E-hCaRtYN1YEhsN73pQ,三木大雲の人類大会議,5,156000,False,2026-06-21T09:38:55.082300+00:00,1527,0.0032743942370661427,0.0013993910452432326,32.05128205128205
UCAGahxd8RZYa0XfvCtPy5ew,Yu Sweets Researcher,5,522000,False,2026-06-21T09:38:55.082096+00:00,1527,0.0032743942370661427,0.0013993910452432326,9.578544061302681
UC2UCB_L3Kh6Kv5pL3pJZFlA,9SARI GROUP,5,203000,False,2026-06-21T09:38:55.082283+00:00,1527,0.0032743942370661427,0.0013993910452432326,24.630541871921185
UC2ZDt1aIR-tA3lNuAnHEqCQ,ボクくま,5,171000,False,2026-06-21T09:38:55.082159+00:00,1527,0.0032743942370661427,0.0013993910452432326,29.239766081871345
UC2Z7UBL5mvNUvehH6ph4MNw,Mumeixxx【むめい】,5,1110000,False,2026-06-21T09:38:55.082126+00:00,1527,0.0032743942370661427,0.0013993910452432326,4.504504504504505
UC2Z-fDplbC4jR1FYmIBt84A,ゆる哲学ラジオ,5,81000,False,2026-06-21T09:38:55.082109+00:00,1527,0.0032743942370661427,0.0013993910452432326,61.7283950617284
UC64uGOYi7v1ClET3GJVlYyA,谷繁ベースボールチャンネル,5,225000,False,2026-06-21T09:38:55.082132+00:00,1527,0.0032743942370661427,0.0013993910452432326,22.222222222222225
UCBE7DY2nmNZNsbJc6PWlLvA,マダムパン子の占い部屋,5,37000,False,2026-06-21T09:38:55.082191+00:00,1527,0.0032743942370661427,0.0013993910452432326,135.13513513513513
UC6-MaImY4vEpNqmEtfLZhOA,世界しくじり発見【ゆっくり解説】,5,100000,False,2026-06-21T09:38:55.082103+00:00,1527,0.0032743942370661427,0.0013993910452432326,50.0
UC0CIwXp1D0lUnPP-QumbBmA,みさきちゃんネル,5,178000,False,2026-06-21T09:38:55.082251+00:00,1527,0.0032743942370661427,0.0013993910452432326,28.08988764044944
UC0C6oq3TlGiSlDCei57hY6A,幕末志士チャンネル,5,457000,False,2026-06-21T09:38:55.082208+00:00,1527,0.0032743942370661427,0.0013993910452432326,10.940919037199125
UC2XqlrUJZDtWO9gDZSfpINg,AMUSE Official Channel,5,142000,False,2026-06-21T09:38:55.082342+00:00,1527,0.0032743942370661427,0.0013993910452432326,35.21126760563381
UCA8Myo_LPwq-ED3QhKaSXJw,Office TANAKA,5,96800,False,2026-06-21T09:38:55.082203+00:00,1527,0.0032743942370661427,0.0013993910452432326,51.65289256198347
UC-ClplvCZYJsoQ9oCZlGeLA,あかさかの小箱,5,114000,False,2026-06-21T09:38:55.082321+00:00,1527,0.0032743942370661427,0.0013993910452432326,43.859649122807014
UCk12t4otD01-oY0f2lIRcHA,かんちゃん住職〔Kankyo Tanikawa〕,5,242000,False,2026-06-21T09:38:55.082389+00:00,1527,0.0032743942370661427,0.0013993910452432326,20.66115702479339
UCjtbVDyPK5KzU4OlhrM8i9A,Grace reading,5,137000,False,2026-06-21T09:38:55.150572+00:00,1527,0.0032743942370661427,0.0013993910452432326,36.496350364963504
UCjFLByL3JGp7qwGSV4zoQNA,関西弁CA / Ryucrew,5,348000,False,2026-06-21T09:38:55.150600+00:00,1527,0.0032743942370661427,0.0013993910452432326,14.367816091954023
UCIJPUOgFIBu8TiXUa9hRWYw,CABHEY RIDE ON!!,5,1450000,False,2026-06-21T09:38:55.150649+00:00,1527,0.0032743942370661427,0.0013993910452432326,3.4482758620689653
UC0EPrUj-8qqYj2KQZsQ1IIw,DJ-Trackmagic - Nonstop Dance Music Channel,5,81100,False,2026-06-21T09:38:55.150588+00:00,1527,0.0032743942370661427,0.0013993910452432326,61.652281134401974
UCFTdxblQArEr7f61WXfEQig,【公式】水曜どうでしょう,5,371000,False,2026-06-21T09:38:55.150655+00:00,1527,0.0032743942370661427,0.0013993910452432326,13.477088948787062
UC3Imzty4TFcxEOv1BRBV_wg,チワックスひよりのぐうたら日和,5,99000,False,2026-06-21T09:38:55.150634+00:00,1527,0.0032743942370661427,0.0013993910452432326,50.505050505050505
UC3FvFK_4Hp7UIxT17g-aYmQ,MindKing / PomodoroTechnic & NatureSounds,5,28800,False,2026-06-21T09:38:55.150591+00:00,1527,0.0032743942370661427,0.0013993910452432326,173.61111111111111
UCFdWZBIzt-7tXsJ49chLRsA,早雲の『武道と人生』 - 身体から運命を変える -,5,13900,False,2026-06-21T09:38:55.150606+00:00,1527,0.0032743942370661427,0.0013993910452432326,359.71223021582733
UCFbUzdwR6xgnaCZBUTmyoEQ,RED Chair,5,218000,False,2026-06-21T09:38:55.150672+00:00,1527,0.0032743942370661427,0.0013993910452432326,22.93577981651376
UC1QmKS4aff-61HOcEh-6nEw,xxx,5,9610,False,2026-06-21T09:38:55.150609+00:00,1527,0.0032743942370661427,0.0013993910452432326,520.2913631633716
UCIAxOLPLaPzsjuRNVjaBoqg,お文具のアニメ,5,1090000,False,2026-06-21T09:38:55.150663+00:00,1527,0.0032743942370661427,0.0013993910452432326,4.587155963302752
UCHwIfWguiXscH-VEdoAP9aQ,吉岡純子の純ちゃんラジオ,5,18000,False,2026-06-21T09:38:55.150660+00:00,1527,0.0032743942370661427,0.0013993910452432326,277.77777777777777
UCHsgsGmXU_eEfcrJ-TOAQaA,手帳の強化書,5,40700,False,2026-06-21T09:38:55.150583+00:00,1527,0.0032743942370661427,0.0013993910452432326,122.85012285012284
UCHoOFVQAhK-QyoXgf0iaZIg,マッスルグリル,5,435000,False,2026-06-21T09:38:55.150712+00:00,1527,0.0032743942370661427,0.0013993910452432326,11.494252873563218
UCHkxn-9n6Z3yQzg5fZgc0tA,遊楽舎ちゃんねる,5,475000,False,2026-06-21T09:38:55.150652+00:00,1527,0.0032743942370661427,0.0013993910452432326,10.526315789473685
UC0d7zS5Ty_lHCvyZbRYv-ug,犬パチ【もしもAIシミュレーション】,5,47000,False,2026-06-21T09:38:55.150701+00:00,1527,0.0032743942370661427,0.0013993910452432326,106.38297872340425
UC2NLcrj9ny8KnCnQpK9HKXQ,富を築く言葉,5,8150,False,2026-06-21T09:38:55.150680+00:00,1527,0.0032743942370661427,0.0013993910452432326,613.4969325153374
UC2NHbsoAQ5LdQWQsgQKuu5w,あいかわ,5,117000,False,2026-06-21T09:38:55.150688+00:00,1527,0.0032743942370661427,0.0013993910452432326,42.73504273504273
UC7TlAuhKUXYMc-R-nBWFBkA,さざなみ楽器工房,5,44000,False,2026-06-21T09:38:55.150717+00:00,1527,0.0032743942370661427,0.0013993910452432326,113.63636363636364
UC7QNTYluvd9JZs6wPcJk3PQ,日本政治の夜明け,5,98800,False,2026-06-21T09:38:55.150643+00:00,1527,0.0032743942370661427,0.0013993910452432326,50.60728744939271
UCU0KURiKTupBYVCK8rgG7Rw,日本科学情報,5,433000,False,2026-06-21T09:38:55.150674+00:00,1527,0.0032743942370661427,0.0013993910452432326,11.547344110854505
UCU0JjQr0I0DIRwV8joRIIBA,ハック大学,5,286000,False,2026-06-21T09:38:55.150594+00:00,1527,0.0032743942370661427,0.0013993910452432326,17.482517482517483
UCLK63mzEn9yPcwrjSEWBK3Q,【ゆっくり解説】9割が知らない雑学,5,497000,False,2026-06-21T09:38:55.150628+00:00,1527,0.0032743942370661427,0.0013993910452432326,10.06036217303823
UCLI1ta1jCqMZeHSqY95lhlQ,研修トレーナー伊庭正康のスキルアップチャンネル,5,230000,False,2026-06-21T09:38:55.150707+00:00,1527,0.0032743942370661427,0.0013993910452432326,21.73913043478261
UC6-h4gN51Ars8SH4zcRZf9A,12星座との対話◆ 星が導く人生相談,5,8600,False,2026-06-21T09:38:55.150640+00:00,1527,0.0032743942370661427,0.0013993910452432326,581.3953488372093
UC7OZ8V7plonTU229Io2myIg,世相のうっぷん晴らしチャンネル,5,69300,False,2026-06-21T09:38:55.150696+00:00,1527,0.0032743942370661427,0.0013993910452432326,72.15007215007215
UC7OX9yGXLSJhSocOEVC6SQg,【占い 玄叡】九星&タロット,5,25700,False,2026-06-21T09:38:55.150623+00:00,1527,0.0032743942370661427,0.0013993910452432326,194.5525291828794
UC9y1pmCh89IkpeYcAfCG9rg,さらば青春のテレビ大阪チャンネル,5,397000,False,2026-06-21T09:38:55.150691+00:00,1527,0.0032743942370661427,0.0013993910452432326,12.594458438287154
UC7bX_RrH3zbdp5V4j5umGgw,Relax Music,5,1480000,False,2026-06-21T09:38:55.150715+00:00,1527,0.0032743942370661427,0.0013993910452432326,3.3783783783783785
UClDM5GP-nYn5gBvDryZDW9w,探究!エミンチャンネル,5,268000,False,2026-06-21T09:38:55.150693+00:00,1527,0.0032743942370661427,0.0013993910452432326,18.65671641791045
UCkKVQ_GNjd8FbAuT6xDcWgg,テレ東BIZ ダイジェスト,5,2620000,False,2026-06-21T09:38:55.150720+00:00,1527,0.0032743942370661427,0.0013993910452432326,1.9083969465648853
UC2Nu7atuhXpGz3vmIHJsN1w,ひざ痛お助けTV,5,91100,False,2026-06-21T09:38:55.150617+00:00,1527,0.0032743942370661427,0.0013993910452432326,54.8847420417124
UC1nx4mpl9vEoELUAyI-u5XQ,土方隼斗のビリヤードTV,5,61300,False,2026-06-21T09:38:55.150657+00:00,1527,0.0032743942370661427,0.0013993910452432326,81.56606851549755
UC3Z8Tf-ponSKcr2p7Z8N09A,Superfly,5,430000,False,2026-06-21T09:38:55.150709+00:00,1527,0.0032743942370661427,0.0013993910452432326,11.627906976744185
UC3YY00RWt4SPf68afhqHW-Q,リズ山崎チャンネル,5,11800,False,2026-06-21T09:38:55.150620+00:00,1527,0.0032743942370661427,0.0013993910452432326,423.728813559322
UC-YVdXQlrwWpBeuDj0rsSig,防衛ゴー,5,41200,False,2026-06-21T09:38:55.150669+00:00,1527,0.0032743942370661427,0.0013993910452432326,121.35922330097087
UC5nc_ZtjKW1htCVZVRxlQAQ,MrSuicideSheep,5,12700000,False,2026-06-21T09:38:55.150637+00:00,1527,0.0032743942370661427,0.0013993910452432326,0.3937007874015748
UC5utdILsj2woHXf6Z9rIcUA,べっぴん菌ちゃんねる,5,53100,False,2026-06-21T09:38:55.150685+00:00,1527,0.0032743942370661427,0.0013993910452432326,94.16195856873823
UC5u0QPy_0-sLwN3x1uTBAnw,マコトミノル【恋愛系VTuber】,5,14200,False,2026-06-21T09:38:55.150614+00:00,1527,0.0032743942370661427,0.0013993910452432326,352.11267605633805
UCBNVZPlWoR7oArfzJNrK9yw,優里 Official YouTube Channel,5,1240000,False,2026-06-21T09:38:55.150677+00:00,1527,0.0032743942370661427,0.0013993910452432326,4.032258064516129
UC1Of9baPF-YBoxdP_PUwKmQ,漫画ルーム,5,128000,False,2026-06-21T09:38:55.150612+00:00,1527,0.0032743942370661427,0.0013993910452432326,39.0625
UC5kYw7NtkEnywLSuftNT7JA,ハッピーまきちゃんねる,5,91800,False,2026-06-21T09:38:55.150666+00:00,1527,0.0032743942370661427,0.0013993910452432326,54.46623093681917
UC3Xwhwh6Gx0UKf2II1NFdYw,としお君の人生相談【岡田斗司夫　切り抜き】,5,10800,False,2026-06-21T09:38:55.150699+00:00,1527,0.0032743942370661427,0.0013993910452432326,462.962962962963
UC3X5lXWdDrYRDCW7k01Ka4Q,Learn English with Harry,5,804000,False,2026-06-21T09:38:55.150626+00:00,1527,0.0032743942370661427,0.0013993910452432326,6.218905472636815
UC3WWLNbDGeSLuc8YT_EQPJw,REI TAROT INFINITY,5,21700,False,2026-06-21T09:38:55.150683+00:00,1527,0.0032743942370661427,0.0013993910452432326,230.4147465437788
UCEz6Z7EgtSi-rPes-SIKJEg,official令和ロマン【公式】,5,955000,False,2026-06-21T09:38:55.150597+00:00,1527,0.0032743942370661427,0.0013993910452432326,5.2356020942408374
UCEyoEzofIPXqYMzl0JdoRBw,SPIRITUAL LABO 〜スピラボ〜,5,34000,False,2026-06-21T09:38:55.150646+00:00,1527,0.0032743942370661427,0.0013993910452432326,147.05882352941174
UC1eYizPhK0ol9eBwydHo58g,たまスピ【ゆっくり解説】魂のスピリチュアル,5,7320,False,2026-06-21T09:38:55.150631+00:00,1527,0.0032743942370661427,0.0013993910452432326,683.0601092896175
UC1hM4B6kDTOAf7UawolxIPw,7D SONGS,5,10600,False,2026-06-21T09:38:55.150704+00:00,1527,0.0032743942370661427,0.0013993910452432326,471.6981132075472
UC0yiInw9cd6D7sASYSnx0Kw,にゃんだもん,5,3550,False,2026-06-21T09:38:55.150603+00:00,1527,0.0032743942370661427,0.0013993910452432326,1408.4507042253522
UCNhplGFoeT_ylmw0MNP_LqA,NIJIIRO ZAMURAI,5,1820000,False,2026-06-21T09:38:55.210804+00:00,1527,0.0032743942370661427,0.0013993910452432326,2.7472527472527473
UCBiJBaDaM3K6vPVggLhTyWA,Drumeo,5,5490000,False,2026-06-21T09:38:55.210896+00:00,1527,0.0032743942370661427,0.0013993910452432326,0.9107468123861566
UCBfrhc7L6d9Bew_vVUFuzEg,孤独のグルメ / Solitary Gourmet - TV TOKYO,5,416000,False,2026-06-21T09:38:55.210812+00:00,1527,0.0032743942370661427,0.0013993910452432326,12.01923076923077
UC-WnEsAPdkBvIT9jVlLGr2w,渋谷ゆり Shibuya Yuri,5,42800,False,2026-06-21T09:38:55.210872+00:00,1527,0.0032743942370661427,0.0013993910452432326,116.82242990654206
UC-ZLxIJp8RkB2viKkFIyk6A,おしゃれ迷子さんいらっしゃい!TOKYOリアルクローズ,5,73400,False,2026-06-21T09:38:55.210776+00:00,1527,0.0032743942370661427,0.0013993910452432326,68.11989100817439
UC-Z2HcbsFomjgITlRFgThpA,サーシャメイカー,5,8590,False,2026-06-21T09:38:55.210853+00:00,1527,0.0032743942370661427,0.0013993910452432326,582.0721769499418
UC3_CJOfLukQA4RM3hcH3usw,はんにゃ金田SHOW,5,216000,False,2026-06-21T09:38:55.210888+00:00,1527,0.0032743942370661427,0.0013993910452432326,23.148148148148145
UCURPqzet5A9Ojvn6jaL0Qkw,Hiroshi Iki 『Money School』,5,104000,False,2026-06-21T09:38:55.210796+00:00,1527,0.0032743942370661427,0.0013993910452432326,48.07692307692308
UC09aZDuZfdu_zdzBZ9d4lcw,【公式】呂布カルマ沼,5,76100,False,2026-06-21T09:38:55.210910+00:00,1527,0.0032743942370661427,0.0013993910452432326,65.7030223390276
UC-Dwpee7-3r4ygJMHo_IJqA,しょんの芸能人の雑学紹介,5,139000,False,2026-06-21T09:38:55.210907+00:00,1527,0.0032743942370661427,0.0013993910452432326,35.97122302158273
UC-Cwu5UTRn6bFvaC0GK0hTA,ソロめしTV  / 福岡・北九州グルメ,5,38700,False,2026-06-21T09:38:55.210779+00:00,1527,0.0032743942370661427,0.0013993910452432326,129.19896640826872
UC7_B1Zw6Cq5YjJRbykSXclw,圧縮雑学チャンネル,5,320000,False,2026-06-21T09:38:55.210765+00:00,1527,0.0032743942370661427,0.0013993910452432326,15.625
UC1KsyVFMu6Aq5x235IoalZQ,Karolina Protsenko - Violin Music,5,8790000,False,2026-06-21T09:38:55.210830+00:00,1527,0.0032743942370661427,0.0013993910452432326,0.5688282138794084
UC1KWupebX_8trbUDCc-VE-g,50代から、人生は美しくなる,5,12600,False,2026-06-21T09:38:55.210855+00:00,1527,0.0032743942370661427,0.0013993910452432326,396.8253968253968
UC2K343OmZu42W-m055WFi_A,SHIFT AI イベント運営事務局,5,4750,False,2026-06-21T09:38:55.210816+00:00,1527,0.0032743942370661427,0.0013993910452432326,1052.6315789473683
UC2JzylaIF8qeowc7-5VwwmA,Minami,5,1510000,False,2026-06-21T09:38:55.210886+00:00,1527,0.0032743942370661427,0.0013993910452432326,3.3112582781456954
UC2Jccx_IvT2iDSZLAiUg3Pg,世界のニッポン,5,152000,False,2026-06-21T09:38:55.210847+00:00,1527,0.0032743942370661427,0.0013993910452432326,32.89473684210526
UC2J4qJ5YiVdZFmxbhrY_H6A,車椅子,5,126000,False,2026-06-21T09:38:55.210790+00:00,1527,0.0032743942370661427,0.0013993910452432326,39.682539682539684
UC2J1xkzCRvy0k2wepu_wqew,けいたんの歌うま増やします。,5,60700,False,2026-06-21T09:38:55.210899+00:00,1527,0.0032743942370661427,0.0013993910452432326,82.37232289950576
UC2IqcWpl7Hs_NKrCFVQ_TrQ,シンガポール投資家KAZ,5,29500,False,2026-06-21T09:38:55.210877+00:00,1527,0.0032743942370661427,0.0013993910452432326,169.49152542372883
UC_x_e-SGSU-basLUFOQ6FJA,【地球がジム】fitness mate,5,235000,False,2026-06-21T09:38:55.210793+00:00,1527,0.0032743942370661427,0.0013993910452432326,21.27659574468085
UC_Q8cHoJnhNp6GHPkPOoSgw,一月万冊,5,521000,False,2026-06-21T09:38:55.210773+00:00,1527,0.0032743942370661427,0.0013993910452432326,9.596928982725528
UC-_FGIp2__NfB1GsBKCCcFA,りょじみく,5,231000,False,2026-06-21T09:38:55.210842+00:00,1527,0.0032743942370661427,0.0013993910452432326,21.645021645021647
UCBqYATdJmopNqNWvNN0C-Ig,【Shorts】Kevin's English Room,5,348000,False,2026-06-21T09:38:55.210836+00:00,1527,0.0032743942370661427,0.0013993910452432326,14.367816091954023
UCBo1hnzxV9rz3WVsv__Rn1g,ROSÉ,5,19900000,False,2026-06-21T09:38:55.210824+00:00,1527,0.0032743942370661427,0.0013993910452432326,0.25125628140703515
UCBmY_77ZQUUGH34TXT36HNw,Yudai Takenaka / Novelbright,5,856000,False,2026-06-21T09:38:55.210869+00:00,1527,0.0032743942370661427,0.0013993910452432326,5.841121495327102
UC5_XVLU_brtDnNSMoBHDHbA,HEAVENESE 5.0,5,45400,False,2026-06-21T09:38:55.210905+00:00,1527,0.0032743942370661427,0.0013993910452432326,110.13215859030838
UC5_ESp6H_8__Ou2dVL7Q4fw,ゆいはる / FX trader,5,14200,False,2026-06-21T09:38:55.210785+00:00,1527,0.0032743942370661427,0.0013993910452432326,352.11267605633805
UC5ZBn_O4tEXTv_CfbmxYwaQ,カリステニクス東京 | Calisthenics Tokyo,5,89300,False,2026-06-21T09:38:55.210894+00:00,1527,0.0032743942370661427,0.0013993910452432326,55.99104143337066
UC5Yrsm8-X8nZj4uKgvE7CBw,今こそ！三千年の底力【藤江3rdチャンネル】,5,83100,False,2026-06-21T09:38:55.210850+00:00,1527,0.0032743942370661427,0.0013993910452432326,60.16847172081829
UC5fAV2-fNfjV2wYEfzMvcbw,寺田浩晃,5,50400,False,2026-06-21T09:38:55.210913+00:00,1527,0.0032743942370661427,0.0013993910452432326,99.2063492063492
UC-YORudcBv-N3gYUriFxwLA,Face The Truth,5,11200,False,2026-06-21T09:38:55.210861+00:00,1527,0.0032743942370661427,0.0013993910452432326,446.4285714285714
UC-YEg2FdThdeD5m2OU8ZPCQ,大島英明の真我体現チャンネル  ノンデュアリティを超えてあなたの真の幸福を発見する,5,3780,False,2026-06-21T09:38:55.210891+00:00,1527,0.0032743942370661427,0.0013993910452432326,1322.7513227513227
UC3c8PW1C5kJGbCRjFJoTDwA,ブチギレ氏原&サカモトの【GGチャンネル】,5,728000,False,2026-06-21T09:38:55.210880+00:00,1527,0.0032743942370661427,0.0013993910452432326,6.868131868131868
UC3i3znps2Q62tM9tKKHh8Sg,[HIPPY] YouTubeチャンネル[ひぴ動],5,125000,False,2026-06-21T09:38:55.210883+00:00,1527,0.0032743942370661427,0.0013993910452432326,40.0
UC3eYAvjCVwNHgkaGbXX3sig,中村悠一,5,629000,False,2026-06-21T09:38:55.210801+00:00,1527,0.0032743942370661427,0.0013993910452432326,7.94912559618442
UCNcdfynjHc086o_-NynFuFw,けんますクッキング,5,776000,False,2026-06-21T09:38:55.210915+00:00,1527,0.0032743942370661427,0.0013993910452432326,6.443298969072165
UC1gZ-cM8ldJOmnRy6aGKbOA,しずか©︎ | 100日後に風呂ｷｬﾝ界隈卒業する限界ｱﾗｻｰ,5,128000,False,2026-06-21T09:38:55.210744+00:00,1527,0.0032743942370661427,0.0013993910452432326,39.0625
UCV3bfNsHiOa0EeFt9rDVr1Q,沖縄霊能者ユタ片山 鶴子たづこ,5,203000,False,2026-06-21T09:38:55.210863+00:00,1527,0.0032743942370661427,0.0013993910452432326,24.630541871921185
UCBthdtZvyzJe6YPA9NUJdIA,世界の未解明ミステリー【ゆっくり解説】,5,262000,False,2026-06-21T09:38:55.210770+00:00,1527,0.0032743942370661427,0.0013993910452432326,19.083969465648856
UCBs6NiqRhYtjY7aoBqXnHVg,タフティと願望実現,5,3010,False,2026-06-21T09:38:55.210902+00:00,1527,0.0032743942370661427,0.0013993910452432326,1661.1295681063123
UC-Zwcc_MbnyglsQdyOByc-Q,"聖イグナチオ教会 事務室St.Ignatius Catholic Church, Tokyo",5,22500,False,2026-06-21T09:38:55.210918+00:00,1527,0.0032743942370661427,0.0013993910452432326,222.22222222222223
UC-Zlay-D8BuSphjbTIYZ4xw,コモゴモTV Shorts,5,134000,False,2026-06-21T09:38:55.210799+00:00,1527,0.0032743942370661427,0.0013993910452432326,37.3134328358209
UC02SKMfsAneHIGVjq1s0f7g,日直島田の自由時間,5,161000,False,2026-06-21T09:38:55.210788+00:00,1527,0.0032743942370661427,0.0013993910452432326,31.055900621118013
UC05cNJvMKzDLRPo59X2Xx7g,Los Angeles Dodgers,5,601000,False,2026-06-21T09:38:55.210858+00:00,1527,0.0032743942370661427,0.0013993910452432326,8.319467554076539
UC04smQUaEReyLytN8yTzkHw,細川バレンタイン 【公式】切り抜き,5,30800,False,2026-06-21T09:38:55.210874+00:00,1527,0.0032743942370661427,0.0013993910452432326,162.33766233766235
UC3jD35MI4XdnAXm5hCXr04A,momo キャラ弁料理家,5,283000,False,2026-06-21T09:38:55.210810+00:00,1527,0.0032743942370661427,0.0013993910452432326,17.6678445229682
UC3ikGz1-QlvMFLKRQOaPx7Q,𓃻 変なオカユの自由帳𓃻 〜オカユのサブチャンネル〜,5,23200,False,2026-06-21T09:38:55.210807+00:00,1527,0.0032743942370661427,0.0013993910452432326,215.51724137931035
UCEf_Bc-KVd7onSeifS3py9g,SMTOWN,5,33700000,False,2026-06-21T09:38:55.210782+00:00,1527,0.0032743942370661427,0.0013993910452432326,0.14836795252225518
UCEd-UViXbnKaAscbQeMoT-g,ダヴィンチアカデミー_欲望の漫画,5,405000,False,2026-06-21T09:38:55.210866+00:00,1527,0.0032743942370661427,0.0013993910452432326,12.345679012345679
UCEc1YzMOSKKtJD7H-q71HgQ,Creepy Nuts,5,2440000,False,2026-06-21T09:38:55.269922+00:00,1527,0.0032743942370661427,0.0013993910452432326,2.0491803278688527
UC5Qmfs3V1IeC2QzsMsDeGqg,まんまるとらまる,5,207000,False,2026-06-21T09:38:55.269650+00:00,1527,0.0032743942370661427,0.0013993910452432326,24.154589371980677
UC5QlcVQRgygvOaBN0O5__Og,spryfuel,5,680000,False,2026-06-21T09:38:55.269744+00:00,1527,0.0032743942370661427,0.0013993910452432326,7.352941176470589
UC5U86jie1v46gfdRaEmDoDg,心のコンパス,5,52500,False,2026-06-21T09:38:55.269800+00:00,1527,0.0032743942370661427,0.0013993910452432326,95.23809523809524
UC5U6NY3537bZ4JHfgtRnkqA,【ビートルズ高校】小野リンダ先生,5,57100,False,2026-06-21T09:38:55.269739+00:00,1527,0.0032743942370661427,0.0013993910452432326,87.56567425569177
UC04XrSeA9e7oJdvbcCeuxMg,UFO-TOPGUN,5,32000,False,2026-06-21T09:38:55.269816+00:00,1527,0.0032743942370661427,0.0013993910452432326,156.25
UC3oMU5SP7peSc33a3gHHNJA,ハル映画,5,65500,False,2026-06-21T09:38:55.269916+00:00,1527,0.0032743942370661427,0.0013993910452432326,76.33587786259542
UC3m9tdQ8yaq-QT6YjBmZO6A,MOUNTAIN & FLY by Backcountry,5,53500,False,2026-06-21T09:38:55.269827+00:00,1527,0.0032743942370661427,0.0013993910452432326,93.45794392523364
UC2KxdiFxT-5ymlYbzWKIf9A,阿鳥誠/アトリマコト,5,871000,False,2026-06-21T09:38:55.269755+00:00,1527,0.0032743942370661427,0.0013993910452432326,5.74052812858783
UC2KOXsfA1rBg5eaBBL0DXTw,視聴者全員に1000万円稼がせるトレードチャンネル,5,12800,False,2026-06-21T09:38:55.269876+00:00,1527,0.0032743942370661427,0.0013993910452432326,390.625
UC2GblKtloL9AFi8F223EjRg,ゆっくりミステリー事件簿,5,106000,False,2026-06-21T09:38:55.269783+00:00,1527,0.0032743942370661427,0.0013993910452432326,47.16981132075472
UC2F1iz-FwN5ax5xhm50dtaw,pop FX chan'neru,5,25100,False,2026-06-21T09:38:55.269734+00:00,1527,0.0032743942370661427,0.0013993910452432326,199.20318725099602
UCQ3Kgx1G1NkELoJ8tJ3uelg,Asian Street Food,5,731000,False,2026-06-21T09:38:55.269685+00:00,1527,0.0032743942370661427,0.0013993910452432326,6.839945280437756
UCQ-0MkpvJZ0co7WD79DBt9w,コアラ先生の時事ネタ祭り,5,557000,False,2026-06-21T09:38:55.269700+00:00,1527,0.0032743942370661427,0.0013993910452432326,8.976660682226212
UCPsz6ZAc_5qoypNyvVZL4cw,Health creator Shota,5,77300,False,2026-06-21T09:38:55.269760+00:00,1527,0.0032743942370661427,0.0013993910452432326,64.6830530401035
UCPlTtgZkoZIl5TorUei3iXg,クロユキFX　実戦テクニカルと相場分析,5,62300,False,2026-06-21T09:38:55.269871+00:00,1527,0.0032743942370661427,0.0013993910452432326,80.25682182985554
UCM6d-vEHLVFMdohds1_FFYw,アマテルTV,5,70900,False,2026-06-21T09:38:55.269910+00:00,1527,0.0032743942370661427,0.0013993910452432326,70.52186177715092
UCM3yhFc0-fBFuvqx1Vg2YNQ,Maizen Japanese Channel,5,3250000,False,2026-06-21T09:38:55.269711+00:00,1527,0.0032743942370661427,0.0013993910452432326,1.5384615384615385
UCLubQ17jEPLmYmfQ0KW7dGA,Kanta Hara,5,404000,False,2026-06-21T09:38:55.269856+00:00,1527,0.0032743942370661427,0.0013993910452432326,12.376237623762377
UCC-HU9fQBmjB5gvGx_V1gbw,RADIO引き寄せ,5,39100,False,2026-06-21T09:38:55.269904+00:00,1527,0.0032743942370661427,0.0013993910452432326,127.87723785166239
UCC-14oOlJqtME7UywftsSpQ,MILKY☆SUBWAY THE GALACTIC LIMITED EXPRESS,5,1060000,False,2026-06-21T09:38:55.269928+00:00,1527,0.0032743942370661427,0.0013993910452432326,4.716981132075472
UC1MxI2VxibHOHVmpzdvmZJQ,なかのいつきの日常,5,643000,False,2026-06-21T09:38:55.269696+00:00,1527,0.0032743942370661427,0.0013993910452432326,7.776049766718507
UC7X4DPyFfrnIEBor1MbX7Aw,みさきのお金つみたて教室　,5,190000,False,2026-06-21T09:38:55.269890+00:00,1527,0.0032743942370661427,0.0013993910452432326,26.315789473684212
UC7UmLmEh9zQW-YV2wCHHJNw,ハネハネ,5,1560000,False,2026-06-21T09:38:55.269789+00:00,1527,0.0032743942370661427,0.0013993910452432326,3.205128205128205
UC7eXWU3oN-w5tNtP7sgeeNg,ayumi hamasaki,5,791000,False,2026-06-21T09:38:55.269723+00:00,1527,0.0032743942370661427,0.0013993910452432326,6.321112515802781
UC9wJ6QjXK9kmESZG3aBpCCg,Jちゃんねる,5,30300,False,2026-06-21T09:38:55.269885+00:00,1527,0.0032743942370661427,0.0013993910452432326,165.01650165016503
UC0fel9fma6YY2EanMR14dMw,Yuki Oda / Holistic Glow Specialist🌿,5,34600,False,2026-06-21T09:38:55.269899+00:00,1527,0.0032743942370661427,0.0013993910452432326,144.50867052023122
UC2CRqFsUHDqUGVQQRUaF1Ew,お馬さん,5,784000,False,2026-06-21T09:38:55.269794+00:00,1527,0.0032743942370661427,0.0013993910452432326,6.377551020408164
UCPZanxauWjpffKTWSh3_IDw,パートな日常,5,496000,False,2026-06-21T09:38:55.269766+00:00,1527,0.0032743942370661427,0.0013993910452432326,10.080645161290322
UC0edH8G2ZNFbAv-UMHZZP5Q,HOME DIY,5,68500,False,2026-06-21T09:38:55.269833+00:00,1527,0.0032743942370661427,0.0013993910452432326,72.99270072992701
UC-znBNzOyFLruFR9ZWtP38g,さちことよしお,5,61000,False,2026-06-21T09:38:55.269728+00:00,1527,0.0032743942370661427,0.0013993910452432326,81.9672131147541
UC-zIr6fvPAg-7TGCZkysoHw,handlefc,5,1100,False,2026-06-21T09:38:55.269851+00:00,1527,0.0032743942370661427,0.0013993910452432326,4545.454545454545
UC3pc1Em-ucFRuCr_1EzKMIw,山と溪谷ch.,5,149000,False,2026-06-21T09:38:55.269717+00:00,1527,0.0032743942370661427,0.0013993910452432326,33.55704697986577
UC01NIbffDPzWfilG7DdxW0A,Arata,5,57400,False,2026-06-21T09:38:55.269822+00:00,1527,0.0032743942370661427,0.0013993910452432326,87.10801393728222
UC00Q-DQ5V0C5H8xD2I9BICQ,りんだ【沖縄でのんびり在宅ワーク】,5,1260,False,2026-06-21T09:38:55.269672+00:00,1527,0.0032743942370661427,0.0013993910452432326,3968.253968253968
UC0-Q8LcXk1LnBUqVr9bhI5Q,フェリーチェCH-恋愛四季報-,5,26600,False,2026-06-21T09:38:55.269680+00:00,1527,0.0032743942370661427,0.0013993910452432326,187.9699248120301
UC04aC2u75V9tL5vLvCjDbQA,睡眠スペース,5,24700,False,2026-06-21T09:38:55.269778+00:00,1527,0.0032743942370661427,0.0013993910452432326,202.42914979757083
UC3y2J3W87lyCSNSaV-kD3IA,大人の意見が聞きたい,5,65900,False,2026-06-21T09:38:55.269805+00:00,1527,0.0032743942370661427,0.0013993910452432326,75.87253414264036
UC3xlP_Ds0CGaacD9XzkATIg,テムテムアニメ【コント】,5,325000,False,2026-06-21T09:38:55.269866+00:00,1527,0.0032743942370661427,0.0013993910452432326,15.384615384615383
UC3xSThOZ-ntYfDzTsrPBRLw,タカフミの語り部屋,5,61300,False,2026-06-21T09:38:55.269895+00:00,1527,0.0032743942370661427,0.0013993910452432326,81.56606851549755
UC3wbcGnKGUQjSf38n2rDoog,龍神波動BGM,5,38500,False,2026-06-21T09:38:55.269750+00:00,1527,0.0032743942370661427,0.0013993910452432326,129.87012987012986
UC3w1YwbdVpEy-uzv12xQiMA,保守猫,5,257000,False,2026-06-21T09:38:55.269880+00:00,1527,0.0032743942370661427,0.0013993910452432326,19.45525291828794
UC3vgmbNt7QW0oaLSod4eBAw,RACHELchannel レイチェルチャンネル,5,14500,False,2026-06-21T09:38:55.269772+00:00,1527,0.0032743942370661427,0.0013993910452432326,344.8275862068965
UC40Yo2lkpI5WJ8O0Zf4aQqg,ジョイの小部屋,5,142000,False,2026-06-21T09:38:55.269706+00:00,1527,0.0032743942370661427,0.0013993910452432326,35.21126760563381
UC-xyiQg7nnmiybnigfTuakQ,Ruriko_675,5,238000,False,2026-06-21T09:38:55.269845+00:00,1527,0.0032743942370661427,0.0013993910452432326,21.008403361344538
UC1UH7byhS8TqAHAL0L8IJSA,毎日中国語のかね,5,50100,False,2026-06-21T09:38:55.269933+00:00,1527,0.0032743942370661427,0.0013993910452432326,99.8003992015968
UC1ZnBCHfNVlHjmGu83SmofQ,じゅん,5,612000,False,2026-06-21T09:38:55.269690+00:00,1527,0.0032743942370661427,0.0013993910452432326,8.169934640522877
UC1YJ6BaBF2Qd5yAJkUP35EQ,Etsuko Takada's Coaching University,5,20100,False,2026-06-21T09:38:55.269861+00:00,1527,0.0032743942370661427,0.0013993910452432326,248.75621890547262
UC-_hIMdokLU_n0_pxkWaVKg,東京マルイ公式ch,5,59300,False,2026-06-21T09:38:55.269810+00:00,1527,0.0032743942370661427,0.0013993910452432326,84.31703204047217
UCZmJlJEshBDGpEqa30i6ltw,黒字社長の絶対つぶれない経営学,5,71400,False,2026-06-21T09:38:55.269839+00:00,1527,0.0032743942370661427,0.0013993910452432326,70.02801120448179
UCYxPWII5Kj5bCRuQ0whNN-Q,ライアン鈴木【英語エンタメチャンネル】,5,1140000,False,2026-06-21T09:38:55.331393+00:00,1527,0.0032743942370661427,0.0013993910452432326,4.385964912280701
UC3swo6utVXOSYwxazwoKWBQ,nanakoななこ,5,1480000,False,2026-06-21T09:38:55.331404+00:00,1527,0.0032743942370661427,0.0013993910452432326,3.3783783783783785
UC3s3pjVgGffuAuqTXN4gu0g,エガワ家,5,393000,False,2026-06-21T09:38:55.331295+00:00,1527,0.0032743942370661427,0.0013993910452432326,12.72264631043257
UCVtQlPRs85kjnWt8wvMLcfQ,１分で読書,5,52200,False,2026-06-21T09:38:55.331320+00:00,1527,0.0032743942370661427,0.0013993910452432326,95.78544061302682
UC0eYgQRvh_lbrD-VKQA_t6Q,uedax,5,46800,False,2026-06-21T09:38:55.331427+00:00,1527,0.0032743942370661427,0.0013993910452432326,106.83760683760684
UC9qzsFAO_owg_gsizdQGbCg,旭太郎の最幸開運チャンネル【ガチで人生楽しんだもん勝ち】,5,130000,False,2026-06-21T09:38:55.331324+00:00,1527,0.0032743942370661427,0.0013993910452432326,38.46153846153846
UC9oiJQJR3MpxFRzv6S5S8ig,60代おっさんナンパ塾長Waka,5,32800,False,2026-06-21T09:38:55.331336+00:00,1527,0.0032743942370661427,0.0013993910452432326,152.4390243902439
UC7nKJWglHMy-dO8dqEabRIQ,スマホ博士,5,83900,False,2026-06-21T09:38:55.331274+00:00,1527,0.0032743942370661427,0.0013993910452432326,59.594755661501786
UC7meQnRwRNNkAuD5npd6cBg,醤油,5,99800,False,2026-06-21T09:38:55.331258+00:00,1527,0.0032743942370661427,0.0013993910452432326,50.100200400801604
UC7ulLZIbQvWE_4SJmeOqE_Q,2ch有益情報局【ゆっくり解説】,5,214000,False,2026-06-21T09:38:55.331416+00:00,1527,0.0032743942370661427,0.0013993910452432326,23.36448598130841
UC29l7DHPZAb9fXqzD1HuNNQ,ぐりーん,5,9050,False,2026-06-21T09:38:55.331435+00:00,1527,0.0032743942370661427,0.0013993910452432326,552.4861878453039
UC0gOWBkEuF4EF3XAi-iA-nQ,Charan Po Rantan official,5,121000,False,2026-06-21T09:38:55.331429+00:00,1527,0.0032743942370661427,0.0013993910452432326,41.32231404958678
UC0g1AE0DOjBYnLhkgoRWN1w,本間ひまわり - Himawari Honma -,5,778000,False,2026-06-21T09:38:55.331346+00:00,1527,0.0032743942370661427,0.0013993910452432326,6.426735218508997
UC41TdRTa1Bl4keJZQmiZc5g,松浦勝人の切り抜き君【avex】,5,28200,False,2026-06-21T09:38:55.331298+00:00,1527,0.0032743942370661427,0.0013993910452432326,177.3049645390071
UC-w8-nqBLx50SaGsDcB4rZQ,人生のいろどり劇場,5,123000,False,2026-06-21T09:38:55.331309+00:00,1527,0.0032743942370661427,0.0013993910452432326,40.65040650406504
UC-w3FkiFg76oAFCxCmSby-Q,クイズの王様,5,159000,False,2026-06-21T09:38:55.331418+00:00,1527,0.0032743942370661427,0.0013993910452432326,31.446540880503143
UC-ye-eaHOfLgFl6B_EQMu0g,Hinafit,5,1080000,False,2026-06-21T09:38:55.331410+00:00,1527,0.0032743942370661427,0.0013993910452432326,4.62962962962963
UC3y7HcAnhou4TWUqyNplxCw,まだ面白いブレイキングダウン,5,155000,False,2026-06-21T09:38:55.331292+00:00,1527,0.0032743942370661427,0.0013993910452432326,32.25806451612903
UC3y2LPw58qEPvDok5rRFoQw,肩こり&腰痛改善のゆうちゃんねる,5,91900,False,2026-06-21T09:38:55.331396+00:00,1527,0.0032743942370661427,0.0013993910452432326,54.4069640914037
UC-Apvy_njEPQXWDBrfWFY6A,ひらた先生-身体を変えるセルフケア ,5,21700,False,2026-06-21T09:38:55.331407+00:00,1527,0.0032743942370661427,0.0013993910452432326,230.4147465437788
UC-Af3-DGT0jxDn8siJf3rNA,速報!時事トピch,5,5770,False,2026-06-21T09:38:55.331413+00:00,1527,0.0032743942370661427,0.0013993910452432326,866.5511265164645
UC7t6QJ4u8qF8pI-vibX-BUQ,WORKOUT,5,8660000,False,2026-06-21T09:38:55.331385+00:00,1527,0.0032743942370661427,0.0013993910452432326,0.5773672055427251
UC0kn1_8iwF9Vm9oICvrmNAw,Kurashi_Lifehack,5,80700,False,2026-06-21T09:38:55.331448+00:00,1527,0.0032743942370661427,0.0013993910452432326,61.95786864931846
UC0kBPTOWxun1jXzpW6VtFSw,詐欺メイクすうれろ（surero）,5,166000,False,2026-06-21T09:38:55.331424+00:00,1527,0.0032743942370661427,0.0013993910452432326,30.12048192771084
UC26FQG_h05jtMbeJhHlDk2w,高野山 遍照尊院,5,26200,False,2026-06-21T09:38:55.331327+00:00,1527,0.0032743942370661427,0.0013993910452432326,190.83969465648855
UCIix6MklfJFywa_36iDj8Sw,Country Life Vlog,5,8400000,False,2026-06-21T09:38:55.331317+00:00,1527,0.0032743942370661427,0.0013993910452432326,0.5952380952380952
UC5BXhvHDxHFRGQqwb_oYqug,umika┃天使の隠れ家,5,9400,False,2026-06-21T09:38:55.331303+00:00,1527,0.0032743942370661427,0.0013993910452432326,531.9148936170213
UC58ECUudqIBAgLzOqWwESOQ,UNDER THE GUN,5,65400,False,2026-06-21T09:38:55.331421+00:00,1527,0.0032743942370661427,0.0013993910452432326,76.4525993883792
UC5Ghe5TBQGYIOANuiNW4hDQ,Garys Economics,5,1620000,False,2026-06-21T09:38:55.331286+00:00,1527,0.0032743942370661427,0.0013993910452432326,3.0864197530864197
UC5G0T_tlPj0aCHMi-ihvfiw,トヨタ自動車コーポレート,5,91200,False,2026-06-21T09:38:55.331344+00:00,1527,0.0032743942370661427,0.0013993910452432326,54.824561403508774
UC-bx1cbbF1PlFjPe-Ue_YaA,ミリタリー・レポート,5,19200,False,2026-06-21T09:38:55.331446+00:00,1527,0.0032743942370661427,0.0013993910452432326,260.4166666666667
UC-fIgzF0zdpP0PjumF4cwZw,よーくん　街ぶら・旅行チャンネル,5,48200,False,2026-06-21T09:38:55.331341+00:00,1527,0.0032743942370661427,0.0013993910452432326,103.7344398340249
UC5EZLmT84eddqYdidet2Mxg,RETOUCH studio | レタッチスタジオ,5,74000,False,2026-06-21T09:38:55.331289+00:00,1527,0.0032743942370661427,0.0013993910452432326,67.56756756756756
UC5DZScJo6DRZpdPNClgKYSA,山脇オサム/ギターのレシピ,5,121000,False,2026-06-21T09:38:55.331349+00:00,1527,0.0032743942370661427,0.0013993910452432326,41.32231404958678
UC1W8ShdwtfgjRHdbl1Lctcw,NASS,5,780000,False,2026-06-21T09:38:55.331330+00:00,1527,0.0032743942370661427,0.0013993910452432326,6.41025641025641
UCCQYJ-b1xlnq1seddV6c-ug,こあらの学校　英語の時間,5,56600,False,2026-06-21T09:38:55.331306+00:00,1527,0.0032743942370661427,0.0013993910452432326,88.33922261484099
UCYsLDIlQeS4NpEbKjyzTGhg,シンヤ / shinya,5,108000,False,2026-06-21T09:38:55.331314+00:00,1527,0.0032743942370661427,0.0013993910452432326,46.29629629629629
UCYqW2zUJUFLP5qk3h_XBAAg,しゃべくり社長,5,100000,False,2026-06-21T09:38:55.331438+00:00,1527,0.0032743942370661427,0.0013993910452432326,50.0
UC-iS9wMqGK2ZmNgjJsCKXXg,Healing Love Frequency,5,118000,False,2026-06-21T09:38:55.331333+00:00,1527,0.0032743942370661427,0.0013993910452432326,42.37288135593221
UC50R4J_V0sG8WkBMSwMl0Hg,世界ベスト,5,389000,False,2026-06-21T09:38:55.331402+00:00,1527,0.0032743942370661427,0.0013993910452432326,12.853470437017995
UC-d86LQ5cf8i_mn0MplngBQ,仏ちゃんねる4th【作業用BGMチャンネル】,5,10500,False,2026-06-21T09:38:55.331338+00:00,1527,0.0032743942370661427,0.0013993910452432326,476.1904761904762
UC54q_sWdwf16WAPqIAcnUZQ,笑える2ch面白いンゴ【2ch・5ch面白スレ】,5,94900,False,2026-06-21T09:38:55.331283+00:00,1527,0.0032743942370661427,0.0013993910452432326,52.68703898840885
UCCDnbNBq8xIoMCpJQjyuQVQ,レインボー ジャンボたかおの食うチャンネル,5,616000,False,2026-06-21T09:38:55.331280+00:00,1527,0.0032743942370661427,0.0013993910452432326,8.116883116883116
UCWSANUA618JYCMCNpT2rQWQ,一円太郎,5,147000,False,2026-06-21T09:38:55.331390+00:00,1527,0.0032743942370661427,0.0013993910452432326,34.01360544217687
UCWR6VlWOt4WkRGc4YTko02Q,船原徹雄 [物販総合研究所],5,177000,False,2026-06-21T09:38:55.331440+00:00,1527,0.0032743942370661427,0.0013993910452432326,28.248587570621467
UC-ycq4ls2trfu-erEBxNPLA,アリスの量子ワンダーランド,5,14400,False,2026-06-21T09:38:55.331432+00:00,1527,0.0032743942370661427,0.0013993910452432326,347.22222222222223
UCECF9yRiWFmHywTSUiPIeaA,Simple Men's Care,5,81300,False,2026-06-21T09:38:55.331300+00:00,1527,0.0032743942370661427,0.0013993910452432326,61.500615006150056
UCEAvwlv0ZtJrSsgaA2CewOw,きまぐれクックのサボり場,5,1480000,False,2026-06-21T09:38:55.331443+00:00,1527,0.0032743942370661427,0.0013993910452432326,3.3783783783783785
UCWd6SVIeuxSsSUKc7H237ow,耳にしているだけで幸せが訪れる不思議な無駄話【浄霊、厄除け開運、不浄祓い、神靈祈祷】,5,94000,False,2026-06-21T09:38:55.331399+00:00,1527,0.0032743942370661427,0.0013993910452432326,53.191489361702125
UC-C5UUZqky2qJmG4EzRnI0g,だーしま動画チャンネル,5,945000,False,2026-06-21T09:38:55.331311+00:00,1527,0.0032743942370661427,0.0013993910452432326,5.291005291005291
UC-Bb27tzz2NXmA1TSX6JuDA,総合格闘家  上田幹雄  チャンネル,5,24100,False,2026-06-21T09:38:55.424099+00:00,1527,0.0032743942370661427,0.0013993910452432326,207.4688796680498
UC4C1SP48yLO-P4ouUxFDblg,40代50代のためのお金の話,5,18200,False,2026-06-21T09:38:55.424035+00:00,1527,0.0032743942370661427,0.0013993910452432326,274.72527472527474
UC4IE5tKlSurbQFFeEcqhkOQ,編み物日和　どれみ♪,5,54200,False,2026-06-21T09:38:55.423999+00:00,1527,0.0032743942370661427,0.0013993910452432326,92.25092250922509
UCIg4JZi3ZSVcqjVMFcOHiOw,【Japanese horror】Ryuji Harada’s NINGEN TV,5,375000,False,2026-06-21T09:38:55.424005+00:00,1527,0.0032743942370661427,0.0013993910452432326,13.333333333333334
UCm2irRvKXyKsPf0Ylf2LwoA,Algometry,5,1350000,False,2026-06-21T09:38:55.423983+00:00,1527,0.0032743942370661427,0.0013993910452432326,3.7037037037037037
UC-ATEtXbjrzLsmLQ2PpeqjA,心に残る風景,5,383,False,2026-06-21T09:38:55.423994+00:00,1527,0.0032743942370661427,0.0013993910452432326,13054.830287206265
UC-AN6OmDI0rjtfajzpYi11Q,遠慮ゼロ 太陽光・蓄電池の相談役ヌイムラ,5,62400,False,2026-06-21T09:38:55.423996+00:00,1527,0.0032743942370661427,0.0013993910452432326,80.12820512820512
UC84whx2xxsiA1gXHXXqKGOA,Abao in Tokyo,5,1290000,False,2026-06-21T09:38:55.423976+00:00,1527,0.0032743942370661427,0.0013993910452432326,3.8759689922480622
UC80kKTL_dNjXjX-NVIL8kzQ,hayamimi iruka1,5,19400,False,2026-06-21T09:38:55.424013+00:00,1527,0.0032743942370661427,0.0013993910452432326,257.7319587628866
UC7yk5_U7C0TuvYMqWzKyzkQ,Best Car Channel,5,153000,False,2026-06-21T09:38:55.423970+00:00,1527,0.0032743942370661427,0.0013993910452432326,32.67973856209151
UCJRE4pV47Ivd__YFuz1GkZw,ORZのFXアカデミア,5,61700,False,2026-06-21T09:38:55.424060+00:00,1527,0.0032743942370661427,0.0013993910452432326,81.03727714748784
UCJINANTSM0FbvzuJpFyJfjg,武井壮百獣の王国,5,314000,False,2026-06-21T09:38:55.424110+00:00,1527,0.0032743942370661427,0.0013993910452432326,15.92356687898089
UCJBFfNH7YvGNQry0vEjGRhQ,FXマシーンくにお,5,54900,False,2026-06-21T09:38:55.424107+00:00,1527,0.0032743942370661427,0.0013993910452432326,91.07468123861567
UC0mkUet8Tqz-rA7R3kDqRyg,100万回ワンパンチ考察ちゃんねる,5,155000,False,2026-06-21T09:38:55.424049+00:00,1527,0.0032743942370661427,0.0013993910452432326,32.25806451612903
UC4v4zuLLSGUTnr8YG2SYBjw,井沢元彦の逆説チャンネル,5,92700,False,2026-06-21T09:38:55.424078+00:00,1527,0.0032743942370661427,0.0013993910452432326,53.937432578209275
UC4tiuE4PlnoOTgaUon38WWg,FX College【兼業トレーダー専門チャネル】,5,10000,False,2026-06-21T09:38:55.423985+00:00,1527,0.0032743942370661427,0.0013993910452432326,500.0
UCCTMMUDmBo6PXc7GmVHPrkw,M-1グランプリ,5,846000,False,2026-06-21T09:38:55.424112+00:00,1527,0.0032743942370661427,0.0013993910452432326,5.91016548463357
UC4qMCBeJlXHnoCYfT8_KIBw,冬人【仮想通貨チャート分析】,5,18200,False,2026-06-21T09:38:55.424010+00:00,1527,0.0032743942370661427,0.0013993910452432326,274.72527472527474
UC4p8BImprkspK5m-tawDVGw,こわ動!TOP5,5,136000,False,2026-06-21T09:38:55.424057+00:00,1527,0.0032743942370661427,0.0013993910452432326,36.764705882352935
UC0iNpcyM6QkUlX9mzziauQA,DJキャブヘイ / cabhey,5,157000,False,2026-06-21T09:38:55.424043+00:00,1527,0.0032743942370661427,0.0013993910452432326,31.84713375796178
UC0kyAVjAO4ZPAu7UI7F2H_Q,HIROの相場戦略【エリオット波動分析×移動平均線】,5,4890,False,2026-06-21T09:38:55.424090+00:00,1527,0.0032743942370661427,0.0013993910452432326,1022.4948875255625
UC8D_NXFBh8A9KSwo7x-wFdQ,8K VIDEO ULTRA HD HDR,5,1100000,False,2026-06-21T09:38:55.424019+00:00,1527,0.0032743942370661427,0.0013993910452432326,4.545454545454546
UC8LyhlRFzh7h_w_eP081rpA,オーリーch【投機筋トレーダー】,5,80700,False,2026-06-21T09:38:55.424032+00:00,1527,0.0032743942370661427,0.0013993910452432326,61.95786864931846
UC9aER0bs2IpqTQNKljzzBFQ,清ちゃんスポーツ,5,489000,False,2026-06-21T09:38:55.424093+00:00,1527,0.0032743942370661427,0.0013993910452432326,10.224948875255624
UC224ibt8cUb87SvAs1Pi0Ug,sary motovlog / サリーモトブログ,5,60800,False,2026-06-21T09:38:55.424022+00:00,1527,0.0032743942370661427,0.0013993910452432326,82.23684210526315
UC4nPvEed6-yII4LNxml8r_w,あやや の ITスキルアップ塾,5,16800,False,2026-06-21T09:38:55.424104+00:00,1527,0.0032743942370661427,0.0013993910452432326,297.61904761904765
UC14cfkhEN-LQUL9xrRlXUTg,AngelTokyo,5,15700,False,2026-06-21T09:38:55.424002+00:00,1527,0.0032743942370661427,0.0013993910452432326,318.4713375796178
UCMtyb2Cl-zJpP3jpPgnmrGQ,マネックスオンデマンド,5,147000,False,2026-06-21T09:38:55.424063+00:00,1527,0.0032743942370661427,0.0013993910452432326,34.01360544217687
UCMqzJy8ItIz978DCi06x0vw, The Joy Attraction Channel,5,15800,False,2026-06-21T09:38:55.424096+00:00,1527,0.0032743942370661427,0.0013993910452432326,316.45569620253167
UCMUlmS8pieIFbNhN1SkeB8g,Japanese hunter's meal / ENG sub,5,1220000,False,2026-06-21T09:38:55.424052+00:00,1527,0.0032743942370661427,0.0013993910452432326,4.0983606557377055
UCMIWtc0uU6tBUlYZKL2D-gA,相場師ジョニーのドバイ生活,5,36600,False,2026-06-21T09:38:55.423965+00:00,1527,0.0032743942370661427,0.0013993910452432326,136.6120218579235
UC1f7is1S9CZ4yAuZEAcAypw,Mafia Kajita,5,221000,False,2026-06-21T09:38:55.424068+00:00,1527,0.0032743942370661427,0.0013993910452432326,22.624434389140273
UC464r66lcf6absw_jSqzXpA,KENT for 任天堂ゲームレビュー,5,262000,False,2026-06-21T09:38:55.423980+00:00,1527,0.0032743942370661427,0.0013993910452432326,19.083969465648856
UC0pofaSefMyvZBhRkpNHXFQ,パラサイト旅♡Parasite 私は寄生する,5,60500,False,2026-06-21T09:38:55.424066+00:00,1527,0.0032743942370661427,0.0013993910452432326,82.64462809917356
UC0pHUMEOtul5NlaT-Rt-34w,ゲスの極み乙女 Official YouTube Channel,5,436000,False,2026-06-21T09:38:55.423988+00:00,1527,0.0032743942370661427,0.0013993910452432326,11.46788990825688
UC0p47apUYF0NuIki7Xq5tOg,フリーランス料理人の簡単レシピ,5,94000,False,2026-06-21T09:38:55.424072+00:00,1527,0.0032743942370661427,0.0013993910452432326,53.191489361702125
UC8XBizOfQBLUrUcv_9DHCog,THE PAGE,5,546000,False,2026-06-21T09:38:55.424027+00:00,1527,0.0032743942370661427,0.0013993910452432326,9.157509157509157
UC8Wi0RcjvIy5z7V4Eypmzww,元奨励会員アユムの将棋実況,5,223000,False,2026-06-21T09:38:55.424102+00:00,1527,0.0032743942370661427,0.0013993910452432326,22.42152466367713
UC8WelTBsM4LmRtth7V9Qn9A,初老夫婦とねこ,5,86200,False,2026-06-21T09:38:55.423954+00:00,1527,0.0032743942370661427,0.0013993910452432326,58.0046403712297
UC8W63lHIHXef2fBszqrVdyA,資産形成アドバイザー 木村拓也,5,79400,False,2026-06-21T09:38:55.424030+00:00,1527,0.0032743942370661427,0.0013993910452432326,62.97229219143577
UC-51lUOqhgXtH5rFHEvDn4w,Talk with Yuka,5,18100,False,2026-06-21T09:38:55.423991+00:00,1527,0.0032743942370661427,0.0013993910452432326,276.24309392265195
UC4O3fJcZwcfE2_mt-N3zCDA,Lucky Vibe Channel,5,3600,False,2026-06-21T09:38:55.424038+00:00,1527,0.0032743942370661427,0.0013993910452432326,1388.888888888889
UC4Nrt3aTTnjVAW_ein2nTQQ,REGATE D.S. / Football Skills Channel,5,611000,False,2026-06-21T09:38:55.424041+00:00,1527,0.0032743942370661427,0.0013993910452432326,8.183306055646481
UC-qqWTGxH09dbYW24-BFzGw,Takt Voice Training,5,15800,False,2026-06-21T09:38:55.424046+00:00,1527,0.0032743942370661427,0.0013993910452432326,316.45569620253167
UC-vnob3MbVlgzFK6iFWnQaw,Qiong Cooking,5,2050000,False,2026-06-21T09:38:55.424024+00:00,1527,0.0032743942370661427,0.0013993910452432326,2.4390243902439024
UC-uiShEYH03MDBBijeQ9WTg,ダーマスちゃんねる,5,242000,False,2026-06-21T09:38:55.424007+00:00,1527,0.0032743942370661427,0.0013993910452432326,20.66115702479339
UC-ui6gU50p-3Aw9FZKXzv1w,宮沢 法義NORIYOSHI MIYAZAWA,5,6080,False,2026-06-21T09:38:55.424055+00:00,1527,0.0032743942370661427,0.0013993910452432326,822.3684210526316
UC4GnqL6CD46ojljTcz_ElkA,ザ・ホワイトデンタルクリニック 【熟睡歯科治療専門の歯医者】,5,572000,False,2026-06-21T09:38:55.424016+00:00,1527,0.0032743942370661427,0.0013993910452432326,8.741258741258742
UCDkAtIbVxd-1c_5vCohp2Ow,Mino Music,5,542000,False,2026-06-21T09:38:55.424085+00:00,1527,0.0032743942370661427,0.0013993910452432326,9.22509225092251
UCDNvEu0mHE4wMbbrnUL9mOA,MOMOUME,5,543000,False,2026-06-21T09:38:55.423973+00:00,1527,0.0032743942370661427,0.0013993910452432326,9.208103130755063
UCDNNKXi2FpQa49x8HEuibjg,Keny fashionstyle,5,73600,False,2026-06-21T09:38:55.492251+00:00,1527,0.0032743942370661427,0.0013993910452432326,67.93478260869566
UC4TnL2yRWdT4GXzXaACPATw,キャッシュレスしすぎた【杉田】,5,110000,False,2026-06-21T09:38:55.492159+00:00,1527,0.0032743942370661427,0.0013993910452432326,45.45454545454545
UC4T0v46s8yxJuTOW1_mD1xA,PRO-WRESTLING NOAH,5,162000,False,2026-06-21T09:38:55.492166+00:00,1527,0.0032743942370661427,0.0013993910452432326,30.8641975308642
UC4SY3LD4gOuiXRyEdUw5EQA,はらぺこグルメ日記(ぺこグルメ),5,1550000,False,2026-06-21T09:38:55.492246+00:00,1527,0.0032743942370661427,0.0013993910452432326,3.225806451612903
UC4SNi60xOVsj4ZXQ1en6kGQ,知的好奇心ちゃんねる２,5,32700,False,2026-06-21T09:38:55.492172+00:00,1527,0.0032743942370661427,0.0013993910452432326,152.9051987767584
UC-lQDDbmUb0rDRiw00ef4Mg,【奈良と河内旅】ナラランド伯爵,5,25200,False,2026-06-21T09:38:55.492141+00:00,1527,0.0032743942370661427,0.0013993910452432326,198.4126984126984
UC4mpv1hmSltJCSo0adVO5CA,Link. Quiz,5,28100,False,2026-06-21T09:38:55.492227+00:00,1527,0.0032743942370661427,0.0013993910452432326,177.93594306049823
UC-gb0FmFMDjNT17XXEPOC-Q,9ちゃん動画,5,239000,False,2026-06-21T09:38:55.492259+00:00,1527,0.0032743942370661427,0.0013993910452432326,20.92050209205021
UCCcey5CP5GDZeom987gqTdg,BBC News Japan,5,570000,False,2026-06-21T09:38:55.492185+00:00,1527,0.0032743942370661427,0.0013993910452432326,8.771929824561402
UC4tXaWuTZlzrMfZQUOVwPWA,こにたく / nikostyle,5,66400,False,2026-06-21T09:38:55.492196+00:00,1527,0.0032743942370661427,0.0013993910452432326,75.30120481927712
UC4MCy6o-X_tko1Csi8zNslQ,森脇梨々夏のりりちゃんねる💤,5,178000,False,2026-06-21T09:38:55.492177+00:00,1527,0.0032743942370661427,0.0013993910452432326,28.08988764044944
UC4Kx6KkAayKSphfobWsRM3w,ホメテノバス【ゲーム開発中】,5,426000,False,2026-06-21T09:38:55.492262+00:00,1527,0.0032743942370661427,0.0013993910452432326,11.737089201877934
UC4JkVuxindQ6PI_A9C7b-Lw,のもと物理愛,5,74200,False,2026-06-21T09:38:55.492243+00:00,1527,0.0032743942370661427,0.0013993910452432326,67.38544474393531
UC4OsXFBS4lsUjlZ0-5PK_2Q,アラフォーからのゆるリンパケアチャンネル,5,77600,False,2026-06-21T09:38:55.492210+00:00,1527,0.0032743942370661427,0.0013993910452432326,64.43298969072166
UCP4ORJd6Knja3kAL40F6YXg,【公式】落合博満のオレ流チャンネル,5,582000,False,2026-06-21T09:38:55.492292+00:00,1527,0.0032743942370661427,0.0013993910452432326,8.59106529209622
UCXPu1w_qdV3BJgs3dej5bjQ,ピース又吉直樹【渦】公式チャンネル,5,590000,False,2026-06-21T09:38:55.492254+00:00,1527,0.0032743942370661427,0.0013993910452432326,8.474576271186441
UCOuea2SHLkJYQZzzaoVWCPQ,サラリーマンな日常【あるある】,5,357000,False,2026-06-21T09:38:55.492182+00:00,1527,0.0032743942370661427,0.0013993910452432326,14.005602240896359
UCOpNcN46UbXVtpKMrmU4Abg,Gaming,5,91900000,False,2026-06-21T09:38:55.492163+00:00,1527,0.0032743942370661427,0.0013993910452432326,0.0544069640914037
UC0qwrGW6Qkf_TGEplv_XQAg,鍼灸整体院WATO 野口歩,5,20200,False,2026-06-21T09:38:55.492155+00:00,1527,0.0032743942370661427,0.0013993910452432326,247.52475247524754
UC1sM8gHRdx4bdABrjrnmCdw,Boxoffice+ Japan ,5,83300,False,2026-06-21T09:38:55.492289+00:00,1527,0.0032743942370661427,0.0013993910452432326,60.02400960384154
UCKCSbSJtNTo9r-HMEwvIc4w,厳選クラシックちゃんねる / Classical Music Guide,5,347000,False,2026-06-21T09:38:55.492256+00:00,1527,0.0032743942370661427,0.0013993910452432326,14.409221902017292
UC1vDFSwzsu9eEUwU0Ws9HHQ,Vegetable Garden Advisor ”Agurin-channell”,5,176000,False,2026-06-21T09:38:55.492169+00:00,1527,0.0032743942370661427,0.0013993910452432326,28.40909090909091
UC1uZYgOfncA-Gnk0GsLVK5A,unisonsgofficial,5,637000,False,2026-06-21T09:38:55.492174+00:00,1527,0.0032743942370661427,0.0013993910452432326,7.849293563579278
UC1zFJrfEKvCixhsjNSb1toQ,シスター・クレア -SisterClaire-,5,627000,False,2026-06-21T09:38:55.492280+00:00,1527,0.0032743942370661427,0.0013993910452432326,7.974481658692186
UC1z3hag4BOsCnMLbGear2_w,【ハッピードクター】松永敦の健康クリニック,5,25900,False,2026-06-21T09:38:55.492221+00:00,1527,0.0032743942370661427,0.0013993910452432326,193.05019305019306
UC15k_5OYFByt5wM9ozG2sQg,オカネノワダイ,5,26000,False,2026-06-21T09:38:55.492235+00:00,1527,0.0032743942370661427,0.0013993910452432326,192.30769230769232
UC-u-NtT34m1xYimQSksNjuw,60代厳しい老後を生き抜く「まさ美」,5,43000,False,2026-06-21T09:38:55.492180+00:00,1527,0.0032743942370661427,0.0013993910452432326,116.27906976744187
UC-tuD1cIDT0BoGkqgWKk5fw,山元 優【Yu Yamamoto】,5,4320,False,2026-06-21T09:38:55.492283+00:00,1527,0.0032743942370661427,0.0013993910452432326,1157.4074074074074
UCDYj0iXVuKwd4bf9GSKgrfw,箕輪世界観チャンネル。,5,185000,False,2026-06-21T09:38:55.492267+00:00,1527,0.0032743942370661427,0.0013993910452432326,27.027027027027028
UCDXKEmr_kTXrj6L2uDPYrtg,メモ少年,5,407000,False,2026-06-21T09:38:55.492270+00:00,1527,0.0032743942370661427,0.0013993910452432326,12.285012285012286
UCDPjpWErZOYsoqfeCxYTd_Q,エモル図書館〜時々、エビル〜,5,820000,False,2026-06-21T09:38:55.492193+00:00,1527,0.0032743942370661427,0.0013993910452432326,6.097560975609756
UCrAvEPdtrIdB-iCdOBLvlIQ,ハッピー研究所,5,230000,False,2026-06-21T09:38:55.492229+00:00,1527,0.0032743942370661427,0.0013993910452432326,21.73913043478261
UC-46-Tim9-pbw6BfG6bBnmA,小島よしおのおっぱっぴー小学校,5,177000,False,2026-06-21T09:38:55.492272+00:00,1527,0.0032743942370661427,0.0013993910452432326,28.248587570621467
UC9CR9ZDPfBrE4jllwsxoMTw,ひろぬき【ひろゆき切り抜き】,5,227000,False,2026-06-21T09:38:55.492202+00:00,1527,0.0032743942370661427,0.0013993910452432326,22.026431718061676
UC-1vjONZ48JDAWAn6R7I7Sg,RYO/対人恐怖症ボクサー,5,8190,False,2026-06-21T09:38:55.492264+00:00,1527,0.0032743942370661427,0.0013993910452432326,610.5006105006105
UC-n5brBx3FyR6pRM0i5AEnQ,つっちーのジャズの部屋,5,23700,False,2026-06-21T09:38:55.492248+00:00,1527,0.0032743942370661427,0.0013993910452432326,210.9704641350211
UC-mVYjAYSCiT-fI0Fhycs7Q,Guitar beginner lesson ! JOYMU Guitar School,5,67000,False,2026-06-21T09:38:55.492232+00:00,1527,0.0032743942370661427,0.0013993910452432326,74.6268656716418
UC4VoaWbC9pYxGCawDknpSXQ,RYUCAMP,5,1320000,False,2026-06-21T09:38:55.492216+00:00,1527,0.0032743942370661427,0.0013993910452432326,3.7878787878787876
UC4VZMmAOSMPXyMaBQxHir9Q,Afterimage Music【ハイトーン女性ボーカル AI Cover】,5,20200,False,2026-06-21T09:38:55.492213+00:00,1527,0.0032743942370661427,0.0013993910452432326,247.52475247524754
UC4Z1X8kxKaHrcRVbNK--5QQ,Mr.GTA5 MOD,5,457000,False,2026-06-21T09:38:55.492191+00:00,1527,0.0032743942370661427,0.0013993910452432326,10.940919037199125
UC4Yz4Lt1Qurf8AGJglP2_kA,アニマルフォレスト,5,335000,False,2026-06-21T09:38:55.492240+00:00,1527,0.0032743942370661427,0.0013993910452432326,14.925373134328359
UCL1ExJ29XY4zWozic75hMpw,スマオタ,5,102000,False,2026-06-21T09:38:55.492237+00:00,1527,0.0032743942370661427,0.0013993910452432326,49.01960784313725
UCKudwfXQgNM7Gkjv95qRI9w,SEKAI NO OWARI,5,2150000,False,2026-06-21T09:38:55.492188+00:00,1527,0.0032743942370661427,0.0013993910452432326,2.3255813953488373
UCX1xppLvuj03ubLio8jslyA,HikakinGames,5,6630000,False,2026-06-21T09:38:55.492205+00:00,1527,0.0032743942370661427,0.0013993910452432326,0.7541478129713424
UCoADGOCHt0bH5K-S8eL_kwg,株の買い時を考えるチャンネル,5,573000,False,2026-06-21T09:38:55.492199+00:00,1527,0.0032743942370661427,0.0013993910452432326,8.726003490401396
UC9LOxIL5xd3_2FA6dPY15Qg,ケン@限界社畜FXトレーダー,5,11000,False,2026-06-21T09:38:55.492219+00:00,1527,0.0032743942370661427,0.0013993910452432326,454.54545454545456
UC9HewHptBB5f7p7NoEWRRjw,アムウェイ公式チャンネル,5,55500,False,2026-06-21T09:38:55.492224+00:00,1527,0.0032743942370661427,0.0013993910452432326,90.09009009009009
UCNvcNd31bA-XERO6LGy4blw,さらば青春の光Official Youtube Channel,5,1690000,False,2026-06-21T09:38:55.492275+00:00,1527,0.0032743942370661427,0.0013993910452432326,2.9585798816568047
UC--TPTOTN0O178CcwvMNV6w,ITを分かりやすく解説【基本情報技術者試験・ITパスポート・プログラミング講座】,5,19500,False,2026-06-21T09:38:55.492208+00:00,1527,0.0032743942370661427,0.0013993910452432326,256.4102564102564
UC1FCeHtSXC7kgQ9cf6bLfvg,お風呂女子こての / Koteno,5,1080000,False,2026-06-21T09:38:55.492286+00:00,1527,0.0032743942370661427,0.0013993910452432326,4.62962962962963
UC1F2uI0tyV0aIZx3Z2280JA,凡人。10億円を目指す,5,26500,False,2026-06-21T09:38:55.546421+00:00,1527,0.0032743942370661427,0.0013993910452432326,188.67924528301887
UC1ERgZ1JkRhGo5oKCeX-Daw,BONGOLF,5,192000,False,2026-06-21T09:38:55.546435+00:00,1527,0.0032743942370661427,0.0013993910452432326,26.041666666666668
UC1EQj7_kM2__MehPLoVtTnQ,エハラマサヒロ〜鼻につく男〜,5,55500,False,2026-06-21T09:38:55.546395+00:00,1527,0.0032743942370661427,0.0013993910452432326,90.09009009009009
UC1HmooRgf9QaSGm2HpkzYNA,シニアお助け整体師,5,15400,False,2026-06-21T09:38:55.546416+00:00,1527,0.0032743942370661427,0.0013993910452432326,324.6753246753247
UC1HmJLKj5qENx3cR5nAwszQ,GSBCC: 古代から未来へ,5,7210,False,2026-06-21T09:38:55.546426+00:00,1527,0.0032743942370661427,0.0013993910452432326,693.4812760055479
UC8xQA4VE191QRBeVgKI7SLQ,幸せ道先案内人,5,7660,False,2026-06-21T09:38:55.546462+00:00,1527,0.0032743942370661427,0.0013993910452432326,652.7415143603133
UC-0-GJ_ThO567EMoINxORow,りう,5,252000,False,2026-06-21T09:38:55.546411+00:00,1527,0.0032743942370661427,0.0013993910452432326,19.841269841269842
UCyrgqU5j3E5l33mU3wpzkjg,最強の女ASAGI - 億女になる方法,5,54000,False,2026-06-21T09:38:55.546449+00:00,1527,0.0032743942370661427,0.0013993910452432326,92.59259259259258
UCxjh2MAjIf-m0aLfxRMh9vA,オカルティック現代,5,71500,False,2026-06-21T09:38:55.546453+00:00,1527,0.0032743942370661427,0.0013993910452432326,69.93006993006993
UC8uW6oNjwzhEFdauTVyPgVA,通勤タイムス　Commuting time,5,283000,False,2026-06-21T09:38:55.546444+00:00,1527,0.0032743942370661427,0.0013993910452432326,17.6678445229682
UC8oXG8JJIN17RkEwsN1SurA,マーケティング研究所【雨と東京と株式会社】,5,50300,False,2026-06-21T09:38:55.546440+00:00,1527,0.0032743942370661427,0.0013993910452432326,99.40357852882704
UCt5c4LQbItQhFDyYUP2RfEQ,English Buffet,5,238000,False,2026-06-21T09:38:55.546458+00:00,1527,0.0032743942370661427,0.0013993910452432326,21.008403361344538
UCrn6ukKQ9-t1mRYgany043w,与沢 翼,5,406000,False,2026-06-21T09:38:55.546431+00:00,1527,0.0032743942370661427,0.0013993910452432326,12.315270935960593
