channel_id_a,channel_id_b,shared_viewers,fractional_overlap,weighted_cosine
UC--95y8dvxVRoNLUXcfoLsQ,UC-IdN5EFZvzzZGqgul8eXKQ,3,0.09844157,0.19557888805866241
UC--VXRpoDtokerOb5TDwE5g,UC-a9wiNTKiLIRLTyIRdNbMg,3,0.11104594,0.12212377786636353
UC--gkGfH8u33yIDDLrFNl6A,UC-3QY3npvAhdBncds9bim5A,3,0.12019705,0.19670167565345764
UC--qWyVfci2crfG-UyEIMgg,UC-AEBG91PCbcrMj8AMAUDmA,3,0.14114943,0.33229905366897583
UC--qWyVfci2crfG-UyEIMgg,UC-CA4ND0DqLWio_i_RMOngg,3,0.14114943,0.44048237800598145
UC-0-GJ_ThO567EMoINxORow,UC-U71b403ypwVxAvYeBaR4Q,3,0.15140584,0.4371297359466553
UC-0-GJ_ThO567EMoINxORow,UC-kF1uMFhIfvw6seHqDGwkg,3,0.15140584,0.14893247187137604
UC-082v9qNgRuPfsS-gV2foA,UC-pkVT7PmmhoBUYfqz7JN9Q,3,0.09204854,0.17757548391819
UC-1E5_HQLNwmbih1cTM4CJQ,UC-1ESuGluoxdNy96lkpfDSw,3,0.15858975,0.2179362177848816
UC-1E5_HQLNwmbih1cTM4CJQ,UC-3QY3npvAhdBncds9bim5A,5,0.20186372,0.2391965240240097
UC-1E5_HQLNwmbih1cTM4CJQ,UC-5eTKa5UQsHZAgDPqpSBBw,5,0.24430403,0.305796355009079
UC-1E5_HQLNwmbih1cTM4CJQ,UC-6DVb3QQK2_2oso0RqgNWA,7,0.24539867,0.26337921619415283
UC-1E5_HQLNwmbih1cTM4CJQ,UC-8udhbheRG8eg3s-6AFmXA,3,0.1257143,0.2609056830406189
UC-1E5_HQLNwmbih1cTM4CJQ,UC-9t7dZ3xvpjMGtFukKIhPw,4,0.20562677,0.2095596343278885
UC-1E5_HQLNwmbih1cTM4CJQ,UC-AEBG91PCbcrMj8AMAUDmA,3,0.1257143,0.17120330035686493
UC-1E5_HQLNwmbih1cTM4CJQ,UC-BoD8Gx4gsPdmUv4NlA8Jw,3,0.16692309,0.41666486859321594
UC-1E5_HQLNwmbih1cTM4CJQ,UC-H2m0nZt6k0SJ5o04gS0nA,5,0.17627473,0.19253592193126678
UC-1E5_HQLNwmbih1cTM4CJQ,UC-IgiloHdns1NIRZ4KcQXQw,3,0.09536341,0.19398999214172363
UC-1E5_HQLNwmbih1cTM4CJQ,UC-XcLyfIh3bfc6GikZAcWjw,3,0.085285895,0.19884583353996277
UC-1E5_HQLNwmbih1cTM4CJQ,UC-bQwtI1nN6t2R7Eb5aa3cA,3,0.10353038,0.15676207840442657
UC-1E5_HQLNwmbih1cTM4CJQ,UC-xs_TO6k_0TZ91OsBv0d-g,5,0.1543335,0.1522521674633026
UC-1ESuGluoxdNy96lkpfDSw,UC-1nyHi2btOf7d40VJrPl_A,3,0.10904762,0.1595175862312317
UC-1ESuGluoxdNy96lkpfDSw,UC-3QY3npvAhdBncds9bim5A,4,0.17079324,0.1391846239566803
UC-1ESuGluoxdNy96lkpfDSw,UC-5eTKa5UQsHZAgDPqpSBBw,6,0.29016462,0.24978716671466827
UC-1ESuGluoxdNy96lkpfDSw,UC-APJUQWxnTJ3JR1EDUi1wQ,3,0.17574662,0.20114287734031677
UC-1ESuGluoxdNy96lkpfDSw,UC-CA4ND0DqLWio_i_RMOngg,3,0.11142858,0.13833989202976227
UC-1ESuGluoxdNy96lkpfDSw,UC-H2m0nZt6k0SJ5o04gS0nA,4,0.17068726,0.12821733951568604
UC-1OXumarDKafDyEErGjPzg,UC-HuiLFNaJ9yELFLHAPEnOQ,3,0.13667583,0.4111993908882141
UC-1OXumarDKafDyEErGjPzg,UC-_JkCD8cRwUV5Z4MLAF7wg,3,0.13667583,0.33265450596809387
UC-1RMDK_jTIYocxoxfOJNfg,UC-2AcmcgfQAAOuJt72vON2w,3,0.10363637,0.14332716166973114
UC-1RMDK_jTIYocxoxfOJNfg,UC-J7_24mTSMqC3f3vwIEUdg,5,0.18009543,0.18594713509082794
UC-1RMDK_jTIYocxoxfOJNfg,UC-N7pA0rR1PrUBOfs2OA0oA,11,0.38625962,0.12766562402248383
UC-1RMDK_jTIYocxoxfOJNfg,UC-_2hN8eYuXfWnislPAk60Q,6,0.17383075,0.1472349315881729
UC-1RMDK_jTIYocxoxfOJNfg,UC-_JkCD8cRwUV5Z4MLAF7wg,3,0.115,0.13083109259605408
UC-1RMDK_jTIYocxoxfOJNfg,UC-g4Pydd3d7pqvzhC8pIZZg,3,0.107307695,0.18571507930755615
UC-1RMDK_jTIYocxoxfOJNfg,UC-ivsDwgEwvzjJTRK_jGRqg,4,0.12355769,0.15826183557510376
UC-1RMDK_jTIYocxoxfOJNfg,UC-mpreu42R7mLtyOlPKelxQ,4,0.15190476,0.16493333876132965
UC-1RMDK_jTIYocxoxfOJNfg,UC-qgCHahOqPsyi_HNnFfqPg,5,0.1561844,0.12843835353851318
UC-1RMDK_jTIYocxoxfOJNfg,UC01iOPW5JvjdpoCfaY8SbTw,6,0.17591408,0.19855205714702606
UC-1RMDK_jTIYocxoxfOJNfg,UC0eDNB1PZKimS476G5qYOEw,3,0.08372184,0.1798650324344635
UC-1RMDK_jTIYocxoxfOJNfg,UC1DlDWqOwD1B0SH4Hngh-2A,3,0.091249496,0.261366069316864
UC-1RMDK_jTIYocxoxfOJNfg,UC1S31PbQRHVqGbe2mSwyQ6g,4,0.13372183,0.15640094876289368
UC-1RMDK_jTIYocxoxfOJNfg,UC1gHtxTKm_6ZE2_n__vRlwA,3,0.108874455,0.14968405663967133
UC-1nyHi2btOf7d40VJrPl_A,UC-5eTKa5UQsHZAgDPqpSBBw,4,0.17801608,0.23719143867492676
UC-1nyHi2btOf7d40VJrPl_A,UC-6DVb3QQK2_2oso0RqgNWA,4,0.15044254,0.17187711596488953
UC-1nyHi2btOf7d40VJrPl_A,UC-8udhbheRG8eg3s-6AFmXA,3,0.11919255,0.26332131028175354
UC-1nyHi2btOf7d40VJrPl_A,UC-AEBG91PCbcrMj8AMAUDmA,4,0.14476192,0.20985525846481323
UC-1nyHi2btOf7d40VJrPl_A,UC-APJUQWxnTJ3JR1EDUi1wQ,3,0.1423018,0.2520821690559387
UC-1uvY3U4sMSGi52IcT_fWQ,UC26AciTXULvcABdrWbaeL8Q,4,0.20988593,0.6813787817955017
UC-23boc2hLm6irCZP7GpSbw,UC-31Es0zqiSFHE7OTiA01Jw,5,0.17593981,0.170538067817688
UC-23boc2hLm6irCZP7GpSbw,UC-G9DEQDpVtYC4zjlbRf_TA,3,0.100500084,0.19323904812335968
UC-23boc2hLm6irCZP7GpSbw,UC-HtWWWFevZy2WSLWDQksgQ,4,0.14508036,0.16002245247364044
UC-23boc2hLm6irCZP7GpSbw,UC-IdN5EFZvzzZGqgul8eXKQ,8,0.24704082,0.12216145545244217
UC-23boc2hLm6irCZP7GpSbw,UC-VygzWMWKztwNQ4BQh2SjQ,4,0.14123133,0.1520771086215973
UC-23boc2hLm6irCZP7GpSbw,UC-Z1TD10QN9CBtcyVYBkjSA,4,0.12984008,0.15947552025318146
UC-23boc2hLm6irCZP7GpSbw,UC-c-_R1XjcAMsu0JJ9RpnUg,5,0.1535656,0.1424243450164795
UC-23boc2hLm6irCZP7GpSbw,UC-pkVT7PmmhoBUYfqz7JN9Q,10,0.33930537,0.16664132475852966
UC-23boc2hLm6irCZP7GpSbw,UC-qgCHahOqPsyi_HNnFfqPg,9,0.28063038,0.1399482637643814
UC-23boc2hLm6irCZP7GpSbw,UC04upX3blwqu1rJK-rLFYHQ,3,0.12554112,0.1449899673461914
UC-23boc2hLm6irCZP7GpSbw,UC0J7Yk_O3g1-x-xD7xxAE8Q,4,0.13109109,0.136332705616951
UC-23boc2hLm6irCZP7GpSbw,UC0PotgTwYxbOZuM9FbWKdcg,26,0.88273585,0.1352284997701645
UC-23boc2hLm6irCZP7GpSbw,UC0k238zFx-Z8xFH0sxCrPJg,3,0.13042188,0.15318751335144043
UC-23boc2hLm6irCZP7GpSbw,UC1DijbzOiB3MTLNbCgqasHw,3,0.12400979,0.1873215138912201
UC-23boc2hLm6irCZP7GpSbw,UC1JMhM9TJT7yMLx8ZtbDO8g,4,0.17170498,0.15393172204494476
UC-23boc2hLm6irCZP7GpSbw,UC1PCOKQ8W7_ip1L7v4tPXZA,3,0.11186371,0.20566925406455994
UC-23boc2hLm6irCZP7GpSbw,UC40MXYe9jrs-hNPF1HyA7CA,3,0.147578,0.14414651691913605
UC-2AcmcgfQAAOuJt72vON2w,UC-qgCHahOqPsyi_HNnFfqPg,8,0.2843114,0.2422707974910736
UC-2AcmcgfQAAOuJt72vON2w,UC0BSwbn-6xUz_ZiRzwVj27w,3,0.09488722,0.12499029189348221
UC-2AcmcgfQAAOuJt72vON2w,UC0T9mx1-Nqd01vPFmpk7amA,6,0.17834505,0.1272205114364624
UC-2AcmcgfQAAOuJt72vON2w,UC0Wv49l3qlIdFX69FKD3y1g,3,0.09131653,0.1233152449131012
UC-2AcmcgfQAAOuJt72vON2w,UC1B51m7HSWGpm_qDDgoIeqA,3,0.08786882,0.14196543395519257
UC-2AcmcgfQAAOuJt72vON2w,UC2tT2TQ8TDjX6ZVd12N_n5w,3,0.10458333,0.15262992680072784
UC-2Y8dQb0S6DtpxNgAKoJKA,UC-eQC7XwFpCy-2fFtw-NtIg,3,0.1008295,0.1319568008184433
UC-2Y8dQb0S6DtpxNgAKoJKA,UC-kF1uMFhIfvw6seHqDGwkg,6,0.20451616,0.16228936612606049
UC-2Y8dQb0S6DtpxNgAKoJKA,UC-lHJZR3Gqxm24_Vd_AJ5Yw,5,0.17159341,0.328733891248703
UC-2Y8dQb0S6DtpxNgAKoJKA,UC0NEFJxGzqMUVzh7b0sc1Uw,3,0.10963902,0.14189133048057556
UC-2hOA2I3ZNlNypmhAc47Ng,UC-bmHfXtwFnKyJ2uwRvuQiw,3,0.117165245,0.17581620812416077
UC-2hOA2I3ZNlNypmhAc47Ng,UC-km1012mEUQQLGxggmrazw,4,0.13227263,0.12076953053474426
UC-2hOA2I3ZNlNypmhAc47Ng,UC-suR0N5rb8eR4m3M5Z0elg,3,0.1026455,0.19794951379299164
UC-2hOA2I3ZNlNypmhAc47Ng,UC2tT2TQ8TDjX6ZVd12N_n5w,3,0.105324075,0.14163215458393097
UC-2hOA2I3ZNlNypmhAc47Ng,UC43FscF1gzzgS1H60vbiQPQ,3,0.10727513,0.15925604104995728
UC-2hOA2I3ZNlNypmhAc47Ng,UC5QPjyH-ASgmOLEbuBhMgEg,4,0.15357003,0.20299510657787323
UC-2hOA2I3ZNlNypmhAc47Ng,UC8s_nliTjuqtO1gK4uzo_Rg,3,0.09978214,0.1271587759256363
UC-2itvFKzZI10GpvMy9bUgg,UC-Qy4K-hv1Fpd8pouh0bC5A,7,0.21437767,0.2115037739276886
UC-2itvFKzZI10GpvMy9bUgg,UC-a9wiNTKiLIRLTyIRdNbMg,5,0.1579525,0.13240329921245575
UC-2itvFKzZI10GpvMy9bUgg,UC-dL5Mh7IZKUNl9iYGFqfrw,4,0.14537036,0.17838290333747864
UC-2itvFKzZI10GpvMy9bUgg,UC-fWGfiX-T1YdqaUZvMJBHg,6,0.18842593,0.1512545347213745
UC-2itvFKzZI10GpvMy9bUgg,UC0AagSlBxG7IQPGRwwoGDWg,3,0.1005451,0.14598236978054047
UC-2itvFKzZI10GpvMy9bUgg,UC0GSA71KjRnFvj2GCUYLIIg,3,0.10806159,0.21509018540382385
UC-2itvFKzZI10GpvMy9bUgg,UC0LtdRW5VqSXnlq5FIcfzQg,4,0.11288562,0.1360684037208557
UC-2itvFKzZI10GpvMy9bUgg,UC0RJAtZGjcUfwskb_AKGw3Q,3,0.112773366,0.30474576354026794
UC-2itvFKzZI10GpvMy9bUgg,UC0SG0ourp3Qrt_7bqgxdCeg,3,0.08888889,0.2261534482240677
UC-2itvFKzZI10GpvMy9bUgg,UC2NQajHz-1eJrobTub1ZnSA,8,0.25466967,0.19863025844097137
UC-2roq7xkyzwFvuYFPeresg,UC-kF1uMFhIfvw6seHqDGwkg,4,0.16278964,0.12220485508441925
UC-2uqKWcAteAt_OTYRow3-g,UC-6DVb3QQK2_2oso0RqgNWA,4,0.13510388,0.20148222148418427
UC-2uqKWcAteAt_OTYRow3-g,UC-IdN5EFZvzzZGqgul8eXKQ,3,0.101770535,0.14109228551387787
UC-31Es0zqiSFHE7OTiA01Jw,UC-oB1viuwdIH8dkss87KSYw,3,0.12034135,0.12949863076210022
UC-31Es0zqiSFHE7OTiA01Jw,UC-pkVT7PmmhoBUYfqz7JN9Q,5,0.1638625,0.15893174707889557
UC-31Es0zqiSFHE7OTiA01Jw,UC01kcYpT2NKrrJWkC-h90YQ,5,0.15979479,0.314214825630188
UC-31Es0zqiSFHE7OTiA01Jw,UC0FkyfBoJXIIuQeZ9iurwNQ,6,0.18771307,0.1549733579158783
UC-31Es0zqiSFHE7OTiA01Jw,UC0ksmumBTu2gltpZpwksbcA,4,0.13717195,0.14633943140506744
UC-31Es0zqiSFHE7OTiA01Jw,UC0nFKe_NyHM5UUQ5J40ktHA,3,0.10181159,0.18198427557945251
UC-3LVluQysOhLXVUQUBUhVA,UC-3QY3npvAhdBncds9bim5A,3,0.10696429,0.19866515696048737
UC-3LVluQysOhLXVUQUBUhVA,UC-8udhbheRG8eg3s-6AFmXA,3,0.114175834,0.3714148700237274
UC-3LVluQysOhLXVUQUBUhVA,UC04oPzeoQiTne13IunjNT2g,3,0.089527026,0.15898437798023224
UC-3QY3npvAhdBncds9bim5A,UC-5eTKa5UQsHZAgDPqpSBBw,8,0.34507352,0.2561412751674652
UC-3QY3npvAhdBncds9bim5A,UC-6DVb3QQK2_2oso0RqgNWA,6,0.21252549,0.13526536524295807
UC-3QY3npvAhdBncds9bim5A,UC-6aa7WG4qz8PrsNBHGU1Iw,5,0.19974509,0.14894148707389832
UC-3QY3npvAhdBncds9bim5A,UC-8-cxyElvXiW9SPBAkZgag,3,0.121249996,0.1256360411643982
UC-3QY3npvAhdBncds9bim5A,UC-8udhbheRG8eg3s-6AFmXA,3,0.1257143,0.1547211855649948
UC-3QY3npvAhdBncds9bim5A,UC-Af3-DGT0jxDn8siJf3rNA,3,0.12514493,0.230526402592659
UC-3QY3npvAhdBncds9bim5A,UC-BoD8Gx4gsPdmUv4NlA8Jw,3,0.12571429,0.18608930706977844
UC-3QY3npvAhdBncds9bim5A,UC-GUnpgY8Er056ZUI_CdDOA,4,0.14162563,0.1303454488515854
UC-3QY3npvAhdBncds9bim5A,UC-H2m0nZt6k0SJ5o04gS0nA,6,0.2434145,0.1576647013425827
UC-3QY3npvAhdBncds9bim5A,UC-HuiLFNaJ9yELFLHAPEnOQ,3,0.12571429,0.12827880680561066
UC-3QY3npvAhdBncds9bim5A,UC-bMuuURNr7l322zHQr_hlA,3,0.09745553,0.22276081144809723
UC-3QY3npvAhdBncds9bim5A,UC-hy4O_rQitXGoB4JzYHZ2Q,3,0.10987958,0.1367521435022354
UC-3QY3npvAhdBncds9bim5A,UC-kF1uMFhIfvw6seHqDGwkg,13,0.43331754,0.1737787425518036
UC-3QY3npvAhdBncds9bim5A,UC-km1012mEUQQLGxggmrazw,5,0.18705627,0.1297929584980011
UC-3QY3npvAhdBncds9bim5A,UC-rTBOFUf2IBumga8RzLdWA,5,0.18598431,0.17358481884002686
UC-3QY3npvAhdBncds9bim5A,UC059SA_tX-AptG0JdMgDG3g,11,0.35748518,0.18644288182258606
UC-3QY3npvAhdBncds9bim5A,UC0K6AgNQ19dBjzOZkY-ySyQ,3,0.09718955,0.14495855569839478
UC-3QY3npvAhdBncds9bim5A,UC0bSCu9Ok99CHKOHpUyhCoA,3,0.11289003,0.12202385812997818
UC-3QY3npvAhdBncds9bim5A,UC2gq6CEYA3uXaM413nljZ-w,3,0.106964335,0.17198902368545532
UC-3QY3npvAhdBncds9bim5A,UC2y2UgUdCrPYSaP3YnMPo5g,3,0.094197564,0.12220729142427444
UC-3QY3npvAhdBncds9bim5A,UC7kwqr4yZo7h4Xj45eXz5pg,3,0.123638354,0.20982526242733002
UC-3TbnHMwGVKvENnYgVhVmA,UC-5eTKa5UQsHZAgDPqpSBBw,4,0.14503129,0.15994800627231598
UC-3TbnHMwGVKvENnYgVhVmA,UC0w34ML2u_eWfWv6ZflIXxA,3,0.12465608,0.12501932680606842
UC-3TbnHMwGVKvENnYgVhVmA,UC1nVq5-LTEdUVmr5FLfkd7A,5,0.17030303,0.1597314327955246
UC-3rCJiaYyIk6Lbm71AnA1g,UC-5eTKa5UQsHZAgDPqpSBBw,3,0.12912656,0.31819573044776917
UC-4HMv1j00QTebcFg4mV2DQ,UC0uR95iuiMg9dM0AkSss3JA,3,0.11121287,0.5169451832771301
UC-4MViUviF32myAAN3G0alQ,UC-5eTKa5UQsHZAgDPqpSBBw,3,0.120303035,0.16601324081420898
UC-4MViUviF32myAAN3G0alQ,UC-6aa7WG4qz8PrsNBHGU1Iw,3,0.120303035,0.1667686253786087
UC-4MViUviF32myAAN3G0alQ,UC-g-w1lS2yYmOLKV6UPrR_A,3,0.09827539,0.1596834659576416
UC-4MViUviF32myAAN3G0alQ,UC0AanNmw5A6nchQca8IbKMg,3,0.09726732,0.15227152407169342
UC-4NAdFIP6h9BmtGUFL94Pg,UC-8Q-hLdECwQmaWNwXitYDw,4,0.14189094,0.30428004264831543
UC-4NAdFIP6h9BmtGUFL94Pg,UC-9t7dZ3xvpjMGtFukKIhPw,3,0.12749615,0.12759561836719513
UC-4NAdFIP6h9BmtGUFL94Pg,UC14Yc2Qv92DMuyNRlHvpo2Q,3,0.115736336,0.14442071318626404
UC-4Xq4EqUPeM27ck5bnTvFg,UC059SA_tX-AptG0JdMgDG3g,3,0.0894681,0.18609745800495148
UC-4asDECfBooFz1rQ-MxQ3g,UC-lFhQuhHaxAnRRSK1tds9g,3,0.09499939,0.16751985251903534
UC-4ct-6r2qHA5h2jZ_h5w1A,UC-8Z9RmKDF6qEYeMekdC9DA,3,0.11692308,0.3137589693069458
UC-5-qpAHBNIbRcBH5n7Achg,UC-N7pA0rR1PrUBOfs2OA0oA,11,0.3763182,0.12381576746702194
UC-5-qpAHBNIbRcBH5n7Achg,UC-zbEki0l8lx5HGfb31YmOg,3,0.11894737,0.12841221690177917
UC-5-qpAHBNIbRcBH5n7Achg,UC0K-L3dioNK9vi11wR_nCBQ,3,0.11458333,0.1339227706193924
UC-5-qpAHBNIbRcBH5n7Achg,UC0SKIdgDQXqV4iSqOmDLSFQ,3,0.103838615,0.12139533460140228
UC-5-qpAHBNIbRcBH5n7Achg,UC0rvsDnTlvualb1EkgbxBzQ,5,0.17455572,0.1355113387107849
UC-5-qpAHBNIbRcBH5n7Achg,UC1HZhN0HjriRUhqH7wGyRQg,4,0.12684846,0.14375969767570496
UC-5El9cit9a9OhRB_AFyrjA,UC0C-w0YjGpqDXGB8IHb662A,3,0.10458334,0.19567319750785828
UC-5MzIQb-PGF_O9pPyB2nmg,UC-9BNQSqNx9T6j63UqdP6hQ,4,0.1426994,0.36562633514404297
UC-5eTKa5UQsHZAgDPqpSBBw,UC-60cqLi1PftNjQfOeBZqww,3,0.14882353,0.34160351753234863
UC-5eTKa5UQsHZAgDPqpSBBw,UC-6DVb3QQK2_2oso0RqgNWA,7,0.2899858,0.19496533274650574
UC-5eTKa5UQsHZAgDPqpSBBw,UC-6aa7WG4qz8PrsNBHGU1Iw,5,0.20185384,0.15899436175823212
UC-5eTKa5UQsHZAgDPqpSBBw,UC-8udhbheRG8eg3s-6AFmXA,4,0.16919255,0.2199639081954956
UC-5eTKa5UQsHZAgDPqpSBBw,UC-9t7dZ3xvpjMGtFukKIhPw,5,0.24846686,0.1586236208677292
UC-5eTKa5UQsHZAgDPqpSBBw,UC-AEBG91PCbcrMj8AMAUDmA,4,0.18453783,0.1574288159608841
UC-5eTKa5UQsHZAgDPqpSBBw,UC-APJUQWxnTJ3JR1EDUi1wQ,5,0.2780484,0.2898581326007843
UC-5eTKa5UQsHZAgDPqpSBBw,UC-Af3-DGT0jxDn8siJf3rNA,3,0.12514493,0.2435150146484375
UC-5eTKa5UQsHZAgDPqpSBBw,UC-BoD8Gx4gsPdmUv4NlA8Jw,3,0.16692309,0.26101064682006836
UC-5eTKa5UQsHZAgDPqpSBBw,UC-BuGM5xGth9UFgYGTbP3Zw,3,0.11921459,0.13417983055114746
UC-5eTKa5UQsHZAgDPqpSBBw,UC-CA4ND0DqLWio_i_RMOngg,3,0.11142858,0.1260070502758026
UC-5eTKa5UQsHZAgDPqpSBBw,UC-FsIoL1u-dh_pBKG-1RkgA,3,0.14992084,0.31011417508125305
UC-5eTKa5UQsHZAgDPqpSBBw,UC-H2m0nZt6k0SJ5o04gS0nA,4,0.19396845,0.13271626830101013
UC-5eTKa5UQsHZAgDPqpSBBw,UC-HtWWWFevZy2WSLWDQksgQ,3,0.12919255,0.18010975420475006
UC-5eTKa5UQsHZAgDPqpSBBw,UC-HuiLFNaJ9yELFLHAPEnOQ,4,0.17999999,0.194020614027977
UC-5eTKa5UQsHZAgDPqpSBBw,UC-IgiloHdns1NIRZ4KcQXQw,4,0.14991215,0.19103184342384338
UC-5eTKa5UQsHZAgDPqpSBBw,UC-QZSLpCPi_RlACN2Xg59lg,4,0.18838239,0.1620510369539261
UC-5eTKa5UQsHZAgDPqpSBBw,UC-SEmxk-bEGxHFMm78NCLNw,3,0.10173161,0.13318495452404022
UC-5eTKa5UQsHZAgDPqpSBBw,UC-fF5jc4VLBIxZMiGpHSQAg,3,0.11959586,0.15696339309215546
UC-5eTKa5UQsHZAgDPqpSBBw,UC-jwpAXw3_HjHqb2zo_k34g,3,0.13007353,0.14636273682117462
UC-5eTKa5UQsHZAgDPqpSBBw,UC-kwiDn_sPRckNtYLs-B8Tw,4,0.1968396,0.125621497631073
UC-5eTKa5UQsHZAgDPqpSBBw,UC02JeoV59i0yhDj009s73GQ,4,0.14667687,0.16063863039016724
UC-5eTKa5UQsHZAgDPqpSBBw,UC02YuILI65J8WK_AY2Y0LuA,3,0.0930303,0.1653638780117035
UC-5eTKa5UQsHZAgDPqpSBBw,UC0AanNmw5A6nchQca8IbKMg,4,0.17879519,0.15904296934604645
UC-5eTKa5UQsHZAgDPqpSBBw,UC0dXZdPnEK8XOa-uiQyXeTw,4,0.13452214,0.14575451612472534
UC-5eTKa5UQsHZAgDPqpSBBw,UC0hh25w8RfCziRWRMvUJ5lw,3,0.11185384,0.12094173580408096
UC-5eTKa5UQsHZAgDPqpSBBw,UC0j5Sk9XqwibZIh_Dxml8jw,4,0.15167198,0.16764876246452332
UC-5r0IvQKQNsBrfpZW2_-BA,UC-HIyS_41IgbAgajn--1utA,4,0.1586489,0.4230840504169464
UC-5r0IvQKQNsBrfpZW2_-BA,UC-lFhQuhHaxAnRRSK1tds9g,3,0.1377765,0.20658595860004425
UC-5r0IvQKQNsBrfpZW2_-BA,UC0SKIdgDQXqV4iSqOmDLSFQ,3,0.113781296,0.20558279752731323
UC-5rzm-ycmKQxmSQnOaJJXw,UC0SG0ourp3Qrt_7bqgxdCeg,3,0.09523809,0.2533687353134155
UC-5rzm-ycmKQxmSQnOaJJXw,UC0ZCCCa89PaXRn-7gFE7ksw,3,0.099999994,0.2128012776374817
UC-5rzm-ycmKQxmSQnOaJJXw,UC1Lp8HbCqOPBMT1W_mjb21A,3,0.12286967,0.13114924728870392
UC-5ztjRXOCpOsJi0xMES52A,UC-9t7dZ3xvpjMGtFukKIhPw,3,0.13940093,0.15556105971336365
UC-5ztjRXOCpOsJi0xMES52A,UC-IdN5EFZvzzZGqgul8eXKQ,4,0.19824016,0.2165810465812683
UC-5ztjRXOCpOsJi0xMES52A,UC-IgiloHdns1NIRZ4KcQXQw,3,0.11145062,0.248248890042305
UC-5ztjRXOCpOsJi0xMES52A,UC-aug4qxWTqQdgxkh1jgtpw,4,0.18558168,0.43853890895843506
UC-60cqLi1PftNjQfOeBZqww,UC-AEBG91PCbcrMj8AMAUDmA,3,0.14882353,0.3716619312763214
UC-6DVb3QQK2_2oso0RqgNWA,UC-6aa7WG4qz8PrsNBHGU1Iw,6,0.20996052,0.14180447161197662
UC-6DVb3QQK2_2oso0RqgNWA,UC-8Z9RmKDF6qEYeMekdC9DA,5,0.1743402,0.19878517091274261
UC-6DVb3QQK2_2oso0RqgNWA,UC-8udhbheRG8eg3s-6AFmXA,4,0.16085923,0.17931796610355377
UC-6DVb3QQK2_2oso0RqgNWA,UC-AEBG91PCbcrMj8AMAUDmA,5,0.2387045,0.17460916936397552
UC-6DVb3QQK2_2oso0RqgNWA,UC-FsIoL1u-dh_pBKG-1RkgA,3,0.13563512,0.2405688464641571
UC-6DVb3QQK2_2oso0RqgNWA,UC-HtWWWFevZy2WSLWDQksgQ,3,0.12085921,0.1444731503725052
UC-6DVb3QQK2_2oso0RqgNWA,UC-IdN5EFZvzzZGqgul8eXKQ,7,0.23071933,0.12364727258682251
UC-6DVb3QQK2_2oso0RqgNWA,UC-IgiloHdns1NIRZ4KcQXQw,4,0.14478394,0.15819652378559113
UC-6DVb3QQK2_2oso0RqgNWA,UC-J7_24mTSMqC3f3vwIEUdg,7,0.22106689,0.1500103920698166
UC-6DVb3QQK2_2oso0RqgNWA,UC-N7pA0rR1PrUBOfs2OA0oA,30,1.0377479,0.22542257606983185
UC-6DVb3QQK2_2oso0RqgNWA,UC-PwctTg1kRVzPcBQlodYcg,6,0.211026,0.1611725240945816
UC-6DVb3QQK2_2oso0RqgNWA,UC-SEmxk-bEGxHFMm78NCLNw,4,0.13149351,0.1476084142923355
UC-6DVb3QQK2_2oso0RqgNWA,UC-VjzSCoMVWrSeuO-4N3UoA,3,0.13749999,0.17681914567947388
UC-6DVb3QQK2_2oso0RqgNWA,UC-VuNhvBm3bnOpzsYk-o4mA,5,0.15224007,0.24436107277870178
UC-6DVb3QQK2_2oso0RqgNWA,UC-XcLyfIh3bfc6GikZAcWjw,4,0.13122818,0.1643407791852951
UC-6DVb3QQK2_2oso0RqgNWA,UC-aug4qxWTqQdgxkh1jgtpw,3,0.11543514,0.1338082104921341
UC-6DVb3QQK2_2oso0RqgNWA,UC-e9-vYGGXTeKynjhteqZWw,3,0.13001254,0.1575755774974823
UC-6DVb3QQK2_2oso0RqgNWA,UC-eQC7XwFpCy-2fFtw-NtIg,10,0.30729127,0.18409205973148346
UC-6DVb3QQK2_2oso0RqgNWA,UC-fWGfiX-T1YdqaUZvMJBHg,10,0.31178978,0.12812258303165436
UC-6DVb3QQK2_2oso0RqgNWA,UC-ggcrnvqCQls7Us_7vnrCg,6,0.19161254,0.25332140922546387
UC-6DVb3QQK2_2oso0RqgNWA,UC-go0IiemkJJuA1gPLm_CoQ,4,0.14434524,0.1948704868555069
UC-6DVb3QQK2_2oso0RqgNWA,UC-kF1uMFhIfvw6seHqDGwkg,14,0.45250234,0.16437052190303802
UC-6DVb3QQK2_2oso0RqgNWA,UC-noa6HH6h4YnjhAAJwUNkg,10,0.34558842,0.14838869869709015
UC-6DVb3QQK2_2oso0RqgNWA,UC-pQL-6zNVmjbm0qpaas8EA,4,0.1460176,0.1347428858280182
UC-6DVb3QQK2_2oso0RqgNWA,UC-xs_TO6k_0TZ91OsBv0d-g,8,0.2653181,0.14058828353881836
UC-6DVb3QQK2_2oso0RqgNWA,UC00lzukQcBYz0gMCvlmM5_g,4,0.112958625,0.12483927607536316
UC-6DVb3QQK2_2oso0RqgNWA,UC0D596LYDZO95xGiNAGYs2g,7,0.25905108,0.16529037058353424
UC-6DVb3QQK2_2oso0RqgNWA,UC0Es_RHY2j9r53EnOZ14sDA,3,0.097258076,0.16165760159492493
UC-6DVb3QQK2_2oso0RqgNWA,UC0FFHRF1mytLDhs6nxqGIQg,14,0.44865704,0.1437525898218155
UC-6DVb3QQK2_2oso0RqgNWA,UC0K6AgNQ19dBjzOZkY-ySyQ,3,0.10166984,0.1373501420021057
UC-6DVb3QQK2_2oso0RqgNWA,UC0U3SshJ2N0T8Lewn8Kwx1g,4,0.12248243,0.17483730614185333
UC-6DVb3QQK2_2oso0RqgNWA,UC0ZCCCa89PaXRn-7gFE7ksw,4,0.15537667,0.16187115013599396
UC-6DVb3QQK2_2oso0RqgNWA,UC0gpekdxUu5gN5SPGd9Nrdg,6,0.19277638,0.13496537506580353
UC-6DVb3QQK2_2oso0RqgNWA,UC0rvsDnTlvualb1EkgbxBzQ,7,0.23898333,0.1224881112575531
UC-6DVb3QQK2_2oso0RqgNWA,UC17qqZ8hk0HkHLm3zj5bnyQ,6,0.1901891,0.1283864676952362
UC-6DVb3QQK2_2oso0RqgNWA,UC1NoyV5DKqt8J1TeHib8bUg,4,0.1432997,0.15843963623046875
UC-6DVb3QQK2_2oso0RqgNWA,UC1bmnUH1ffc63zohkPvtXcQ,11,0.36797437,0.12108404189348221
UC-6DVb3QQK2_2oso0RqgNWA,UC6oal8R3H4V_yY4-0NpY58Q,6,0.22564352,0.14465370774269104
UC-6Il-_GUvpordvs2fz3JLw,UC-nNxTBjofBNwnkQmeBkvFA,4,0.15259942,0.7392665147781372
UC-6aa7WG4qz8PrsNBHGU1Iw,UC-8-cxyElvXiW9SPBAkZgag,3,0.120719604,0.1327354907989502
UC-6aa7WG4qz8PrsNBHGU1Iw,UC-8udhbheRG8eg3s-6AFmXA,3,0.12738095,0.16635900735855103
UC-6aa7WG4qz8PrsNBHGU1Iw,UC-H2m0nZt6k0SJ5o04gS0nA,5,0.21252027,0.14607135951519012
UC-6aa7WG4qz8PrsNBHGU1Iw,UC-HuiLFNaJ9yELFLHAPEnOQ,3,0.12571429,0.13612304627895355
UC-6aa7WG4qz8PrsNBHGU1Iw,UC-IsVtDZ_i9HigV1ouJCZTw,3,0.096652,0.20159390568733215
UC-6aa7WG4qz8PrsNBHGU1Iw,UC-XcLyfIh3bfc6GikZAcWjw,4,0.13428815,0.1970243752002716
UC-6aa7WG4qz8PrsNBHGU1Iw,UC-ZjhJ0IBqWKbk3ENOE32Dw,3,0.113095246,0.12775284051895142
UC-6aa7WG4qz8PrsNBHGU1Iw,UC-gVzqx-OqiA7YMx4yRkY8g,3,0.10369674,0.12949013710021973
UC-6aa7WG4qz8PrsNBHGU1Iw,UC-ggcrnvqCQls7Us_7vnrCg,3,0.09828548,0.1522303968667984
UC-6aa7WG4qz8PrsNBHGU1Iw,UC-jwpAXw3_HjHqb2zo_k34g,4,0.18440628,0.2084437757730484
UC-6aa7WG4qz8PrsNBHGU1Iw,UC-kF1uMFhIfvw6seHqDGwkg,11,0.38720223,0.1647801697254181
UC-6aa7WG4qz8PrsNBHGU1Iw,UC-km1012mEUQQLGxggmrazw,5,0.18479812,0.13606710731983185
UC-6aa7WG4qz8PrsNBHGU1Iw,UC-opZ_LtdBgD0nqCo06Uxiw,3,0.1223316,0.13141557574272156
UC-6aa7WG4qz8PrsNBHGU1Iw,UC0-NdXj3Hzcr7EFh5hP00vw,3,0.109970674,0.15520422160625458
UC-6aa7WG4qz8PrsNBHGU1Iw,UC0JR9ZTJIvB9VX8xz7LyujA,3,0.087310866,0.13547982275485992
UC-6aa7WG4qz8PrsNBHGU1Iw,UC0KlnhY6jRI2_kXBFlaFP0w,3,0.1228876,0.18403339385986328
UC-6aa7WG4qz8PrsNBHGU1Iw,UC0eKvieg5gnnbNfo5QsinOA,4,0.1512895,0.16953806579113007
UC-6aa7WG4qz8PrsNBHGU1Iw,UC0hh25w8RfCziRWRMvUJ5lw,4,0.1439394,0.15634234249591827
UC-6aa7WG4qz8PrsNBHGU1Iw,UC0rvsDnTlvualb1EkgbxBzQ,6,0.20227656,0.12146073579788208
UC-6aa7WG4qz8PrsNBHGU1Iw,UC1Of9baPF-YBoxdP_PUwKmQ,3,0.09726732,0.2020631581544876
UC-6aa7WG4qz8PrsNBHGU1Iw,UC1Tlje8tyV0fejlnbNdrvsA,3,0.14086688,0.19039733707904816
UC-6aa7WG4qz8PrsNBHGU1Iw,UC1VghyKU1Nb-Gs8Hv1xmaJw,3,0.096719466,0.17048247158527374
UC-6aa7WG4qz8PrsNBHGU1Iw,UC1bmnUH1ffc63zohkPvtXcQ,9,0.34056675,0.1312911957502365
UC-6aa7WG4qz8PrsNBHGU1Iw,UC2bcMbj2L8pcdzkAIYAg0tw,3,0.12156485,0.12298724800348282
UC-6aa7WG4qz8PrsNBHGU1Iw,UC438NzuH3byhVc9KSXKc8ZA,4,0.16499616,0.19108030200004578
UC-6aa7WG4qz8PrsNBHGU1Iw,UC4DfUTbVd0dlIsVj3tmIYxA,3,0.121288314,0.19053228199481964
UC-6aa7WG4qz8PrsNBHGU1Iw,UC5xOXf3pR7cmoxloEgdAoCw,3,0.12554824,0.15167394280433655
UC-6rZgmxZSIbq786j3RD5ow,UC-hM6YJuNYVAmUWxeIr9FeA,3,0.12050907,0.28198450803756714
UC-6rZgmxZSIbq786j3RD5ow,UC1QgXt46-GEvtNjEC1paHnw,3,0.12050907,0.756800651550293
UC-6rZgmxZSIbq786j3RD5ow,UC1zFJrfEKvCixhsjNSb1toQ,3,0.12050907,0.6667667031288147
UC-6rZgmxZSIbq786j3RD5ow,UC2OacIzd2UxGHRGhdHl1Rhw,3,0.12050907,0.6940167546272278
UC-7C8c-SOAQ_X8kLBVQSclw,UC-pkVT7PmmhoBUYfqz7JN9Q,3,0.10653245,0.14466886222362518
UC-8-cxyElvXiW9SPBAkZgag,UC-8udhbheRG8eg3s-6AFmXA,3,0.120719604,0.2190849632024765
UC-8-cxyElvXiW9SPBAkZgag,UC-HuiLFNaJ9yELFLHAPEnOQ,3,0.13,0.19560648500919342
UC-8-cxyElvXiW9SPBAkZgag,UC-PYFlNwRzLcGfMzT4pSl5Q,3,0.097899094,0.20728690922260284
UC-8-cxyElvXiW9SPBAkZgag,UC-jwpAXw3_HjHqb2zo_k34g,3,0.11846155,0.18607307970523834
UC-8HUbXxrVLbDWJshcAEaYg,UC28hcmMG3TJv60Byo528VVg,3,0.09256357,0.15432804822921753
UC-8MnjBb56PMsmMc02KAkMg,UC-_2hN8eYuXfWnislPAk60Q,3,0.090224355,0.1881871223449707
UC-8Z9RmKDF6qEYeMekdC9DA,UC-N7pA0rR1PrUBOfs2OA0oA,9,0.2950868,0.12678080797195435
UC-8Z9RmKDF6qEYeMekdC9DA,UC-OV5Egso9fMqc1YuAxGkHw,3,0.085479364,0.18134862184524536
UC-8Z9RmKDF6qEYeMekdC9DA,UC-WdpyFOCjNhF9Qp0A_K9sg,4,0.13811094,0.21808578073978424
UC-8Z9RmKDF6qEYeMekdC9DA,UC-eQC7XwFpCy-2fFtw-NtIg,4,0.1257724,0.14902816712856293
UC-8Z9RmKDF6qEYeMekdC9DA,UC0D596LYDZO95xGiNAGYs2g,4,0.11672263,0.14730429649353027
UC-8Z9RmKDF6qEYeMekdC9DA,UC17qqZ8hk0HkHLm3zj5bnyQ,4,0.17122132,0.22860702872276306
UC-8udhbheRG8eg3s-6AFmXA,UC-9t7dZ3xvpjMGtFukKIhPw,3,0.12417583,0.13144181668758392
UC-8udhbheRG8eg3s-6AFmXA,UC-AEBG91PCbcrMj8AMAUDmA,4,0.16738096,0.23675654828548431
UC-8udhbheRG8eg3s-6AFmXA,UC-HtWWWFevZy2WSLWDQksgQ,5,0.20932075,0.4838482737541199
UC-8udhbheRG8eg3s-6AFmXA,UC-IdN5EFZvzzZGqgul8eXKQ,5,0.18193981,0.18854621052742004
UC-8udhbheRG8eg3s-6AFmXA,UC-IgiloHdns1NIRZ4KcQXQw,3,0.11490684,0.24277947843074799
UC-8udhbheRG8eg3s-6AFmXA,UC-InbUMe7DQcbVL4j-pCPsw,3,0.09899672,0.30486059188842773
UC-8udhbheRG8eg3s-6AFmXA,UC-J7_24mTSMqC3f3vwIEUdg,3,0.1069398,0.1403222531080246
UC-8udhbheRG8eg3s-6AFmXA,UC-SEmxk-bEGxHFMm78NCLNw,3,0.10595238,0.22998899221420288
UC-8udhbheRG8eg3s-6AFmXA,UC-e9-vYGGXTeKynjhteqZWw,3,0.109639026,0.25695574283599854
UC-9-kyTW8ZkZNDHQJ6FgpwQ,UC-gZc7yRmyb9DInZX2DxhdA,3,0.10009123,0.13242670893669128
UC-9-kyTW8ZkZNDHQJ6FgpwQ,UC-pQL-6zNVmjbm0qpaas8EA,3,0.11945009,0.1245809867978096
UC-9-kyTW8ZkZNDHQJ6FgpwQ,UC0jNEDGSBcLnfQ8PDhkuYtA,3,0.11919193,0.13435669243335724
UC-9-kyTW8ZkZNDHQJ6FgpwQ,UCEgdi0XIXXZ-qJOFPf4JSKw,5,0.19403699,0.32072678208351135
UC-9-kyTW8ZkZNDHQJ6FgpwQ,UCOpNcN46UbXVtpKMrmU4Abg,4,0.16462521,0.31348323822021484
UC-94UmQRCmLayiFNEzixIAQ,UC-noa6HH6h4YnjhAAJwUNkg,3,0.12460319,0.17526774108409882
UC-9BNQSqNx9T6j63UqdP6hQ,UC-9t7dZ3xvpjMGtFukKIhPw,3,0.19055945,0.204491525888443
UC-9BNQSqNx9T6j63UqdP6hQ,UC-SlVdCnyGUo_UrlZxmKGgg,3,0.09110158,0.25061658024787903
UC-9BNQSqNx9T6j63UqdP6hQ,UC-wDoENlmgTNK356btBWpkw,3,0.09110158,0.2507632374763489
UC-9NClmrFl4XLn4cj7l5-2A,UC-nMK37fDDgPTbENzjx31XQ,3,0.08607006,0.12469452619552612
UC-9NClmrFl4XLn4cj7l5-2A,UC-twgFcRClZz0fVcN1yPtSg,4,0.11162315,0.2647624909877777
UC-9NClmrFl4XLn4cj7l5-2A,UC-w7LMa7Soxe_ml9aFDIV3w,3,0.08384538,0.36114296317100525
UC-9NClmrFl4XLn4cj7l5-2A,UC0XmONh3BZgA6I0G4F7ZCDQ,3,0.08496733,0.14807184040546417
UC-9NClmrFl4XLn4cj7l5-2A,UC1OdBHC5rlBb1VRtxrlGl4A,3,0.11003584,0.28875958919525146
UC-9t7dZ3xvpjMGtFukKIhPw,UC-ATEtXbjrzLsmLQ2PpeqjA,3,0.17179486,0.2313171774148941
UC-9t7dZ3xvpjMGtFukKIhPw,UC-H2m0nZt6k0SJ5o04gS0nA,7,0.27624863,0.15389323234558105
UC-9t7dZ3xvpjMGtFukKIhPw,UC-IJviKGjvsH7EmYYfi1ihQ,3,0.10451845,0.12770269811153412
UC-9t7dZ3xvpjMGtFukKIhPw,UC-IdN5EFZvzzZGqgul8eXKQ,7,0.31639144,0.16100670397281647
UC-9t7dZ3xvpjMGtFukKIhPw,UC-LGGavoeps5RegITdHegrg,3,0.1178733,0.16973504424095154
UC-9t7dZ3xvpjMGtFukKIhPw,UC-PfrH3RV-wUlYh8UBL-SOg,4,0.14235607,0.21103879809379578
UC-9t7dZ3xvpjMGtFukKIhPw,UC-gVzqx-OqiA7YMx4yRkY8g,3,0.1456044,0.1473671793937683
UC-9t7dZ3xvpjMGtFukKIhPw,UC-l9Ho0Ais027rddBtROpBQ,3,0.1547619,0.28362521529197693
UC-9t7dZ3xvpjMGtFukKIhPw,UC-noa6HH6h4YnjhAAJwUNkg,10,0.3604731,0.14697153866291046
UC-9t7dZ3xvpjMGtFukKIhPw,UC0FFHRF1mytLDhs6nxqGIQg,13,0.46610877,0.1418100893497467
UC-9t7dZ3xvpjMGtFukKIhPw,UC0KlnhY6jRI2_kXBFlaFP0w,3,0.11798941,0.14321425557136536
UC-9t7dZ3xvpjMGtFukKIhPw,UC0yiInw9cd6D7sASYSnx0Kw,3,0.12210181,0.18728895485401154
UC-9t7dZ3xvpjMGtFukKIhPw,UC20XVc_0krhP1WbdAOuDxUg,3,0.11256109,0.1410711258649826
UC-9t7dZ3xvpjMGtFukKIhPw,UC28hcmMG3TJv60Byo528VVg,6,0.22470495,0.12297627329826355
UC-9t7dZ3xvpjMGtFukKIhPw,UC2qbc9D3CcDRi_r394bGuLA,3,0.10772357,0.13743571937084198
UC-9t7dZ3xvpjMGtFukKIhPw,UC4xD9wgkE7cUk85abrvQ5rw,3,0.15370369,0.18801043927669525
UC-9t7dZ3xvpjMGtFukKIhPw,UCBevyiJ2ierZY-0yZhfLrmQ,3,0.11481482,0.1285458356142044
UC-9xDciS5-k4LAp6RYcnn8g,UC0l4tjS60zEod6OCC97-9BA,3,0.09959813,0.21543866395950317
UC-9xDciS5-k4LAp6RYcnn8g,UC1KM0FPG8NvCWKRZURZZEfQ,3,0.10900673,0.19019381701946259
UC-AEBG91PCbcrMj8AMAUDmA,UC-CA4ND0DqLWio_i_RMOngg,4,0.17686373,0.21760194003582
UC-AEBG91PCbcrMj8AMAUDmA,UC-HtWWWFevZy2WSLWDQksgQ,3,0.12738095,0.1932101994752884
UC-AEBG91PCbcrMj8AMAUDmA,UC-HuiLFNaJ9yELFLHAPEnOQ,4,0.18821429,0.2207261174917221
UC-AEBG91PCbcrMj8AMAUDmA,UC-U71b403ypwVxAvYeBaR4Q,4,0.14512606,0.19633042812347412
UC-AEBG91PCbcrMj8AMAUDmA,UC-km1012mEUQQLGxggmrazw,4,0.17924467,0.1429407149553299
UC-AEBG91PCbcrMj8AMAUDmA,UC-lFhQuhHaxAnRRSK1tds9g,6,0.20833519,0.16932398080825806
UC-AEBG91PCbcrMj8AMAUDmA,UC-qcYTsFOiFmNqYhvqT6kRg,3,0.12231561,0.19360417127609253
UC-AEBG91PCbcrMj8AMAUDmA,UC01Ng5lwle6eRSl3rUrbBXg,3,0.102298856,0.12522457540035248
UC-AEuBIBhyRJWh_Mkg6k9iQ,UC-fWGfiX-T1YdqaUZvMJBHg,3,0.08739497,0.13548584282398224
UC-AEuBIBhyRJWh_Mkg6k9iQ,UC2NQajHz-1eJrobTub1ZnSA,3,0.093306296,0.14054609835147858
UC-APJUQWxnTJ3JR1EDUi1wQ,UC32V-k7uajDkwOmO1KrL7lA,3,0.2009804,0.2727079689502716
UC-ASnhD1JXr-AISPr0tv_OA,UC1H5dv45x2aFKk-6JZLSWIQ,3,0.11435987,0.13605262339115143
UC-AY8iLKFPhaJRnQt2IiReg,UC-_fIaQi9ImX_JW5-thf60A,3,0.09475806,0.489719033241272
UC-BMmo6R55fikE2uQe26uDA,UC-kF1uMFhIfvw6seHqDGwkg,3,0.11263737,0.16056475043296814
UC-BuGM5xGth9UFgYGTbP3Zw,UC-J7_24mTSMqC3f3vwIEUdg,4,0.18487318,0.2100142240524292
UC-C5UUZqky2qJmG4EzRnI0g,UC-Lmxe8ImqCI73hqOjI28ig,3,0.1238426,0.4396860897541046
UC-C5UUZqky2qJmG4EzRnI0g,UC0rbVMCStY7IYwwTg4z_EjA,3,0.10700758,0.30933257937431335
UC-CA4ND0DqLWio_i_RMOngg,UC-GUnpgY8Er056ZUI_CdDOA,6,0.23982689,0.33626535534858704
UC-CA4ND0DqLWio_i_RMOngg,UC-f_5LnZkQa44fQFb0Q_bJQ,3,0.100230426,0.2697104215621948
UC-CA4ND0DqLWio_i_RMOngg,UC-kF1uMFhIfvw6seHqDGwkg,7,0.23897773,0.14600849151611328
UC-CA4ND0DqLWio_i_RMOngg,UC059SA_tX-AptG0JdMgDG3g,4,0.15194388,0.12072611600160599
UC-CA4ND0DqLWio_i_RMOngg,UC16oMU-Ykq7Zm8JcgLWjzew,3,0.1050094,0.16890670359134674
UC-CA4ND0DqLWio_i_RMOngg,UC4T0v46s8yxJuTOW1_mD1xA,3,0.12333967,0.33840686082839966
UC-ClplvCZYJsoQ9oCZlGeLA,UC-L6oKM0dDcwdWlJv6ZjCDw,3,0.20238096,0.5322793126106262
UC-ClplvCZYJsoQ9oCZlGeLA,UC-Lmxe8ImqCI73hqOjI28ig,3,0.17337164,0.5085436105728149
UC-ClplvCZYJsoQ9oCZlGeLA,UC16bljMGmi9JYoyL5x9jLGg,3,0.17337164,0.5066366791725159
UC-CplAgEAaD9-KNxBajXoWg,UC12HMtO5MYph9dCZZ7yygng,3,0.10765489,0.22718264162540436
UC-CplAgEAaD9-KNxBajXoWg,UC1H5dv45x2aFKk-6JZLSWIQ,3,0.09033888,0.1400838941335678
UC-CplAgEAaD9-KNxBajXoWg,UC3IZKseVpdzPSBaWxBxundA,3,0.10765489,0.27148735523223877
UC-Cuw7QXLjJd1lFQzp5AP-w,UC-I7KHWuazM1EEo9wzp0TrA,3,0.14270511,0.3759397566318512
UC-Cuw7QXLjJd1lFQzp5AP-w,UC16bljMGmi9JYoyL5x9jLGg,3,0.12933685,0.31043025851249695
UC-Dt3AdFvoIoYY5o52CxltA,UC-IdN5EFZvzzZGqgul8eXKQ,3,0.11638361,0.21379896998405457
UC-Dwpee7-3r4ygJMHo_IJqA,UC-H2m0nZt6k0SJ5o04gS0nA,3,0.11574074,0.20637452602386475
UC-EIQoKszZjiQ-c9neLBgrA,UC-Qy4K-hv1Fpd8pouh0bC5A,3,0.0909648,0.12491144239902496
UC-EIQoKszZjiQ-c9neLBgrA,UC-noa6HH6h4YnjhAAJwUNkg,4,0.13493665,0.15753093361854553
UC-EIQoKszZjiQ-c9neLBgrA,UC-qgCHahOqPsyi_HNnFfqPg,3,0.093811095,0.13785304129123688
UC-ESQDCjT-CkOfEB_uk5C_A,UC-dL5Mh7IZKUNl9iYGFqfrw,4,0.11975806,0.16204091906547546
UC-ESQDCjT-CkOfEB_uk5C_A,UC-kF1uMFhIfvw6seHqDGwkg,6,0.18609165,0.14560508728027344
UC-ESQDCjT-CkOfEB_uk5C_A,UC1uHbAbleaXjfegbmFV9TVQ,6,0.19033997,0.20526264607906342
UC-ESQDCjT-CkOfEB_uk5C_A,UC3-ReVazV9vfnKVeNl9mrfA,5,0.1505542,0.2785153388977051
UC-ESQDCjT-CkOfEB_uk5C_A,UC3h7LLJp2w7iWeXVlLim6Dw,3,0.09073275,0.1374368518590927
UC-EZPezUpwtN520FGl6Le_w,UC-_JkCD8cRwUV5Z4MLAF7wg,3,0.109639026,0.23197457194328308
UC-EZPezUpwtN520FGl6Le_w,UC-kF1uMFhIfvw6seHqDGwkg,4,0.13148043,0.13514980673789978
UC-Eh1lR_tWVtv9AvxLybMtQ,UC-a9wiNTKiLIRLTyIRdNbMg,4,0.1252451,0.1364986151456833
UC-Eh1lR_tWVtv9AvxLybMtQ,UC00rnQH4OeToDAK93dD3fmQ,3,0.10029762,0.2002759426832199
UC-EiWb2xz1ZfTl8VBcEWqIQ,UC-H2m0nZt6k0SJ5o04gS0nA,3,0.1609649,0.22141389548778534
UC-F1fSuUHzvUQes0ujTt3BA,UC-xNVaHIcx28c8MaJdDsxBw,3,0.08675214,0.19849665462970734
UC-F1fSuUHzvUQes0ujTt3BA,UC0TNiclinjGoFh1MyFi0N5g,3,0.08675214,0.12028991430997849
UC-F1fSuUHzvUQes0ujTt3BA,UC1fU17Mv-07UYfQYNE6CMAQ,3,0.08275458,0.16560453176498413
UC-F1fSuUHzvUQes0ujTt3BA,UC1tk9F5-MGXEq4LWnjmrtpA,3,0.1048048,0.1557506024837494
UC-Fnix71vRP64WXeo0ikd0Q,UC-qgCHahOqPsyi_HNnFfqPg,3,0.10527597,0.1266908496618271
UC-Fnix71vRP64WXeo0ikd0Q,UC3IZKseVpdzPSBaWxBxundA,3,0.10350807,0.19807656109333038
UC-GA7ASTSKqxWPl-FJga6Vw,UC0xYGj09xcSMEIN56dNn8GA,3,0.123406865,0.37555861473083496
UC-GAhNmY6bkuuRPUSaRI_oQ,UC-fWGfiX-T1YdqaUZvMJBHg,4,0.17166515,0.14427649974822998
UC-GJVz5Mqs8nLDG4JGU0xEA,UC-Qy4K-hv1Fpd8pouh0bC5A,4,0.1381114,0.17952431738376617
UC-GUnpgY8Er056ZUI_CdDOA,UC-U63hTXJs54YNIOECNN33Q,4,0.14520988,0.2701180577278137
UC-GUnpgY8Er056ZUI_CdDOA,UC-c-_R1XjcAMsu0JJ9RpnUg,3,0.10267858,0.1492394655942917
UC-GUnpgY8Er056ZUI_CdDOA,UC-eGkbYVZtCPXxFeJTuy1cg,3,0.096982755,0.28411176800727844
UC-GUnpgY8Er056ZUI_CdDOA,UC-km1012mEUQQLGxggmrazw,6,0.20354494,0.18498235940933228
UC-GUnpgY8Er056ZUI_CdDOA,UC02JeoV59i0yhDj009s73GQ,3,0.09542909,0.1295851320028305
UC-GUnpgY8Er056ZUI_CdDOA,UC0M8YI6T69ZgGxWERk681tQ,3,0.10267858,0.13028794527053833
UC-GUnpgY8Er056ZUI_CdDOA,UC0v-pxTo1XamIDE-f__Ad0Q,3,0.10447886,0.12388121336698532
UC-GUnpgY8Er056ZUI_CdDOA,UC1sCMCM2yQqS3dggBcTbNSg,3,0.090964794,0.13192212581634521
UC-Gu3F7CjVvTW-AZffmWFhQ,UC-oB1viuwdIH8dkss87KSYw,3,0.09141414,0.1496053785085678
UC-Gu3F7CjVvTW-AZffmWFhQ,UC-pkVT7PmmhoBUYfqz7JN9Q,3,0.098080814,0.14467673003673553
UC-H2m0nZt6k0SJ5o04gS0nA,UC-HuiLFNaJ9yELFLHAPEnOQ,3,0.12919255,0.12151583284139633
UC-H2m0nZt6k0SJ5o04gS0nA,UC-IgiloHdns1NIRZ4KcQXQw,3,0.11120543,0.12365593016147614
UC-H2m0nZt6k0SJ5o04gS0nA,UC-KsEyI3i_Ft1CKAkG8kBaA,4,0.12996136,0.18523000180721283
UC-H2m0nZt6k0SJ5o04gS0nA,UC-QZSLpCPi_RlACN2Xg59lg,5,0.2048629,0.15377822518348694
UC-H2m0nZt6k0SJ5o04gS0nA,UC-U63hTXJs54YNIOECNN33Q,3,0.09428815,0.12343790382146835
UC-H2m0nZt6k0SJ5o04gS0nA,UC-VxXyLMfviUYS5DA7zOBBw,4,0.14068829,0.1899925023317337
UC-H2m0nZt6k0SJ5o04gS0nA,UC-ZjhJ0IBqWKbk3ENOE32Dw,5,0.17125002,0.16803713142871857
UC-H2m0nZt6k0SJ5o04gS0nA,UC-d86LQ5cf8i_mn0MplngBQ,3,0.0984636,0.188302680850029
UC-H2m0nZt6k0SJ5o04gS0nA,UC-gZc7yRmyb9DInZX2DxhdA,3,0.1437037,0.17119666934013367
UC-H2m0nZt6k0SJ5o04gS0nA,UC-kF1uMFhIfvw6seHqDGwkg,11,0.34476388,0.12744924426078796
UC-H2m0nZt6k0SJ5o04gS0nA,UC059SA_tX-AptG0JdMgDG3g,9,0.28610894,0.13754484057426453
UC-H2m0nZt6k0SJ5o04gS0nA,UC0D3mF1sUXy6FGE9zelfHJg,3,0.13818645,0.12901946902275085
UC-H2m0nZt6k0SJ5o04gS0nA,UC0FFHRF1mytLDhs6nxqGIQg,12,0.4047014,0.13196183741092682
UC-H2m0nZt6k0SJ5o04gS0nA,UC0GZNP_j1q1jQTyylQU1cZw,5,0.16327539,0.12096256762742996
UC-H2m0nZt6k0SJ5o04gS0nA,UC0PotgTwYxbOZuM9FbWKdcg,19,0.7304694,0.12342042475938797
UC-H2m0nZt6k0SJ5o04gS0nA,UC0U2GG9WNndvt1wK41l9iqg,3,0.14738964,0.13440363109111786
UC-H2m0nZt6k0SJ5o04gS0nA,UC0YdreHTXA1FXHNb6psd2CQ,4,0.14023043,0.12354687601327896
UC-H2m0nZt6k0SJ5o04gS0nA,UC3W5V8xydOw7HlgKA9r6KRg,3,0.09484312,0.12362316995859146
UC-H2m0nZt6k0SJ5o04gS0nA,UC43ekYDmSbZglc2ndwDNtAQ,4,0.16696429,0.17819844186306
UC-HIyS_41IgbAgajn--1utA,UC-lFhQuhHaxAnRRSK1tds9g,4,0.14632526,0.18521252274513245
UC-HIyS_41IgbAgajn--1utA,UC-tmV1TLQeBMq05L8Vf_tTA,3,0.10666667,0.15351863205432892
UC-HIyS_41IgbAgajn--1utA,UC0LfDpgSw82vYg_mL-OQR6Q,3,0.1172149,0.1206459105014801
UC-HIyS_41IgbAgajn--1utA,UC0LtdRW5VqSXnlq5FIcfzQg,5,0.16405709,0.20004285871982574
UC-HIyS_41IgbAgajn--1utA,UC0SKIdgDQXqV4iSqOmDLSFQ,6,0.20191339,0.3079685568809509
UC-HIyS_41IgbAgajn--1utA,UC0qRlg0U8_6cMBvFJf0p9Fw,4,0.13994369,0.22830931842327118
UC-HNwUxGklhKSe67EitgqgA,UC6SmH9mR82nj28_NNg_rZvA,3,0.12703703,0.21244119107723236
UC-HNwUxGklhKSe67EitgqgA,UC7bMtttgCTTyjUd_NPOjCBA,3,0.12966862,0.13768470287322998
UC-HtWWWFevZy2WSLWDQksgQ,UC-IdN5EFZvzzZGqgul8eXKQ,4,0.14671713,0.1630423665046692
UC-HuiLFNaJ9yELFLHAPEnOQ,UC-IdN5EFZvzzZGqgul8eXKQ,4,0.14795712,0.12712503969669342
UC-HuiLFNaJ9yELFLHAPEnOQ,UC-JSOjRnW-3GJNSzmDWkYww,3,0.109890126,0.2760038673877716
UC-HuiLFNaJ9yELFLHAPEnOQ,UC-QCpqbnzfuxcuCqrti04UQ,3,0.12851733,0.3157805800437927
UC-HuiLFNaJ9yELFLHAPEnOQ,UC-QTcMOL4F_B922ClrkoI5A,3,0.11142859,0.32872989773750305
UC-HuiLFNaJ9yELFLHAPEnOQ,UC-ZjhJ0IBqWKbk3ENOE32Dw,3,0.11142858,0.1722477376461029
UC-HuiLFNaJ9yELFLHAPEnOQ,UC-_JkCD8cRwUV5Z4MLAF7wg,7,0.27840745,0.33373332023620605
UC-HuiLFNaJ9yELFLHAPEnOQ,UC-g-w1lS2yYmOLKV6UPrR_A,4,0.14173162,0.1798834353685379
UC-HuiLFNaJ9yELFLHAPEnOQ,UC-kF1uMFhIfvw6seHqDGwkg,8,0.30479696,0.17750413715839386
UC-HuiLFNaJ9yELFLHAPEnOQ,UC-noa6HH6h4YnjhAAJwUNkg,6,0.22908267,0.15769889950752258
UC-I7KHWuazM1EEo9wzp0TrA,UC14Yc2Qv92DMuyNRlHvpo2Q,3,0.13284951,0.2071344554424286
UC-I7KHWuazM1EEo9wzp0TrA,UC3vg17IZ1IV73xx069jG44w,3,0.13383457,0.18679654598236084
UC-I7KHWuazM1EEo9wzp0TrA,UC4URX_WLZ2EHWuIOtTpYXyA,3,0.14270511,0.29541686177253723
UC-IJviKGjvsH7EmYYfi1ihQ,UC-IdN5EFZvzzZGqgul8eXKQ,4,0.14254585,0.1705121248960495
UC-IJviKGjvsH7EmYYfi1ihQ,UC-J7_24mTSMqC3f3vwIEUdg,4,0.17890948,0.270976185798645
UC-ISzLVaCrh3sA9QAkmCAgA,UC1oPBUWifc0QOOY8DEKhLuQ,3,0.113675304,0.15601591765880585
UC-IdN5EFZvzzZGqgul8eXKQ,UC-N7pA0rR1PrUBOfs2OA0oA,21,0.7705551,0.1556042581796646
UC-IdN5EFZvzzZGqgul8eXKQ,UC-Zrs1kNTReEUfKWnDO_X4g,4,0.15428573,0.12602967023849487
UC-IdN5EFZvzzZGqgul8eXKQ,UC-_JkCD8cRwUV5Z4MLAF7wg,5,0.21162173,0.1470945179462433
UC-IdN5EFZvzzZGqgul8eXKQ,UC-c-_R1XjcAMsu0JJ9RpnUg,3,0.13655463,0.12759807705879211
UC-IdN5EFZvzzZGqgul8eXKQ,UC-eGkbYVZtCPXxFeJTuy1cg,3,0.10921101,0.20568136870861053
UC-IdN5EFZvzzZGqgul8eXKQ,UC-fIgzF0zdpP0PjumF4cwZw,3,0.098917745,0.16628612577915192
UC-IdN5EFZvzzZGqgul8eXKQ,UC-gVzqx-OqiA7YMx4yRkY8g,4,0.18187112,0.18021194636821747
UC-IdN5EFZvzzZGqgul8eXKQ,UC-kF1uMFhIfvw6seHqDGwkg,12,0.38485664,0.12996138632297516
UC-IdN5EFZvzzZGqgul8eXKQ,UC-kzC82QwWLa26a-RPIrQTw,3,0.10148809,0.13128623366355896
UC-IdN5EFZvzzZGqgul8eXKQ,UC-mpreu42R7mLtyOlPKelxQ,5,0.18655461,0.12375598400831223
UC-IdN5EFZvzzZGqgul8eXKQ,UC-noa6HH6h4YnjhAAJwUNkg,10,0.34039193,0.1358730047941208
UC-IdN5EFZvzzZGqgul8eXKQ,UC-ofVTkr2OHvMiLWOBLb2gA,3,0.10865859,0.20703601837158203
UC-IdN5EFZvzzZGqgul8eXKQ,UC0PotgTwYxbOZuM9FbWKdcg,22,0.78581935,0.12128512561321259
UC-IdN5EFZvzzZGqgul8eXKQ,UC0R6UO7KdbteolkybHkrWVg,3,0.08613721,0.1246754452586174
UC-IdN5EFZvzzZGqgul8eXKQ,UC0iJ8CReKfQUKJHmHjhPmXQ,3,0.114583336,0.13712161779403687
UC-IdN5EFZvzzZGqgul8eXKQ,UC0l4tjS60zEod6OCC97-9BA,3,0.12804739,0.12420652061700821
UC-IdN5EFZvzzZGqgul8eXKQ,UC0vp5PdY82EFLC5IdNf868w,3,0.09430419,0.18268144130706787
UC-IgiloHdns1NIRZ4KcQXQw,UC-PwctTg1kRVzPcBQlodYcg,3,0.10405293,0.15062519907951355
UC-IgiloHdns1NIRZ4KcQXQw,UC-QZSLpCPi_RlACN2Xg59lg,3,0.1019696,0.14255358278751373
UC-IgiloHdns1NIRZ4KcQXQw,UC-XcLyfIh3bfc6GikZAcWjw,3,0.09774437,0.23200549185276031
UC-IgiloHdns1NIRZ4KcQXQw,UC-bQwtI1nN6t2R7Eb5aa3cA,3,0.101305686,0.1561616212129593
UC-IgiloHdns1NIRZ4KcQXQw,UC0aToF412eWBjYJ6pPzUuZQ,6,0.18989801,0.1469704955816269
UC-IgiloHdns1NIRZ4KcQXQw,UC0j5Sk9XqwibZIh_Dxml8jw,3,0.10013138,0.17987097799777985
UC-InbUMe7DQcbVL4j-pCPsw,UC0OskCvXSgVsle9WVLbO9lA,4,0.13083214,0.4324505031108856
UC-J-KZfRV8c13fOCkhXdLiQ,UC-jHioVmLr8Cb1lFBIZD2hQ,3,0.10828081,0.33560803532600403
UC-J6dgFIF8OFf70frRkS8HQ,UC-N7pA0rR1PrUBOfs2OA0oA,7,0.26400277,0.1224532201886177
UC-J7_24mTSMqC3f3vwIEUdg,UC-M3t08tcnHmvMRKRMSJgoQ,3,0.10195361,0.15205493569374084
UC-J7_24mTSMqC3f3vwIEUdg,UC-N7pA0rR1PrUBOfs2OA0oA,18,0.5791165,0.1480747014284134
UC-J7_24mTSMqC3f3vwIEUdg,UC-PwctTg1kRVzPcBQlodYcg,5,0.16258213,0.14616292715072632
UC-J7_24mTSMqC3f3vwIEUdg,UC-_rEHyejSo0gDagSzA6D1w,4,0.11958042,0.1247694119811058
UC-J7_24mTSMqC3f3vwIEUdg,UC-b2dAUTIM3lJdsbQHy22-A,3,0.089102566,0.15538763999938965
UC-J7_24mTSMqC3f3vwIEUdg,UC-wYwXKRpb8QZxo3i9uyRXA,5,0.14185835,0.1294938027858734
UC-J7_24mTSMqC3f3vwIEUdg,UC-xs_TO6k_0TZ91OsBv0d-g,7,0.2367039,0.14763762056827545
UC-J7_24mTSMqC3f3vwIEUdg,UC-yqf8zufdTNd-3OwuSnoUg,4,0.11951861,0.13286446034908295
UC-J7_24mTSMqC3f3vwIEUdg,UC0-8T95B-JheVF3-I3Yeeew,3,0.10408432,0.13562269508838654
UC-J7_24mTSMqC3f3vwIEUdg,UC0FFHRF1mytLDhs6nxqGIQg,10,0.32196018,0.1214262917637825
UC-J7_24mTSMqC3f3vwIEUdg,UC0LUZomFWMyUA9JywQb-GvA,7,0.20339936,0.1739179641008377
UC-J7_24mTSMqC3f3vwIEUdg,UC0U3SshJ2N0T8Lewn8Kwx1g,3,0.09392807,0.15782110393047333
UC-J7_24mTSMqC3f3vwIEUdg,UC0hUsLLUfRY5-Q05alte43g,6,0.18146664,0.2844313681125641
UC-J7_24mTSMqC3f3vwIEUdg,UC17qqZ8hk0HkHLm3zj5bnyQ,5,0.15441889,0.12269966304302216
UC-J7_24mTSMqC3f3vwIEUdg,UC1WkFVOCTPdY782AJ1PZ-JQ,12,0.39056954,0.129953995347023
UC-J7_24mTSMqC3f3vwIEUdg,UCDCmm9RQ3NAlMsaDtKQUiOg,3,0.17082591,0.21402540802955627
UC-JBOEI9NRCis8p_han0xww,UC-oB1viuwdIH8dkss87KSYw,3,0.12432359,0.15808485448360443
UC-JBOEI9NRCis8p_han0xww,UC0e6zo8oX6ISSBjPaSZsjeA,3,0.120182805,0.142372265458107
UC-JDndHxD9_dQLCeU-Voj0g,UC25f1FyMuKnMapFO5w98N_g,3,0.09304435,0.1426786184310913
UC-JSOjRnW-3GJNSzmDWkYww,UC-noa6HH6h4YnjhAAJwUNkg,3,0.10750916,0.1254471093416214
UC-JXcCsb5HXhxyllDstBU_w,UC-g-w1lS2yYmOLKV6UPrR_A,3,0.10084035,0.22763203084468842
UC-JXcCsb5HXhxyllDstBU_w,UC-noa6HH6h4YnjhAAJwUNkg,3,0.10084035,0.12346543371677399
UC-KVg-uMRL3VwYdGZmytocg,UC-kyyUVuJUtxi9L59_tWttg,3,0.09341881,0.1769861876964569
UC-KVg-uMRL3VwYdGZmytocg,UC0QaxWvI7NNWcFTHDVypr1Q,3,0.07780905,0.20594513416290283
UC-KVg-uMRL3VwYdGZmytocg,UC0T9mx1-Nqd01vPFmpk7amA,3,0.07780905,0.12009197473526001
UC-KsEyI3i_Ft1CKAkG8kBaA,UC-VxXyLMfviUYS5DA7zOBBw,3,0.11603357,0.37406420707702637
UC-KsEyI3i_Ft1CKAkG8kBaA,UC-bQwtI1nN6t2R7Eb5aa3cA,3,0.12902059,0.25492215156555176
UC-KsEyI3i_Ft1CKAkG8kBaA,UC01iOPW5JvjdpoCfaY8SbTw,3,0.08476431,0.1527545154094696
UC-KsEyI3i_Ft1CKAkG8kBaA,UC0D3mF1sUXy6FGE9zelfHJg,3,0.13034333,0.29051104187965393
UC-LDo-K0bca_G1jl5yk5sFA,UC-OQ5bos-1a70cZvYKUoxPg,4,0.16638146,0.4484286606311798
UC-LDo-K0bca_G1jl5yk5sFA,UC-WdpyFOCjNhF9Qp0A_K9sg,4,0.13742742,0.1975516676902771
UC-LDo-K0bca_G1jl5yk5sFA,UC-ivsDwgEwvzjJTRK_jGRqg,3,0.087310866,0.132340207695961
UC-LDo-K0bca_G1jl5yk5sFA,UC-qgCHahOqPsyi_HNnFfqPg,4,0.13197286,0.12842771410942078
UC-LDo-K0bca_G1jl5yk5sFA,UC0BXb9Gz8Rxh0TJ6n4ayORw,3,0.0997148,0.36863231658935547
UC-LDo-K0bca_G1jl5yk5sFA,UC0T9mx1-Nqd01vPFmpk7amA,5,0.15375967,0.12525810301303864
UC-LDo-K0bca_G1jl5yk5sFA,UC1_4Dgxm7gwcs7TPXPjcNwg,3,0.090964794,0.18401624262332916
UC-LDo-K0bca_G1jl5yk5sFA,UC2ZDt1aIR-tA3lNuAnHEqCQ,3,0.10611632,0.35780003666877747
UC-LDo-K0bca_G1jl5yk5sFA,UC3ksN_4AjdLqefrgnSfB8NA,4,0.15033166,0.38676249980926514
UC-LeVMJ11PbWDPNvop35z-g,UC-kF1uMFhIfvw6seHqDGwkg,3,0.107407406,0.1567927747964859
UC-Lmxe8ImqCI73hqOjI28ig,UC07V7DvlcLnc8n6adSnivUg,3,0.14488636,0.520582914352417
UC-Lmxe8ImqCI73hqOjI28ig,UC0rbVMCStY7IYwwTg4z_EjA,3,0.1041943,0.21344631910324097
UC-Lmxe8ImqCI73hqOjI28ig,UC14Yc2Qv92DMuyNRlHvpo2Q,3,0.15067339,0.21484419703483582
UC-Lmxe8ImqCI73hqOjI28ig,UC16bljMGmi9JYoyL5x9jLGg,5,0.24071172,0.6033536195755005
UC-Md_S_A6VcSJiAhStZCKbw,UC-kF1uMFhIfvw6seHqDGwkg,3,0.16040134,0.14039933681488037
UC-N-yc-Jipy-5T-vyghDbvw,UC0aToF412eWBjYJ6pPzUuZQ,3,0.11129435,0.17941711843013763
UC-N7pA0rR1PrUBOfs2OA0oA,UC-PwctTg1kRVzPcBQlodYcg,19,0.63572305,0.18295329809188843
UC-N7pA0rR1PrUBOfs2OA0oA,UC-Qy4K-hv1Fpd8pouh0bC5A,28,0.9771881,0.18596449494361877
UC-N7pA0rR1PrUBOfs2OA0oA,UC-TvHSpf__bdfEp5oWOdkpA,7,0.2285876,0.12492673844099045
UC-N7pA0rR1PrUBOfs2OA0oA,UC-VuNhvBm3bnOpzsYk-o4mA,7,0.22375986,0.1353326141834259
UC-N7pA0rR1PrUBOfs2OA0oA,UC-WdpyFOCjNhF9Qp0A_K9sg,17,0.5834462,0.1755170077085495
UC-N7pA0rR1PrUBOfs2OA0oA,UC-Yt1IpLEnzGRYz9uxRAOZQ,11,0.3484514,0.1286512017250061
UC-N7pA0rR1PrUBOfs2OA0oA,UC-_2hN8eYuXfWnislPAk60Q,28,0.9419511,0.19757898151874542
UC-N7pA0rR1PrUBOfs2OA0oA,UC-_JkCD8cRwUV5Z4MLAF7wg,14,0.51085234,0.14392513036727905
UC-N7pA0rR1PrUBOfs2OA0oA,UC-_rEHyejSo0gDagSzA6D1w,22,0.70338416,0.2349354475736618
UC-N7pA0rR1PrUBOfs2OA0oA,UC-a9wiNTKiLIRLTyIRdNbMg,27,0.8810424,0.1424565464258194
UC-N7pA0rR1PrUBOfs2OA0oA,UC-b2dAUTIM3lJdsbQHy22-A,7,0.23037806,0.12861016392707825
UC-N7pA0rR1PrUBOfs2OA0oA,UC-dL5Mh7IZKUNl9iYGFqfrw,35,1.1400628,0.26984813809394836
UC-N7pA0rR1PrUBOfs2OA0oA,UC-eQC7XwFpCy-2fFtw-NtIg,25,0.818805,0.1848343163728714
UC-N7pA0rR1PrUBOfs2OA0oA,UC-fWGfiX-T1YdqaUZvMJBHg,45,1.4274129,0.22101952135562897
UC-N7pA0rR1PrUBOfs2OA0oA,UC-ggcrnvqCQls7Us_7vnrCg,8,0.25312713,0.12609677016735077
UC-N7pA0rR1PrUBOfs2OA0oA,UC-kF1uMFhIfvw6seHqDGwkg,49,1.5788498,0.216103196144104
UC-N7pA0rR1PrUBOfs2OA0oA,UC-km1012mEUQQLGxggmrazw,18,0.56672066,0.1342078298330307
UC-N7pA0rR1PrUBOfs2OA0oA,UC-kyyUVuJUtxi9L59_tWttg,28,0.938564,0.19640815258026123
UC-N7pA0rR1PrUBOfs2OA0oA,UC-liCop3ltsdE_iklYpkNTA,15,0.4642102,0.15521760284900665
UC-N7pA0rR1PrUBOfs2OA0oA,UC-mpreu42R7mLtyOlPKelxQ,19,0.66443384,0.178655743598938
UC-N7pA0rR1PrUBOfs2OA0oA,UC-nMK37fDDgPTbENzjx31XQ,23,0.74660826,0.14695683121681213
UC-N7pA0rR1PrUBOfs2OA0oA,UC-noa6HH6h4YnjhAAJwUNkg,27,0.82946527,0.13420142233371735
UC-N7pA0rR1PrUBOfs2OA0oA,UC-pkVT7PmmhoBUYfqz7JN9Q,24,0.79471284,0.15938760340213776
UC-N7pA0rR1PrUBOfs2OA0oA,UC-qgCHahOqPsyi_HNnFfqPg,23,0.7170081,0.14601895213127136
UC-N7pA0rR1PrUBOfs2OA0oA,UC-rTBOFUf2IBumga8RzLdWA,15,0.46119195,0.14690856635570526
UC-N7pA0rR1PrUBOfs2OA0oA,UC-wYwXKRpb8QZxo3i9uyRXA,21,0.6854248,0.20029114186763763
UC-N7pA0rR1PrUBOfs2OA0oA,UC-xs_TO6k_0TZ91OsBv0d-g,23,0.7362832,0.14700917899608612
UC-N7pA0rR1PrUBOfs2OA0oA,UC-xxfDccYd4Kdp2XuiJs6Jw,8,0.26195243,0.1464274823665619
UC-N7pA0rR1PrUBOfs2OA0oA,UC008cuJ34I24TmRiIbPpMKg,7,0.23849092,0.12645773589611053
UC-N7pA0rR1PrUBOfs2OA0oA,UC00lzukQcBYz0gMCvlmM5_g,11,0.38694522,0.16113823652267456
UC-N7pA0rR1PrUBOfs2OA0oA,UC01Ng5lwle6eRSl3rUrbBXg,11,0.38119376,0.1385682225227356
UC-N7pA0rR1PrUBOfs2OA0oA,UC01iOPW5JvjdpoCfaY8SbTw,16,0.4894471,0.13680678606033325
UC-N7pA0rR1PrUBOfs2OA0oA,UC04oPzeoQiTne13IunjNT2g,21,0.6971495,0.15985868871212006
UC-N7pA0rR1PrUBOfs2OA0oA,UC04upX3blwqu1rJK-rLFYHQ,9,0.30130488,0.1421053558588028
UC-N7pA0rR1PrUBOfs2OA0oA,UC059SA_tX-AptG0JdMgDG3g,21,0.6872978,0.12233837693929672
UC-N7pA0rR1PrUBOfs2OA0oA,UC0AanNmw5A6nchQca8IbKMg,14,0.4745804,0.13639338314533234
UC-N7pA0rR1PrUBOfs2OA0oA,UC0AuyBe0-TDTqSWY27nhYBw,14,0.4678328,0.1427186131477356
UC-N7pA0rR1PrUBOfs2OA0oA,UC0D596LYDZO95xGiNAGYs2g,18,0.57928115,0.13927359879016876
UC-N7pA0rR1PrUBOfs2OA0oA,UC0FFHRF1mytLDhs6nxqGIQg,57,1.8106302,0.21859902143478394
UC-N7pA0rR1PrUBOfs2OA0oA,UC0FkyfBoJXIIuQeZ9iurwNQ,33,1.0510794,0.17943669855594635
UC-N7pA0rR1PrUBOfs2OA0oA,UC0GSA71KjRnFvj2GCUYLIIg,13,0.38821208,0.14904986321926117
UC-N7pA0rR1PrUBOfs2OA0oA,UC0K-L3dioNK9vi11wR_nCBQ,14,0.4857284,0.1412305235862732
UC-N7pA0rR1PrUBOfs2OA0oA,UC0LUZomFWMyUA9JywQb-GvA,20,0.63059485,0.17260493338108063
UC-N7pA0rR1PrUBOfs2OA0oA,UC0NW9j5c23P23RIfxL1DRsA,21,0.7233812,0.1491294652223587
UC-N7pA0rR1PrUBOfs2OA0oA,UC0PotgTwYxbOZuM9FbWKdcg,150,5.045664,0.31565171480178833
UC-N7pA0rR1PrUBOfs2OA0oA,UC0QaxWvI7NNWcFTHDVypr1Q,23,0.73370504,0.21450306475162506
UC-N7pA0rR1PrUBOfs2OA0oA,UC0T9mx1-Nqd01vPFmpk7amA,29,1.0091692,0.1720435917377472
UC-N7pA0rR1PrUBOfs2OA0oA,UC0TNiclinjGoFh1MyFi0N5g,24,0.7565093,0.21625259518623352
UC-N7pA0rR1PrUBOfs2OA0oA,UC0U3SshJ2N0T8Lewn8Kwx1g,8,0.25351077,0.1363559365272522
UC-N7pA0rR1PrUBOfs2OA0oA,UC0U408SFijimaTqkgvNYmMw,9,0.28460497,0.14509820938110352
UC-N7pA0rR1PrUBOfs2OA0oA,UC0Wv49l3qlIdFX69FKD3y1g,18,0.58951443,0.19025680422782898
UC-N7pA0rR1PrUBOfs2OA0oA,UC0aToF412eWBjYJ6pPzUuZQ,43,1.3774014,0.21193331480026245
UC-N7pA0rR1PrUBOfs2OA0oA,UC0eN2lZzUS1mbNOugWsisvw,8,0.2653997,0.12561102211475372
UC-N7pA0rR1PrUBOfs2OA0oA,UC0gpekdxUu5gN5SPGd9Nrdg,21,0.69457483,0.18323348462581635
UC-N7pA0rR1PrUBOfs2OA0oA,UC0jNEDGSBcLnfQ8PDhkuYtA,9,0.3310142,0.12439752370119095
UC-N7pA0rR1PrUBOfs2OA0oA,UC0ksmumBTu2gltpZpwksbcA,23,0.74042964,0.16334021091461182
UC-N7pA0rR1PrUBOfs2OA0oA,UC0rvsDnTlvualb1EkgbxBzQ,20,0.634963,0.12262866646051407
UC-N7pA0rR1PrUBOfs2OA0oA,UC0tFvjxtskreGS7ZfneQlaQ,5,0.2249008,0.12537921965122223
UC-N7pA0rR1PrUBOfs2OA0oA,UC0w34ML2u_eWfWv6ZflIXxA,19,0.6297948,0.14509202539920807
UC-N7pA0rR1PrUBOfs2OA0oA,UC0yQ2h4gQXmVUFWZSqlMVOA,36,1.2060872,0.16534268856048584
UC-N7pA0rR1PrUBOfs2OA0oA,UC16NNFKodOsrgi0Nla5XPKg,26,0.88061374,0.1813734918832779
UC-N7pA0rR1PrUBOfs2OA0oA,UC17qqZ8hk0HkHLm3zj5bnyQ,29,0.9857491,0.2507363557815552
UC-N7pA0rR1PrUBOfs2OA0oA,UC1AtOYBE-rrvc2NytR1q_5A,10,0.31601137,0.1258554458618164
UC-N7pA0rR1PrUBOfs2OA0oA,UC1FQWQ3y3-e8l1pCtWhJt5A,23,0.80956215,0.16251809895038605
UC-N7pA0rR1PrUBOfs2OA0oA,UC1Lp8HbCqOPBMT1W_mjb21A,24,0.8427287,0.16593407094478607
UC-N7pA0rR1PrUBOfs2OA0oA,UC1WkFVOCTPdY782AJ1PZ-JQ,52,1.6925778,0.18028010427951813
UC-N7pA0rR1PrUBOfs2OA0oA,UC1YCT9S8BFkXMYfOn6x0sgg,19,0.61209804,0.12545517086982727
UC-N7pA0rR1PrUBOfs2OA0oA,UC1ahId_-0jdVG0zrgbEIAzQ,15,0.53878033,0.17144829034805298
UC-N7pA0rR1PrUBOfs2OA0oA,UC1bmnUH1ffc63zohkPvtXcQ,38,1.2489187,0.15485340356826782
UC-N7pA0rR1PrUBOfs2OA0oA,UC1bt4jsQi5JDW9tR-qaI4lg,15,0.50061995,0.12695558369159698
UC-N7pA0rR1PrUBOfs2OA0oA,UC1oPBUWifc0QOOY8DEKhLuQ,23,0.85088146,0.15181702375411987
UC-N7pA0rR1PrUBOfs2OA0oA,UC1pSncDXYrP1c6VWDGIGcNg,27,0.87901187,0.21698789298534393
UC-N7pA0rR1PrUBOfs2OA0oA,UC1qf8_Vt6zIW2XP0j_FLtqA,11,0.3535915,0.12964051961898804
UC-N7pA0rR1PrUBOfs2OA0oA,UC1st2Mo2UrKD8YjmyU02NTQ,13,0.4635128,0.12112285941839218
UC-N7pA0rR1PrUBOfs2OA0oA,UC1uHbAbleaXjfegbmFV9TVQ,40,1.2868687,0.24276432394981384
UC-N7pA0rR1PrUBOfs2OA0oA,UC1xUVJIbbM-PV5W0Cci6zuA,17,0.52272177,0.1561644822359085
UC-N7pA0rR1PrUBOfs2OA0oA,UC1z_KW_4kppjwbRwpPdVnRg,29,0.93539035,0.2228955626487732
UC-N7pA0rR1PrUBOfs2OA0oA,UC25Ah0_XF2lOUwWV9VSfl2g,11,0.39041686,0.1203068271279335
UC-N7pA0rR1PrUBOfs2OA0oA,UC2A9bPIozUiYiXBbBdCF3eA,30,0.94514036,0.16351664066314697
UC-N7pA0rR1PrUBOfs2OA0oA,UC2H9JFGicoq2me411QvDX5g,21,0.6681038,0.2011917531490326
UC-N7pA0rR1PrUBOfs2OA0oA,UC2LJKazqzQ-4ZFWPZFPLDSQ,23,0.7021695,0.18656504154205322
UC-N7pA0rR1PrUBOfs2OA0oA,UC2NQajHz-1eJrobTub1ZnSA,35,1.1563636,0.17397059500217438
UC-N7pA0rR1PrUBOfs2OA0oA,UC2QBYE7QabwH_7krAAp2T-g,26,0.8867877,0.19027656316757202
UC-N7pA0rR1PrUBOfs2OA0oA,UC2WEap0mCxONZLulKVIW1TA,12,0.44435462,0.12069953978061676
UC-N7pA0rR1PrUBOfs2OA0oA,UC2l_FQ800uKs7TMYjay2Tsw,13,0.42790973,0.1345842182636261
UC-N7pA0rR1PrUBOfs2OA0oA,UC2tT2TQ8TDjX6ZVd12N_n5w,10,0.3512049,0.12249438464641571
UC-N7pA0rR1PrUBOfs2OA0oA,UC2vi2elY5r_NiMMar423Xwg,33,0.9985697,0.1584702432155609
UC-N7pA0rR1PrUBOfs2OA0oA,UC3GWUs1RZC2mHITfsGZLr8g,10,0.3558373,0.12625961005687714
UC-N7pA0rR1PrUBOfs2OA0oA,UC3GpbpDEr8mp3ZZ8DDO65fg,21,0.6828699,0.1423254907131195
UC-N7pA0rR1PrUBOfs2OA0oA,UC3dh_fQslVReCLOmMsS4pJw,12,0.37631634,0.15348704159259796
UC-N7pA0rR1PrUBOfs2OA0oA,UC3h7LLJp2w7iWeXVlLim6Dw,23,0.7059411,0.18705885112285614
UC-N7pA0rR1PrUBOfs2OA0oA,UC44JZ2KhRfdPMd-jTEtR4mA,9,0.30200386,0.13295376300811768
UC-N7pA0rR1PrUBOfs2OA0oA,UC4G9FaiM7C4us3WL4jQdQ5A,22,0.7250337,0.14908206462860107
UC-N7pA0rR1PrUBOfs2OA0oA,UC4LBOkVeWybjgZcruTPR1PQ,14,0.47655055,0.14746631681919098
UC-N7pA0rR1PrUBOfs2OA0oA,UC4XJFeGFaJjkwYKuKy2h0Sw,13,0.44104594,0.12432530522346497
UC-N7pA0rR1PrUBOfs2OA0oA,UC4Zyu8fXoss8fnCraoqVprA,20,0.68074393,0.15124601125717163
UC-N7pA0rR1PrUBOfs2OA0oA,UC4arQnli3ffEuCSrSgAD_Ug,27,0.9287691,0.13632458448410034
UC-N7pA0rR1PrUBOfs2OA0oA,UC4lN5sizuJraSHqy99xTy6Q,77,2.773456,0.25335371494293213
UC-N7pA0rR1PrUBOfs2OA0oA,UC585dIe6lG9UOR-CyE24wmQ,34,1.1534567,0.18066132068634033
UC-N7pA0rR1PrUBOfs2OA0oA,UC5Qy8k_hK7eWs0pdF7rxiAA,12,0.45906332,0.15301132202148438
UC-N7pA0rR1PrUBOfs2OA0oA,UC5RSMeHeKiUSm5A87pDFdtQ,6,0.26269627,0.12064243853092194
UC-N7pA0rR1PrUBOfs2OA0oA,UC61Kj7sbdV77Xk2Q3sG_69A,12,0.48812115,0.13887417316436768
UC-N7pA0rR1PrUBOfs2OA0oA,UC67Wr_9pA4I0glIxDt_Cpyw,53,2.0176866,0.15143060684204102
UC-N7pA0rR1PrUBOfs2OA0oA,UC7D5cHlavNWxEfnKkyMQGcQ,9,0.2897615,0.12591694295406342
UC-N7pA0rR1PrUBOfs2OA0oA,UC92zkZ-jTITVHTjfEmlgTlw,7,0.26921594,0.13447734713554382
UC-N7pA0rR1PrUBOfs2OA0oA,UCA_JrEDNSX96ADP6hh_7iUA,18,0.6767394,0.1702854484319687
UC-N7pA0rR1PrUBOfs2OA0oA,UCDvZpvrjCMfNDMasZEmkFuQ,24,1.0114892,0.16718074679374695
UC-OQ5bos-1a70cZvYKUoxPg,UC0BXb9Gz8Rxh0TJ6n4ayORw,3,0.0997148,0.5315952897071838
UC-OV5Egso9fMqc1YuAxGkHw,UC-VuNhvBm3bnOpzsYk-o4mA,4,0.11380616,0.3398876488208771
UC-OV5Egso9fMqc1YuAxGkHw,UC-WdpyFOCjNhF9Qp0A_K9sg,3,0.086370625,0.12830209732055664
UC-OV5Egso9fMqc1YuAxGkHw,UC-eQC7XwFpCy-2fFtw-NtIg,4,0.11522868,0.12844346463680267
UC-OV5Egso9fMqc1YuAxGkHw,UC-rTBOFUf2IBumga8RzLdWA,3,0.098463595,0.15487822890281677
UC-OV5Egso9fMqc1YuAxGkHw,UC02JeoV59i0yhDj009s73GQ,4,0.11217488,0.19600094854831696
UC-OV5Egso9fMqc1YuAxGkHw,UC0MfjLaktBisOTKO9Xgj0ng,3,0.09290384,0.1695435792207718
UC-OV5Egso9fMqc1YuAxGkHw,UC0aToF412eWBjYJ6pPzUuZQ,5,0.16980758,0.1290164589881897
UC-OV5Egso9fMqc1YuAxGkHw,UC0lxqpc2hANi2hjtUXiW8Qw,3,0.0891331,0.1880289912223816
UC-OV5Egso9fMqc1YuAxGkHw,UC28hcmMG3TJv60Byo528VVg,5,0.14393742,0.1543584167957306
UC-OoCUexTg9nDSy5Nrw2QcQ,UC-noa6HH6h4YnjhAAJwUNkg,3,0.105515294,0.13998405635356903
UC-PXEscxMvf58R-60ewSE4A,UC-fF5jc4VLBIxZMiGpHSQAg,3,0.10267858,0.306599497795105
UC-PXSwUfdJzv1inNkanNIbA,UC-a9wiNTKiLIRLTyIRdNbMg,3,0.115757585,0.17356707155704498
UC-PXSwUfdJzv1inNkanNIbA,UC1nVq5-LTEdUVmr5FLfkd7A,3,0.09661882,0.19303801655769348
UC-PYFlNwRzLcGfMzT4pSl5Q,UC-ltIgkALuC9liu6rC_m7BQ,3,0.10696429,0.38071584701538086
UC-PYFlNwRzLcGfMzT4pSl5Q,UC0MwTuNA7dqMjqVaGkz0bow,3,0.11797236,0.3469662368297577
UC-PYFlNwRzLcGfMzT4pSl5Q,UC0NEFJxGzqMUVzh7b0sc1Uw,3,0.09922236,0.132613867521286
UC-PYFlNwRzLcGfMzT4pSl5Q,UC2GuoutVyegg6PUK88lLpjw,3,0.0991185,0.17186973989009857
UC-PfrH3RV-wUlYh8UBL-SOg,UC-kF1uMFhIfvw6seHqDGwkg,4,0.12508333,0.12305007874965668
UC-PwctTg1kRVzPcBQlodYcg,UC-QZSLpCPi_RlACN2Xg59lg,5,0.17509672,0.1711054891347885
UC-PwctTg1kRVzPcBQlodYcg,UC-pkVT7PmmhoBUYfqz7JN9Q,6,0.21033323,0.14832068979740143
UC-PwctTg1kRVzPcBQlodYcg,UC-rTBOFUf2IBumga8RzLdWA,4,0.12131734,0.1358744353055954
UC-PwctTg1kRVzPcBQlodYcg,UC-xs_TO6k_0TZ91OsBv0d-g,7,0.25331905,0.17783485352993011
UC-PwctTg1kRVzPcBQlodYcg,UC-xxfDccYd4Kdp2XuiJs6Jw,3,0.09196429,0.18074607849121094
UC-PwctTg1kRVzPcBQlodYcg,UC-zbEki0l8lx5HGfb31YmOg,4,0.12984617,0.12261176854372025
UC-PwctTg1kRVzPcBQlodYcg,UC00lzukQcBYz0gMCvlmM5_g,4,0.12529762,0.18346001207828522
UC-PwctTg1kRVzPcBQlodYcg,UC01kcYpT2NKrrJWkC-h90YQ,3,0.11121287,0.1589944064617157
UC-PwctTg1kRVzPcBQlodYcg,UC07a-1FKy4sJ4ZZTpp2RN5g,4,0.145668,0.14937807619571686
UC-PwctTg1kRVzPcBQlodYcg,UC0AVyhbJ1kGqVOfX-MEzrxA,3,0.101447046,0.160405233502388
UC-PwctTg1kRVzPcBQlodYcg,UC0FFHRF1mytLDhs6nxqGIQg,9,0.2976732,0.12635943293571472
UC-PwctTg1kRVzPcBQlodYcg,UC0LUZomFWMyUA9JywQb-GvA,6,0.19250941,0.18526962399482727
UC-PwctTg1kRVzPcBQlodYcg,UC0U3SshJ2N0T8Lewn8Kwx1g,3,0.10162037,0.1921798586845398
UC-PwctTg1kRVzPcBQlodYcg,UC0gpekdxUu5gN5SPGd9Nrdg,4,0.1325557,0.1229514554142952
UC-PwctTg1kRVzPcBQlodYcg,UC0hUsLLUfRY5-Q05alte43g,3,0.093287036,0.1645732820034027
UC-PwctTg1kRVzPcBQlodYcg,UC0hh25w8RfCziRWRMvUJ5lw,3,0.109848484,0.13492541015148163
UC-PwctTg1kRVzPcBQlodYcg,UC0maaIVfCFgN_nJNdagpskA,3,0.09234007,0.12361210584640503
UC-PwctTg1kRVzPcBQlodYcg,UC17qqZ8hk0HkHLm3zj5bnyQ,4,0.14692667,0.13140170276165009
UC-QCpqbnzfuxcuCqrti04UQ,UC-_JkCD8cRwUV5Z4MLAF7wg,3,0.12851733,0.25546205043792725
UC-QCpqbnzfuxcuCqrti04UQ,UC-g-w1lS2yYmOLKV6UPrR_A,3,0.09827539,0.20683079957962036
UC-QZSLpCPi_RlACN2Xg59lg,UC-gZc7yRmyb9DInZX2DxhdA,3,0.103054196,0.15435174107551575
UC-QZSLpCPi_RlACN2Xg59lg,UC-l_rrKhQtMr_elyEL9mmfQ,3,0.10007416,0.14776217937469482
UC-QZSLpCPi_RlACN2Xg59lg,UC0NEFJxGzqMUVzh7b0sc1Uw,5,0.21020174,0.1593303680419922
UC-QZSLpCPi_RlACN2Xg59lg,UC2GuoutVyegg6PUK88lLpjw,4,0.13864942,0.13634701073169708
UC-QZSLpCPi_RlACN2Xg59lg,UC4YT50DP7hbMsor8FmyEPMw,3,0.08858006,0.1329594999551773
UC-Qy4K-hv1Fpd8pouh0bC5A,UC-Sd8lPzQYa2d1aZZznpo1g,5,0.15472649,0.13174284994602203
UC-Qy4K-hv1Fpd8pouh0bC5A,UC-_2hN8eYuXfWnislPAk60Q,8,0.2548431,0.12428373843431473
UC-Qy4K-hv1Fpd8pouh0bC5A,UC-fWGfiX-T1YdqaUZvMJBHg,13,0.43916655,0.15810272097587585
UC-Qy4K-hv1Fpd8pouh0bC5A,UC-liCop3ltsdE_iklYpkNTA,8,0.24663901,0.1917419135570526
UC-Qy4K-hv1Fpd8pouh0bC5A,UC-opZ_LtdBgD0nqCo06Uxiw,5,0.15606624,0.12537169456481934
UC-Qy4K-hv1Fpd8pouh0bC5A,UC-qgCHahOqPsyi_HNnFfqPg,13,0.44038823,0.2085210680961609
UC-Qy4K-hv1Fpd8pouh0bC5A,UC00rnQH4OeToDAK93dD3fmQ,6,0.21005183,0.14468106627464294
UC-Qy4K-hv1Fpd8pouh0bC5A,UC01BeAkSUXcRX43_mPEz40g,4,0.13402861,0.12007804960012436
UC-Qy4K-hv1Fpd8pouh0bC5A,UC0BCfHbNORhd7dsw1R5rw9w,5,0.13973825,0.15195232629776
UC-Qy4K-hv1Fpd8pouh0bC5A,UC0BSwbn-6xUz_ZiRzwVj27w,6,0.17858449,0.13071328401565552
UC-Qy4K-hv1Fpd8pouh0bC5A,UC0T9mx1-Nqd01vPFmpk7amA,12,0.4566105,0.18098783493041992
UC-Qy4K-hv1Fpd8pouh0bC5A,UC0eN2lZzUS1mbNOugWsisvw,6,0.22544755,0.24808578193187714
UC-Qy4K-hv1Fpd8pouh0bC5A,UC0fSYqtJMTWXUNQ19QYWH3w,3,0.116448805,0.15612353384494781
UC-Qy4K-hv1Fpd8pouh0bC5A,UC0iYy3mXLdy1gf2lnLJp_Qg,5,0.16383821,0.17345868051052094
UC-Qy4K-hv1Fpd8pouh0bC5A,UC0qVFWNEeaYqF6L6rToqNGg,3,0.11329334,0.1864921748638153
UC-Qy4K-hv1Fpd8pouh0bC5A,UC13ZBsTf5xPJTVi8DLOrUfQ,9,0.30683142,0.2779378890991211
UC-Qy4K-hv1Fpd8pouh0bC5A,UC1FQWQ3y3-e8l1pCtWhJt5A,8,0.3075378,0.14354200661182404
UC-Qy4K-hv1Fpd8pouh0bC5A,UC1M8fu7fLfw-M1DR3Zql9rQ,3,0.12291666,0.18378499150276184
UC-Qy4K-hv1Fpd8pouh0bC5A,UC1MrUSjRKwDJuHrNBd7Cp3Q,3,0.11537667,0.18040870130062103
UC-Qy4K-hv1Fpd8pouh0bC5A,UC1ano3Qb1ORaTCWxdEQ0YTg,3,0.10021551,0.15064634382724762
UC-Qy4K-hv1Fpd8pouh0bC5A,UC1mv1_wL_UnCqXQEl_z7dUQ,5,0.16023442,0.17030474543571472
UC-Qy4K-hv1Fpd8pouh0bC5A,UC29JkLvgbpIktDZb6WYHHuw,3,0.10556119,0.21611882746219635
UC-Qy4K-hv1Fpd8pouh0bC5A,UC2C_vqkHwCWI3NsjxH1j4Gw,5,0.16419214,0.13538798689842224
UC-Qy4K-hv1Fpd8pouh0bC5A,UC2NQajHz-1eJrobTub1ZnSA,11,0.3851082,0.1347079575061798
UC-Qy4K-hv1Fpd8pouh0bC5A,UC2alHD2WkakOiTxCxF-uMAg,6,0.20854539,0.14020086824893951
UC-Qy4K-hv1Fpd8pouh0bC5A,UC2g5T9Gk5SY-Mq0hN0gmuAw,4,0.16482842,0.21572710573673248
UC-Qy4K-hv1Fpd8pouh0bC5A,UC2hnL_7ONv-fOTOdtgkrPzA,4,0.14560987,0.14147281646728516
UC-Qy4K-hv1Fpd8pouh0bC5A,UC3Zr9eDEeKsCE4NgsW1mQ_Q,7,0.26211524,0.19792477786540985
UC-Qy4K-hv1Fpd8pouh0bC5A,UC4QcbLJWP6PEQu0eZ_AYWkw,3,0.10514809,0.15573909878730774
UC-Qy4K-hv1Fpd8pouh0bC5A,UC5yrAkKY1xdgiOE6uxBkXCg,3,0.09912331,0.1707432121038437
UC-Qy4K-hv1Fpd8pouh0bC5A,UC6o-JRdRTSxt8zWwNj_RjEQ,3,0.091804355,0.12114022672176361
UC-Qy4K-hv1Fpd8pouh0bC5A,UC7D5cHlavNWxEfnKkyMQGcQ,4,0.14033887,0.14179159700870514
UC-Qy4K-hv1Fpd8pouh0bC5A,UC8GgWCXNsrKkCeN5xt30Euw,4,0.12191339,0.13669812679290771
UC-Qy4K-hv1Fpd8pouh0bC5A,UC8JJPejpW-jkj4ItGNyarTw,4,0.14359638,0.15414583683013916
UC-Qy4K-hv1Fpd8pouh0bC5A,UC9mxzGn_II91_fXV_mQ7klQ,4,0.12033333,0.12390837073326111
UC-Qy4K-hv1Fpd8pouh0bC5A,UCANN6knNbmdr4S5DTNXc6Uw,4,0.13530783,0.17889440059661865
UC-Qy4K-hv1Fpd8pouh0bC5A,UCC0JWiw4BJYR4NUDxQCf0Hg,4,0.15465686,0.13074848055839539
UC-Qy4K-hv1Fpd8pouh0bC5A,UCC4lVJaeT2H114-DJuEMloA,3,0.0939951,0.20393560826778412
UC-Qy4K-hv1Fpd8pouh0bC5A,UCJyGoLz_sLHHHI1uEPg6UhA,3,0.12058081,0.13100305199623108
UC-Qz5zpSt-Qm-B7j2LCUApg,UC-noa6HH6h4YnjhAAJwUNkg,3,0.09774437,0.12585939466953278
UC-Qz5zpSt-Qm-B7j2LCUApg,UC059SA_tX-AptG0JdMgDG3g,3,0.09651284,0.13672180473804474
UC-QzGqCGi0ny2fZC3v5s5Cw,UC-ZjhJ0IBqWKbk3ENOE32Dw,3,0.10428572,0.17707093060016632
UC-QzGqCGi0ny2fZC3v5s5Cw,UC-_JkCD8cRwUV5Z4MLAF7wg,3,0.10029762,0.13206107914447784
UC-QzGqCGi0ny2fZC3v5s5Cw,UC-xhr7EEqSks3enwRQB6SRA,3,0.10601732,0.24118007719516754
UC-QzGqCGi0ny2fZC3v5s5Cw,UC01YF5kNmfaM9lNb0Qarb1w,3,0.101904765,0.3047582805156708
UC-QzGqCGi0ny2fZC3v5s5Cw,UC01iOPW5JvjdpoCfaY8SbTw,3,0.098119125,0.1281735897064209
UC-QzGqCGi0ny2fZC3v5s5Cw,UC0rvsDnTlvualb1EkgbxBzQ,5,0.1535719,0.13861119747161865
UC-QzGqCGi0ny2fZC3v5s5Cw,UC0xYGj09xcSMEIN56dNn8GA,5,0.19132252,0.2734818458557129
UC-QzGqCGi0ny2fZC3v5s5Cw,UC17qqZ8hk0HkHLm3zj5bnyQ,3,0.10713738,0.127360537648201
UC-RJloUzsh1DQWGVh0pcrkA,UC-dL5Mh7IZKUNl9iYGFqfrw,3,0.09413187,0.13321453332901
UC-RNsA4086_NI9k3xgUEqnQ,UC-a9wiNTKiLIRLTyIRdNbMg,7,0.23747921,0.12832778692245483
UC-RNsA4086_NI9k3xgUEqnQ,UC-pkVT7PmmhoBUYfqz7JN9Q,4,0.18133591,0.12154515832662582
UC-RNsA4086_NI9k3xgUEqnQ,UC0K-L3dioNK9vi11wR_nCBQ,4,0.14704137,0.14288417994976044
UC-RNsA4086_NI9k3xgUEqnQ,UC0PotgTwYxbOZuM9FbWKdcg,16,0.80538154,0.16838407516479492
UC-RNsA4086_NI9k3xgUEqnQ,UC0T9mx1-Nqd01vPFmpk7amA,6,0.24339779,0.1386757791042328
UC-RNsA4086_NI9k3xgUEqnQ,UC0ksmumBTu2gltpZpwksbcA,5,0.17842066,0.13154186308383942
UC-RNsA4086_NI9k3xgUEqnQ,UC0w34ML2u_eWfWv6ZflIXxA,5,0.19793493,0.1523970067501068
UC-RcE1VpO2yjRk-EF8pZSQQ,UC-dL5Mh7IZKUNl9iYGFqfrw,3,0.07987712,0.1751009076833725
UC-RcE1VpO2yjRk-EF8pZSQQ,UC-liCop3ltsdE_iklYpkNTA,3,0.088325664,0.2735196352005005
UC-RcE1VpO2yjRk-EF8pZSQQ,UC01BeAkSUXcRX43_mPEz40g,4,0.11213519,0.400178998708725
UC-RmtLfG6FfOrZjtqWLDltg,UC0BSwbn-6xUz_ZiRzwVj27w,3,0.09192425,0.2858009338378906
UC-SEmxk-bEGxHFMm78NCLNw,UC-Zrs1kNTReEUfKWnDO_X4g,3,0.09876848,0.16899414360523224
UC-SEmxk-bEGxHFMm78NCLNw,UC-g-w1lS2yYmOLKV6UPrR_A,3,0.096035786,0.148040771484375
UC-SEmxk-bEGxHFMm78NCLNw,UC-ggcrnvqCQls7Us_7vnrCg,3,0.095779225,0.24656863510608673
UC-SEmxk-bEGxHFMm78NCLNw,UC-kF1uMFhIfvw6seHqDGwkg,4,0.1702803,0.12044423073530197
UC-SEmxk-bEGxHFMm78NCLNw,UC09D3M_DdLaZMJnZp0v4pLQ,3,0.10267858,0.14756208658218384
UC-SXNknOFmXNfHx8ZsB6y3Q,UC-dL5Mh7IZKUNl9iYGFqfrw,4,0.118312865,0.16217279434204102
UC-SXNknOFmXNfHx8ZsB6y3Q,UC0Wv49l3qlIdFX69FKD3y1g,3,0.09161036,0.17121654748916626
UC-SXNknOFmXNfHx8ZsB6y3Q,UC1YCT9S8BFkXMYfOn6x0sgg,3,0.10252561,0.12169013172388077
UC-SY17VDvc_HgoZlTKVsL1Q,UC0FFHRF1mytLDhs6nxqGIQg,3,0.093811095,0.12925106287002563
UC-Sd8lPzQYa2d1aZZznpo1g,UC-liCop3ltsdE_iklYpkNTA,4,0.14024125,0.20980343222618103
UC-Sd8lPzQYa2d1aZZznpo1g,UC0NW9j5c23P23RIfxL1DRsA,4,0.15003584,0.13838906586170197
UC-Sd8lPzQYa2d1aZZznpo1g,UC0eN2lZzUS1mbNOugWsisvw,3,0.11389452,0.2411796599626541
UC-Sd8lPzQYa2d1aZZznpo1g,UC0iYy3mXLdy1gf2lnLJp_Qg,3,0.124482766,0.25361302495002747
UC-ShOLmYCqoYBW4PiCDe5Xg,UC0YdreHTXA1FXHNb6psd2CQ,3,0.09870687,0.18201680481433868
UC-ShOLmYCqoYBW4PiCDe5Xg,UC2JJiHkY6PHLm3b4PVUOZmw,3,0.09675184,0.27426066994667053
UC-SlVdCnyGUo_UrlZxmKGgg,UC-wDoENlmgTNK356btBWpkw,3,0.09110158,0.3113749623298645
UC-SlVdCnyGUo_UrlZxmKGgg,UC0FFHRF1mytLDhs6nxqGIQg,5,0.15456311,0.12054931372404099
UC-SlVdCnyGUo_UrlZxmKGgg,UC0yQ2h4gQXmVUFWZSqlMVOA,4,0.14348103,0.12706947326660156
UC-SlVdCnyGUo_UrlZxmKGgg,UC2L2dBbBWuexPgOE4IdGu2g,3,0.10324733,0.12774568796157837
UC-Tb3IQgPdvmcQTXPqsTPvA,UC1EVRR14B8PtgszWOwu1opA,3,0.0960114,0.27170392870903015
UC-TvHSpf__bdfEp5oWOdkpA,UC0TNiclinjGoFh1MyFi0N5g,4,0.12762606,0.24359385669231415
UC-TvHSpf__bdfEp5oWOdkpA,UC16NNFKodOsrgi0Nla5XPKg,3,0.09374999,0.12892571091651917
UC-TvHSpf__bdfEp5oWOdkpA,UC1z_KW_4kppjwbRwpPdVnRg,3,0.09637606,0.15334077179431915
UC-U63hTXJs54YNIOECNN33Q,UC-km1012mEUQQLGxggmrazw,3,0.09726732,0.13641095161437988
UC-U71b403ypwVxAvYeBaR4Q,UC-kF1uMFhIfvw6seHqDGwkg,5,0.2165319,0.14546576142311096
UC-U71b403ypwVxAvYeBaR4Q,UC6SEj6I-vKEL9tL5aAHHyZg,3,0.10723408,0.19125773012638092
UC-V5up_YoHqFArkXE9ixJvQ,UC28hcmMG3TJv60Byo528VVg,3,0.11125603,0.12650281190872192
UC-VuNhvBm3bnOpzsYk-o4mA,UC-eQC7XwFpCy-2fFtw-NtIg,4,0.12843055,0.2142239212989807
UC-VuNhvBm3bnOpzsYk-o4mA,UC-ggcrnvqCQls7Us_7vnrCg,4,0.13376322,0.49237892031669617
UC-VuNhvBm3bnOpzsYk-o4mA,UC-kF1uMFhIfvw6seHqDGwkg,4,0.121246636,0.12262740731239319
UC-VuNhvBm3bnOpzsYk-o4mA,UC-xs_TO6k_0TZ91OsBv0d-g,4,0.11858514,0.17495538294315338
UC-VuNhvBm3bnOpzsYk-o4mA,UC0LUZomFWMyUA9JywQb-GvA,3,0.08898857,0.17998425662517548
UC-VuNhvBm3bnOpzsYk-o4mA,UC0ksmumBTu2gltpZpwksbcA,3,0.09477561,0.15449106693267822
UC-VxXyLMfviUYS5DA7zOBBw,UC0BCfHbNORhd7dsw1R5rw9w,3,0.121550806,0.3472813367843628
UC-VxXyLMfviUYS5DA7zOBBw,UC0NEFJxGzqMUVzh7b0sc1Uw,3,0.11019705,0.150272399187088
UC-WLHEdLbQs3xRGXH5XqOcg,UC0NW9j5c23P23RIfxL1DRsA,3,0.10319306,0.23147818446159363
UC-WX1CXssCtCtc2TNIRnJzg,UC-hM6YJuNYVAmUWxeIr9FeA,3,0.118338645,0.3300569951534271
UC-WdpyFOCjNhF9Qp0A_K9sg,UC-_rEHyejSo0gDagSzA6D1w,4,0.12884082,0.15816304087638855
UC-WdpyFOCjNhF9Qp0A_K9sg,UC-fWGfiX-T1YdqaUZvMJBHg,8,0.25440273,0.1447765976190567
UC-WdpyFOCjNhF9Qp0A_K9sg,UC-wYwXKRpb8QZxo3i9uyRXA,8,0.26507196,0.28468284010887146
UC-WdpyFOCjNhF9Qp0A_K9sg,UC0-Cp_cg9_Orij5XDoNyJ-g,3,0.093811095,0.12457358837127686
UC-WdpyFOCjNhF9Qp0A_K9sg,UC00lzukQcBYz0gMCvlmM5_g,3,0.10062112,0.15400466322898865
UC-WdpyFOCjNhF9Qp0A_K9sg,UC0D596LYDZO95xGiNAGYs2g,6,0.19705985,0.17412982881069183
UC-WdpyFOCjNhF9Qp0A_K9sg,UC0GSA71KjRnFvj2GCUYLIIg,3,0.09583333,0.13523051142692566
UC-WdpyFOCjNhF9Qp0A_K9sg,UC0K6AgNQ19dBjzOZkY-ySyQ,3,0.09738413,0.18219567835330963
UC-WdpyFOCjNhF9Qp0A_K9sg,UC0SG0ourp3Qrt_7bqgxdCeg,3,0.09444444,0.17034955322742462
UC-WdpyFOCjNhF9Qp0A_K9sg,UC0ZCCCa89PaXRn-7gFE7ksw,3,0.11537667,0.1664617657661438
UC-WdpyFOCjNhF9Qp0A_K9sg,UC0xYGj09xcSMEIN56dNn8GA,3,0.10898078,0.12250814586877823
UC-WdpyFOCjNhF9Qp0A_K9sg,UC17qqZ8hk0HkHLm3zj5bnyQ,7,0.25168142,0.23528683185577393
UC-WdpyFOCjNhF9Qp0A_K9sg,UC1_4Dgxm7gwcs7TPXPjcNwg,3,0.090964794,0.14153465628623962
UC-WdpyFOCjNhF9Qp0A_K9sg,UC28hcmMG3TJv60Byo528VVg,3,0.15246212,0.12169277667999268
UC-WdpyFOCjNhF9Qp0A_K9sg,UC3-ReVazV9vfnKVeNl9mrfA,3,0.14978355,0.17815035581588745
UC-X-2ka2RqLtBYhY2FQowug,UC0v-pxTo1XamIDE-f__Ad0Q,3,0.10768399,0.2335469275712967
UC-XB-i3kEn7ykApGZ-GTtCg,UC-kF1uMFhIfvw6seHqDGwkg,3,0.112049684,0.14059269428253174
UC-XB-i3kEn7ykApGZ-GTtCg,UC-km1012mEUQQLGxggmrazw,3,0.101904765,0.22122544050216675
UC-XcLyfIh3bfc6GikZAcWjw,UC-_JkCD8cRwUV5Z4MLAF7wg,3,0.10797237,0.1753745675086975
UC-XcLyfIh3bfc6GikZAcWjw,UC-kF1uMFhIfvw6seHqDGwkg,7,0.22164653,0.17490169405937195
UC-XcLyfIh3bfc6GikZAcWjw,UC0LUZomFWMyUA9JywQb-GvA,4,0.13151139,0.20752903819084167
UC-XcLyfIh3bfc6GikZAcWjw,UC0rvsDnTlvualb1EkgbxBzQ,4,0.13397543,0.14916999638080597
UC-YMyraUiYnA1c8IMy-JjGA,UC-kwiDn_sPRckNtYLs-B8Tw,3,0.09811066,0.22574757039546967
UC-YcwKIBD0kvwaICQXXlwCg,UC-_2hN8eYuXfWnislPAk60Q,3,0.14416282,0.19325019419193268
UC-Yt1IpLEnzGRYz9uxRAOZQ,UC-_rEHyejSo0gDagSzA6D1w,4,0.13051856,0.19664235413074493
UC-Yt1IpLEnzGRYz9uxRAOZQ,UC-dL5Mh7IZKUNl9iYGFqfrw,4,0.13146551,0.14036256074905396
UC-Yt1IpLEnzGRYz9uxRAOZQ,UC-kyyUVuJUtxi9L59_tWttg,7,0.21443288,0.20241181552410126
UC-Yt1IpLEnzGRYz9uxRAOZQ,UC-wYwXKRpb8QZxo3i9uyRXA,4,0.1228666,0.16195137798786163
UC-Yt1IpLEnzGRYz9uxRAOZQ,UC01iOPW5JvjdpoCfaY8SbTw,5,0.15637982,0.19716575741767883
UC-Yt1IpLEnzGRYz9uxRAOZQ,UC0QaxWvI7NNWcFTHDVypr1Q,6,0.18299039,0.24131767451763153
UC-Yt1IpLEnzGRYz9uxRAOZQ,UC0TNiclinjGoFh1MyFi0N5g,4,0.11290157,0.1455780416727066
UC-Yt1IpLEnzGRYz9uxRAOZQ,UC0_wz6vGB92wS9hcqhhNvMA,3,0.093287036,0.2343069463968277
UC-Yt1IpLEnzGRYz9uxRAOZQ,UC0gpekdxUu5gN5SPGd9Nrdg,3,0.14046101,0.16714386641979218
UC-Yt1IpLEnzGRYz9uxRAOZQ,UC1z_KW_4kppjwbRwpPdVnRg,4,0.11469963,0.12328759580850601
UC-Yt1IpLEnzGRYz9uxRAOZQ,UC2H9JFGicoq2me411QvDX5g,6,0.21632184,0.2938430607318878
UC-Yt1IpLEnzGRYz9uxRAOZQ,UC2vQ-7IQJ75obTuTfDrpCyA,3,0.11203703,0.15281328558921814
UC-Yt1IpLEnzGRYz9uxRAOZQ,UC4LBOkVeWybjgZcruTPR1PQ,3,0.10131578,0.1414196789264679
UC-YuscBTW_-8VJkxPT-xSDQ,UC-zbEki0l8lx5HGfb31YmOg,3,0.10467981,0.15811678767204285
UC-YuscBTW_-8VJkxPT-xSDQ,UC01iOPW5JvjdpoCfaY8SbTw,3,0.094688654,0.1488543003797531
UC-YuscBTW_-8VJkxPT-xSDQ,UC0LfDpgSw82vYg_mL-OQR6Q,3,0.10894662,0.12025662511587143
UC-YuscBTW_-8VJkxPT-xSDQ,UC3Q2mEFdbGF8GyVIQCRVXng,3,0.1156516,0.33643072843551636
UC-Yzr0tB7U6uJSM1YbQ2GKw,UC-_JkCD8cRwUV5Z4MLAF7wg,3,0.102747254,0.2719164490699768
UC-Z1TD10QN9CBtcyVYBkjSA,UC-kF1uMFhIfvw6seHqDGwkg,5,0.16753128,0.1405177265405655
UC-Z1TD10QN9CBtcyVYBkjSA,UC-km1012mEUQQLGxggmrazw,3,0.09280303,0.13467462360858917
UC-Z2HcbsFomjgITlRFgThpA,UC-noa6HH6h4YnjhAAJwUNkg,3,0.10696429,0.14626900851726532
UC-ZVcMhlFj1DRRbIGLgT2IQ,UC-c-_R1XjcAMsu0JJ9RpnUg,3,0.09453783,0.2351386398077011
UC-ZjhJ0IBqWKbk3ENOE32Dw,UC0om5rcyyqFfTKLSI34uCdw,3,0.09761905,0.1405128538608551
UC-ZjhJ0IBqWKbk3ENOE32Dw,UC43ekYDmSbZglc2ndwDNtAQ,3,0.10267858,0.18010330200195312
UC-ZjhJ0IBqWKbk3ENOE32Dw,UC4dQUfQeA-Jy2T_C-Jdf5rw,3,0.12251985,0.2197670340538025
UC-Zrs1kNTReEUfKWnDO_X4g,UC0gex8DAn_KPhHk8ywpEBIw,4,0.14575014,0.1572647988796234
UC-Zrs1kNTReEUfKWnDO_X4g,UC1MF4QvvvNIpogR6eCcUHcA,3,0.108946614,0.2530022859573364
UC-Zrs1kNTReEUfKWnDO_X4g,UC1sCj2fgOEphRa5H0ZaEjeg,5,0.22330649,0.34788429737091064
UC-Zrs1kNTReEUfKWnDO_X4g,UC2-biDVK0E3d_Rp6rYoh4cQ,3,0.11674082,0.13274921476840973
UC-Zrs1kNTReEUfKWnDO_X4g,UC2PFHY0nOOVyErB_s1P2iQA,6,0.2114829,0.18644866347312927
UC-Zrs1kNTReEUfKWnDO_X4g,UC2ak0cfMQ4zP3w_Fo-Zj-TA,3,0.10902777,0.15855328738689423
UC-Zrs1kNTReEUfKWnDO_X4g,UC7F_CLFtxDetmUnORgmwImg,3,0.16327064,0.13546931743621826
UC-_2hN8eYuXfWnislPAk60Q,UC-c-_R1XjcAMsu0JJ9RpnUg,3,0.13209033,0.12820450961589813
UC-_2hN8eYuXfWnislPAk60Q,UC-i36SWiUZRxW9S0ROCoseQ,3,0.16406015,0.2203208953142166
UC-_2hN8eYuXfWnislPAk60Q,UC-ivsDwgEwvzjJTRK_jGRqg,6,0.18369702,0.14932285249233246
UC-_2hN8eYuXfWnislPAk60Q,UC-km1012mEUQQLGxggmrazw,8,0.35392135,0.2147856056690216
UC-_2hN8eYuXfWnislPAk60Q,UC-kyyUVuJUtxi9L59_tWttg,9,0.26136595,0.14016327261924744
UC-_2hN8eYuXfWnislPAk60Q,UC-mpreu42R7mLtyOlPKelxQ,7,0.2795511,0.192626491189003
UC-_2hN8eYuXfWnislPAk60Q,UC-pkVT7PmmhoBUYfqz7JN9Q,8,0.23951325,0.12310153245925903
UC-_2hN8eYuXfWnislPAk60Q,UC-wYwXKRpb8QZxo3i9uyRXA,6,0.18915902,0.14165066182613373
UC-_2hN8eYuXfWnislPAk60Q,UC-xNVaHIcx28c8MaJdDsxBw,4,0.12064419,0.14583678543567657
UC-_2hN8eYuXfWnislPAk60Q,UC0-rgUz06yQA3n_7w5g-Znw,3,0.12175086,0.18778958916664124
UC-_2hN8eYuXfWnislPAk60Q,UC01eIu3mRgE8aMtq_WrazGQ,6,0.185759,0.20423051714897156
UC-_2hN8eYuXfWnislPAk60Q,UC06CP-SLBozJOxV1menSP9g,3,0.09054336,0.2206120789051056
UC-_2hN8eYuXfWnislPAk60Q,UC0PotgTwYxbOZuM9FbWKdcg,27,0.8445113,0.13538946211338043
UC-_2hN8eYuXfWnislPAk60Q,UC0TNiclinjGoFh1MyFi0N5g,7,0.22270636,0.1631433218717575
UC-_2hN8eYuXfWnislPAk60Q,UC0w34ML2u_eWfWv6ZflIXxA,8,0.2656419,0.1568305492401123
UC-_2hN8eYuXfWnislPAk60Q,UC14OtQ0hkT3BReOs6C1RKDA,5,0.16298562,0.2051812708377838
UC-_2hN8eYuXfWnislPAk60Q,UC1FB7SPHoJOIfRrrqHbrhEQ,4,0.13578169,0.15312492847442627
UC-_2hN8eYuXfWnislPAk60Q,UC1LF4Ti3XIB8yaL5_DP_azQ,4,0.14649464,0.14066623151302338
UC-_2hN8eYuXfWnislPAk60Q,UC1ahId_-0jdVG0zrgbEIAzQ,5,0.16953783,0.13825398683547974
UC-_2hN8eYuXfWnislPAk60Q,UC2H-PmX9pw7_AxSZ25RFGTw,3,0.09738413,0.13925838470458984
UC-_2hN8eYuXfWnislPAk60Q,UC2H9JFGicoq2me411QvDX5g,5,0.16066177,0.12398478388786316
UC-_2hN8eYuXfWnislPAk60Q,UC2l_FQ800uKs7TMYjay2Tsw,5,0.1785189,0.14388509094715118
UC-_2hN8eYuXfWnislPAk60Q,UC4G9FaiM7C4us3WL4jQdQ5A,8,0.25237486,0.13298507034778595
UC-_JkCD8cRwUV5Z4MLAF7wg,UC-dKGXS3u0a_j4e_5epWARg,8,0.264061,0.36340662837028503
UC-_JkCD8cRwUV5Z4MLAF7wg,UC-g4Pydd3d7pqvzhC8pIZZg,3,0.11071429,0.16333021223545074
UC-_JkCD8cRwUV5Z4MLAF7wg,UC-gVzqx-OqiA7YMx4yRkY8g,3,0.14162561,0.19578754901885986
UC-_JkCD8cRwUV5Z4MLAF7wg,UC-i36SWiUZRxW9S0ROCoseQ,4,0.17417367,0.3141694664955139
UC-_JkCD8cRwUV5Z4MLAF7wg,UC-kF1uMFhIfvw6seHqDGwkg,9,0.3079437,0.14508086442947388
UC-_JkCD8cRwUV5Z4MLAF7wg,UC-mpreu42R7mLtyOlPKelxQ,4,0.1760119,0.16290172934532166
UC-_JkCD8cRwUV5Z4MLAF7wg,UC-noa6HH6h4YnjhAAJwUNkg,7,0.24711421,0.13761796057224274
UC-_JkCD8cRwUV5Z4MLAF7wg,UC-qgCHahOqPsyi_HNnFfqPg,5,0.17245664,0.12088809907436371
UC-_JkCD8cRwUV5Z4MLAF7wg,UC-tmV1TLQeBMq05L8Vf_tTA,5,0.15487896,0.14630095660686493
UC-_JkCD8cRwUV5Z4MLAF7wg,UC04aC2u75V9tL5vLvCjDbQA,3,0.10725806,0.24707181751728058
UC-_JkCD8cRwUV5Z4MLAF7wg,UC0B4rD2QKkIbHjuMub4jXhw,4,0.1305612,0.19889436662197113
UC-_JkCD8cRwUV5Z4MLAF7wg,UC0CINECrZrCgFLTwpT1mF4A,3,0.10512606,0.27930063009262085
UC-_JkCD8cRwUV5Z4MLAF7wg,UC0rvsDnTlvualb1EkgbxBzQ,9,0.28411216,0.18886515498161316
UC-_JkCD8cRwUV5Z4MLAF7wg,UC1LF4Ti3XIB8yaL5_DP_azQ,3,0.09315476,0.12014397233724594
UC-_JkCD8cRwUV5Z4MLAF7wg,UC1yMehQx8NdlIFJlPzptRYg,3,0.09416282,0.12084607779979706
UC-_JkCD8cRwUV5Z4MLAF7wg,UC3i7EDSiTalpUh81RUNuxFQ,3,0.09876848,0.17375719547271729
UC-_KlEHbeOq0qDeEZYPzz2A,UC0OBn-tWZT1lAASt9mwM4yg,4,0.14700758,0.6799846887588501
UC-_fIaQi9ImX_JW5-thf60A,UC-km1012mEUQQLGxggmrazw,4,0.1514328,0.23288850486278534
UC-_hIMdokLU_n0_pxkWaVKg,UC-bCNOEwD-Rc1uO0s_JZ2vg,3,0.23463902,0.7747408151626587
UC-_rEHyejSo0gDagSzA6D1w,UC-dL5Mh7IZKUNl9iYGFqfrw,8,0.24226664,0.23400083184242249
UC-_rEHyejSo0gDagSzA6D1w,UC-fWGfiX-T1YdqaUZvMJBHg,7,0.21120384,0.13344921171665192
UC-_rEHyejSo0gDagSzA6D1w,UC-km1012mEUQQLGxggmrazw,4,0.12470712,0.12051280587911606
UC-_rEHyejSo0gDagSzA6D1w,UC-kyyUVuJUtxi9L59_tWttg,8,0.25117585,0.21448980271816254
UC-_rEHyejSo0gDagSzA6D1w,UC-l_rrKhQtMr_elyEL9mmfQ,3,0.09277505,0.16462357342243195
UC-_rEHyejSo0gDagSzA6D1w,UC-oB1viuwdIH8dkss87KSYw,5,0.15615958,0.14179642498493195
UC-_rEHyejSo0gDagSzA6D1w,UC-wYwXKRpb8QZxo3i9uyRXA,7,0.2091227,0.2493654489517212
UC-_rEHyejSo0gDagSzA6D1w,UC00lzukQcBYz0gMCvlmM5_g,3,0.09292881,0.15791836380958557
UC-_rEHyejSo0gDagSzA6D1w,UC01BeAkSUXcRX43_mPEz40g,3,0.08208655,0.12907502055168152
UC-_rEHyejSo0gDagSzA6D1w,UC0AanNmw5A6nchQca8IbKMg,6,0.19848841,0.23278328776359558
UC-_rEHyejSo0gDagSzA6D1w,UC0GSA71KjRnFvj2GCUYLIIg,3,0.087194055,0.1366100162267685
UC-_rEHyejSo0gDagSzA6D1w,UC1bt4jsQi5JDW9tR-qaI4lg,4,0.14159738,0.1465318500995636
UC-_rEHyejSo0gDagSzA6D1w,UC1z_KW_4kppjwbRwpPdVnRg,4,0.1272858,0.12377175688743591
UC-_rEHyejSo0gDagSzA6D1w,UC2H9JFGicoq2me411QvDX5g,4,0.12286036,0.15097711980342865
UC-_rEHyejSo0gDagSzA6D1w,UC3bc4PNLgnBudG19N74Jjzw,5,0.17075098,0.15559491515159607
UC-_rEHyejSo0gDagSzA6D1w,UC3h7LLJp2w7iWeXVlLim6Dw,4,0.12096642,0.1308000087738037
UC-a9wiNTKiLIRLTyIRdNbMg,UC-fWGfiX-T1YdqaUZvMJBHg,12,0.40929145,0.12519197165966034
UC-a9wiNTKiLIRLTyIRdNbMg,UC-noa6HH6h4YnjhAAJwUNkg,12,0.42951164,0.13727663457393646
UC-a9wiNTKiLIRLTyIRdNbMg,UC-omR0003AKfL95jECR_cAQ,3,0.09141414,0.1708759218454361
UC-a9wiNTKiLIRLTyIRdNbMg,UC059SA_tX-AptG0JdMgDG3g,10,0.34453267,0.12114651501178741
UC-a9wiNTKiLIRLTyIRdNbMg,UC09d82usokACH1z5YeKnfiA,4,0.14652312,0.16028250753879547
UC-a9wiNTKiLIRLTyIRdNbMg,UC0DlQBzPBEz7XPNmdpOVLLw,3,0.09761905,0.1266280561685562
UC-a9wiNTKiLIRLTyIRdNbMg,UC0K-L3dioNK9vi11wR_nCBQ,10,0.31593361,0.18146534264087677
UC-a9wiNTKiLIRLTyIRdNbMg,UC0PotgTwYxbOZuM9FbWKdcg,38,1.3255842,0.1638173609972
UC-a9wiNTKiLIRLTyIRdNbMg,UC0SG0ourp3Qrt_7bqgxdCeg,5,0.17125602,0.16602660715579987
UC-a9wiNTKiLIRLTyIRdNbMg,UC0T9mx1-Nqd01vPFmpk7amA,16,0.49921593,0.16812244057655334
UC-a9wiNTKiLIRLTyIRdNbMg,UC1WkFVOCTPdY782AJ1PZ-JQ,15,0.59014225,0.12417055666446686
UC-a9wiNTKiLIRLTyIRdNbMg,UC1bmnUH1ffc63zohkPvtXcQ,17,0.5690249,0.13937364518642426
UC-a9wiNTKiLIRLTyIRdNbMg,UC1p2d2Fj7O9Kf0S7JmHhj-g,6,0.20564514,0.14039935171604156
UC-a9wiNTKiLIRLTyIRdNbMg,UC1sCMCM2yQqS3dggBcTbNSg,5,0.18105301,0.13516108691692352
UC-a9wiNTKiLIRLTyIRdNbMg,UC2JiZ02H9Ic-yjYaP9VXVFg,3,0.114749655,0.16202746331691742
UC-a9wiNTKiLIRLTyIRdNbMg,UC2b1bVPPJgpf4qb6Asij33A,8,0.2732466,0.1252235621213913
UC-a9wiNTKiLIRLTyIRdNbMg,UC2kM-GuFyvSk2wpxs3OtPag,3,0.14589442,0.12565061450004578
UC-a9wiNTKiLIRLTyIRdNbMg,UC8g17oXkRt8buwQL8GU-NSw,4,0.14523669,0.14073652029037476
UC-a9wiNTKiLIRLTyIRdNbMg,UCDeSu8g3j-IxUG8iuxpZJug,3,0.10737279,0.13002420961856842
UC-aKuxFeTwiTD9Lr1VyAIdg,UC-kF1uMFhIfvw6seHqDGwkg,3,0.10009122,0.12718366086483002
UC-auJhWla6MpfOFNdEOmAPA,UC-pQL-6zNVmjbm0qpaas8EA,3,0.12680556,0.15897473692893982
UC-auJhWla6MpfOFNdEOmAPA,UC18A5-KezRSqS9mV4TX4OlQ,3,0.11647727,0.13429726660251617
UC-aug4qxWTqQdgxkh1jgtpw,UC-km1012mEUQQLGxggmrazw,3,0.09906609,0.12519098818302155
UC-azJrHeE66u0zbAmEPnefA,UC-ve2Yj6RmgF5LKQic7Pe5w,4,0.15885524,0.5419542193412781
UC-b2dAUTIM3lJdsbQHy22-A,UC-dL5Mh7IZKUNl9iYGFqfrw,3,0.08512379,0.13742095232009888
UC-b2dAUTIM3lJdsbQHy22-A,UC-eQC7XwFpCy-2fFtw-NtIg,3,0.10302199,0.15861469507217407
UC-b2dAUTIM3lJdsbQHy22-A,UC-xxfDccYd4Kdp2XuiJs6Jw,4,0.13365859,0.509575366973877
UC-b2dAUTIM3lJdsbQHy22-A,UC00lzukQcBYz0gMCvlmM5_g,3,0.08635532,0.2452729046344757
UC-b2dAUTIM3lJdsbQHy22-A,UC0LUZomFWMyUA9JywQb-GvA,4,0.12083808,0.22558902204036713
UC-b2dAUTIM3lJdsbQHy22-A,UC0U408SFijimaTqkgvNYmMw,3,0.09519705,0.33102017641067505
UC-b2dAUTIM3lJdsbQHy22-A,UC0gpekdxUu5gN5SPGd9Nrdg,3,0.099608816,0.17922350764274597
UC-bDu8Pax2JQBvpWO6W5ugQ,UC-km1012mEUQQLGxggmrazw,3,0.15904763,0.2281947284936905
UC-bMuuURNr7l322zHQr_hlA,UC-fWGfiX-T1YdqaUZvMJBHg,3,0.09101431,0.13431674242019653
UC-bMuuURNr7l322zHQr_hlA,UC-kF1uMFhIfvw6seHqDGwkg,3,0.09745553,0.12713533639907837
UC-bOAxx-YOsviSmqh8COR0w,UC0xRMqPOyRNPTaL6BxhbCnQ,4,0.14629489,0.3429428040981293
UC-bOAxx-YOsviSmqh8COR0w,UC452hry4DI_pDn_CVT9ZKhQ,3,0.11058061,0.500567615032196
UC-bQwtI1nN6t2R7Eb5aa3cA,UC-l_rrKhQtMr_elyEL9mmfQ,3,0.14366391,0.23389561474323273
UC-bQwtI1nN6t2R7Eb5aa3cA,UC-mpreu42R7mLtyOlPKelxQ,4,0.153781,0.15481553971767426
UC-bQwtI1nN6t2R7Eb5aa3cA,UC04upX3blwqu1rJK-rLFYHQ,4,0.15493043,0.2735821008682251
UC-bQwtI1nN6t2R7Eb5aa3cA,UC0D3mF1sUXy6FGE9zelfHJg,5,0.207592,0.268690288066864
UC-bmHfXtwFnKyJ2uwRvuQiw,UC22GM7rXPl0G1Bn-5kfppPg,3,0.09859007,0.1887580007314682
UC-bmHfXtwFnKyJ2uwRvuQiw,UC28hcmMG3TJv60Byo528VVg,3,0.11653298,0.12034133821725845
UC-c-_R1XjcAMsu0JJ9RpnUg,UC-km1012mEUQQLGxggmrazw,4,0.12262379,0.1343703418970108
UC-c-_R1XjcAMsu0JJ9RpnUg,UC-sUWj7fzOBSyhT_ohEGvZA,3,0.096982755,0.20010146498680115
UC-c-_R1XjcAMsu0JJ9RpnUg,UC01Ng5lwle6eRSl3rUrbBXg,3,0.096982755,0.16312940418720245
UC-c-_R1XjcAMsu0JJ9RpnUg,UC0FkyfBoJXIIuQeZ9iurwNQ,5,0.15225443,0.12027227878570557
UC-c-_R1XjcAMsu0JJ9RpnUg,UC0xRMqPOyRNPTaL6BxhbCnQ,3,0.10267858,0.12187600880861282
UC-cXutYzvqARF5wNKx1KCNA,UC-eQC7XwFpCy-2fFtw-NtIg,3,0.19376457,0.2312621772289276
UC-cXutYzvqARF5wNKx1KCNA,UC-xs_TO6k_0TZ91OsBv0d-g,3,0.19878128,0.20984719693660736
UC-cXutYzvqARF5wNKx1KCNA,UC14QT5j2nQI8lKBCGtrrBQA,3,0.19203296,0.21556800603866577
UC-cXutYzvqARF5wNKx1KCNA,UC1FQWQ3y3-e8l1pCtWhJt5A,3,0.11966873,0.1270165592432022
UC-crYMTeBxngoWocISb4BxA,UC-kF1uMFhIfvw6seHqDGwkg,4,0.14347094,0.1225682720541954
UC-crYMTeBxngoWocISb4BxA,UC-noa6HH6h4YnjhAAJwUNkg,4,0.14347094,0.14488275349140167
UC-d86LQ5cf8i_mn0MplngBQ,UC-zbEki0l8lx5HGfb31YmOg,3,0.10068829,0.23393505811691284
UC-dKGXS3u0a_j4e_5epWARg,UC-dL5Mh7IZKUNl9iYGFqfrw,4,0.11627548,0.13443925976753235
UC-dKGXS3u0a_j4e_5epWARg,UC-liCop3ltsdE_iklYpkNTA,3,0.09250322,0.1510881632566452
UC-dKGXS3u0a_j4e_5epWARg,UC-mpreu42R7mLtyOlPKelxQ,3,0.10009123,0.13146452605724335
UC-dKGXS3u0a_j4e_5epWARg,UC0NW9j5c23P23RIfxL1DRsA,4,0.13664585,0.13760684430599213
UC-dKGXS3u0a_j4e_5epWARg,UC0rvsDnTlvualb1EkgbxBzQ,4,0.12869686,0.12141123414039612
UC-dKGXS3u0a_j4e_5epWARg,UC2LJKazqzQ-4ZFWPZFPLDSQ,3,0.1204832,0.15637312829494476
UC-dL5Mh7IZKUNl9iYGFqfrw,UC-eQC7XwFpCy-2fFtw-NtIg,5,0.18815218,0.12282286584377289
UC-dL5Mh7IZKUNl9iYGFqfrw,UC-fF5jc4VLBIxZMiGpHSQAg,3,0.10208213,0.1251770257949829
UC-dL5Mh7IZKUNl9iYGFqfrw,UC-fWGfiX-T1YdqaUZvMJBHg,10,0.312093,0.13974390923976898
UC-dL5Mh7IZKUNl9iYGFqfrw,UC-h_pyU0NBIu12JN5u18sOQ,5,0.1425482,0.18904519081115723
UC-dL5Mh7IZKUNl9iYGFqfrw,UC-kyyUVuJUtxi9L59_tWttg,8,0.23889017,0.14456453919410706
UC-dL5Mh7IZKUNl9iYGFqfrw,UC-oB1viuwdIH8dkss87KSYw,6,0.19158931,0.12328284233808517
UC-dL5Mh7IZKUNl9iYGFqfrw,UC-xs_TO6k_0TZ91OsBv0d-g,11,0.34423584,0.19875745475292206
UC-dL5Mh7IZKUNl9iYGFqfrw,UC-xxfDccYd4Kdp2XuiJs6Jw,3,0.09174083,0.14829643070697784
UC-dL5Mh7IZKUNl9iYGFqfrw,UC008cuJ34I24TmRiIbPpMKg,4,0.15731138,0.24121344089508057
UC-dL5Mh7IZKUNl9iYGFqfrw,UC00lzukQcBYz0gMCvlmM5_g,6,0.18352021,0.22100435197353363
UC-dL5Mh7IZKUNl9iYGFqfrw,UC01BeAkSUXcRX43_mPEz40g,4,0.11112711,0.12382972240447998
UC-dL5Mh7IZKUNl9iYGFqfrw,UC02JeoV59i0yhDj009s73GQ,3,0.1404762,0.14374203979969025
UC-dL5Mh7IZKUNl9iYGFqfrw,UC0AanNmw5A6nchQca8IbKMg,6,0.21679077,0.18017399311065674
UC-dL5Mh7IZKUNl9iYGFqfrw,UC0AuyBe0-TDTqSWY27nhYBw,4,0.16184258,0.14277446269989014
UC-dL5Mh7IZKUNl9iYGFqfrw,UC0FFHRF1mytLDhs6nxqGIQg,12,0.38632953,0.1348789483308792
UC-dL5Mh7IZKUNl9iYGFqfrw,UC0GSA71KjRnFvj2GCUYLIIg,4,0.11725138,0.130181223154068
UC-dL5Mh7IZKUNl9iYGFqfrw,UC0LUZomFWMyUA9JywQb-GvA,7,0.2117372,0.16759759187698364
UC-dL5Mh7IZKUNl9iYGFqfrw,UC0PotgTwYxbOZuM9FbWKdcg,22,0.7435621,0.13451629877090454
UC-dL5Mh7IZKUNl9iYGFqfrw,UC0U3SshJ2N0T8Lewn8Kwx1g,4,0.11617612,0.18070174753665924
UC-dL5Mh7IZKUNl9iYGFqfrw,UC0_wz6vGB92wS9hcqhhNvMA,3,0.08630952,0.1389765739440918
UC-dL5Mh7IZKUNl9iYGFqfrw,UC0aToF412eWBjYJ6pPzUuZQ,12,0.40314963,0.17937952280044556
UC-dL5Mh7IZKUNl9iYGFqfrw,UC0hUsLLUfRY5-Q05alte43g,3,0.107101806,0.15540079772472382
UC-dL5Mh7IZKUNl9iYGFqfrw,UC0x3-oWbp8upxtyrOdquO8g,3,0.10122359,0.15732139348983765
UC-dL5Mh7IZKUNl9iYGFqfrw,UC16NNFKodOsrgi0Nla5XPKg,6,0.22798422,0.13578785955905914
UC-dL5Mh7IZKUNl9iYGFqfrw,UC1_eNNjFjV8Cp6QlxbOAnjA,3,0.12735984,0.12177537381649017
UC-dL5Mh7IZKUNl9iYGFqfrw,UC1qOSES4sqEySqc-PFmov1g,3,0.08225807,0.1348431259393692
UC-dL5Mh7IZKUNl9iYGFqfrw,UC1uHbAbleaXjfegbmFV9TVQ,8,0.2394476,0.13062579929828644
UC-dL5Mh7IZKUNl9iYGFqfrw,UC1xUVJIbbM-PV5W0Cci6zuA,5,0.1500627,0.12964394688606262
UC-dL5Mh7IZKUNl9iYGFqfrw,UC1z_KW_4kppjwbRwpPdVnRg,7,0.19552611,0.13473521173000336
UC-dL5Mh7IZKUNl9iYGFqfrw,UC2LJKazqzQ-4ZFWPZFPLDSQ,8,0.23033662,0.1769779473543167
UC-dL5Mh7IZKUNl9iYGFqfrw,UC2vi2elY5r_NiMMar423Xwg,11,0.34059322,0.15630510449409485
UC-db7Tl3VZJIlICjaoV69iA,UC-e9-vYGGXTeKynjhteqZWw,3,0.10900673,0.3447120189666748
UC-e9-vYGGXTeKynjhteqZWw,UC0mhOaiTObQ9hsCIBQM7Hnw,3,0.12192668,0.20432616770267487
UC-eGkbYVZtCPXxFeJTuy1cg,UC-kF1uMFhIfvw6seHqDGwkg,3,0.10921101,0.13941115140914917
UC-eQC7XwFpCy-2fFtw-NtIg,UC-fF5jc4VLBIxZMiGpHSQAg,3,0.110530674,0.12926150858402252
UC-eQC7XwFpCy-2fFtw-NtIg,UC-ggcrnvqCQls7Us_7vnrCg,3,0.103219695,0.1418100893497467
UC-eQC7XwFpCy-2fFtw-NtIg,UC-kF1uMFhIfvw6seHqDGwkg,17,0.5336109,0.20143009722232819
UC-eQC7XwFpCy-2fFtw-NtIg,UC-km1012mEUQQLGxggmrazw,6,0.19147977,0.1250578612089157
UC-eQC7XwFpCy-2fFtw-NtIg,UC-noa6HH6h4YnjhAAJwUNkg,10,0.32957807,0.14706067740917206
UC-eQC7XwFpCy-2fFtw-NtIg,UC-oEP6v7yPa4hANJvL9aQuw,4,0.15095554,0.19289390742778778
UC-eQC7XwFpCy-2fFtw-NtIg,UC-pQL-6zNVmjbm0qpaas8EA,4,0.1435631,0.13767024874687195
UC-eQC7XwFpCy-2fFtw-NtIg,UC-tUtC7aQXLccSLqW7edsZQ,3,0.096825406,0.141427680850029
UC-eQC7XwFpCy-2fFtw-NtIg,UC-vtEQo3uKRegc2be9mqexw,3,0.118714616,0.1537630707025528
UC-eQC7XwFpCy-2fFtw-NtIg,UC-wYwXKRpb8QZxo3i9uyRXA,4,0.15224233,0.12269213050603867
UC-eQC7XwFpCy-2fFtw-NtIg,UC-xs_TO6k_0TZ91OsBv0d-g,7,0.31407946,0.17294913530349731
UC-eQC7XwFpCy-2fFtw-NtIg,UC008cuJ34I24TmRiIbPpMKg,3,0.1193724,0.17456482350826263
UC-eQC7XwFpCy-2fFtw-NtIg,UC02s8Qvi4R9sKkARv_H5WGg,3,0.09784946,0.12205857038497925
UC-eQC7XwFpCy-2fFtw-NtIg,UC09D3M_DdLaZMJnZp0v4pLQ,5,0.17577153,0.13480980694293976
UC-eQC7XwFpCy-2fFtw-NtIg,UC0AanNmw5A6nchQca8IbKMg,5,0.18845274,0.14937064051628113
UC-eQC7XwFpCy-2fFtw-NtIg,UC0D596LYDZO95xGiNAGYs2g,11,0.35512084,0.23546963930130005
UC-eQC7XwFpCy-2fFtw-NtIg,UC0LUZomFWMyUA9JywQb-GvA,7,0.22231358,0.16782167553901672
UC-eQC7XwFpCy-2fFtw-NtIg,UC0gpekdxUu5gN5SPGd9Nrdg,6,0.20149508,0.14659851789474487
UC-eQC7XwFpCy-2fFtw-NtIg,UC0hUsLLUfRY5-Q05alte43g,3,0.109172076,0.15107043087482452
UC-eQC7XwFpCy-2fFtw-NtIg,UC0yQ2h4gQXmVUFWZSqlMVOA,8,0.32197678,0.12173351645469666
UC-eQC7XwFpCy-2fFtw-NtIg,UC1-4AnMxkLXLNL3-7UJ4KTQ,5,0.18196253,0.1425172984600067
UC-eQC7XwFpCy-2fFtw-NtIg,UC14QT5j2nQI8lKBCGtrrBQA,5,0.25794712,0.15103943645954132
UC-eQC7XwFpCy-2fFtw-NtIg,UC17qqZ8hk0HkHLm3zj5bnyQ,7,0.21000873,0.14732196927070618
UC-eQC7XwFpCy-2fFtw-NtIg,UC1bmnUH1ffc63zohkPvtXcQ,11,0.39833656,0.13621221482753754
UC-fF5jc4VLBIxZMiGpHSQAg,UC-xs_TO6k_0TZ91OsBv0d-g,4,0.1339333,0.138539120554924
UC-fF5jc4VLBIxZMiGpHSQAg,UC-zbEki0l8lx5HGfb31YmOg,3,0.10467981,0.14564672112464905
UC-fF5jc4VLBIxZMiGpHSQAg,UC17qqZ8hk0HkHLm3zj5bnyQ,3,0.09277505,0.12225492298603058
UC-fF5jc4VLBIxZMiGpHSQAg,UC1p2d2Fj7O9Kf0S7JmHhj-g,3,0.09055035,0.16212809085845947
UC-fWGfiX-T1YdqaUZvMJBHg,UC-km1012mEUQQLGxggmrazw,9,0.30163714,0.13513003289699554
UC-fWGfiX-T1YdqaUZvMJBHg,UC-kyyUVuJUtxi9L59_tWttg,12,0.3961949,0.15684214234352112
UC-fWGfiX-T1YdqaUZvMJBHg,UC-liCop3ltsdE_iklYpkNTA,6,0.19722758,0.12475333362817764
UC-fWGfiX-T1YdqaUZvMJBHg,UC-opZ_LtdBgD0nqCo06Uxiw,7,0.2255329,0.14741091430187225
UC-fWGfiX-T1YdqaUZvMJBHg,UC-tmV1TLQeBMq05L8Vf_tTA,7,0.23528297,0.12214761972427368
UC-fWGfiX-T1YdqaUZvMJBHg,UC-wYwXKRpb8QZxo3i9uyRXA,12,0.35883573,0.19836080074310303
UC-fWGfiX-T1YdqaUZvMJBHg,UC-xNVaHIcx28c8MaJdDsxBw,7,0.24498953,0.2186134159564972
UC-fWGfiX-T1YdqaUZvMJBHg,UC01iOPW5JvjdpoCfaY8SbTw,11,0.35384145,0.18709787726402283
UC-fWGfiX-T1YdqaUZvMJBHg,UC0GSA71KjRnFvj2GCUYLIIg,6,0.18213233,0.13228414952754974
UC-fWGfiX-T1YdqaUZvMJBHg,UC0ICt0ZAM7Q99OoCDTSg0zA,5,0.20728914,0.2263074368238449
UC-fWGfiX-T1YdqaUZvMJBHg,UC0NW9j5c23P23RIfxL1DRsA,11,0.35379866,0.13797825574874878
UC-fWGfiX-T1YdqaUZvMJBHg,UC0PotgTwYxbOZuM9FbWKdcg,38,1.214444,0.1437227576971054
UC-fWGfiX-T1YdqaUZvMJBHg,UC0QaxWvI7NNWcFTHDVypr1Q,8,0.24007379,0.13277459144592285
UC-fWGfiX-T1YdqaUZvMJBHg,UC0SG0ourp3Qrt_7bqgxdCeg,5,0.16346383,0.15175706148147583
UC-fWGfiX-T1YdqaUZvMJBHg,UC0_wz6vGB92wS9hcqhhNvMA,4,0.12058081,0.12701396644115448
UC-fWGfiX-T1YdqaUZvMJBHg,UC0xYGj09xcSMEIN56dNn8GA,6,0.21001399,0.12151388823986053
UC-fWGfiX-T1YdqaUZvMJBHg,UC10Cp6r98mQjtEB_G7jwFjQ,5,0.15250361,0.14838536083698273
UC-fWGfiX-T1YdqaUZvMJBHg,UC16NNFKodOsrgi0Nla5XPKg,13,0.42601997,0.16598793864250183
UC-fWGfiX-T1YdqaUZvMJBHg,UC1WmtOqbs2IiYNQTPI9Nxeg,3,0.09033888,0.1265944391489029
UC-fWGfiX-T1YdqaUZvMJBHg,UC1ano3Qb1ORaTCWxdEQ0YTg,4,0.12684387,0.1551394909620285
UC-fWGfiX-T1YdqaUZvMJBHg,UC1bmnUH1ffc63zohkPvtXcQ,15,0.523883,0.12287941575050354
UC-fWGfiX-T1YdqaUZvMJBHg,UC1gbNFHc3Ut8xZj37QUStKg,3,0.101447046,0.12489303201436996
UC-fWGfiX-T1YdqaUZvMJBHg,UC1pSncDXYrP1c6VWDGIGcNg,11,0.35599387,0.16624227166175842
UC-fWGfiX-T1YdqaUZvMJBHg,UC1yMehQx8NdlIFJlPzptRYg,7,0.22456777,0.15839457511901855
UC-fWGfiX-T1YdqaUZvMJBHg,UC1z_KW_4kppjwbRwpPdVnRg,11,0.32844996,0.1480593979358673
UC-fWGfiX-T1YdqaUZvMJBHg,UC2A9bPIozUiYiXBbBdCF3eA,15,0.5155359,0.16872629523277283
UC-fWGfiX-T1YdqaUZvMJBHg,UC2NQajHz-1eJrobTub1ZnSA,23,0.80682534,0.22962501645088196
UC-fWGfiX-T1YdqaUZvMJBHg,UC2Nu7atuhXpGz3vmIHJsN1w,3,0.14880952,0.15417811274528503
UC-fWGfiX-T1YdqaUZvMJBHg,UC2UzTcmBxku-WV8cVkuvXXw,7,0.2823094,0.16220244765281677
UC-fWGfiX-T1YdqaUZvMJBHg,UC2l_FQ800uKs7TMYjay2Tsw,9,0.30002642,0.17850883305072784
UC-fWGfiX-T1YdqaUZvMJBHg,UC2vQ-7IQJ75obTuTfDrpCyA,9,0.33286187,0.19040262699127197
UC-fWGfiX-T1YdqaUZvMJBHg,UC31OqQ0FKHo_cvfiLXJ4mHg,5,0.20685767,0.13644805550575256
UC-fWGfiX-T1YdqaUZvMJBHg,UC32npfnFmloPy1dm-k7wxhw,4,0.2006211,0.16112098097801208
UC-fWGfiX-T1YdqaUZvMJBHg,UC53z0ag3b8XtKNux__WcX2A,3,0.2413949,0.2487364560365677
UC-fWGfiX-T1YdqaUZvMJBHg,UC58buGQNjsmGyiH2fCrWBCw,5,0.15566494,0.19379007816314697
UC-fWGfiX-T1YdqaUZvMJBHg,UC5Qy8k_hK7eWs0pdF7rxiAA,6,0.19870448,0.1252901256084442
UC-fp6Zp8drOg543gaEEkl5g,UC-lFhQuhHaxAnRRSK1tds9g,3,0.12019704,0.2924761176109314
UC-fp6Zp8drOg543gaEEkl5g,UC0LtdRW5VqSXnlq5FIcfzQg,3,0.12019704,0.2817522883415222
UC-g-w1lS2yYmOLKV6UPrR_A,UC-kF1uMFhIfvw6seHqDGwkg,12,0.3975942,0.19832825660705566
UC-g-w1lS2yYmOLKV6UPrR_A,UC-km1012mEUQQLGxggmrazw,7,0.23425007,0.20216813683509827
UC-g-w1lS2yYmOLKV6UPrR_A,UC-noa6HH6h4YnjhAAJwUNkg,7,0.23677015,0.13960792124271393
UC-g-w1lS2yYmOLKV6UPrR_A,UC02s8Qvi4R9sKkARv_H5WGg,3,0.10451613,0.17228126525878906
UC-g-w1lS2yYmOLKV6UPrR_A,UC059SA_tX-AptG0JdMgDG3g,6,0.19570889,0.1269557625055313
UC-g-w1lS2yYmOLKV6UPrR_A,UC0BSwbn-6xUz_ZiRzwVj27w,4,0.1342803,0.15405769646167755
UC-g-w1lS2yYmOLKV6UPrR_A,UC0L_Udg6BpKp0TkBE56OxZw,3,0.10478579,0.2901114821434021
UC-g-w1lS2yYmOLKV6UPrR_A,UC0MfjLaktBisOTKO9Xgj0ng,3,0.10601732,0.1427905261516571
UC-g-w1lS2yYmOLKV6UPrR_A,UC0hh25w8RfCziRWRMvUJ5lw,3,0.09733006,0.12391427904367447
UC-g-w1lS2yYmOLKV6UPrR_A,UC0lxqpc2hANi2hjtUXiW8Qw,4,0.1354291,0.21084953844547272
UC-g-w1lS2yYmOLKV6UPrR_A,UC0om5rcyyqFfTKLSI34uCdw,3,0.10603936,0.1253187656402588
UC-g-w1lS2yYmOLKV6UPrR_A,UC1bmnUH1ffc63zohkPvtXcQ,9,0.29369816,0.13271254301071167
UC-g4Pydd3d7pqvzhC8pIZZg,UC01iOPW5JvjdpoCfaY8SbTw,3,0.09897436,0.14485925436019897
UC-g4Pydd3d7pqvzhC8pIZZg,UC0NW9j5c23P23RIfxL1DRsA,3,0.1157143,0.12491219490766525
UC-g4Pydd3d7pqvzhC8pIZZg,UC1pSncDXYrP1c6VWDGIGcNg,3,0.12095238,0.15634240210056305
UC-g4Pydd3d7pqvzhC8pIZZg,UC2l_FQ800uKs7TMYjay2Tsw,3,0.12095238,0.1991948038339615
UC-g4Pydd3d7pqvzhC8pIZZg,UC5FSZsqWuxqSM8IHfxw-Hyw,4,0.15036416,0.22525964677333832
UC-g4Pydd3d7pqvzhC8pIZZg,UC60edzb3Y-OhV02QeXraTDw,4,0.16464987,0.18952050805091858
UC-gVzqx-OqiA7YMx4yRkY8g,UC-kF1uMFhIfvw6seHqDGwkg,6,0.1992762,0.13383749127388
UC-gVzqx-OqiA7YMx4yRkY8g,UC0YdreHTXA1FXHNb6psd2CQ,3,0.097565785,0.15616866946220398
UC-gVzqx-OqiA7YMx4yRkY8g,UC1HZhN0HjriRUhqH7wGyRQg,3,0.089287564,0.12352276593446732
UC-gVzqx-OqiA7YMx4yRkY8g,UC1bt4jsQi5JDW9tR-qaI4lg,3,0.09902778,0.1232261136174202
UC-gZc7yRmyb9DInZX2DxhdA,UC-kzC82QwWLa26a-RPIrQTw,4,0.13685846,0.38671427965164185
UC-gZc7yRmyb9DInZX2DxhdA,UC-noa6HH6h4YnjhAAJwUNkg,4,0.13985431,0.12193945050239563
UC-ga3onzHSJFAGsIebtVeBg,UC2vQ-7IQJ75obTuTfDrpCyA,3,0.09304435,0.2622036635875702
UC-ggcrnvqCQls7Us_7vnrCg,UC-km1012mEUQQLGxggmrazw,3,0.09488636,0.1367587298154831
UC-ggcrnvqCQls7Us_7vnrCg,UC-kwiDn_sPRckNtYLs-B8Tw,4,0.11470865,0.14395110309123993
UC-ggcrnvqCQls7Us_7vnrCg,UC-oB1viuwdIH8dkss87KSYw,3,0.10819965,0.14653177559375763
UC-ggcrnvqCQls7Us_7vnrCg,UC0AanNmw5A6nchQca8IbKMg,3,0.093655854,0.16381770372390747
UC-go0IiemkJJuA1gPLm_CoQ,UC-sb7kM8fmYhlRrXEm7W18Q,3,0.088392854,0.23278674483299255
UC-go0IiemkJJuA1gPLm_CoQ,UC-xs_TO6k_0TZ91OsBv0d-g,4,0.1360119,0.1687774807214737
UC-hM6YJuNYVAmUWxeIr9FeA,UC-zeaPnxZHE3EcTyVl1fTdw,4,0.17160842,0.3073127865791321
UC-hM6YJuNYVAmUWxeIr9FeA,UC0OXPEQRKArB_EVyFMwDbAQ,3,0.14429824,0.2070709466934204
UC-hM6YJuNYVAmUWxeIr9FeA,UC0Owc36U9lOyi9Gx9Ic-4qg,3,0.15362318,0.3335358798503876
UC-hM6YJuNYVAmUWxeIr9FeA,UC0TXe_LYZ4scaW2XMyi5_kw,3,0.10514809,0.2741168439388275
UC-hM6YJuNYVAmUWxeIr9FeA,UC0g1AE0DOjBYnLhkgoRWN1w,3,0.10514809,0.21895825862884521
UC-hM6YJuNYVAmUWxeIr9FeA,UC1CfXB_kRs3C-zaeTG3oGyg,3,0.109927066,0.31811046600341797
UC-hM6YJuNYVAmUWxeIr9FeA,UC1DCedRgGHBdm81E1llLhOQ,11,0.4367331,0.42244818806648254
UC-hM6YJuNYVAmUWxeIr9FeA,UC1EB8moGYdkoZQfWHjh7Ivw,4,0.17338023,0.18587353825569153
UC-hM6YJuNYVAmUWxeIr9FeA,UC1iA6_NT4mtAcIII6ygrvCw,5,0.18925793,0.32409656047821045
UC-hM6YJuNYVAmUWxeIr9FeA,UC1opHUrw8rvnsadT-iGp7Cg,6,0.22248816,0.36005139350891113
UC-hM6YJuNYVAmUWxeIr9FeA,UC1sBUU-y9FlHNukwsrR4bmA,3,0.111351565,0.3201649785041809
UC-hM6YJuNYVAmUWxeIr9FeA,UC1uv2Oq6kNxgATlCiez59hw,3,0.091972865,0.2909749150276184
UC-hM6YJuNYVAmUWxeIr9FeA,UC1zFJrfEKvCixhsjNSb1toQ,3,0.11636829,0.25329968333244324
UC-hM6YJuNYVAmUWxeIr9FeA,UC2ak0cfMQ4zP3w_Fo-Zj-TA,3,0.118764564,0.14318911731243134
UC-hM6YJuNYVAmUWxeIr9FeA,UC438NzuH3byhVc9KSXKc8ZA,3,0.11824004,0.14769785106182098
UC-hM6YJuNYVAmUWxeIr9FeA,UC6eWCld0KwmyHFbAqK3V-Rw,4,0.17803812,0.36443400382995605
UC-hM6YJuNYVAmUWxeIr9FeA,UCAnYwNNz9wCvOri3qcNCscw,3,0.12596984,0.22010168433189392
UC-hQsIrkum6AtKXyC_n9d4Q,UC-nMK37fDDgPTbENzjx31XQ,3,0.08820346,0.13038159906864166
UC-hQsIrkum6AtKXyC_n9d4Q,UC-oB1viuwdIH8dkss87KSYw,3,0.0988767,0.1652308851480484
UC-hQsIrkum6AtKXyC_n9d4Q,UC-wYwXKRpb8QZxo3i9uyRXA,3,0.08101956,0.17779745161533356
UC-hVOGj2apTeEvc49CrjQlg,UC-y8ci7xfsu4L3zkSuHae0A,3,0.118560605,0.22203972935676575
UC-hVOGj2apTeEvc49CrjQlg,UC0C-w0YjGpqDXGB8IHb662A,3,0.118560605,0.12008452415466309
UC-hVOGj2apTeEvc49CrjQlg,UC0NEFJxGzqMUVzh7b0sc1Uw,4,0.26785716,0.23831404745578766
UC-hVOGj2apTeEvc49CrjQlg,UC2kTZB_yeYgdAg4wP2tEryA,3,0.14021261,0.42697519063949585
UC-hVOGj2apTeEvc49CrjQlg,UC2oNx3mSUClH3_AUkT0lsUg,3,0.13047236,0.2211066633462906
UC-h_pyU0NBIu12JN5u18sOQ,UC-km1012mEUQQLGxggmrazw,3,0.0974359,0.1292828917503357
UC-h_pyU0NBIu12JN5u18sOQ,UC00lzukQcBYz0gMCvlmM5_g,3,0.08289909,0.19342480599880219
UC-h_pyU0NBIu12JN5u18sOQ,UC0AanNmw5A6nchQca8IbKMg,3,0.08529015,0.13733956217765808
UC-h_pyU0NBIu12JN5u18sOQ,UC0LUZomFWMyUA9JywQb-GvA,4,0.11029015,0.16914249956607819
UC-h_pyU0NBIu12JN5u18sOQ,UC2LJKazqzQ-4ZFWPZFPLDSQ,3,0.08756109,0.1303505301475525
UC-hn5ttL3Huk4xfbXqb6k9Q,UC-km1012mEUQQLGxggmrazw,3,0.0974359,0.2583788335323334
UC-i36SWiUZRxW9S0ROCoseQ,UC-qgCHahOqPsyi_HNnFfqPg,3,0.10066177,0.1312471628189087
UC-iS9wMqGK2ZmNgjJsCKXXg,UC0B4rD2QKkIbHjuMub4jXhw,3,0.13056119,0.35339319705963135
UC-iv-02xd8U75F2Dn_TB7Tg,UC0mhOaiTObQ9hsCIBQM7Hnw,3,0.11519267,0.22588449716567993
UC-iv-02xd8U75F2Dn_TB7Tg,UC4akeHUneE-Q6h8ZL0GcE8Q,4,0.17316017,0.49040940403938293
UC-iv-02xd8U75F2Dn_TB7Tg,UC6bk01PE2teoKjpdAi-VO6Q,3,0.1064935,0.22090333700180054
UC-ivsDwgEwvzjJTRK_jGRqg,UC0PotgTwYxbOZuM9FbWKdcg,17,0.59429836,0.14408080279827118
UC-ivsDwgEwvzjJTRK_jGRqg,UC14OtQ0hkT3BReOs6C1RKDA,3,0.109649114,0.2087448090314865
UC-ivsDwgEwvzjJTRK_jGRqg,UC1LF4Ti3XIB8yaL5_DP_azQ,3,0.08529015,0.12384804338216782
UC-ivsDwgEwvzjJTRK_jGRqg,UC1p51viJBYQyLkDyeADMPug,6,0.2417959,0.22049210965633392
UC-ivsDwgEwvzjJTRK_jGRqg,UC2UzTcmBxku-WV8cVkuvXXw,3,0.1027451,0.12093352526426315
UC-ivsDwgEwvzjJTRK_jGRqg,UC761NMYPNhxIbTXQvYl6oug,5,0.17130888,0.1232089027762413
UC-j6lq2lMAW2ha7r26Qu6sA,UC-zbEki0l8lx5HGfb31YmOg,3,0.08603059,0.2393910437822342
UC-jBS6YBYhMPCW2yZOB_UgA,UC13ZBsTf5xPJTVi8DLOrUfQ,3,0.10050008,0.3396052420139313
UC-jBS6YBYhMPCW2yZOB_UgA,UC1pSncDXYrP1c6VWDGIGcNg,3,0.09638752,0.20637193322181702
UC-jR2Amwn5AvUnfjGa7mLQw,UC-kF1uMFhIfvw6seHqDGwkg,3,0.1064339,0.15608060359954834
UC-jn_5BNteTejcvG8gSu3Xg,UC-pkVT7PmmhoBUYfqz7JN9Q,4,0.15219156,0.16845373809337616
UC-jn_5BNteTejcvG8gSu3Xg,UCBC9F0IokoWtGV4hX_1ueTw,3,0.13999237,0.2792322635650635
UC-jwpAXw3_HjHqb2zo_k34g,UC-km1012mEUQQLGxggmrazw,3,0.13728508,0.1444028615951538
UC-jwpAXw3_HjHqb2zo_k34g,UC-mpreu42R7mLtyOlPKelxQ,3,0.123406865,0.14738327264785767
UC-jwpAXw3_HjHqb2zo_k34g,UCAQmpF0Q5XGu6yyPfJNY_Hw,3,0.115757585,0.37631407380104065
UC-kF1uMFhIfvw6seHqDGwkg,UC-km1012mEUQQLGxggmrazw,14,0.45794466,0.18135075271129608
UC-kF1uMFhIfvw6seHqDGwkg,UC-kwiDn_sPRckNtYLs-B8Tw,12,0.43310925,0.14933837950229645
UC-kF1uMFhIfvw6seHqDGwkg,UC-noa6HH6h4YnjhAAJwUNkg,26,1.0210555,0.27625226974487305
UC-kF1uMFhIfvw6seHqDGwkg,UC-oEP6v7yPa4hANJvL9aQuw,5,0.16315793,0.1264142096042633
UC-kF1uMFhIfvw6seHqDGwkg,UC-ofVTkr2OHvMiLWOBLb2gA,3,0.10865859,0.14032933115959167
UC-kF1uMFhIfvw6seHqDGwkg,UC-qcYTsFOiFmNqYhvqT6kRg,4,0.16473487,0.1294836699962616
UC-kF1uMFhIfvw6seHqDGwkg,UC-re3cAbDJ-3u1Lzt6AK8Jw,4,0.14002204,0.17902231216430664
UC-kF1uMFhIfvw6seHqDGwkg,UC-rv_h5x47FjMdLjAGTLzXg,4,0.14580162,0.18267962336540222
UC-kF1uMFhIfvw6seHqDGwkg,UC059SA_tX-AptG0JdMgDG3g,18,0.6263665,0.18644201755523682
UC-kF1uMFhIfvw6seHqDGwkg,UC077797x8s188d_h0vrGBHA,5,0.16116445,0.12874123454093933
UC-kF1uMFhIfvw6seHqDGwkg,UC0AanNmw5A6nchQca8IbKMg,9,0.2967867,0.1426347941160202
UC-kF1uMFhIfvw6seHqDGwkg,UC0AuyBe0-TDTqSWY27nhYBw,8,0.23752202,0.12116895616054535
UC-kF1uMFhIfvw6seHqDGwkg,UC0CWt6zCnjno_UtzZSRxs-g,3,0.10921101,0.15810374915599823
UC-kF1uMFhIfvw6seHqDGwkg,UC0D596LYDZO95xGiNAGYs2g,14,0.48851132,0.1964045912027359
UC-kF1uMFhIfvw6seHqDGwkg,UC0Es_RHY2j9r53EnOZ14sDA,4,0.17418115,0.1824258714914322
UC-kF1uMFhIfvw6seHqDGwkg,UC0FFHRF1mytLDhs6nxqGIQg,32,1.0691749,0.21585629880428314
UC-kF1uMFhIfvw6seHqDGwkg,UC0LUZomFWMyUA9JywQb-GvA,14,0.4454984,0.20391373336315155
UC-kF1uMFhIfvw6seHqDGwkg,UC0L_Udg6BpKp0TkBE56OxZw,3,0.10478579,0.13311846554279327
UC-kF1uMFhIfvw6seHqDGwkg,UC0OHutiYpCY3lnpf2ob_zcQ,3,0.11945009,0.14620335400104523
UC-kF1uMFhIfvw6seHqDGwkg,UC0PotgTwYxbOZuM9FbWKdcg,52,1.8574235,0.19431141018867493
UC-kF1uMFhIfvw6seHqDGwkg,UC0Whg8Zz7TT1VSpWeCjghKg,4,0.16106391,0.1773202270269394
UC-kF1uMFhIfvw6seHqDGwkg,UC0e6zo8oX6ISSBjPaSZsjeA,14,0.4588892,0.1590798795223236
UC-kF1uMFhIfvw6seHqDGwkg,UC0elp2101KAxbaAMzInGerA,4,0.14360964,0.12163741141557693
UC-kF1uMFhIfvw6seHqDGwkg,UC0gpekdxUu5gN5SPGd9Nrdg,14,0.44580784,0.19666679203510284
UC-kF1uMFhIfvw6seHqDGwkg,UC0yQ2h4gQXmVUFWZSqlMVOA,25,0.8593204,0.19699668884277344
UC-kF1uMFhIfvw6seHqDGwkg,UC17qqZ8hk0HkHLm3zj5bnyQ,14,0.44847304,0.1907588690519333
UC-kF1uMFhIfvw6seHqDGwkg,UC1WkFVOCTPdY782AJ1PZ-JQ,19,0.67797786,0.12075696885585785
UC-kF1uMFhIfvw6seHqDGwkg,UC1bmnUH1ffc63zohkPvtXcQ,36,1.2939502,0.2682882845401764
UC-kF1uMFhIfvw6seHqDGwkg,UC1uHbAbleaXjfegbmFV9TVQ,19,0.58926797,0.18589213490486145
UC-kF1uMFhIfvw6seHqDGwkg,UC1yMehQx8NdlIFJlPzptRYg,7,0.23930171,0.14920316636562347
UC-kF1uMFhIfvw6seHqDGwkg,UC1zsShDyJp8AafQu9BPo1PQ,14,0.4575789,0.12078794091939926
UC-kF1uMFhIfvw6seHqDGwkg,UC3-1iYGHfR43q_b974vUNYg,14,0.532442,0.14305444061756134
UC-kF1uMFhIfvw6seHqDGwkg,UC3-ReVazV9vfnKVeNl9mrfA,9,0.30038792,0.16255749762058258
UC-kF1uMFhIfvw6seHqDGwkg,UC4lN5sizuJraSHqy99xTy6Q,25,0.82523227,0.12606069445610046
UC-kHdyfI8TjS2j4s4gOsqsQ,UC-pkVT7PmmhoBUYfqz7JN9Q,3,0.10062111,0.15238915383815765
UC-kHdyfI8TjS2j4s4gOsqsQ,UC0FkyfBoJXIIuQeZ9iurwNQ,3,0.10062111,0.12971359491348267
UC-kHdyfI8TjS2j4s4gOsqsQ,UC0aToF412eWBjYJ6pPzUuZQ,4,0.13568604,0.1576501876115799
UC-kl8i6lq_ObZAn4kTL2WHA,UC-qgCHahOqPsyi_HNnFfqPg,3,0.105508335,0.16169919073581696
UC-kl8i6lq_ObZAn4kTL2WHA,UC0GZNP_j1q1jQTyylQU1cZw,3,0.09428815,0.1946382373571396
UC-kl8i6lq_ObZAn4kTL2WHA,UC0qQmKEox2C4fT_o1kedZLw,4,0.1377664,0.6888947486877441
UC-km1012mEUQQLGxggmrazw,UC-kwiDn_sPRckNtYLs-B8Tw,7,0.24273492,0.14480869472026825
UC-km1012mEUQQLGxggmrazw,UC-lHJZR3Gqxm24_Vd_AJ5Yw,4,0.13107143,0.1253129243850708
UC-km1012mEUQQLGxggmrazw,UC-oB1viuwdIH8dkss87KSYw,6,0.18720712,0.12052354216575623
UC-km1012mEUQQLGxggmrazw,UC-ojS63IBNqKmyBn9EP-NdQ,3,0.09054337,0.1233057826757431
UC-km1012mEUQQLGxggmrazw,UC-pQL-6zNVmjbm0qpaas8EA,5,0.15844406,0.1593969166278839
UC-km1012mEUQQLGxggmrazw,UC01Ng5lwle6eRSl3rUrbBXg,6,0.19734906,0.20755773782730103
UC-km1012mEUQQLGxggmrazw,UC0AVyhbJ1kGqVOfX-MEzrxA,3,0.13621436,0.17723053693771362
UC-km1012mEUQQLGxggmrazw,UC0AanNmw5A6nchQca8IbKMg,5,0.15501015,0.12889309227466583
UC-km1012mEUQQLGxggmrazw,UC0LfDpgSw82vYg_mL-OQR6Q,7,0.23249821,0.13201987743377686
UC-km1012mEUQQLGxggmrazw,UC1KUo8aNFK4pUYhIbr-qnEA,3,0.10350807,0.17103686928749084
UC-km1012mEUQQLGxggmrazw,UC1laSZHo_6VBXU9FmfGNwFA,3,0.10527597,0.13876160979270935
UC-kwiDn_sPRckNtYLs-B8Tw,UC-noa6HH6h4YnjhAAJwUNkg,8,0.2978807,0.12141013145446777
UC-kwiDn_sPRckNtYLs-B8Tw,UC-qcYTsFOiFmNqYhvqT6kRg,3,0.12778905,0.15131402015686035
UC-kwiDn_sPRckNtYLs-B8Tw,UC-xyiQg7nnmiybnigfTuakQ,3,0.09460282,0.16531608998775482
UC-kwiDn_sPRckNtYLs-B8Tw,UC008cuJ34I24TmRiIbPpMKg,3,0.101447046,0.1355084925889969
UC-kwiDn_sPRckNtYLs-B8Tw,UC02s8Qvi4R9sKkARv_H5WGg,3,0.10906966,0.12427624315023422
UC-kwiDn_sPRckNtYLs-B8Tw,UC059SA_tX-AptG0JdMgDG3g,9,0.3503054,0.15707901120185852
UC-kwiDn_sPRckNtYLs-B8Tw,UC0FFHRF1mytLDhs6nxqGIQg,14,0.5004054,0.15219275653362274
UC-kwiDn_sPRckNtYLs-B8Tw,UC0I_4R0GPWnUnM-b4-KXnLw,3,0.12711057,0.1665397435426712
UC-kwiDn_sPRckNtYLs-B8Tw,UC1xO2eXAxRFjrp_0RPhcNTg,3,0.108699635,0.15688341856002808
UC-kwiDn_sPRckNtYLs-B8Tw,UC2boXfwHHmiu_qCJItGjvvQ,3,0.10276979,0.12069220840930939
UC-kwiDn_sPRckNtYLs-B8Tw,UC5p_nshDQNGjh2B3h-FP33g,4,0.13950224,0.17384541034698486
UC-kyyUVuJUtxi9L59_tWttg,UC-xNVaHIcx28c8MaJdDsxBw,4,0.11901021,0.14352518320083618
UC-kyyUVuJUtxi9L59_tWttg,UC01eIu3mRgE8aMtq_WrazGQ,5,0.15992564,0.17541718482971191
UC-kyyUVuJUtxi9L59_tWttg,UC0TNiclinjGoFh1MyFi0N5g,10,0.30978158,0.2263995110988617
UC-kyyUVuJUtxi9L59_tWttg,UC0WMYbByyUKdOytIyEoR-7Q,5,0.14044,0.20687928795814514
UC-kyyUVuJUtxi9L59_tWttg,UC0ksmumBTu2gltpZpwksbcA,7,0.21951145,0.12380532175302505
UC-kyyUVuJUtxi9L59_tWttg,UC0x3-oWbp8upxtyrOdquO8g,3,0.09238185,0.1269397735595703
UC-kyyUVuJUtxi9L59_tWttg,UC10Cp6r98mQjtEB_G7jwFjQ,4,0.12069762,0.1587172895669937
UC-kyyUVuJUtxi9L59_tWttg,UC14OtQ0hkT3BReOs6C1RKDA,4,0.1283365,0.16118396818637848
UC-kyyUVuJUtxi9L59_tWttg,UC1ahId_-0jdVG0zrgbEIAzQ,5,0.15298636,0.12446492165327072
UC-kyyUVuJUtxi9L59_tWttg,UC1xUVJIbbM-PV5W0Cci6zuA,7,0.2285816,0.17459258437156677
UC-kyyUVuJUtxi9L59_tWttg,UC2H9JFGicoq2me411QvDX5g,10,0.29542795,0.22745245695114136
UC-kyyUVuJUtxi9L59_tWttg,UC44JZ2KhRfdPMd-jTEtR4mA,4,0.12732844,0.14331327378749847
UC-kyyUVuJUtxi9L59_tWttg,UC5Qy8k_hK7eWs0pdF7rxiAA,5,0.16399828,0.13975360989570618
UC-kzC82QwWLa26a-RPIrQTw,UC059SA_tX-AptG0JdMgDG3g,3,0.10696429,0.1219671368598938
UC-kzC82QwWLa26a-RPIrQTw,UC0NW9j5c23P23RIfxL1DRsA,3,0.120515294,0.15915660560131073
UC-lFhQuhHaxAnRRSK1tds9g,UC-zIr6fvPAg-7TGCZkysoHw,3,0.082582586,0.1750917285680771
UC-lFhQuhHaxAnRRSK1tds9g,UC04oPzeoQiTne13IunjNT2g,17,0.5618974,0.3799263536930084
UC-lFhQuhHaxAnRRSK1tds9g,UC0AFpKRYgpcsr0zLFUE6hlg,3,0.10949558,0.12805123627185822
UC-lFhQuhHaxAnRRSK1tds9g,UC0LtdRW5VqSXnlq5FIcfzQg,17,0.5582333,0.38271886110305786
UC-lFhQuhHaxAnRRSK1tds9g,UC0SKIdgDQXqV4iSqOmDLSFQ,6,0.21658371,0.18573901057243347
UC-lFhQuhHaxAnRRSK1tds9g,UC0jNEDGSBcLnfQ8PDhkuYtA,5,0.19079848,0.21143271028995514
UC-lFhQuhHaxAnRRSK1tds9g,UC0mkUet8Tqz-rA7R3kDqRyg,3,0.090522885,0.14579825103282928
UC-lFhQuhHaxAnRRSK1tds9g,UC0qRlg0U8_6cMBvFJf0p9Fw,4,0.13335916,0.12232895940542221
UC-lFhQuhHaxAnRRSK1tds9g,UC0xRMqPOyRNPTaL6BxhbCnQ,6,0.1817553,0.13747943937778473
UC-lFhQuhHaxAnRRSK1tds9g,UC1CJfkyVslTkE9yAAnHRRrA,3,0.08372184,0.1293524205684662
UC-lFhQuhHaxAnRRSK1tds9g,UC1YCT9S8BFkXMYfOn6x0sgg,14,0.45997924,0.27799564599990845
UC-lFhQuhHaxAnRRSK1tds9g,UC1eqKLEd9a0aH3zwcdSP15w,3,0.0925926,0.2567034363746643
UC-lFhQuhHaxAnRRSK1tds9g,UC1nVq5-LTEdUVmr5FLfkd7A,5,0.19497164,0.12386608868837357
UC-lFhQuhHaxAnRRSK1tds9g,UC1st2Mo2UrKD8YjmyU02NTQ,5,0.17297292,0.13328297436237335
UC-lFhQuhHaxAnRRSK1tds9g,UC1uj19dZQXa17-SqNGpVNLw,3,0.090522885,0.14074695110321045
UC-lFhQuhHaxAnRRSK1tds9g,UC2F1iz-FwN5ax5xhm50dtaw,3,0.09154316,0.1720694750547409
UC-lFhQuhHaxAnRRSK1tds9g,UC2M-72jG8rauIKm6OSUnZoA,4,0.12214488,0.1701822429895401
UC-lFhQuhHaxAnRRSK1tds9g,UC2sBUignRWMrKJtIztlq_VA,5,0.17310546,0.24121221899986267
UC-lFhQuhHaxAnRRSK1tds9g,UC3N68KFMqDwacbD-WImpcvg,3,0.11544795,0.20821182429790497
UC-lFhQuhHaxAnRRSK1tds9g,UC3i7EDSiTalpUh81RUNuxFQ,3,0.10305436,0.15531180799007416
UC-lFhQuhHaxAnRRSK1tds9g,UC5qdpFDdzySFubUaDgCDoHQ,4,0.13709165,0.13718727231025696
UC-lFhQuhHaxAnRRSK1tds9g,UC5t5yQzJFvoMkLI5XXZiiIQ,5,0.16633897,0.2022976577281952
UC-lFhQuhHaxAnRRSK1tds9g,UC6OHCySp4R4_LsyKva1EcMA,4,0.12482163,0.14466248452663422
UC-lHJZR3Gqxm24_Vd_AJ5Yw,UC16niRr50-MSBwiO3YDb3RA,3,0.09814815,0.1296180933713913
UC-l_rrKhQtMr_elyEL9mmfQ,UC1GI4gCcL3_7Z1qQn4JqRwA,3,0.10007416,0.27731335163116455
UC-liCop3ltsdE_iklYpkNTA,UC01BeAkSUXcRX43_mPEz40g,5,0.14099371,0.22194239497184753
UC-liCop3ltsdE_iklYpkNTA,UC0iYy3mXLdy1gf2lnLJp_Qg,5,0.19810545,0.36851203441619873
UC-liCop3ltsdE_iklYpkNTA,UC13ZBsTf5xPJTVi8DLOrUfQ,3,0.101381466,0.1613544374704361
UC-liCop3ltsdE_iklYpkNTA,UC2LJKazqzQ-4ZFWPZFPLDSQ,4,0.121384636,0.13175147771835327
UC-liCop3ltsdE_iklYpkNTA,UC3Zr9eDEeKsCE4NgsW1mQ_Q,3,0.10643879,0.1412154734134674
UC-liCop3ltsdE_iklYpkNTA,UC8GgWCXNsrKkCeN5xt30Euw,4,0.15827702,0.3118196129798889
UC-ltIgkALuC9liu6rC_m7BQ,UC1zsShDyJp8AafQu9BPo1PQ,3,0.11044255,0.126620814204216
UC-mDy88DXCroo9rnH-6BT3A,UC0FFHRF1mytLDhs6nxqGIQg,3,0.09791666,0.1320490688085556
UC-mHxZS1MAMmRqpTKZZf8Fg,UC-noa6HH6h4YnjhAAJwUNkg,3,0.10601732,0.16182319819927216
UC-mpreu42R7mLtyOlPKelxQ,UC-qK1jcRfivvFDka3NhyUmA,3,0.1193724,0.19834069907665253
UC-mpreu42R7mLtyOlPKelxQ,UC-q_tseVpOJdn-IjNnsIyPQ,3,0.12778905,0.33597010374069214
UC-mpreu42R7mLtyOlPKelxQ,UC-w8-nqBLx50SaGsDcB4rZQ,3,0.10009122,0.2253420054912567
UC-mpreu42R7mLtyOlPKelxQ,UC-zHKPw_XqtMrOAl7Uor_7A,3,0.09220633,0.16883297264575958
UC-mpreu42R7mLtyOlPKelxQ,UC-zbEki0l8lx5HGfb31YmOg,5,0.15127474,0.13346345722675323
UC-mpreu42R7mLtyOlPKelxQ,UC04upX3blwqu1rJK-rLFYHQ,5,0.1740191,0.26961472630500793
UC-mpreu42R7mLtyOlPKelxQ,UC059SA_tX-AptG0JdMgDG3g,7,0.24128206,0.1410864144563675
UC-mpreu42R7mLtyOlPKelxQ,UC0D3mF1sUXy6FGE9zelfHJg,6,0.20391922,0.23157690465450287
UC-mpreu42R7mLtyOlPKelxQ,UC0DsmFzmHGq_jRwMOaPEh4w,3,0.11824004,0.1315077692270279
UC-mpreu42R7mLtyOlPKelxQ,UC0FkyfBoJXIIuQeZ9iurwNQ,6,0.22282861,0.12496521323919296
UC-mpreu42R7mLtyOlPKelxQ,UC0PotgTwYxbOZuM9FbWKdcg,22,0.72433025,0.14885684847831726
UC-mpreu42R7mLtyOlPKelxQ,UC0ZK-2GfWJEFlgsWreDmV_A,3,0.119298235,0.17783717811107635
UC-mpreu42R7mLtyOlPKelxQ,UC1FZ-jmqm3WyUkcSFhbszqA,4,0.14453876,0.20687228441238403
UC-mpreu42R7mLtyOlPKelxQ,UC1LF4Ti3XIB8yaL5_DP_azQ,4,0.119470544,0.14705567061901093
UC-mpreu42R7mLtyOlPKelxQ,UC1S31PbQRHVqGbe2mSwyQ6g,4,0.14576612,0.13869608938694
UC-mpreu42R7mLtyOlPKelxQ,UC2-L9lYVOdgqJn75iaJuT0Q,3,0.08982386,0.24617210030555725
UC-n5brBx3FyR6pRM0i5AEnQ,UC-noa6HH6h4YnjhAAJwUNkg,3,0.10787331,0.1481567621231079
UC-nMK37fDDgPTbENzjx31XQ,UC-qgCHahOqPsyi_HNnFfqPg,8,0.26152623,0.12807802855968475
UC-nMK37fDDgPTbENzjx31XQ,UC0B4rD2QKkIbHjuMub4jXhw,4,0.14054337,0.14958031475543976
UC-nMK37fDDgPTbENzjx31XQ,UC0NW9j5c23P23RIfxL1DRsA,7,0.26490486,0.13132889568805695
UC-nMK37fDDgPTbENzjx31XQ,UC0Wv49l3qlIdFX69FKD3y1g,10,0.31045777,0.24094751477241516
UC-nMK37fDDgPTbENzjx31XQ,UC38PdLw9v5LoC5cAGTDmyoQ,3,0.106249996,0.14316733181476593
UC-nMK37fDDgPTbENzjx31XQ,UC4LBOkVeWybjgZcruTPR1PQ,5,0.17399889,0.12948055565357208
UC-nMK37fDDgPTbENzjx31XQ,UC7JQKVJMCIuVMcrFXSozMCw,3,0.08953556,0.13157182931900024
UC-nMK37fDDgPTbENzjx31XQ,UC7t5WoXYPWpsvRMpIGVLtuA,3,0.14105691,0.14969958364963531
UC-nMK37fDDgPTbENzjx31XQ,UC8XtvMtw4upzmugbL_MmEHg,3,0.097849466,0.12792904675006866
UC-nMK37fDDgPTbENzjx31XQ,UCFdBehO71GQaIom4WfVeGSw,3,0.3989247,0.14728504419326782
UC-nMK37fDDgPTbENzjx31XQ,UCSV7XsNgbtIjK2sBLrhpZ4A,3,0.4601449,0.13021937012672424
UC-noa6HH6h4YnjhAAJwUNkg,UC-oEP6v7yPa4hANJvL9aQuw,4,0.14994748,0.13733001053333282
UC-noa6HH6h4YnjhAAJwUNkg,UC-tmV1TLQeBMq05L8Vf_tTA,7,0.2518374,0.13661319017410278
UC-noa6HH6h4YnjhAAJwUNkg,UC-u2UuPGDXXb4K4vaR_yXvA,3,0.09493613,0.17424620687961578
UC-noa6HH6h4YnjhAAJwUNkg,UC0-Q8LcXk1LnBUqVr9bhI5Q,3,0.101447046,0.1358819156885147
UC-noa6HH6h4YnjhAAJwUNkg,UC059SA_tX-AptG0JdMgDG3g,12,0.40081945,0.14102713763713837
UC-noa6HH6h4YnjhAAJwUNkg,UC09D3M_DdLaZMJnZp0v4pLQ,8,0.30647504,0.16847090423107147
UC-noa6HH6h4YnjhAAJwUNkg,UC0AagSlBxG7IQPGRwwoGDWg,7,0.23361428,0.129326730966568
UC-noa6HH6h4YnjhAAJwUNkg,UC0FFHRF1mytLDhs6nxqGIQg,27,0.9449396,0.2255062758922577
UC-noa6HH6h4YnjhAAJwUNkg,UC0LUZomFWMyUA9JywQb-GvA,7,0.23455557,0.12690673768520355
UC-noa6HH6h4YnjhAAJwUNkg,UC0PotgTwYxbOZuM9FbWKdcg,37,1.2518636,0.1548042893409729
UC-noa6HH6h4YnjhAAJwUNkg,UC0XVEWjE-St3oaYbYaVtjzA,3,0.10904762,0.14756830036640167
UC-noa6HH6h4YnjhAAJwUNkg,UC0bSCu9Ok99CHKOHpUyhCoA,5,0.20702314,0.15096427500247955
UC-noa6HH6h4YnjhAAJwUNkg,UC0dXZdPnEK8XOa-uiQyXeTw,6,0.21765551,0.1506117880344391
UC-noa6HH6h4YnjhAAJwUNkg,UC0e6zo8oX6ISSBjPaSZsjeA,10,0.345005,0.1413746029138565
UC-noa6HH6h4YnjhAAJwUNkg,UC0hUsLLUfRY5-Q05alte43g,4,0.14276357,0.1415931135416031
UC-noa6HH6h4YnjhAAJwUNkg,UC0nP81Fj8D1HveiG45W_G1g,6,0.23200792,0.12685437500476837
UC-noa6HH6h4YnjhAAJwUNkg,UC0yQ2h4gQXmVUFWZSqlMVOA,19,0.6372732,0.17269034683704376
UC-noa6HH6h4YnjhAAJwUNkg,UC0yqjDdsDfmzHasfbEk0qmg,4,0.13356376,0.166291743516922
UC-noa6HH6h4YnjhAAJwUNkg,UC1sCMCM2yQqS3dggBcTbNSg,5,0.16680557,0.12460337579250336
UC-noa6HH6h4YnjhAAJwUNkg,UC2DLYvRf5PZHytTEb137nvw,3,0.12179487,0.1335584819316864
UC-noa6HH6h4YnjhAAJwUNkg,UC5-1o0J3IbPsW2piG7qZ9UQ,4,0.19743216,0.25127917528152466
UC-o-E6I3IC2q8sAoAuM6Umg,UC1iA6_NT4mtAcIII6ygrvCw,3,0.10928888,0.5900415778160095
UC-oB1viuwdIH8dkss87KSYw,UC-opZ_LtdBgD0nqCo06Uxiw,5,0.19957116,0.18745627999305725
UC-oB1viuwdIH8dkss87KSYw,UC-zbEki0l8lx5HGfb31YmOg,5,0.20891064,0.15252983570098877
UC-oB1viuwdIH8dkss87KSYw,UC09D3M_DdLaZMJnZp0v4pLQ,5,0.18019798,0.1362336277961731
UC-oB1viuwdIH8dkss87KSYw,UC0AagSlBxG7IQPGRwwoGDWg,8,0.30500424,0.2322198748588562
UC-oB1viuwdIH8dkss87KSYw,UC0EA20nvW9PmBCA4iIrAYvw,5,0.17631337,0.18189896643161774
UC-oB1viuwdIH8dkss87KSYw,UC0aToF412eWBjYJ6pPzUuZQ,8,0.29116157,0.12179052084684372
UC-oB1viuwdIH8dkss87KSYw,UC12HMtO5MYph9dCZZ7yygng,5,0.19599071,0.14438758790493011
UC-oB1viuwdIH8dkss87KSYw,UC43KSVyRxlUGDaL09wRjxLA,3,0.13226011,0.126979261636734
UC-oB1viuwdIH8dkss87KSYw,UC5FHro6XfWMGHafWWavzXaQ,3,0.14862916,0.1730627417564392
UC-oEP6v7yPa4hANJvL9aQuw,UC0D596LYDZO95xGiNAGYs2g,5,0.16500632,0.2245677262544632
UC-oEP6v7yPa4hANJvL9aQuw,UC0e6zo8oX6ISSBjPaSZsjeA,4,0.14674234,0.1721998006105423
UC-oEP6v7yPa4hANJvL9aQuw,UC0w34ML2u_eWfWv6ZflIXxA,3,0.096858464,0.12631338834762573
UC-ojS63IBNqKmyBn9EP-NdQ,UC0aToF412eWBjYJ6pPzUuZQ,4,0.13912219,0.12309858947992325
UC-ojS63IBNqKmyBn9EP-NdQ,UC7dXPammhcS6lrPzgq7WAPQ,3,0.090964794,0.2268947809934616
UC-omR0003AKfL95jECR_cAQ,UC0K-L3dioNK9vi11wR_nCBQ,3,0.09141414,0.30727720260620117
UC-opZ_LtdBgD0nqCo06Uxiw,UC-wYwXKRpb8QZxo3i9uyRXA,4,0.116237804,0.1433798223733902
UC-opZ_LtdBgD0nqCo06Uxiw,UC0AagSlBxG7IQPGRwwoGDWg,3,0.13442461,0.15891695022583008
UC-pQL-6zNVmjbm0qpaas8EA,UC-xs_TO6k_0TZ91OsBv0d-g,4,0.14345711,0.12167931348085403
UC-pQL-6zNVmjbm0qpaas8EA,UC09D3M_DdLaZMJnZp0v4pLQ,3,0.11112711,0.13128308951854706
UC-pQL-6zNVmjbm0qpaas8EA,UC0AanNmw5A6nchQca8IbKMg,4,0.13386613,0.16343660652637482
UC-pQL-6zNVmjbm0qpaas8EA,UC0D596LYDZO95xGiNAGYs2g,3,0.14002013,0.14300954341888428
UC-pQL-6zNVmjbm0qpaas8EA,UC0e6zo8oX6ISSBjPaSZsjeA,4,0.14560987,0.12823182344436646
UC-pQL-6zNVmjbm0qpaas8EA,UC1bmnUH1ffc63zohkPvtXcQ,6,0.23405188,0.1232803463935852
UC-pQL-6zNVmjbm0qpaas8EA,UC3FKwhMnGdubV8oc54EOlDw,3,0.09185606,0.12954890727996826
UC-pkVT7PmmhoBUYfqz7JN9Q,UC-qgCHahOqPsyi_HNnFfqPg,8,0.24214561,0.12083236873149872
UC-pkVT7PmmhoBUYfqz7JN9Q,UC-smeLB9AnOTeypr1YyjJ3A,3,0.11448276,0.15438851714134216
UC-pkVT7PmmhoBUYfqz7JN9Q,UC-wYwXKRpb8QZxo3i9uyRXA,5,0.17132416,0.12267105281352997
UC-pkVT7PmmhoBUYfqz7JN9Q,UC-xs_TO6k_0TZ91OsBv0d-g,8,0.28897187,0.1413763016462326
UC-pkVT7PmmhoBUYfqz7JN9Q,UC-zbEki0l8lx5HGfb31YmOg,7,0.22024027,0.1449345052242279
UC-pkVT7PmmhoBUYfqz7JN9Q,UC01kcYpT2NKrrJWkC-h90YQ,5,0.18070827,0.18004325032234192
UC-pkVT7PmmhoBUYfqz7JN9Q,UC0AFpKRYgpcsr0zLFUE6hlg,4,0.14824016,0.1440596729516983
UC-pkVT7PmmhoBUYfqz7JN9Q,UC0AuyBe0-TDTqSWY27nhYBw,7,0.23883374,0.1785283237695694
UC-pkVT7PmmhoBUYfqz7JN9Q,UC0FFHRF1mytLDhs6nxqGIQg,16,0.5179585,0.15322688221931458
UC-pkVT7PmmhoBUYfqz7JN9Q,UC0FkyfBoJXIIuQeZ9iurwNQ,17,0.5607308,0.23455879092216492
UC-pkVT7PmmhoBUYfqz7JN9Q,UC0PotgTwYxbOZuM9FbWKdcg,31,1.1122934,0.1705024689435959
UC-pkVT7PmmhoBUYfqz7JN9Q,UC0XmONh3BZgA6I0G4F7ZCDQ,5,0.3105112,0.18014448881149292
UC-pkVT7PmmhoBUYfqz7JN9Q,UC0aToF412eWBjYJ6pPzUuZQ,14,0.45286703,0.17073829472064972
UC-pkVT7PmmhoBUYfqz7JN9Q,UC0gvn7xAe2wHtFZYPqsf6bA,9,0.32846358,0.13040240108966827
UC-pkVT7PmmhoBUYfqz7JN9Q,UC0ksmumBTu2gltpZpwksbcA,10,0.30788657,0.1664261519908905
UC-pkVT7PmmhoBUYfqz7JN9Q,UC0yOM-GVMLQTy6gDS0UZ1Pg,3,0.10119048,0.128138929605484
UC-pkVT7PmmhoBUYfqz7JN9Q,UC17qqZ8hk0HkHLm3zj5bnyQ,5,0.20353688,0.12685731053352356
UC-pkVT7PmmhoBUYfqz7JN9Q,UC1CmBZNCHu8Hq5gr7POCSIg,3,0.101149425,0.13457956910133362
UC-pkVT7PmmhoBUYfqz7JN9Q,UC1siOb3YGln2SqwT03jEZZg,3,0.089527026,0.14506706595420837
UC-pkVT7PmmhoBUYfqz7JN9Q,UC35BdvE8Q4G5nLo0X1nBW5w,5,0.14102444,0.13449248671531677
UC-pkVT7PmmhoBUYfqz7JN9Q,UC4OqUn5DHBYhk9VOHs89lWQ,3,0.07869674,0.13872958719730377
UC-pm5zIjZoN4o-QB5RhV76A,UC0FFHRF1mytLDhs6nxqGIQg,3,0.0905191,0.12696298956871033
UC-qGvSI8Md4FVpL4NMKuRsg,UC0J207a77jE68AocS6BtzRg,3,0.09899889,0.5772995948791504
UC-qK1jcRfivvFDka3NhyUmA,UC059SA_tX-AptG0JdMgDG3g,4,0.14693576,0.16161733865737915
UC-qK1jcRfivvFDka3NhyUmA,UC0NEFJxGzqMUVzh7b0sc1Uw,3,0.101515725,0.14003115892410278
UC-qgCHahOqPsyi_HNnFfqPg,UC-suR0N5rb8eR4m3M5Z0elg,3,0.11248751,0.13999181985855103
UC-qgCHahOqPsyi_HNnFfqPg,UC-wYwXKRpb8QZxo3i9uyRXA,6,0.17455809,0.126912459731102
UC-qgCHahOqPsyi_HNnFfqPg,UC-zHKPw_XqtMrOAl7Uor_7A,3,0.08977213,0.12449674308300018
UC-qgCHahOqPsyi_HNnFfqPg,UC00rnQH4OeToDAK93dD3fmQ,5,0.21269257,0.15677286684513092
UC-qgCHahOqPsyi_HNnFfqPg,UC0AagSlBxG7IQPGRwwoGDWg,7,0.23019259,0.16040077805519104
UC-qgCHahOqPsyi_HNnFfqPg,UC0BCfHbNORhd7dsw1R5rw9w,4,0.11032648,0.12838229537010193
UC-qgCHahOqPsyi_HNnFfqPg,UC0J207a77jE68AocS6BtzRg,3,0.09784946,0.14907614886760712
UC-qgCHahOqPsyi_HNnFfqPg,UC0L7F652u_2kIsirLNI6ZLQ,10,0.32411665,0.15300503373146057
UC-qgCHahOqPsyi_HNnFfqPg,UC0T9mx1-Nqd01vPFmpk7amA,11,0.3532971,0.14985695481300354
UC-qgCHahOqPsyi_HNnFfqPg,UC0WP5P-ufpRfjbNrmOWwLBQ,3,0.10264409,0.12140735983848572
UC-qgCHahOqPsyi_HNnFfqPg,UC0eDNB1PZKimS476G5qYOEw,3,0.11149159,0.1475844532251358
UC-qgCHahOqPsyi_HNnFfqPg,UC0eN2lZzUS1mbNOugWsisvw,3,0.106618814,0.1255519688129425
UC-qgCHahOqPsyi_HNnFfqPg,UC0fSYqtJMTWXUNQ19QYWH3w,5,0.17340685,0.24878999590873718
UC-qgCHahOqPsyi_HNnFfqPg,UC0p47apUYF0NuIki7Xq5tOg,3,0.10827702,0.17984004318714142
UC-qgCHahOqPsyi_HNnFfqPg,UC0qQmKEox2C4fT_o1kedZLw,3,0.105508335,0.17443062365055084
UC-qgCHahOqPsyi_HNnFfqPg,UC156fKHRqURL1yIKyQ37wZA,3,0.08600138,0.18374477326869965
UC-qgCHahOqPsyi_HNnFfqPg,UC1J7Kx06xlz0Ed4Z7dT3I6g,3,0.092919834,0.13407598435878754
UC-qgCHahOqPsyi_HNnFfqPg,UC1Lp8HbCqOPBMT1W_mjb21A,8,0.27347463,0.1339760571718216
UC-qgCHahOqPsyi_HNnFfqPg,UC1bt4jsQi5JDW9tR-qaI4lg,7,0.23061602,0.14551089704036713
UC-qgCHahOqPsyi_HNnFfqPg,UC1nznQzS-aHtUaICqGy-4cg,3,0.11455669,0.13072548806667328
UC-qgCHahOqPsyi_HNnFfqPg,UC25EBu6EIw7ZJmQPzPq5f4w,4,0.13125695,0.14828605949878693
UC-qgCHahOqPsyi_HNnFfqPg,UC2A9bPIozUiYiXBbBdCF3eA,8,0.2867237,0.12342172861099243
UC-qgCHahOqPsyi_HNnFfqPg,UC2Ku8de18zPkAAdguvdKCiQ,3,0.13438734,0.14779968559741974
UC-qgCHahOqPsyi_HNnFfqPg,UC2YCORq-wZiYSCMxLfn0Hjw,3,0.102763355,0.16372938454151154
UC-qgCHahOqPsyi_HNnFfqPg,UC2ghxrGPzvBMy-GAg2q7BAQ,3,0.10756578,0.12655839323997498
UC-qgCHahOqPsyi_HNnFfqPg,UC33TRheKFRadCN8wnkZh7PA,4,0.14823915,0.13334870338439941
UC-qgCHahOqPsyi_HNnFfqPg,UC3BSzbgMn2vLYS4Dp_i-bow,4,0.18355179,0.1408981829881668
UC-qgCHahOqPsyi_HNnFfqPg,UC3jD35MI4XdnAXm5hCXr04A,3,0.121212125,0.1939450204372406
UC-qgCHahOqPsyi_HNnFfqPg,UC5X_EosD9VyZYAHSYZ6fb8g,3,0.10801564,0.15842899680137634
UC-rTBOFUf2IBumga8RzLdWA,UC-xs_TO6k_0TZ91OsBv0d-g,5,0.15938862,0.12385097146034241
UC-rTBOFUf2IBumga8RzLdWA,UC059SA_tX-AptG0JdMgDG3g,7,0.20647857,0.14303268492221832
UC-rTBOFUf2IBumga8RzLdWA,UC0AanNmw5A6nchQca8IbKMg,4,0.14254537,0.15943336486816406
UC-rTBOFUf2IBumga8RzLdWA,UC0D596LYDZO95xGiNAGYs2g,4,0.14355242,0.13431748747825623
UC-rTBOFUf2IBumga8RzLdWA,UC0PotgTwYxbOZuM9FbWKdcg,16,0.5072143,0.12348775565624237
UC-rTBOFUf2IBumga8RzLdWA,UC0_J_HiKEc4SG8E8_feekLA,3,0.10653244,0.13751406967639923
UC-rTBOFUf2IBumga8RzLdWA,UC0aToF412eWBjYJ6pPzUuZQ,12,0.45078877,0.26993200182914734
UC-rTBOFUf2IBumga8RzLdWA,UC0bSCu9Ok99CHKOHpUyhCoA,3,0.10620553,0.15247857570648193
UC-sDjSPxGabigzhtidiS_gA,UC16oMU-Ykq7Zm8JcgLWjzew,3,0.114197865,0.343138724565506
UC-sUWj7fzOBSyhT_ohEGvZA,UC01Ng5lwle6eRSl3rUrbBXg,3,0.096982755,0.19205494225025177
UC-sUWj7fzOBSyhT_ohEGvZA,UC0mhOaiTObQ9hsCIBQM7Hnw,3,0.09769881,0.15985621511936188
UC-sUWj7fzOBSyhT_ohEGvZA,UC46u5qG6vqDdrNYgqRVvq3Q,3,0.10846562,0.1700923591852188
UC-sb7kM8fmYhlRrXEm7W18Q,UC-wYwXKRpb8QZxo3i9uyRXA,3,0.088392854,0.13372090458869934
UC-sb7kM8fmYhlRrXEm7W18Q,UC0LUZomFWMyUA9JywQb-GvA,5,0.1513472,0.21446546912193298
UC-sb7kM8fmYhlRrXEm7W18Q,UC0gpekdxUu5gN5SPGd9Nrdg,3,0.096841395,0.1322595477104187
UC-sb7kM8fmYhlRrXEm7W18Q,UC0xYGj09xcSMEIN56dNn8GA,3,0.08884721,0.1406836062669754
UC-smiHPuMela07NTmpF6hZw,UC059SA_tX-AptG0JdMgDG3g,3,0.104329005,0.16987967491149902
UC-smiHPuMela07NTmpF6hZw,UC0yQ2h4gQXmVUFWZSqlMVOA,3,0.104329005,0.13083679974079132
UC-suR0N5rb8eR4m3M5Z0elg,UC3p5OTQsMEnmZktWUkw_Y0A,3,0.11203703,0.14048750698566437
UC-tUtC7aQXLccSLqW7edsZQ,UC1z_KW_4kppjwbRwpPdVnRg,3,0.1252671,0.1931472271680832
UC-tmV1TLQeBMq05L8Vf_tTA,UC-wJmWixKoDH3ycRrCRvPAQ,3,0.097072884,0.12851928174495697
UC-tmV1TLQeBMq05L8Vf_tTA,UC089UQ4bfVnh8MatGM9Ofqg,3,0.10095176,0.17267805337905884
UC-tmV1TLQeBMq05L8Vf_tTA,UC0B4rD2QKkIbHjuMub4jXhw,4,0.1238767,0.18382008373737335
UC-tmV1TLQeBMq05L8Vf_tTA,UC0NW9j5c23P23RIfxL1DRsA,7,0.26625347,0.18403694033622742
UC-tmV1TLQeBMq05L8Vf_tTA,UC0rvsDnTlvualb1EkgbxBzQ,13,0.44839787,0.29034918546676636
UC-tmV1TLQeBMq05L8Vf_tTA,UC16NNFKodOsrgi0Nla5XPKg,7,0.25825864,0.178343266248703
UC-tmV1TLQeBMq05L8Vf_tTA,UC1mv1_wL_UnCqXQEl_z7dUQ,3,0.08933081,0.13691675662994385
UC-tmV1TLQeBMq05L8Vf_tTA,UC1pSncDXYrP1c6VWDGIGcNg,5,0.17055742,0.14116428792476654
UC-tmV1TLQeBMq05L8Vf_tTA,UC1s2W6VK-34ZXehFgnNMwoA,3,0.10580161,0.12287738919258118
UC-tmV1TLQeBMq05L8Vf_tTA,UC2l_FQ800uKs7TMYjay2Tsw,4,0.13531406,0.14269159734249115
UC-tmV1TLQeBMq05L8Vf_tTA,UC4BIUwrzsbX5-vDWCcyfGog,4,0.16080551,0.21153269708156586
UC-tmV1TLQeBMq05L8Vf_tTA,UC5z705CUTh_plTUnvnSCvQw,4,0.16261905,0.14891307055950165
UC-tmV1TLQeBMq05L8Vf_tTA,UC8s_nliTjuqtO1gK4uzo_Rg,3,0.11703704,0.12970352172851562
UC-twgFcRClZz0fVcN1yPtSg,UC-w7LMa7Soxe_ml9aFDIV3w,3,0.08384538,0.1931799054145813
UC-twgFcRClZz0fVcN1yPtSg,UC0AagSlBxG7IQPGRwwoGDWg,4,0.11288562,0.1244722232222557
UC-twgFcRClZz0fVcN1yPtSg,UC7TxDj-DqbKzq9locL-iP2w,5,0.18916257,0.17328697443008423
UC-twgFcRClZz0fVcN1yPtSg,UCAERcCeke3w3YHdod0x1FBQ,3,0.100500084,0.14276853203773499
UC-twgFcRClZz0fVcN1yPtSg,UCFYfhDylHK-gFSXjtNr8dYQ,4,0.15826404,0.28753992915153503
UC-uVT72JtNBIfSYJ2opzR9g,UC0aToF412eWBjYJ6pPzUuZQ,3,0.085781455,0.1323549449443817
UC-ve2Yj6RmgF5LKQic7Pe5w,UC12HMtO5MYph9dCZZ7yygng,4,0.15353876,0.24964241683483124
UC-ve2Yj6RmgF5LKQic7Pe5w,UC1FQWQ3y3-e8l1pCtWhJt5A,4,0.21257257,0.2560385763645172
UC-veA4H0QF3Ev4uZe9vpQrQ,UC1h483R01zEPVlMxAE2BOow,3,0.109821126,0.21785664558410645
UC-vvD3vvJhQn7lfjnbqmEzg,UC1N2_2vCoyd3EvGcVuwTfmw,3,0.11811666,0.13090920448303223
UC-w8-nqBLx50SaGsDcB4rZQ,UC0DsmFzmHGq_jRwMOaPEh4w,3,0.10407,0.29501962661743164
UC-wDoENlmgTNK356btBWpkw,UC0C-w0YjGpqDXGB8IHb662A,3,0.112030074,0.18402552604675293
UC-wDoENlmgTNK356btBWpkw,UC0GZNP_j1q1jQTyylQU1cZw,3,0.09428815,0.16718094050884247
UC-wJmWixKoDH3ycRrCRvPAQ,UC0Wv49l3qlIdFX69FKD3y1g,4,0.12461918,0.19402813911437988
UC-wJmWixKoDH3ycRrCRvPAQ,UC3p5OTQsMEnmZktWUkw_Y0A,5,0.2045022,0.20243938267230988
UC-wJmWixKoDH3ycRrCRvPAQ,UC5eCvFUhtBeKCiQXUx6CvFg,3,0.10894662,0.16205935180187225
UC-wYwXKRpb8QZxo3i9uyRXA,UC0GSA71KjRnFvj2GCUYLIIg,5,0.14969406,0.20518529415130615
UC-wYwXKRpb8QZxo3i9uyRXA,UC0QaxWvI7NNWcFTHDVypr1Q,6,0.18744993,0.1956484615802765
UC-wYwXKRpb8QZxo3i9uyRXA,UC0TNiclinjGoFh1MyFi0N5g,6,0.18611586,0.18993699550628662
UC-wYwXKRpb8QZxo3i9uyRXA,UC0U3SshJ2N0T8Lewn8Kwx1g,3,0.092605315,0.1778249442577362
UC-wYwXKRpb8QZxo3i9uyRXA,UC0eN2lZzUS1mbNOugWsisvw,3,0.09185606,0.1552080661058426
UC-wYwXKRpb8QZxo3i9uyRXA,UC0friAXjxjzZhJWgsYCbTWw,3,0.096825406,0.15873613953590393
UC-wYwXKRpb8QZxo3i9uyRXA,UC0iQwTs59wwDHnyDI9LYGBw,3,0.09351054,0.1483960598707199
UC-wYwXKRpb8QZxo3i9uyRXA,UC0w34ML2u_eWfWv6ZflIXxA,5,0.18255569,0.15014781057834625
UC-wYwXKRpb8QZxo3i9uyRXA,UC16NNFKodOsrgi0Nla5XPKg,7,0.22420636,0.16486003994941711
UC-wYwXKRpb8QZxo3i9uyRXA,UC1J7Kx06xlz0Ed4Z7dT3I6g,3,0.09280303,0.19214165210723877
UC-wYwXKRpb8QZxo3i9uyRXA,UC1bmnUH1ffc63zohkPvtXcQ,7,0.2802681,0.124062180519104
UC-wYwXKRpb8QZxo3i9uyRXA,UC1oPBUWifc0QOOY8DEKhLuQ,5,0.18853718,0.12009573727846146
UC-wYwXKRpb8QZxo3i9uyRXA,UC1tk9F5-MGXEq4LWnjmrtpA,3,0.11458334,0.12532775104045868
UC-wYwXKRpb8QZxo3i9uyRXA,UC1z_KW_4kppjwbRwpPdVnRg,8,0.24909812,0.21191325783729553
UC-wYwXKRpb8QZxo3i9uyRXA,UC2A9bPIozUiYiXBbBdCF3eA,7,0.21993145,0.13584139943122864
UC-wYwXKRpb8QZxo3i9uyRXA,UC2CqX7vkULylI1B6q9tz0Hw,4,0.12851733,0.36616039276123047
UC-wYwXKRpb8QZxo3i9uyRXA,UC2NQajHz-1eJrobTub1ZnSA,7,0.25083292,0.13472405076026917
UC-wYwXKRpb8QZxo3i9uyRXA,UC3h7LLJp2w7iWeXVlLim6Dw,4,0.12757035,0.12068093568086624
UC-xDRps8JhkrEj1UbuufmjQ,UC0ksmumBTu2gltpZpwksbcA,3,0.10611632,0.12596231698989868
UC-xDRps8JhkrEj1UbuufmjQ,UC15ebOqdhmvl1eb0s0jk5aw,4,0.15285397,0.3190529942512512
UC-xDRps8JhkrEj1UbuufmjQ,UC1H5dv45x2aFKk-6JZLSWIQ,4,0.14007354,0.15008285641670227
UC-xDRps8JhkrEj1UbuufmjQ,UC2PFHY0nOOVyErB_s1P2iQA,3,0.11118731,0.13039447367191315
UC-xNVaHIcx28c8MaJdDsxBw,UC01iOPW5JvjdpoCfaY8SbTw,3,0.090455845,0.14570914208889008
UC-xNVaHIcx28c8MaJdDsxBw,UC0QaxWvI7NNWcFTHDVypr1Q,3,0.08790156,0.1481006145477295
UC-xNVaHIcx28c8MaJdDsxBw,UC0TNiclinjGoFh1MyFi0N5g,3,0.08675214,0.14291425049304962
UC-xNVaHIcx28c8MaJdDsxBw,UC1pSncDXYrP1c6VWDGIGcNg,3,0.09559387,0.13599377870559692
UC-xNVaHIcx28c8MaJdDsxBw,UC2H9JFGicoq2me411QvDX5g,3,0.09236111,0.1602889597415924
UC-xNVaHIcx28c8MaJdDsxBw,UC2NQajHz-1eJrobTub1ZnSA,5,0.16674082,0.1445678323507309
UC-xs_TO6k_0TZ91OsBv0d-g,UC-zbEki0l8lx5HGfb31YmOg,8,0.2582301,0.16917535662651062
UC-xs_TO6k_0TZ91OsBv0d-g,UC008cuJ34I24TmRiIbPpMKg,3,0.10467981,0.1353982836008072
UC-xs_TO6k_0TZ91OsBv0d-g,UC07a-1FKy4sJ4ZZTpp2RN5g,4,0.1695284,0.12061251699924469
UC-xs_TO6k_0TZ91OsBv0d-g,UC0FFHRF1mytLDhs6nxqGIQg,16,0.4973156,0.14646276831626892
UC-xs_TO6k_0TZ91OsBv0d-g,UC0LUZomFWMyUA9JywQb-GvA,8,0.24161878,0.16132816672325134
UC-xs_TO6k_0TZ91OsBv0d-g,UC0U3SshJ2N0T8Lewn8Kwx1g,4,0.1272614,0.16697484254837036
UC-xs_TO6k_0TZ91OsBv0d-g,UC0aToF412eWBjYJ6pPzUuZQ,11,0.34926453,0.13109010457992554
UC-xs_TO6k_0TZ91OsBv0d-g,UC0hUsLLUfRY5-Q05alte43g,3,0.11913884,0.1458205282688141
UC-xs_TO6k_0TZ91OsBv0d-g,UC0lQMX7F7xc-ZAxkF27-fhA,3,0.1384761,0.2597021460533142
UC-xs_TO6k_0TZ91OsBv0d-g,UC15vLSz0KCDI3NYekDW-pBA,3,0.1026455,0.16335125267505646
UC-xs_TO6k_0TZ91OsBv0d-g,UC17qqZ8hk0HkHLm3zj5bnyQ,7,0.24410671,0.15146327018737793
UC-xs_TO6k_0TZ91OsBv0d-g,UC1WkFVOCTPdY782AJ1PZ-JQ,15,0.53091115,0.137942373752594
UC-xs_TO6k_0TZ91OsBv0d-g,UC2PfKRw7oa2T_79cn0JH8Nw,3,0.08576098,0.16766639053821564
UC-xxfDccYd4Kdp2XuiJs6Jw,UC00lzukQcBYz0gMCvlmM5_g,3,0.09297236,0.2644115090370178
UC-xxfDccYd4Kdp2XuiJs6Jw,UC0L7F652u_2kIsirLNI6ZLQ,3,0.097944304,0.12691079080104828
UC-xxfDccYd4Kdp2XuiJs6Jw,UC0LUZomFWMyUA9JywQb-GvA,5,0.15675008,0.29301372170448303
UC-xxfDccYd4Kdp2XuiJs6Jw,UC0U408SFijimaTqkgvNYmMw,3,0.09519705,0.3314518630504608
UC-xxfDccYd4Kdp2XuiJs6Jw,UC0gpekdxUu5gN5SPGd9Nrdg,3,0.101447046,0.1827690154314041
UC-xxfDccYd4Kdp2XuiJs6Jw,UC0hUsLLUfRY5-Q05alte43g,3,0.09073275,0.31090667843818665
UC-y8ci7xfsu4L3zkSuHae0A,UC0B4rD2QKkIbHjuMub4jXhw,3,0.12272727,0.3118176758289337
UC-y8ci7xfsu4L3zkSuHae0A,UC0C-w0YjGpqDXGB8IHb662A,5,0.22522727,0.328578919172287
UC-ye-eaHOfLgFl6B_EQMu0g,UC0T9mx1-Nqd01vPFmpk7amA,3,0.11569264,0.16408511996269226
UC-yqf8zufdTNd-3OwuSnoUg,UC16NNFKodOsrgi0Nla5XPKg,6,0.20781194,0.186087504029274
UC-yqf8zufdTNd-3OwuSnoUg,UC17qqZ8hk0HkHLm3zj5bnyQ,4,0.118927896,0.1315203607082367
UC-yqf8zufdTNd-3OwuSnoUg,UC1X8VrX-c3i33XDrE7vIVOw,3,0.08944762,0.23199856281280518
UC-yqf8zufdTNd-3OwuSnoUg,UC2A9bPIozUiYiXBbBdCF3eA,5,0.1645563,0.12377659976482391
UC-yqf8zufdTNd-3OwuSnoUg,UC3CN-6HD65mLjZe_nO0KcCg,3,0.096438795,0.22418777644634247
UC-yqf8zufdTNd-3OwuSnoUg,UC8WelTBsM4LmRtth7V9Qn9A,3,0.19328703,0.4631389081478119
UC-zBhlzcQkT-bbvBqlE5SnQ,UC01kcYpT2NKrrJWkC-h90YQ,3,0.10744047,0.4658540189266205
UC-zHKPw_XqtMrOAl7Uor_7A,UC4Ub-Y_yj43aouqFbA7PwhQ,3,0.09083905,0.12898269295692444
UC-zIr6fvPAg-7TGCZkysoHw,UC0LtdRW5VqSXnlq5FIcfzQg,4,0.11484066,0.23455777764320374
UC-zIr6fvPAg-7TGCZkysoHw,UC1YCT9S8BFkXMYfOn6x0sgg,3,0.082582586,0.14868880808353424
UC-zbEki0l8lx5HGfb31YmOg,UC01Ng5lwle6eRSl3rUrbBXg,3,0.101447046,0.121000736951828
UC-zbEki0l8lx5HGfb31YmOg,UC059SA_tX-AptG0JdMgDG3g,7,0.21729273,0.12690936028957367
UC-zbEki0l8lx5HGfb31YmOg,UC0LfDpgSw82vYg_mL-OQR6Q,7,0.23259726,0.14978523552417755
UC-zbEki0l8lx5HGfb31YmOg,UC1oPBUWifc0QOOY8DEKhLuQ,7,0.26764336,0.15668904781341553
UC-zbEki0l8lx5HGfb31YmOg,UC1sCMCM2yQqS3dggBcTbNSg,4,0.12306282,0.1525951474905014
UC-zbEki0l8lx5HGfb31YmOg,UC4N7NpqbOJ-F8wna4Nf_Xaw,3,0.10467981,0.1340206265449524
UC-zeaPnxZHE3EcTyVl1fTdw,UC14QT5j2nQI8lKBCGtrrBQA,3,0.13457137,0.18639662861824036
UC-zeaPnxZHE3EcTyVl1fTdw,UC1DCedRgGHBdm81E1llLhOQ,3,0.13457137,0.25322163105010986
UC-zeaPnxZHE3EcTyVl1fTdw,UC1oPBUWifc0QOOY8DEKhLuQ,4,0.1648744,0.1919153332710266
UC-zeaPnxZHE3EcTyVl1fTdw,UC3-1iYGHfR43q_b974vUNYg,3,0.11897684,0.12470932304859161
UC-zp2IkXgo4BP_dpXP2_z_A,UC0rvsDnTlvualb1EkgbxBzQ,3,0.1025,0.13083972036838531
UC-zp2IkXgo4BP_dpXP2_z_A,UC28hcmMG3TJv60Byo528VVg,3,0.12388158,0.1778222620487213
UC0-Cp_cg9_Orij5XDoNyJ-g,UC0-NdXj3Hzcr7EFh5hP00vw,4,0.15031363,0.301183819770813
UC0-Cp_cg9_Orij5XDoNyJ-g,UC1rUV89a6t4kEI8-M8spNtA,3,0.1125,0.27669665217399597
UC0-H-XRuSPbDdPRmAnuzxSQ,UC0D6qi-Gr5RW7hqOvTEKmAw,3,0.10170251,1.0
UC0-NdXj3Hzcr7EFh5hP00vw,UC1H5dv45x2aFKk-6JZLSWIQ,3,0.12053571,0.1331062912940979
UC008cuJ34I24TmRiIbPpMKg,UC0aToF412eWBjYJ6pPzUuZQ,4,0.15190013,0.15140756964683533
UC00lzukQcBYz0gMCvlmM5_g,UC0AuyBe0-TDTqSWY27nhYBw,3,0.101044044,0.15682920813560486
UC00lzukQcBYz0gMCvlmM5_g,UC0GSA71KjRnFvj2GCUYLIIg,3,0.08529015,0.1666048765182495
UC00lzukQcBYz0gMCvlmM5_g,UC0LUZomFWMyUA9JywQb-GvA,4,0.11760532,0.1637781858444214
UC00lzukQcBYz0gMCvlmM5_g,UC0U3SshJ2N0T8Lewn8Kwx1g,3,0.089149095,0.24396125972270966
UC00lzukQcBYz0gMCvlmM5_g,UC1uVJSclfUKr6RNa5C5zluw,3,0.085035846,0.1545666754245758
UC00rnQH4OeToDAK93dD3fmQ,UC14QT5j2nQI8lKBCGtrrBQA,3,0.15802988,0.12143754959106445
UC00rnQH4OeToDAK93dD3fmQ,UC1naW_Wi8SgpjdyLA0YR9QQ,3,0.11213517,0.25645458698272705
UC00rnQH4OeToDAK93dD3fmQ,UC2oltT8x0Su-XR0JolJXqIw,3,0.13116884,0.1918725222349167
UC00rnQH4OeToDAK93dD3fmQ,UC64KwGynvj3hA7T0C9gC5cA,3,0.119877115,0.15984779596328735
UC01BeAkSUXcRX43_mPEz40g,UC01iOPW5JvjdpoCfaY8SbTw,5,0.14045809,0.18482595682144165
UC01BeAkSUXcRX43_mPEz40g,UC0fBJ4vGh5AtOXv-cR1EIRw,3,0.09292881,0.22073149681091309
UC01BeAkSUXcRX43_mPEz40g,UC0maaIVfCFgN_nJNdagpskA,3,0.08070055,0.14464788138866425
UC01BeAkSUXcRX43_mPEz40g,UC1GMZ_ut3y5h1V6qlAB6_NA,3,0.08914909,0.347412645816803
UC01BeAkSUXcRX43_mPEz40g,UC1ahId_-0jdVG0zrgbEIAzQ,3,0.08463902,0.12679621577262878
UC01BeAkSUXcRX43_mPEz40g,UC1pSncDXYrP1c6VWDGIGcNg,5,0.1461488,0.16984401643276215
UC01BeAkSUXcRX43_mPEz40g,UC2H9JFGicoq2me411QvDX5g,5,0.15611252,0.22131876647472382
UC01BeAkSUXcRX43_mPEz40g,UC3sxk9gzpiqhlIdgsOGIULw,3,0.08521974,0.2505771219730377
UC01BeAkSUXcRX43_mPEz40g,UC4QcbLJWP6PEQu0eZ_AYWkw,3,0.104307756,0.3128225803375244
UC01BeAkSUXcRX43_mPEz40g,UC5qXwHPFT6kzlbgxmZG9oug,3,0.09531225,0.29127851128578186
UC01Ng5lwle6eRSl3rUrbBXg,UC0AuyBe0-TDTqSWY27nhYBw,4,0.14369377,0.19468073546886444
UC01SsDYI6ZNFz-jD-dA_u9A,UC059SA_tX-AptG0JdMgDG3g,3,0.11722488,0.12188326567411423
UC01SsDYI6ZNFz-jD-dA_u9A,UC14Yc2Qv92DMuyNRlHvpo2Q,3,0.13852814,0.20810851454734802
UC01SsDYI6ZNFz-jD-dA_u9A,UC1H5dv45x2aFKk-6JZLSWIQ,3,0.11937928,0.13885492086410522
UC01YF5kNmfaM9lNb0Qarb1w,UC0NW9j5c23P23RIfxL1DRsA,3,0.109411776,0.1763419359922409
UC01YF5kNmfaM9lNb0Qarb1w,UC0rvsDnTlvualb1EkgbxBzQ,3,0.09131653,0.13787586987018585
UC01YF5kNmfaM9lNb0Qarb1w,UC16NNFKodOsrgi0Nla5XPKg,3,0.101904765,0.16408850252628326
UC01YF5kNmfaM9lNb0Qarb1w,UC1pSncDXYrP1c6VWDGIGcNg,3,0.09131653,0.1762322634458542
UC01YF5kNmfaM9lNb0Qarb1w,UC2A9bPIozUiYiXBbBdCF3eA,3,0.09131653,0.12351233512163162
UC01eIu3mRgE8aMtq_WrazGQ,UC0TNiclinjGoFh1MyFi0N5g,5,0.18587485,0.2785005569458008
UC01eIu3mRgE8aMtq_WrazGQ,UC1xUVJIbbM-PV5W0Cci6zuA,3,0.10725806,0.16795772314071655
UC01eIu3mRgE8aMtq_WrazGQ,UC2LJKazqzQ-4ZFWPZFPLDSQ,3,0.1033365,0.1439131498336792
UC01iOPW5JvjdpoCfaY8SbTw,UC0BCfHbNORhd7dsw1R5rw9w,3,0.097210035,0.1552577167749405
UC01iOPW5JvjdpoCfaY8SbTw,UC0BSwbn-6xUz_ZiRzwVj27w,5,0.15353039,0.16505186259746552
UC01iOPW5JvjdpoCfaY8SbTw,UC0K-L3dioNK9vi11wR_nCBQ,5,0.16616897,0.16499245166778564
UC01iOPW5JvjdpoCfaY8SbTw,UC0PotgTwYxbOZuM9FbWKdcg,20,0.6151098,0.1314079314470291
UC01iOPW5JvjdpoCfaY8SbTw,UC0Rjg-kUtUCEvdMYwPQTUSA,3,0.100230426,0.21653814613819122
UC01iOPW5JvjdpoCfaY8SbTw,UC0TNiclinjGoFh1MyFi0N5g,6,0.17595574,0.17176300287246704
UC01iOPW5JvjdpoCfaY8SbTw,UC0xYGj09xcSMEIN56dNn8GA,5,0.15805736,0.16508716344833374
UC01iOPW5JvjdpoCfaY8SbTw,UC1DlDWqOwD1B0SH4Hngh-2A,3,0.08992675,0.21782860159873962
UC01iOPW5JvjdpoCfaY8SbTw,UC1GP1tLvu6bp9e69kn53GfA,3,0.10357142,0.14447733759880066
UC01iOPW5JvjdpoCfaY8SbTw,UC1_4Dgxm7gwcs7TPXPjcNwg,3,0.08673836,0.12539614737033844
UC01iOPW5JvjdpoCfaY8SbTw,UC1ano3Qb1ORaTCWxdEQ0YTg,3,0.09559387,0.21105897426605225
UC01iOPW5JvjdpoCfaY8SbTw,UC1l_qPyQf9Fk3u59PoFe3sg,3,0.11145062,0.1752215027809143
UC01iOPW5JvjdpoCfaY8SbTw,UC1pSncDXYrP1c6VWDGIGcNg,6,0.19436234,0.1638445407152176
UC01iOPW5JvjdpoCfaY8SbTw,UC1yMehQx8NdlIFJlPzptRYg,6,0.1865821,0.23756571114063263
UC01iOPW5JvjdpoCfaY8SbTw,UC2H9JFGicoq2me411QvDX5g,6,0.17573634,0.18072029948234558
UC01iOPW5JvjdpoCfaY8SbTw,UC2qbc9D3CcDRi_r394bGuLA,3,0.079945795,0.13821721076965332
UC01kcYpT2NKrrJWkC-h90YQ,UC0ksmumBTu2gltpZpwksbcA,3,0.11499806,0.1260242909193039
UC01kcYpT2NKrrJWkC-h90YQ,UC0nFKe_NyHM5UUQ5J40ktHA,3,0.10296101,0.18905019760131836
UC01kcYpT2NKrrJWkC-h90YQ,UC1FQWQ3y3-e8l1pCtWhJt5A,3,0.124430634,0.12408900260925293
UC02JeoV59i0yhDj009s73GQ,UC07a-1FKy4sJ4ZZTpp2RN5g,3,0.123949595,0.15628191828727722
UC02JeoV59i0yhDj009s73GQ,UC0dXZdPnEK8XOa-uiQyXeTw,3,0.107872196,0.16324995458126068
UC02JeoV59i0yhDj009s73GQ,UC0hh25w8RfCziRWRMvUJ5lw,3,0.10786659,0.16290242969989777
UC02JeoV59i0yhDj009s73GQ,UC1p51viJBYQyLkDyeADMPug,3,0.13417366,0.13648661971092224
UC02JeoV59i0yhDj009s73GQ,UC3_oSWRmPBpnhlzaWLZBafQ,3,0.09828548,0.12043095380067825
UC02YuILI65J8WK_AY2Y0LuA,UC0FFHRF1mytLDhs6nxqGIQg,5,0.14481218,0.1226709857583046
UC02YuILI65J8WK_AY2Y0LuA,UC0dXZdPnEK8XOa-uiQyXeTw,3,0.09498534,0.2333071529865265
UC02s8Qvi4R9sKkARv_H5WGg,UC0NEFJxGzqMUVzh7b0sc1Uw,3,0.120071694,0.14811432361602783
UC038ST96Lg0E01VVSOCAMnA,UC08xdTMKb_imvITR1dhglgg,3,0.12258853,0.3692900836467743
UC038ST96Lg0E01VVSOCAMnA,UC0AFpKRYgpcsr0zLFUE6hlg,3,0.13347764,0.3171662390232086
UC03xL_ToxDESN8icNsPyHeA,UC0iJ8CReKfQUKJHmHjhPmXQ,3,0.09553572,0.26144659519195557
UC04aC2u75V9tL5vLvCjDbQA,UC1fU17Mv-07UYfQYNE6CMAQ,3,0.11203703,0.3779129981994629
UC04oPzeoQiTne13IunjNT2g,UC0DlQBzPBEz7XPNmdpOVLLw,3,0.09761905,0.17957861721515656
UC04oPzeoQiTne13IunjNT2g,UC0LtdRW5VqSXnlq5FIcfzQg,24,0.782863,0.5099236965179443
UC04oPzeoQiTne13IunjNT2g,UC0SKIdgDQXqV4iSqOmDLSFQ,7,0.23444392,0.1910168081521988
UC04oPzeoQiTne13IunjNT2g,UC0jNEDGSBcLnfQ8PDhkuYtA,8,0.2807649,0.29559385776519775
UC04oPzeoQiTne13IunjNT2g,UC0mkUet8Tqz-rA7R3kDqRyg,3,0.090522885,0.13851845264434814
UC04oPzeoQiTne13IunjNT2g,UC0xRMqPOyRNPTaL6BxhbCnQ,7,0.23706666,0.17036345601081848
UC04oPzeoQiTne13IunjNT2g,UC1CmBZNCHu8Hq5gr7POCSIg,3,0.08187134,0.12454134970903397
UC04oPzeoQiTne13IunjNT2g,UC1YCT9S8BFkXMYfOn6x0sgg,21,0.68787265,0.39496910572052
UC04oPzeoQiTne13IunjNT2g,UC1kZTLuxcZ1ICgKg4YnLLcA,5,0.15078165,0.14930248260498047
UC04oPzeoQiTne13IunjNT2g,UC1uj19dZQXa17-SqNGpVNLw,4,0.12623717,0.18647611141204834
UC04oPzeoQiTne13IunjNT2g,UC2AVtTOAnC89oOgwobq45mQ,4,0.116204515,0.1807919442653656
UC04oPzeoQiTne13IunjNT2g,UC2KOXsfA1rBg5eaBBL0DXTw,3,0.10250626,0.2071426808834076
UC04oPzeoQiTne13IunjNT2g,UC2M-72jG8rauIKm6OSUnZoA,5,0.17303993,0.22905544936656952
UC04oPzeoQiTne13IunjNT2g,UC2sBUignRWMrKJtIztlq_VA,6,0.18465935,0.24446412920951843
UC04oPzeoQiTne13IunjNT2g,UC3N68KFMqDwacbD-WImpcvg,4,0.14009708,0.2400510013103485
UC04oPzeoQiTne13IunjNT2g,UC3i7EDSiTalpUh81RUNuxFQ,3,0.10182282,0.14579364657402039
UC04oPzeoQiTne13IunjNT2g,UC3vnXo3ZBJA0mDX8EVZDYmA,4,0.13097644,0.19684730470180511
UC04oPzeoQiTne13IunjNT2g,UC59QmljwcLTry65r8d_mllA,4,0.12698919,0.22261717915534973
UC04oPzeoQiTne13IunjNT2g,UC5_-qhFtHJP-ggLNKcdcuDQ,3,0.115984395,0.17311812937259674
UC04oPzeoQiTne13IunjNT2g,UC5qdpFDdzySFubUaDgCDoHQ,4,0.1546837,0.1470627337694168
UC04oPzeoQiTne13IunjNT2g,UC5t5yQzJFvoMkLI5XXZiiIQ,6,0.20082173,0.23204001784324646
UC04oPzeoQiTne13IunjNT2g,UC6OHCySp4R4_LsyKva1EcMA,4,0.13037719,0.14355655014514923
UC04oPzeoQiTne13IunjNT2g,UC7Pd7bhUlyU0KZcD7Muja_A,5,0.18699172,0.17797903716564178
UC04oPzeoQiTne13IunjNT2g,UC7VFKdb5_4Ik6_N1LG4eU_A,3,0.11240484,0.1471015214920044
UC04upX3blwqu1rJK-rLFYHQ,UC0LfDpgSw82vYg_mL-OQR6Q,3,0.118364334,0.1338554471731186
UC04upX3blwqu1rJK-rLFYHQ,UC16NNFKodOsrgi0Nla5XPKg,4,0.12198275,0.14476655423641205
UC059SA_tX-AptG0JdMgDG3g,UC0FFHRF1mytLDhs6nxqGIQg,16,0.52513856,0.13787555694580078
UC059SA_tX-AptG0JdMgDG3g,UC0PotgTwYxbOZuM9FbWKdcg,35,1.1761986,0.160016730427742
UC059SA_tX-AptG0JdMgDG3g,UC0Whg8Zz7TT1VSpWeCjghKg,3,0.10697033,0.15315133333206177
UC059SA_tX-AptG0JdMgDG3g,UC0YdreHTXA1FXHNb6psd2CQ,7,0.22603202,0.16034641861915588
UC059SA_tX-AptG0JdMgDG3g,UC0aToF412eWBjYJ6pPzUuZQ,13,0.4355526,0.14573848247528076
UC059SA_tX-AptG0JdMgDG3g,UC0nFKe_NyHM5UUQ5J40ktHA,5,0.1545716,0.12424372881650925
UC059SA_tX-AptG0JdMgDG3g,UC0tZzQK6ZSzQ4h-qR5lJXgA,4,0.14700772,0.1366950422525406
UC059SA_tX-AptG0JdMgDG3g,UC0yQ2h4gQXmVUFWZSqlMVOA,23,0.8433119,0.2514140009880066
UC059SA_tX-AptG0JdMgDG3g,UC1FZ-jmqm3WyUkcSFhbszqA,4,0.14824246,0.1404569149017334
UC059SA_tX-AptG0JdMgDG3g,UC1GsBI4yJhQmW-Zp-NuXDNg,4,0.15919614,0.1236186996102333
UC059SA_tX-AptG0JdMgDG3g,UC1bmnUH1ffc63zohkPvtXcQ,15,0.5380432,0.14507703483104706
UC059SA_tX-AptG0JdMgDG3g,UC25Ah0_XF2lOUwWV9VSfl2g,7,0.21169588,0.14186295866966248
UC059SA_tX-AptG0JdMgDG3g,UC2FsTPZ5-qIvL-qJaO8ii4Q,3,0.0925926,0.12357605248689651
UC059SA_tX-AptG0JdMgDG3g,UC2oQ5573SQ8ouFun0qQw27w,3,0.09191176,0.12268857657909393
UC059SA_tX-AptG0JdMgDG3g,UC9Q4r9A7tyivDJDqacdX2Ig,3,0.10891609,0.16545525193214417
UC077797x8s188d_h0vrGBHA,UC1S2_rXnhdcLkiQAV0kwGIg,3,0.100230426,0.13489091396331787
UC07a-1FKy4sJ4ZZTpp2RN5g,UC0FFHRF1mytLDhs6nxqGIQg,9,0.36374956,0.15648451447486877
UC07a-1FKy4sJ4ZZTpp2RN5g,UC0M8YI6T69ZgGxWERk681tQ,3,0.1429404,0.1684102863073349
UC07a-1FKy4sJ4ZZTpp2RN5g,UC1bt4jsQi5JDW9tR-qaI4lg,3,0.14722611,0.1330389827489853
UC07a-1FKy4sJ4ZZTpp2RN5g,UC3FKwhMnGdubV8oc54EOlDw,9,0.40235487,0.4759819507598877
UC07a-1FKy4sJ4ZZTpp2RN5g,UC3qtgGE9R6fJ4h-jcPNixjQ,4,0.12636785,0.16418595612049103
UC07a-1FKy4sJ4ZZTpp2RN5g,UCAFV09iwEkr9q-oSD6AtXNA,4,0.22656408,0.4852408468723297
UC089UQ4bfVnh8MatGM9Ofqg,UC0YdreHTXA1FXHNb6psd2CQ,3,0.09261842,0.18831229209899902
UC089UQ4bfVnh8MatGM9Ofqg,UC0aToF412eWBjYJ6pPzUuZQ,4,0.14174083,0.13593165576457977
UC08cbDyoQG0J8kBfED402TA,UC1bt4jsQi5JDW9tR-qaI4lg,3,0.08715081,0.1438191682100296
UC08xdTMKb_imvITR1dhglgg,UC2-biDVK0E3d_Rp6rYoh4cQ,3,0.1333063,0.23019835352897644
UC09D3M_DdLaZMJnZp0v4pLQ,UC0D596LYDZO95xGiNAGYs2g,5,0.1689279,0.137991264462471
UC09D3M_DdLaZMJnZp0v4pLQ,UC0FFHRF1mytLDhs6nxqGIQg,21,0.754835,0.30962878465652466
UC09D3M_DdLaZMJnZp0v4pLQ,UC0aToF412eWBjYJ6pPzUuZQ,7,0.24297579,0.12702013552188873
UC09D3M_DdLaZMJnZp0v4pLQ,UC0e6zo8oX6ISSBjPaSZsjeA,6,0.20136838,0.14183126389980316
UC09D3M_DdLaZMJnZp0v4pLQ,UC25f1FyMuKnMapFO5w98N_g,4,0.15305436,0.13402873277664185
UC09D3M_DdLaZMJnZp0v4pLQ,UC2fHPR-NxuYGd1oMOGXLwFA,3,0.12738095,0.17377904057502747
UC09D3M_DdLaZMJnZp0v4pLQ,UC3-ReVazV9vfnKVeNl9mrfA,3,0.12023809,0.13220256567001343
UC09D3M_DdLaZMJnZp0v4pLQ,UC3mm_8VUTwXyHXFkGV_GbYA,3,0.09637606,0.19782805442810059
UC09d82usokACH1z5YeKnfiA,UC0C-w0YjGpqDXGB8IHb662A,5,0.18498467,0.31803804636001587
UC09d82usokACH1z5YeKnfiA,UC0SG0ourp3Qrt_7bqgxdCeg,3,0.11527313,0.3827291429042816
UC09d82usokACH1z5YeKnfiA,UC1SqP7_RfOC9Jf9L_GRHANg,3,0.12040134,0.40639591217041016
UC09o0gfx7MdL4EKkG_r1FMQ,UC3GEdr3hViGQqibBucxweag,3,0.110360354,0.1670178920030594
UC0AFf9DVDEmVitLIm04RubQ,UC0yQ2h4gQXmVUFWZSqlMVOA,3,0.10674858,0.15655823051929474
UC0AFpKRYgpcsr0zLFUE6hlg,UC0xRMqPOyRNPTaL6BxhbCnQ,3,0.1095238,0.13613168895244598
UC0AFpKRYgpcsr0zLFUE6hlg,UC14Yc2Qv92DMuyNRlHvpo2Q,3,0.10363637,0.12914860248565674
UC0AFpKRYgpcsr0zLFUE6hlg,UC1HkjsJ0Ttu7vd5mhbJgd9g,3,0.09285715,0.2493748813867569
UC0AFpKRYgpcsr0zLFUE6hlg,UC5Qgc-tEFmm5iQX5tUy6TyA,3,0.08655085,0.1620134562253952
UC0AH-xo5ttx9PCEol_M1Myg,UC1FB7SPHoJOIfRrrqHbrhEQ,4,0.17647763,0.34220078587532043
UC0AVyhbJ1kGqVOfX-MEzrxA,UC0LUZomFWMyUA9JywQb-GvA,3,0.10267858,0.15441499650478363
UC0AVyhbJ1kGqVOfX-MEzrxA,UC0e6zo8oX6ISSBjPaSZsjeA,3,0.113095246,0.12881340086460114
UC0AVyhbJ1kGqVOfX-MEzrxA,UC0jwY5fVb-KGCsI3_wR2eMQ,3,0.09399132,0.18882322311401367
UC0AagSlBxG7IQPGRwwoGDWg,UC0FFHRF1mytLDhs6nxqGIQg,10,0.3273523,0.13522711396217346
UC0AagSlBxG7IQPGRwwoGDWg,UC0yQ2h4gQXmVUFWZSqlMVOA,8,0.28759718,0.13490277528762817
UC0AagSlBxG7IQPGRwwoGDWg,UC14Yc2Qv92DMuyNRlHvpo2Q,4,0.14761764,0.12990131974220276
UC0AagSlBxG7IQPGRwwoGDWg,UC16NNFKodOsrgi0Nla5XPKg,5,0.1732223,0.1220737099647522
UC0AagSlBxG7IQPGRwwoGDWg,UC1B51m7HSWGpm_qDDgoIeqA,4,0.13280317,0.1754545420408249
UC0AagSlBxG7IQPGRwwoGDWg,UC1OdBHC5rlBb1VRtxrlGl4A,4,0.14145309,0.17256249487400055
UC0AagSlBxG7IQPGRwwoGDWg,UC1S31PbQRHVqGbe2mSwyQ6g,4,0.15170251,0.15034465491771698
UC0AagSlBxG7IQPGRwwoGDWg,UC1WkFVOCTPdY782AJ1PZ-JQ,10,0.35146987,0.12809059023857117
UC0AagSlBxG7IQPGRwwoGDWg,UC1sCMCM2yQqS3dggBcTbNSg,3,0.10527597,0.13612641394138336
UC0AagSlBxG7IQPGRwwoGDWg,UC1zsShDyJp8AafQu9BPo1PQ,7,0.24904983,0.13451671600341797
UC0AagSlBxG7IQPGRwwoGDWg,UC25EBu6EIw7ZJmQPzPq5f4w,3,0.09899889,0.15380693972110748
UC0AanNmw5A6nchQca8IbKMg,UC0FFHRF1mytLDhs6nxqGIQg,10,0.34694955,0.14707723259925842
UC0AanNmw5A6nchQca8IbKMg,UC0LUZomFWMyUA9JywQb-GvA,4,0.12529016,0.12041494995355606
UC0AanNmw5A6nchQca8IbKMg,UC0aToF412eWBjYJ6pPzUuZQ,6,0.2323793,0.12554426491260529
UC0AanNmw5A6nchQca8IbKMg,UC0cvEna9UC8zeYNXx2niYyg,3,0.098873004,0.14707832038402557
UC0AanNmw5A6nchQca8IbKMg,UC17qqZ8hk0HkHLm3zj5bnyQ,4,0.14402336,0.1286306530237198
UC0AanNmw5A6nchQca8IbKMg,UC1bt4jsQi5JDW9tR-qaI4lg,5,0.18159738,0.16170147061347961
UC0AanNmw5A6nchQca8IbKMg,UC1z_KW_4kppjwbRwpPdVnRg,5,0.17296684,0.1447211652994156
UC0AanNmw5A6nchQca8IbKMg,UC2D2CMWXMOVWx7giW1n3LIg,5,0.18415819,0.20167508721351624
UC0AanNmw5A6nchQca8IbKMg,UC4lN5sizuJraSHqy99xTy6Q,11,0.4049541,0.12988901138305664
UC0AuyBe0-TDTqSWY27nhYBw,UC0FFHRF1mytLDhs6nxqGIQg,9,0.27126664,0.12206241488456726
UC0AuyBe0-TDTqSWY27nhYBw,UC0FkyfBoJXIIuQeZ9iurwNQ,9,0.3078162,0.19585485756397247
UC0AuyBe0-TDTqSWY27nhYBw,UC0NEFJxGzqMUVzh7b0sc1Uw,5,0.1667768,0.1387558877468109
UC0AuyBe0-TDTqSWY27nhYBw,UC0aToF412eWBjYJ6pPzUuZQ,8,0.2759052,0.15822157263755798
UC0AuyBe0-TDTqSWY27nhYBw,UC0jwY5fVb-KGCsI3_wR2eMQ,3,0.099222355,0.13521891832351685
UC0B4rD2QKkIbHjuMub4jXhw,UC0C-w0YjGpqDXGB8IHb662A,3,0.12272727,0.16863863170146942
UC0B4rD2QKkIbHjuMub4jXhw,UC0LfDpgSw82vYg_mL-OQR6Q,3,0.11428571,0.1212809756398201
UC0BCfHbNORhd7dsw1R5rw9w,UC0BSwbn-6xUz_ZiRzwVj27w,5,0.15036479,0.27047887444496155
UC0BSwbn-6xUz_ZiRzwVj27w,UC0Wv49l3qlIdFX69FKD3y1g,3,0.09828296,0.12199672311544418
UC0BSwbn-6xUz_ZiRzwVj27w,UC0XmONh3BZgA6I0G4F7ZCDQ,5,0.17134726,0.15603552758693695
UC0BSwbn-6xUz_ZiRzwVj27w,UC0YsAI8JC0yx1sCbshABidA,3,0.095003165,0.17724324762821198
UC0BSwbn-6xUz_ZiRzwVj27w,UC0wwyS5MbDCdbLjbtOt0yew,4,0.12429813,0.2165869176387787
UC0BSwbn-6xUz_ZiRzwVj27w,UC34oyKa3OSUt8IXfi9MtrEA,3,0.112773366,0.12719063460826874
UC0Bsmeeuj9HfPbjAS7xrRkA,UC3h7LLJp2w7iWeXVlLim6Dw,3,0.09935065,0.2092835158109665
UC0Bsmeeuj9HfPbjAS7xrRkA,UC4LBOkVeWybjgZcruTPR1PQ,3,0.09519705,0.23418650031089783
UC0Bsmeeuj9HfPbjAS7xrRkA,UC585dIe6lG9UOR-CyE24wmQ,4,0.13383341,0.16664141416549683
UC0C-w0YjGpqDXGB8IHb662A,UC0MfjLaktBisOTKO9Xgj0ng,3,0.112030074,0.12854617834091187
UC0C-w0YjGpqDXGB8IHb662A,UC0R6UO7KdbteolkybHkrWVg,3,0.101044044,0.1840483546257019
UC0C-w0YjGpqDXGB8IHb662A,UC0SG0ourp3Qrt_7bqgxdCeg,3,0.11527313,0.17563992738723755
UC0C-w0YjGpqDXGB8IHb662A,UC0XmONh3BZgA6I0G4F7ZCDQ,5,0.20650735,0.15180420875549316
UC0C-w0YjGpqDXGB8IHb662A,UC0fvGpDXi7sV2hbgD-O47yw,3,0.10608466,0.15506605803966522
UC0C-w0YjGpqDXGB8IHb662A,UC1JblLAuGsgpxjQjROHfwzQ,3,0.1073077,0.16857163608074188
UC0C-w0YjGpqDXGB8IHb662A,UC1SqP7_RfOC9Jf9L_GRHANg,4,0.14041515,0.21750223636627197
UC0C-w0YjGpqDXGB8IHb662A,UC1bmnUH1ffc63zohkPvtXcQ,9,0.35791254,0.1377810835838318
UC0C6oq3TlGiSlDCei57hY6A,UC2GuoutVyegg6PUK88lLpjw,3,0.12761906,0.29978665709495544
UC0CBfGEPBfetFhZamwOUU9Q,UC0aToF412eWBjYJ6pPzUuZQ,3,0.101447046,0.14422020316123962
UC0D596LYDZO95xGiNAGYs2g,UC0FkyfBoJXIIuQeZ9iurwNQ,7,0.25252077,0.12662792205810547
UC0D596LYDZO95xGiNAGYs2g,UC0K6AgNQ19dBjzOZkY-ySyQ,4,0.12944761,0.19355522096157074
UC0D596LYDZO95xGiNAGYs2g,UC0LUZomFWMyUA9JywQb-GvA,5,0.17558849,0.14117422699928284
UC0D596LYDZO95xGiNAGYs2g,UC0_J_HiKEc4SG8E8_feekLA,3,0.12455629,0.1213514432311058
UC0D596LYDZO95xGiNAGYs2g,UC0bSCu9Ok99CHKOHpUyhCoA,4,0.1508121,0.16342253983020782
UC0D596LYDZO95xGiNAGYs2g,UC0eDNB1PZKimS476G5qYOEw,3,0.12578782,0.19657637178897858
UC0D596LYDZO95xGiNAGYs2g,UC0gpekdxUu5gN5SPGd9Nrdg,5,0.16204323,0.12556636333465576
UC0D596LYDZO95xGiNAGYs2g,UC0hUsLLUfRY5-Q05alte43g,3,0.0909648,0.13406598567962646
UC0D596LYDZO95xGiNAGYs2g,UC17qqZ8hk0HkHLm3zj5bnyQ,5,0.18951404,0.14159531891345978
UC0D596LYDZO95xGiNAGYs2g,UC1uHbAbleaXjfegbmFV9TVQ,6,0.23025051,0.1275874227285385
UC0D596LYDZO95xGiNAGYs2g,UC2ctq8sYlRXDUmsg3cEvvHQ,4,0.13858384,0.13769105076789856
UC0D596LYDZO95xGiNAGYs2g,UC3-ReVazV9vfnKVeNl9mrfA,4,0.13871051,0.1318538933992386
UC0D596LYDZO95xGiNAGYs2g,UC5oLRA4CAPwZdZ-o0yLF-Tg,4,0.15171261,0.20758919417858124
UC0D596LYDZO95xGiNAGYs2g,UC7BYJDxt7M3yddgHJAF4ZeA,3,0.11003584,0.18356047570705414
UC0D6L-NV6fdgbJMRZH1Q5Ig,UC4XS_dU0uz5ZU8RtO9p1DdQ,3,0.09073276,0.174613818526268
UC0DHkN8GvXGXRf3SA2PKKcg,UC1bmnUH1ffc63zohkPvtXcQ,3,0.102328435,0.1229482889175415
UC0DXhIBVUQtKB3s3SKp9f-w,UC0TNiclinjGoFh1MyFi0N5g,3,0.08189103,0.24792598187923431
UC0DsmFzmHGq_jRwMOaPEh4w,UC1yMehQx8NdlIFJlPzptRYg,3,0.11465201,0.17682264745235443
UC0DsmFzmHGq_jRwMOaPEh4w,UC5z705CUTh_plTUnvnSCvQw,4,0.24943063,0.28178587555885315
UC0E-n6k-gW3gHuTb1cTy42w,UC0L7F652u_2kIsirLNI6ZLQ,3,0.09957265,0.14915230870246887
UC0E-n6k-gW3gHuTb1cTy42w,UC0Wv49l3qlIdFX69FKD3y1g,3,0.09882189,0.25179484486579895
UC0EA20nvW9PmBCA4iIrAYvw,UC0Wv49l3qlIdFX69FKD3y1g,5,0.15958649,0.23879395425319672
UC0EA20nvW9PmBCA4iIrAYvw,UC0YsAI8JC0yx1sCbshABidA,3,0.124866314,0.2808240056037903
UC0EA20nvW9PmBCA4iIrAYvw,UC3Q-ctEYeOlYMECGzGBSrIg,3,0.11003788,0.33756667375564575
UC0EA20nvW9PmBCA4iIrAYvw,UC5FHro6XfWMGHafWWavzXaQ,5,0.23796903,0.47256410121917725
UC0Es_RHY2j9r53EnOZ14sDA,UC0FFHRF1mytLDhs6nxqGIQg,3,0.14192308,0.13111019134521484
UC0FFHRF1mytLDhs6nxqGIQg,UC0FkyfBoJXIIuQeZ9iurwNQ,24,0.8574932,0.21592457592487335
UC0FFHRF1mytLDhs6nxqGIQg,UC0I2N1lhmvCzT_VUEMJBhag,3,0.12701613,0.12826260924339294
UC0FFHRF1mytLDhs6nxqGIQg,UC0LHhyNIIh5L2WXu1aAK40w,4,0.20313132,0.13992230594158173
UC0FFHRF1mytLDhs6nxqGIQg,UC0LUZomFWMyUA9JywQb-GvA,10,0.31328756,0.12648573517799377
UC0FFHRF1mytLDhs6nxqGIQg,UC0PotgTwYxbOZuM9FbWKdcg,72,2.4217298,0.22346584498882294
UC0FFHRF1mytLDhs6nxqGIQg,UC0XmONh3BZgA6I0G4F7ZCDQ,14,0.45030317,0.1572616547346115
UC0FFHRF1mytLDhs6nxqGIQg,UC0aToF412eWBjYJ6pPzUuZQ,29,0.9118853,0.20695436000823975
UC0FFHRF1mytLDhs6nxqGIQg,UC0e6zo8oX6ISSBjPaSZsjeA,16,0.5244181,0.16035525500774384
UC0FFHRF1mytLDhs6nxqGIQg,UC0gpekdxUu5gN5SPGd9Nrdg,12,0.3911355,0.1521979123353958
UC0FFHRF1mytLDhs6nxqGIQg,UC0hh25w8RfCziRWRMvUJ5lw,7,0.24802631,0.1278037428855896
UC0FFHRF1mytLDhs6nxqGIQg,UC0yQ2h4gQXmVUFWZSqlMVOA,29,0.9339983,0.18886347115039825
UC0FFHRF1mytLDhs6nxqGIQg,UC10TxL8K3RaN8-q_DUs4VQQ,3,0.097565785,0.13181225955486298
UC0FFHRF1mytLDhs6nxqGIQg,UC15oAZnbkwc0NFn-20kY4OQ,5,0.15585467,0.12132412940263748
UC0FFHRF1mytLDhs6nxqGIQg,UC17F_2PziMdtCzRb_CT3rIg,4,0.14890075,0.12373970448970795
UC0FFHRF1mytLDhs6nxqGIQg,UC17s95XZ2Eow-pB0AudhSeA,5,0.17252153,0.12485910952091217
UC0FFHRF1mytLDhs6nxqGIQg,UC1N2_2vCoyd3EvGcVuwTfmw,14,0.50667596,0.127129927277565
UC0FFHRF1mytLDhs6nxqGIQg,UC1NciQ9_T2vwtI1oWuQSM-g,11,0.34276545,0.12139967083930969
UC0FFHRF1mytLDhs6nxqGIQg,UC1OdBHC5rlBb1VRtxrlGl4A,7,0.24236675,0.12745963037014008
UC0FFHRF1mytLDhs6nxqGIQg,UC1WkFVOCTPdY782AJ1PZ-JQ,36,1.2412418,0.19500744342803955
UC0FFHRF1mytLDhs6nxqGIQg,UC1bmnUH1ffc63zohkPvtXcQ,23,0.75867194,0.13875102996826172
UC0FFHRF1mytLDhs6nxqGIQg,UC1gHtxTKm_6ZE2_n__vRlwA,8,0.26294458,0.13204973936080933
UC0FFHRF1mytLDhs6nxqGIQg,UC1uHbAbleaXjfegbmFV9TVQ,15,0.439812,0.1223808154463768
UC0FFHRF1mytLDhs6nxqGIQg,UC1zsShDyJp8AafQu9BPo1PQ,16,0.58958346,0.1372780054807663
UC0FFHRF1mytLDhs6nxqGIQg,UC2-L9lYVOdgqJn75iaJuT0Q,4,0.11760163,0.1447150558233261
UC0FFHRF1mytLDhs6nxqGIQg,UC25f1FyMuKnMapFO5w98N_g,12,0.41074422,0.15615233778953552
UC0FFHRF1mytLDhs6nxqGIQg,UC2GBngAKY8aBGLcwWwuJGHg,3,0.08768879,0.12496231496334076
UC0FFHRF1mytLDhs6nxqGIQg,UC2L2dBbBWuexPgOE4IdGu2g,12,0.43922204,0.12408140301704407
UC0FFHRF1mytLDhs6nxqGIQg,UC2PfKRw7oa2T_79cn0JH8Nw,4,0.12742764,0.15063948929309845
UC0FFHRF1mytLDhs6nxqGIQg,UC2vi2elY5r_NiMMar423Xwg,20,0.63029236,0.14753906428813934
UC0FFHRF1mytLDhs6nxqGIQg,UC3Xwhwh6Gx0UKf2II1NFdYw,3,0.12579367,0.12049657106399536
UC0FFHRF1mytLDhs6nxqGIQg,UC3h7LLJp2w7iWeXVlLim6Dw,11,0.35429528,0.13847482204437256
UC0FFHRF1mytLDhs6nxqGIQg,UC4lN5sizuJraSHqy99xTy6Q,32,1.1314557,0.15245410799980164
UC0FkyfBoJXIIuQeZ9iurwNQ,UC0PotgTwYxbOZuM9FbWKdcg,46,1.5251188,0.19899696111679077
UC0FkyfBoJXIIuQeZ9iurwNQ,UC0aToF412eWBjYJ6pPzUuZQ,19,0.60531896,0.19425666332244873
UC0FkyfBoJXIIuQeZ9iurwNQ,UC0ksmumBTu2gltpZpwksbcA,11,0.37265134,0.1714608371257782
UC0FkyfBoJXIIuQeZ9iurwNQ,UC0nFKe_NyHM5UUQ5J40ktHA,5,0.16774681,0.12931744754314423
UC0FkyfBoJXIIuQeZ9iurwNQ,UC1iA6_NT4mtAcIII6ygrvCw,3,0.13108161,0.13960492610931396
UC0FkyfBoJXIIuQeZ9iurwNQ,UC1p2KhFA_poWyYlUTzAxXRw,5,0.16393177,0.1324184387922287
UC0FkyfBoJXIIuQeZ9iurwNQ,UC2QBYE7QabwH_7krAAp2T-g,8,0.27337047,0.12234048545360565
UC0FkyfBoJXIIuQeZ9iurwNQ,UC2vi2elY5r_NiMMar423Xwg,13,0.44400898,0.14696504175662994
UC0FkyfBoJXIIuQeZ9iurwNQ,UC3GpbpDEr8mp3ZZ8DDO65fg,9,0.27802244,0.12085860222578049
UC0FkyfBoJXIIuQeZ9iurwNQ,UC4lN5sizuJraSHqy99xTy6Q,20,0.702889,0.13392005860805511
UC0FkyfBoJXIIuQeZ9iurwNQ,UC9wJ6QjXK9kmESZG3aBpCCg,3,0.09907407,0.1243409588932991
UC0FkyfBoJXIIuQeZ9iurwNQ,UCCP_E80UuuLj0avFzN9vTPQ,3,0.11396012,0.18110376596450806
UC0FkyfBoJXIIuQeZ9iurwNQ,UCS5dVIXy8SYcIMWRmEI-_3A,3,0.1851852,0.12760767340660095
UC0GSA71KjRnFvj2GCUYLIIg,UC0TNiclinjGoFh1MyFi0N5g,4,0.10646263,0.14275257289409637
UC0GSA71KjRnFvj2GCUYLIIg,UC0U3SshJ2N0T8Lewn8Kwx1g,3,0.08391805,0.21172527968883514
UC0GSA71KjRnFvj2GCUYLIIg,UC0Wv49l3qlIdFX69FKD3y1g,3,0.08530405,0.12913832068443298
UC0GSA71KjRnFvj2GCUYLIIg,UC0eN2lZzUS1mbNOugWsisvw,4,0.12120215,0.26907747983932495
UC0GSA71KjRnFvj2GCUYLIIg,UC0ksmumBTu2gltpZpwksbcA,4,0.12007689,0.12425344437360764
UC0GSA71KjRnFvj2GCUYLIIg,UC1AtOYBE-rrvc2NytR1q_5A,3,0.1006734,0.1880718171596527
UC0GSA71KjRnFvj2GCUYLIIg,UC7D5cHlavNWxEfnKkyMQGcQ,3,0.08763309,0.17862872779369354
UC0GZNP_j1q1jQTyylQU1cZw,UC0_J_HiKEc4SG8E8_feekLA,3,0.12916666,0.1435771882534027
UC0GZNP_j1q1jQTyylQU1cZw,UC0qQmKEox2C4fT_o1kedZLw,3,0.09428815,0.2099631279706955
UC0GZNP_j1q1jQTyylQU1cZw,UC2R3lvSwIQMNCc9qdhNUOKQ,3,0.09280303,0.23929928243160248
UC0GZNP_j1q1jQTyylQU1cZw,UC3D2Id9EjpEiU2eXHe-Izlg,3,0.11342691,0.18851327896118164
UC0GZNP_j1q1jQTyylQU1cZw,UC46u5qG6vqDdrNYgqRVvq3Q,4,0.13926564,0.13434948027133942
UC0GZNP_j1q1jQTyylQU1cZw,UC4URX_WLZ2EHWuIOtTpYXyA,3,0.10896261,0.12469197064638138
UC0GZNP_j1q1jQTyylQU1cZw,UC4b2j0oY5iop4cqREcBGs3A,3,0.100230426,0.13460291922092438
UC0GgO2x6jsXWnJw3ZVxCk-g,UCJOGhcQGkbDJXzXEk54Ro5g,3,0.17592593,0.41773515939712524
UC0HFgxVVovAmhaLBSlalGIA,UC1H5dv45x2aFKk-6JZLSWIQ,3,0.11993927,0.19055841863155365
UC0Hul89PTAXeu1ibaviCCbg,UC0T9mx1-Nqd01vPFmpk7amA,3,0.16267943,0.16878990828990936
UC0InKCF8eQsKjs8O908yNDw,UC2A9bPIozUiYiXBbBdCF3eA,3,0.11392474,0.14895044267177582
UC0Ize0RLIbGdH5x4wI45G-A,UC0L7F652u_2kIsirLNI6ZLQ,3,0.10902777,0.18625980615615845
UC0K-L3dioNK9vi11wR_nCBQ,UC0w34ML2u_eWfWv6ZflIXxA,5,0.17784944,0.145549014210701
UC0K-L3dioNK9vi11wR_nCBQ,UC1gHtxTKm_6ZE2_n__vRlwA,3,0.103299685,0.12493637949228287
UC0K-L3dioNK9vi11wR_nCBQ,UC2A9bPIozUiYiXBbBdCF3eA,6,0.20870371,0.12826497852802277
UC0K-L3dioNK9vi11wR_nCBQ,UC2kM-GuFyvSk2wpxs3OtPag,3,0.10007416,0.15498773753643036
UC0K-L3dioNK9vi11wR_nCBQ,UC2tT2TQ8TDjX6ZVd12N_n5w,3,0.11384863,0.1410573273897171
UC0K9cia9k4eN8cNoi1hXjlw,UC0NW9j5c23P23RIfxL1DRsA,5,0.19113316,0.2130788117647171
UC0L7F652u_2kIsirLNI6ZLQ,UC0Wv49l3qlIdFX69FKD3y1g,5,0.1669394,0.12488888949155807
UC0L7F652u_2kIsirLNI6ZLQ,UC0fSYqtJMTWXUNQ19QYWH3w,3,0.09769881,0.13059084117412567
UC0L7F652u_2kIsirLNI6ZLQ,UC0iQwTs59wwDHnyDI9LYGBw,5,0.16047484,0.1653517633676529
UC0L7F652u_2kIsirLNI6ZLQ,UC0p47apUYF0NuIki7Xq5tOg,3,0.0860548,0.13316254317760468
UC0L7F652u_2kIsirLNI6ZLQ,UC116P3VfoGEmOhRNODetbOA,3,0.09826007,0.12571407854557037
UC0L7F652u_2kIsirLNI6ZLQ,UC1WkFVOCTPdY782AJ1PZ-JQ,18,0.6485456,0.16012491285800934
UC0L7F652u_2kIsirLNI6ZLQ,UC1p2d2Fj7O9Kf0S7JmHhj-g,6,0.2030229,0.16264775395393372
UC0L7F652u_2kIsirLNI6ZLQ,UC1siOb3YGln2SqwT03jEZZg,3,0.089527026,0.13723550736904144
UC0L7F652u_2kIsirLNI6ZLQ,UC67Wr_9pA4I0glIxDt_Cpyw,7,0.72460884,0.1260615885257721
UC0L7F652u_2kIsirLNI6ZLQ,UC6dvyIhDcHROKLuNaQyRk7g,3,0.11666667,0.1649874746799469
UC0L9kkdJ2N6uMdhkEKaBg9A,UC0lxqpc2hANi2hjtUXiW8Qw,3,0.15368663,0.3317549228668213
UC0L9kkdJ2N6uMdhkEKaBg9A,UC3jMy08han2ODgu-0L-zMVA,3,0.19047618,0.4668557047843933
UC0LUZomFWMyUA9JywQb-GvA,UC0U408SFijimaTqkgvNYmMw,3,0.09519705,0.1623016744852066
UC0LUZomFWMyUA9JywQb-GvA,UC0bSCu9Ok99CHKOHpUyhCoA,7,0.24967621,0.30801814794540405
UC0LUZomFWMyUA9JywQb-GvA,UC0gpekdxUu5gN5SPGd9Nrdg,9,0.30205086,0.26646849513053894
UC0LUZomFWMyUA9JywQb-GvA,UC0hUsLLUfRY5-Q05alte43g,5,0.15718156,0.26373642683029175
UC0LUZomFWMyUA9JywQb-GvA,UC1ENP5pocbLPCMiIpq8iroA,3,0.08397011,0.2772386372089386
UC0LUZomFWMyUA9JywQb-GvA,UC1FB7SPHoJOIfRrrqHbrhEQ,3,0.095050685,0.1398782879114151
UC0LUZomFWMyUA9JywQb-GvA,UC1eJbTQqf2AXQIiV2wTee-Q,3,0.106249996,0.1512976735830307
UC0LUZomFWMyUA9JywQb-GvA,UC1p51viJBYQyLkDyeADMPug,4,0.18376625,0.14460326731204987
UC0LUZomFWMyUA9JywQb-GvA,UC1qf8_Vt6zIW2XP0j_FLtqA,3,0.10386904,0.127351775765419
UC0LUZomFWMyUA9JywQb-GvA,UC2GlmiEscZjR0bz8Ken0r4g,3,0.10503129,0.1621987223625183
UC0LUZomFWMyUA9JywQb-GvA,UC2KyBoTSiW7XvRGw53sNvdQ,3,0.104208186,0.15766799449920654
UC0LUZomFWMyUA9JywQb-GvA,UC31tv9pB5vAkGPUMeIxI9wQ,3,0.10353038,0.23310497403144836
UC0L_Udg6BpKp0TkBE56OxZw,UC1bmnUH1ffc63zohkPvtXcQ,3,0.10478579,0.12058811634778976
UC0LfDpgSw82vYg_mL-OQR6Q,UC0PotgTwYxbOZuM9FbWKdcg,24,0.9841174,0.14762082695960999
UC0LfDpgSw82vYg_mL-OQR6Q,UC0eDNB1PZKimS476G5qYOEw,3,0.094742075,0.12086203694343567
UC0LfDpgSw82vYg_mL-OQR6Q,UC1S31PbQRHVqGbe2mSwyQ6g,6,0.20679608,0.14362114667892456
UC0LfDpgSw82vYg_mL-OQR6Q,UC2-hRIDWzqAnTjOxdLDmhCA,3,0.11050528,0.1973544955253601
UC0LfDpgSw82vYg_mL-OQR6Q,UC25f1FyMuKnMapFO5w98N_g,5,0.19956286,0.12333093583583832
UC0LfDpgSw82vYg_mL-OQR6Q,UC2b1bVPPJgpf4qb6Asij33A,8,0.2863625,0.1592925786972046
UC0LfDpgSw82vYg_mL-OQR6Q,UC3Q2mEFdbGF8GyVIQCRVXng,3,0.15656565,0.1941734254360199
UC0LfDpgSw82vYg_mL-OQR6Q,UC3jFrOriO8aLufC13bsWT3Q,4,0.1638057,0.1774970144033432
UC0LfDpgSw82vYg_mL-OQR6Q,UC49IcjbsspFVpukiVYN05Hg,4,0.1746471,0.198792964220047
UC0LtdRW5VqSXnlq5FIcfzQg,UC0SKIdgDQXqV4iSqOmDLSFQ,6,0.1881376,0.15542824566364288
UC0LtdRW5VqSXnlq5FIcfzQg,UC0gvn7xAe2wHtFZYPqsf6bA,9,0.28650013,0.13185931742191315
UC0LtdRW5VqSXnlq5FIcfzQg,UC0jNEDGSBcLnfQ8PDhkuYtA,7,0.23620887,0.25215667486190796
UC0LtdRW5VqSXnlq5FIcfzQg,UC0kyAVjAO4ZPAu7UI7F2H_Q,3,0.099917054,0.17995642125606537
UC0LtdRW5VqSXnlq5FIcfzQg,UC0mkUet8Tqz-rA7R3kDqRyg,3,0.090522885,0.14045244455337524
UC0LtdRW5VqSXnlq5FIcfzQg,UC0xRMqPOyRNPTaL6BxhbCnQ,7,0.22741932,0.1657124012708664
UC0LtdRW5VqSXnlq5FIcfzQg,UC1YCT9S8BFkXMYfOn6x0sgg,24,0.78508866,0.45708343386650085
UC0LtdRW5VqSXnlq5FIcfzQg,UC1ZeXWYf1jTNNqBprKMxjrA,3,0.11812433,0.1957782655954361
UC0LtdRW5VqSXnlq5FIcfzQg,UC1hM4B6kDTOAf7UawolxIPw,3,0.09575014,0.18947206437587738
UC0LtdRW5VqSXnlq5FIcfzQg,UC1kZTLuxcZ1ICgKg4YnLLcA,5,0.15078165,0.1513870656490326
UC0LtdRW5VqSXnlq5FIcfzQg,UC1pl44-S8XZAoh37-KNt14A,3,0.09113061,0.12511973083019257
UC0LtdRW5VqSXnlq5FIcfzQg,UC1uj19dZQXa17-SqNGpVNLw,3,0.090522885,0.13558636605739594
UC0LtdRW5VqSXnlq5FIcfzQg,UC2AVtTOAnC89oOgwobq45mQ,5,0.14323154,0.2259521186351776
UC0LtdRW5VqSXnlq5FIcfzQg,UC2KOXsfA1rBg5eaBBL0DXTw,4,0.12953329,0.2654130756855011
UC0LtdRW5VqSXnlq5FIcfzQg,UC2M-72jG8rauIKm6OSUnZoA,6,0.19874421,0.2667537033557892
UC0LtdRW5VqSXnlq5FIcfzQg,UC2sBUignRWMrKJtIztlq_VA,6,0.19465934,0.26130083203315735
UC0LtdRW5VqSXnlq5FIcfzQg,UC32oVb-nfyRBNlWzUw3dC5Q,3,0.09607465,0.18426087498664856
UC0LtdRW5VqSXnlq5FIcfzQg,UC3N68KFMqDwacbD-WImpcvg,3,0.100097075,0.17390717566013336
UC0LtdRW5VqSXnlq5FIcfzQg,UC5qdpFDdzySFubUaDgCDoHQ,7,0.21984622,0.21193310618400574
UC0LtdRW5VqSXnlq5FIcfzQg,UC5t5yQzJFvoMkLI5XXZiiIQ,4,0.13152662,0.1540946513414383
UC0LtdRW5VqSXnlq5FIcfzQg,UC6OHCySp4R4_LsyKva1EcMA,7,0.2217697,0.24759694933891296
UC0LtdRW5VqSXnlq5FIcfzQg,UC6raUGFw3O3yK2-XzcZsOVw,3,0.109927066,0.18252445757389069
UC0LtdRW5VqSXnlq5FIcfzQg,UC7Pd7bhUlyU0KZcD7Muja_A,6,0.22194543,0.21419747173786163
UC0LtdRW5VqSXnlq5FIcfzQg,UC7VFKdb5_4Ik6_N1LG4eU_A,4,0.14944187,0.1983015537261963
UC0LtdRW5VqSXnlq5FIcfzQg,UC9LOxIL5xd3_2FA6dPY15Qg,3,0.12749615,0.22985006868839264
UC0M8YI6T69ZgGxWERk681tQ,UC0OskCvXSgVsle9WVLbO9lA,3,0.095911495,0.17468179762363434
UC0MfjLaktBisOTKO9Xgj0ng,UC0lxqpc2hANi2hjtUXiW8Qw,5,0.18379511,0.3545243442058563
UC0MfjLaktBisOTKO9Xgj0ng,UC1Uz3Jz4PXd9CpMkF-1XJwA,3,0.13347825,0.47194597125053406
UC0MwTuNA7dqMjqVaGkz0bow,UC0NEFJxGzqMUVzh7b0sc1Uw,3,0.100230426,0.13427700102329254
UC0MwTuNA7dqMjqVaGkz0bow,UC14QT5j2nQI8lKBCGtrrBQA,3,0.1471649,0.18751588463783264
UC0NEFJxGzqMUVzh7b0sc1Uw,UC0VZdw86ay2WPGrkKZLdLCA,3,0.13126986,0.18736255168914795
UC0NEFJxGzqMUVzh7b0sc1Uw,UC0YdreHTXA1FXHNb6psd2CQ,5,0.18532407,0.16487395763397217
UC0NEFJxGzqMUVzh7b0sc1Uw,UC1N2_2vCoyd3EvGcVuwTfmw,7,0.28403604,0.13177140057086945
UC0NW9j5c23P23RIfxL1DRsA,UC0PotgTwYxbOZuM9FbWKdcg,33,1.1737914,0.18494993448257446
UC0NW9j5c23P23RIfxL1DRsA,UC0SG0ourp3Qrt_7bqgxdCeg,3,0.10155907,0.12553393840789795
UC0NW9j5c23P23RIfxL1DRsA,UC0bRz2qCgQj7fGPHkKZ95vw,3,0.10826405,0.16895151138305664
UC0NW9j5c23P23RIfxL1DRsA,UC0w34ML2u_eWfWv6ZflIXxA,8,0.28765213,0.16691121459007263
UC0NW9j5c23P23RIfxL1DRsA,UC0xYGj09xcSMEIN56dNn8GA,5,0.21377641,0.1646844744682312
UC0NW9j5c23P23RIfxL1DRsA,UC1AtOYBE-rrvc2NytR1q_5A,5,0.16765544,0.16817457973957062
UC0NW9j5c23P23RIfxL1DRsA,UC1Z82r17ow4o7cdMUEm1MQQ,3,0.1367456,0.1374794989824295
UC0NW9j5c23P23RIfxL1DRsA,UC1bmnUH1ffc63zohkPvtXcQ,11,0.42798203,0.1336551159620285
UC0NW9j5c23P23RIfxL1DRsA,UC1pSncDXYrP1c6VWDGIGcNg,6,0.19308397,0.12004950642585754
UC0NW9j5c23P23RIfxL1DRsA,UC3b9jTrnME3V4J5zLnVSmtg,4,0.14998135,0.13865916430950165
UC0NW9j5c23P23RIfxL1DRsA,UC3i7EDSiTalpUh81RUNuxFQ,3,0.113054186,0.14553453028202057
UC0NW9j5c23P23RIfxL1DRsA,UCC-HU9fQBmjB5gvGx_V1gbw,3,0.10873015,0.1803491860628128
UC0OskCvXSgVsle9WVLbO9lA,UC17qqZ8hk0HkHLm3zj5bnyQ,3,0.09351054,0.13101626932621002
UC0OskCvXSgVsle9WVLbO9lA,UC3FKwhMnGdubV8oc54EOlDw,3,0.090277776,0.16509175300598145
UC0PotgTwYxbOZuM9FbWKdcg,UC0T9mx1-Nqd01vPFmpk7amA,28,1.0123633,0.131910040974617
UC0PotgTwYxbOZuM9FbWKdcg,UC0aToF412eWBjYJ6pPzUuZQ,51,1.7149135,0.20167309045791626
UC0PotgTwYxbOZuM9FbWKdcg,UC0e6zo8oX6ISSBjPaSZsjeA,22,0.8270168,0.131036177277565
UC0PotgTwYxbOZuM9FbWKdcg,UC0gex8DAn_KPhHk8ywpEBIw,17,0.80759054,0.16464614868164062
UC0PotgTwYxbOZuM9FbWKdcg,UC0gvn7xAe2wHtFZYPqsf6bA,40,1.340429,0.16599218547344208
UC0PotgTwYxbOZuM9FbWKdcg,UC0ksmumBTu2gltpZpwksbcA,31,1.1738797,0.1979246735572815
UC0PotgTwYxbOZuM9FbWKdcg,UC0mhOaiTObQ9hsCIBQM7Hnw,15,0.5255439,0.12064331024885178
UC0PotgTwYxbOZuM9FbWKdcg,UC0rzYB5Cr7cV1AO959n_IGg,12,0.45020956,0.1425037533044815
UC0PotgTwYxbOZuM9FbWKdcg,UC0yQ2h4gQXmVUFWZSqlMVOA,48,1.6219071,0.16994142532348633
UC0PotgTwYxbOZuM9FbWKdcg,UC17qqZ8hk0HkHLm3zj5bnyQ,19,0.6370984,0.12385808676481247
UC0PotgTwYxbOZuM9FbWKdcg,UC1H5dv45x2aFKk-6JZLSWIQ,23,0.8200867,0.12481092661619186
UC0PotgTwYxbOZuM9FbWKdcg,UC1N2_2vCoyd3EvGcVuwTfmw,26,0.9463463,0.1230379194021225
UC0PotgTwYxbOZuM9FbWKdcg,UC1WkFVOCTPdY782AJ1PZ-JQ,72,2.5292912,0.20590411126613617
UC0PotgTwYxbOZuM9FbWKdcg,UC1bmnUH1ffc63zohkPvtXcQ,59,2.0843935,0.1975301057100296
UC0PotgTwYxbOZuM9FbWKdcg,UC1kZTLuxcZ1ICgKg4YnLLcA,8,0.47702733,0.12886691093444824
UC0PotgTwYxbOZuM9FbWKdcg,UC1nVq5-LTEdUVmr5FLfkd7A,25,0.8580244,0.14129133522510529
UC0PotgTwYxbOZuM9FbWKdcg,UC1p51viJBYQyLkDyeADMPug,22,0.7625346,0.13713836669921875
UC0PotgTwYxbOZuM9FbWKdcg,UC1uHbAbleaXjfegbmFV9TVQ,30,0.997764,0.1438618004322052
UC0PotgTwYxbOZuM9FbWKdcg,UC1xUVJIbbM-PV5W0Cci6zuA,17,0.5396275,0.12321760505437851
UC0PotgTwYxbOZuM9FbWKdcg,UC1zsShDyJp8AafQu9BPo1PQ,31,1.0552713,0.1273183971643448
UC0PotgTwYxbOZuM9FbWKdcg,UC2-biDVK0E3d_Rp6rYoh4cQ,17,0.61564106,0.13227403163909912
UC0PotgTwYxbOZuM9FbWKdcg,UC2A9bPIozUiYiXBbBdCF3eA,29,1.06445,0.14075309038162231
UC0PotgTwYxbOZuM9FbWKdcg,UC2D2CMWXMOVWx7giW1n3LIg,13,0.5482529,0.13069184124469757
UC0PotgTwYxbOZuM9FbWKdcg,UC2PFHY0nOOVyErB_s1P2iQA,32,1.2038229,0.20053234696388245
UC0PotgTwYxbOZuM9FbWKdcg,UC2vi2elY5r_NiMMar423Xwg,35,1.1204978,0.13590873777866364
UC0PotgTwYxbOZuM9FbWKdcg,UC3-1iYGHfR43q_b974vUNYg,36,1.3192896,0.16200880706310272
UC0PotgTwYxbOZuM9FbWKdcg,UC3GpbpDEr8mp3ZZ8DDO65fg,24,0.921986,0.14687101542949677
UC0PotgTwYxbOZuM9FbWKdcg,UC3kCoMOmTiqkjxjpBPKdt6w,22,1.0498097,0.2035047858953476
UC0PotgTwYxbOZuM9FbWKdcg,UC4G9FaiM7C4us3WL4jQdQ5A,29,1.005085,0.1579563170671463
UC0PotgTwYxbOZuM9FbWKdcg,UC4Ub-Y_yj43aouqFbA7PwhQ,29,0.97245944,0.15497657656669617
UC0PotgTwYxbOZuM9FbWKdcg,UC4Zyu8fXoss8fnCraoqVprA,21,0.7257424,0.1232394278049469
UC0PotgTwYxbOZuM9FbWKdcg,UC4arQnli3ffEuCSrSgAD_Ug,40,1.4469905,0.16233012080192566
UC0PotgTwYxbOZuM9FbWKdcg,UC4b2j0oY5iop4cqREcBGs3A,11,0.3962724,0.12136778235435486
UC0PotgTwYxbOZuM9FbWKdcg,UC4lN5sizuJraSHqy99xTy6Q,83,3.001552,0.20956504344940186
UC0PotgTwYxbOZuM9FbWKdcg,UC585dIe6lG9UOR-CyE24wmQ,36,1.157686,0.13858674466609955
UC0PotgTwYxbOZuM9FbWKdcg,UC67REzSALhOC8_xkgLyif-g,25,0.9073589,0.13289190828800201
UC0PotgTwYxbOZuM9FbWKdcg,UC67Wr_9pA4I0glIxDt_Cpyw,102,4.0110493,0.23008324205875397
UC0PotgTwYxbOZuM9FbWKdcg,UC6I4vtYv0c4KkGbzZHZxBsg,33,1.1914532,0.1492302566766739
UC0PotgTwYxbOZuM9FbWKdcg,UC6LjoShjVTW0Y7RPHIUnyvw,5,0.6127513,0.15951839089393616
UC0PotgTwYxbOZuM9FbWKdcg,UC6kSLiIgAcbXNSxf0JHjy5g,22,0.7659744,0.133794903755188
UC0PotgTwYxbOZuM9FbWKdcg,UC6merdM0gtSbJyfwT4e3AiQ,26,1.3668102,0.1928812861442566
UC0PotgTwYxbOZuM9FbWKdcg,UC761NMYPNhxIbTXQvYl6oug,39,1.5549691,0.22056633234024048
UC0PotgTwYxbOZuM9FbWKdcg,UC7I3QTra4_kC4TSu8f7rHkA,41,1.5427141,0.15176163613796234
UC0PotgTwYxbOZuM9FbWKdcg,UC8LhZmYA7VTt84hl91ifIGw,11,0.6391298,0.12631331384181976
UC0PotgTwYxbOZuM9FbWKdcg,UC8yHePe_RgUBE-waRWy6olw,57,2.2421155,0.1920674741268158
UC0PotgTwYxbOZuM9FbWKdcg,UC97CxE2c4b8TptqpFE6dFfQ,27,1.2394354,0.2010207176208496
UC0PotgTwYxbOZuM9FbWKdcg,UC9V4eJBNx_hOieGG51NZ6nA,45,1.7256014,0.14546972513198853
UC0PotgTwYxbOZuM9FbWKdcg,UCBC9F0IokoWtGV4hX_1ueTw,8,0.48956499,0.13523617386817932
UC0PotgTwYxbOZuM9FbWKdcg,UCC4NkFV-L-vVYD5z_Ei5dUA,38,1.5052905,0.15142007172107697
UC0PotgTwYxbOZuM9FbWKdcg,UCEhb2xQvz_qU3wyUo5MUkLA,12,0.62335575,0.1260124146938324
UC0PotgTwYxbOZuM9FbWKdcg,UCEixleMT76xDzoiEb9ZA7XA,40,1.6237847,0.1545790284872055
UC0PotgTwYxbOZuM9FbWKdcg,UCFdBehO71GQaIom4WfVeGSw,29,1.2590575,0.14774274826049805
UC0PotgTwYxbOZuM9FbWKdcg,UCFo4kqllbcQ4nV83WCyraiw,42,1.7626519,0.15996569395065308
UC0QArRTuApgKFbX1OZUAJGA,UC0YdreHTXA1FXHNb6psd2CQ,3,0.1055914,0.2521752715110779
UC0QArRTuApgKFbX1OZUAJGA,UC0aToF412eWBjYJ6pPzUuZQ,3,0.10906966,0.12286331504583359
UC0QaxWvI7NNWcFTHDVypr1Q,UC0TNiclinjGoFh1MyFi0N5g,6,0.17986585,0.18364748358726501
UC0QaxWvI7NNWcFTHDVypr1Q,UC0Wv49l3qlIdFX69FKD3y1g,5,0.17923126,0.20660874247550964
UC0QaxWvI7NNWcFTHDVypr1Q,UC0q2yo6_8KjJCArJHuTC-mA,3,0.09474207,0.21377556025981903
UC0QaxWvI7NNWcFTHDVypr1Q,UC0w34ML2u_eWfWv6ZflIXxA,5,0.16047862,0.13205379247665405
UC0QaxWvI7NNWcFTHDVypr1Q,UC10Cp6r98mQjtEB_G7jwFjQ,3,0.0860548,0.1580945998430252
UC0QaxWvI7NNWcFTHDVypr1Q,UC1AF8AxkB-J1m2O4hNsLYwQ,3,0.09876848,0.16846302151679993
UC0QaxWvI7NNWcFTHDVypr1Q,UC1pSncDXYrP1c6VWDGIGcNg,6,0.17236507,0.15197746455669403
UC0QaxWvI7NNWcFTHDVypr1Q,UC1z_KW_4kppjwbRwpPdVnRg,6,0.1847599,0.1572553515434265
UC0Rjg-kUtUCEvdMYwPQTUSA,UC0gvn7xAe2wHtFZYPqsf6bA,4,0.14283867,0.17887742817401886
UC0Rjg-kUtUCEvdMYwPQTUSA,UC1_4Dgxm7gwcs7TPXPjcNwg,3,0.10997068,0.35983526706695557
UC0SG0ourp3Qrt_7bqgxdCeg,UC0T9mx1-Nqd01vPFmpk7amA,4,0.1331608,0.13611219823360443
UC0SG0ourp3Qrt_7bqgxdCeg,UC2NQajHz-1eJrobTub1ZnSA,4,0.1331608,0.12011688947677612
UC0SKIdgDQXqV4iSqOmDLSFQ,UC1YCT9S8BFkXMYfOn6x0sgg,8,0.26041692,0.18965277075767517
UC0SKIdgDQXqV4iSqOmDLSFQ,UC1ZeXWYf1jTNNqBprKMxjrA,4,0.12494369,0.2590315639972687
UC0SKIdgDQXqV4iSqOmDLSFQ,UC2AVtTOAnC89oOgwobq45mQ,3,0.08684845,0.17137721180915833
UC0SKIdgDQXqV4iSqOmDLSFQ,UC2KOXsfA1rBg5eaBBL0DXTw,3,0.08191424,0.20994886755943298
UC0SKIdgDQXqV4iSqOmDLSFQ,UC2sBUignRWMrKJtIztlq_VA,5,0.15763232,0.26468178629875183
UC0SKIdgDQXqV4iSqOmDLSFQ,UCGNd0qq4DC3fNVKbj6g5WDw,3,0.1257143,0.1258605420589447
UC0T9mx1-Nqd01vPFmpk7amA,UC0qwrGW6Qkf_TGEplv_XQAg,3,0.11458334,0.15296670794487
UC0T9mx1-Nqd01vPFmpk7amA,UC16NNFKodOsrgi0Nla5XPKg,9,0.30081183,0.12904314696788788
UC0T9mx1-Nqd01vPFmpk7amA,UC1Hke7eX7zHfRO3sOK_bg7g,5,0.17496444,0.15823926031589508
UC0T9mx1-Nqd01vPFmpk7amA,UC1naW_Wi8SgpjdyLA0YR9QQ,3,0.11213517,0.14758041501045227
UC0T9mx1-Nqd01vPFmpk7amA,UC2hnL_7ONv-fOTOdtgkrPzA,5,0.1659077,0.14440137147903442
UC0T9mx1-Nqd01vPFmpk7amA,UC3D2Id9EjpEiU2eXHe-Izlg,5,0.18390551,0.18995900452136993
UC0T9mx1-Nqd01vPFmpk7amA,UC3NjcCQNVVR4rBVkxU3rr5A,3,0.12755635,0.17729026079177856
UC0T9mx1-Nqd01vPFmpk7amA,UC4-KH4Uw5-YCfhAYj-gVqSA,4,0.15074642,0.12824542820453644
UC0T9mx1-Nqd01vPFmpk7amA,UC58zaRv7_nuQqVbBGDox9hw,8,0.2640538,0.13284355401992798
UC0T9mx1-Nqd01vPFmpk7amA,UCC0JWiw4BJYR4NUDxQCf0Hg,6,0.23856816,0.1806768774986267
UC0TNiclinjGoFh1MyFi0N5g,UC0UHA4weNDGnzq-OakNyXrQ,3,0.0902201,0.18450869619846344
UC0TNiclinjGoFh1MyFi0N5g,UC0WMYbByyUKdOytIyEoR-7Q,3,0.080146834,0.16127385199069977
UC0TNiclinjGoFh1MyFi0N5g,UC0eN2lZzUS1mbNOugWsisvw,4,0.12146032,0.20076406002044678
UC0TNiclinjGoFh1MyFi0N5g,UC0q2yo6_8KjJCArJHuTC-mA,3,0.09474207,0.20902253687381744
UC0TNiclinjGoFh1MyFi0N5g,UC10Cp6r98mQjtEB_G7jwFjQ,3,0.08576097,0.1540517657995224
UC0TNiclinjGoFh1MyFi0N5g,UC16NNFKodOsrgi0Nla5XPKg,6,0.20293514,0.1459721028804779
UC0TNiclinjGoFh1MyFi0N5g,UC1ano3Qb1ORaTCWxdEQ0YTg,3,0.09351054,0.2111443430185318
UC0TNiclinjGoFh1MyFi0N5g,UC1pSncDXYrP1c6VWDGIGcNg,7,0.23983246,0.20676304399967194
UC0TNiclinjGoFh1MyFi0N5g,UC1xUVJIbbM-PV5W0Cci6zuA,4,0.1347148,0.14055658876895905
UC0TNiclinjGoFh1MyFi0N5g,UC2l_FQ800uKs7TMYjay2Tsw,4,0.13685223,0.15032047033309937
UC0TNiclinjGoFh1MyFi0N5g,UC2sPmTrh7AGSPi59pb80Zdw,3,0.09073275,0.14823251962661743
UC0TNiclinjGoFh1MyFi0N5g,UC2v3r3SQZy1s9jLHC4hX9jQ,3,0.10744047,0.1775655299425125
UC0TNiclinjGoFh1MyFi0N5g,UC2vQ-7IQJ75obTuTfDrpCyA,4,0.11988636,0.12660320103168488
UC0TNiclinjGoFh1MyFi0N5g,UC3dh_fQslVReCLOmMsS4pJw,3,0.09131274,0.13006913661956787
UC0TNiclinjGoFh1MyFi0N5g,UC44JZ2KhRfdPMd-jTEtR4mA,4,0.12638146,0.194310262799263
UC0TXe_LYZ4scaW2XMyi5_kw,UC0g1AE0DOjBYnLhkgoRWN1w,3,0.10514809,0.6200752258300781
UC0TXe_LYZ4scaW2XMyi5_kw,UC1DCedRgGHBdm81E1llLhOQ,3,0.10514809,0.2880327105522156
UC0U2GG9WNndvt1wK41l9iqg,UC14QT5j2nQI8lKBCGtrrBQA,3,0.18951613,0.16597880423069
UC0U3SshJ2N0T8Lewn8Kwx1g,UC1YCT9S8BFkXMYfOn6x0sgg,3,0.09215309,0.12411729991436005
UC0U408SFijimaTqkgvNYmMw,UC0gpekdxUu5gN5SPGd9Nrdg,3,0.100500084,0.16513873636722565
UC0U408SFijimaTqkgvNYmMw,UC1uHbAbleaXjfegbmFV9TVQ,4,0.11417749,0.13416150212287903
UC0U408SFijimaTqkgvNYmMw,UC2QBYE7QabwH_7krAAp2T-g,4,0.11417749,0.1525958925485611
UC0UJ2ZphiSp-ye0mxM_MIwQ,UC2PFHY0nOOVyErB_s1P2iQA,3,0.09993483,0.15253311395645142
UC0VZdw86ay2WPGrkKZLdLCA,UC0YdreHTXA1FXHNb6psd2CQ,3,0.10451613,0.21799513697624207
UC0WMYbByyUKdOytIyEoR-7Q,UC0rvsDnTlvualb1EkgbxBzQ,4,0.1137909,0.15469692647457123
UC0WMYbByyUKdOytIyEoR-7Q,UC0w34ML2u_eWfWv6ZflIXxA,3,0.08492612,0.13772612810134888
UC0WMYbByyUKdOytIyEoR-7Q,UC17qqZ8hk0HkHLm3zj5bnyQ,3,0.08115491,0.14531023800373077
UC0WQW-Fdwxu1ISo9EgAYItA,UC0gvn7xAe2wHtFZYPqsf6bA,3,0.10423786,0.12259543687105179
UC0Whg8Zz7TT1VSpWeCjghKg,UC1DqlLj1onQhBfxW81OgQTw,3,0.119047634,0.2832117974758148
UC0Wv49l3qlIdFX69FKD3y1g,UC2QBYE7QabwH_7krAAp2T-g,5,0.1966329,0.16635841131210327
UC0XKprxuwJQnOUiKLYSG2sg,UC34oyKa3OSUt8IXfi9MtrEA,3,0.12218196,0.30180490016937256
UC0XmONh3BZgA6I0G4F7ZCDQ,UC0YZCUchSEj29C1YMz8MrGw,3,0.12416984,0.2579902708530426
UC0XmONh3BZgA6I0G4F7ZCDQ,UC0fvGpDXi7sV2hbgD-O47yw,3,0.10608466,0.1444741040468216
UC0XmONh3BZgA6I0G4F7ZCDQ,UC0gex8DAn_KPhHk8ywpEBIw,5,0.1636753,0.12629200518131256
UC0XmONh3BZgA6I0G4F7ZCDQ,UC0k238zFx-Z8xFH0sxCrPJg,3,0.09246595,0.12829403579235077
UC0XmONh3BZgA6I0G4F7ZCDQ,UC0yQ2h4gQXmVUFWZSqlMVOA,9,0.30761382,0.12198642641305923
UC0XmONh3BZgA6I0G4F7ZCDQ,UC12HMtO5MYph9dCZZ7yygng,5,0.1722801,0.1350480020046234
UC0XmONh3BZgA6I0G4F7ZCDQ,UC16niRr50-MSBwiO3YDb3RA,5,0.15981798,0.15122705698013306
UC0XmONh3BZgA6I0G4F7ZCDQ,UC2L7vR43LKuBXXV2AentEMw,3,0.1006734,0.14728288352489471
UC0XmONh3BZgA6I0G4F7ZCDQ,UC6UHYyVoCrAUBsxF-ortrew,5,0.18699174,0.13340209424495697
UC0XtwfHlHgZHPAcUaNaUuLw,UC1S31PbQRHVqGbe2mSwyQ6g,3,0.1280914,0.19332925975322723
UC0XtwfHlHgZHPAcUaNaUuLw,UC2PFHY0nOOVyErB_s1P2iQA,4,0.15229885,0.17296725511550903
UC0XtwfHlHgZHPAcUaNaUuLw,UC4tXaWuTZlzrMfZQUOVwPWA,3,0.11155303,0.38820427656173706
UC0XtwfHlHgZHPAcUaNaUuLw,UC7FjOy53FpV95CXlwi7I9TA,3,0.09906609,0.19958989322185516
UC0XwmKYoAkybFU8lw4veZrw,UC1bmnUH1ffc63zohkPvtXcQ,3,0.085730284,0.12689436972141266
UC0YZwJK11AtPPazhWnSxd6Q,UC0e6zo8oX6ISSBjPaSZsjeA,3,0.100230426,0.14751999080181122
UC0YZwJK11AtPPazhWnSxd6Q,UC0iJlc4CZKwYW0zj-g8y4Pg,3,0.10297768,0.5709195733070374
UC0YdreHTXA1FXHNb6psd2CQ,UC0ZK-2GfWJEFlgsWreDmV_A,3,0.112202376,0.20291760563850403
UC0YdreHTXA1FXHNb6psd2CQ,UC1nVq5-LTEdUVmr5FLfkd7A,4,0.14722611,0.12641693651676178
UC0YlhwQabxkHb2nfRTzsTTA,UC2NQajHz-1eJrobTub1ZnSA,3,0.09229392,0.15975578129291534
UC0YsAI8JC0yx1sCbshABidA,UC3BSzbgMn2vLYS4Dp_i-bow,3,0.10264409,0.18767352402210236
UC0YsAI8JC0yx1sCbshABidA,UC3IZKseVpdzPSBaWxBxundA,3,0.10718954,0.2057146430015564
UC0ZCCCa89PaXRn-7gFE7ksw,UC0xYGj09xcSMEIN56dNn8GA,3,0.120447665,0.1766834855079651
UC0ZK-2GfWJEFlgsWreDmV_A,UC0hV1fTCDR1PmpwklNx-_zg,3,0.1172149,0.5430328845977783
UC0_J_HiKEc4SG8E8_feekLA,UC0jwY5fVb-KGCsI3_wR2eMQ,3,0.098941796,0.14660219848155975
UC0_J_HiKEc4SG8E8_feekLA,UC1OdBHC5rlBb1VRtxrlGl4A,3,0.101111114,0.1460840404033661
UC0_J_HiKEc4SG8E8_feekLA,UC1S2_rXnhdcLkiQAV0kwGIg,3,0.13047236,0.12191958725452423
UC0_J_HiKEc4SG8E8_feekLA,UC1a7bmClAeLYrchvRrQFOHw,3,0.10262843,0.19327396154403687
UC0_J_HiKEc4SG8E8_feekLA,UC21H2527F_9Hr57Ce28VNNg,3,0.12787116,0.23405005037784576
UC0_wz6vGB92wS9hcqhhNvMA,UC1z_KW_4kppjwbRwpPdVnRg,3,0.0828373,0.13428474962711334
UC0_wz6vGB92wS9hcqhhNvMA,UC2H9JFGicoq2me411QvDX5g,5,0.14255953,0.2920483350753784
UC0_wz6vGB92wS9hcqhhNvMA,UC2vi2elY5r_NiMMar423Xwg,4,0.11130953,0.12016940861940384
UC0aToF412eWBjYJ6pPzUuZQ,UC0bSCu9Ok99CHKOHpUyhCoA,6,0.21656966,0.15018710494041443
UC0aToF412eWBjYJ6pPzUuZQ,UC0e6zo8oX6ISSBjPaSZsjeA,12,0.3717418,0.1448662281036377
UC0aToF412eWBjYJ6pPzUuZQ,UC0nFKe_NyHM5UUQ5J40ktHA,6,0.23158263,0.1609058380126953
UC0aToF412eWBjYJ6pPzUuZQ,UC0om5rcyyqFfTKLSI34uCdw,6,0.21518937,0.13117817044258118
UC0aToF412eWBjYJ6pPzUuZQ,UC0v4soreOVnrfsyDrZl_giA,3,0.117857136,0.14293602108955383
UC0aToF412eWBjYJ6pPzUuZQ,UC0yQ2h4gQXmVUFWZSqlMVOA,15,0.48045963,0.12381666153669357
UC0aToF412eWBjYJ6pPzUuZQ,UC1EQj7_kM2__MehPLoVtTnQ,3,0.09508547,0.12688617408275604
UC0aToF412eWBjYJ6pPzUuZQ,UC1FQWQ3y3-e8l1pCtWhJt5A,11,0.3665177,0.13831278681755066
UC0aToF412eWBjYJ6pPzUuZQ,UC1N2_2vCoyd3EvGcVuwTfmw,11,0.3985124,0.12743231654167175
UC0aToF412eWBjYJ6pPzUuZQ,UC2vi2elY5r_NiMMar423Xwg,14,0.4327878,0.12911011278629303
UC0aToF412eWBjYJ6pPzUuZQ,UC3guHRx3Vrq05UuHlNVh_bw,4,0.12519026,0.14689451456069946
UC0aToF412eWBjYJ6pPzUuZQ,UC90UTL_T6hQoLnWGATfOc8w,9,0.31934047,0.18105308711528778
UC0ancztgcL56FIjeET_eJvA,UC0gvn7xAe2wHtFZYPqsf6bA,3,0.10159632,0.157858744263649
UC0bSCu9Ok99CHKOHpUyhCoA,UC0e6zo8oX6ISSBjPaSZsjeA,4,0.12894684,0.12048053741455078
UC0bSCu9Ok99CHKOHpUyhCoA,UC0hh25w8RfCziRWRMvUJ5lw,4,0.10872441,0.1711881011724472
UC0bSCu9Ok99CHKOHpUyhCoA,UC1st2Mo2UrKD8YjmyU02NTQ,3,0.10826405,0.1275102198123932
UC0bSCu9Ok99CHKOHpUyhCoA,UC28hcmMG3TJv60Byo528VVg,4,0.13151987,0.1287344992160797
UC0bSCu9Ok99CHKOHpUyhCoA,UC31tv9pB5vAkGPUMeIxI9wQ,3,0.09722407,0.2950352430343628
UC0cL6JIp3ekG0_-CbeZoA0w,UC0dXZdPnEK8XOa-uiQyXeTw,3,0.085472375,0.24275833368301392
UC0cpUGlqr4YlEmRG7543dEg,UC1zsShDyJp8AafQu9BPo1PQ,3,0.12919255,0.1435745358467102
UC0cvEna9UC8zeYNXx2niYyg,UC2WEap0mCxONZLulKVIW1TA,3,0.153781,0.21620513498783112
UC0cvEna9UC8zeYNXx2niYyg,UC4Ub-Y_yj43aouqFbA7PwhQ,3,0.12553966,0.13548646867275238
UC0dXZdPnEK8XOa-uiQyXeTw,UC2ctq8sYlRXDUmsg3cEvvHQ,3,0.13055557,0.1888696700334549
UC0dyPXaF19VobhmnwN0PNqA,UC1ax6Oh62fiv2Q7L51bSvYQ,4,0.1933692,0.5797273516654968
UC0e6zo8oX6ISSBjPaSZsjeA,UC0yQ2h4gQXmVUFWZSqlMVOA,14,0.4650036,0.16145431995391846
UC0e6zo8oX6ISSBjPaSZsjeA,UC1KM0FPG8NvCWKRZURZZEfQ,5,0.16923335,0.13593217730522156
UC0e6zo8oX6ISSBjPaSZsjeA,UC1_kDQ6oRMhs8JaoMRK5PPw,3,0.096438795,0.15226706862449646
UC0e6zo8oX6ISSBjPaSZsjeA,UC20XVc_0krhP1WbdAOuDxUg,3,0.10840748,0.13655094802379608
UC0e6zo8oX6ISSBjPaSZsjeA,UC2Y2xrhzvZnPDsDQ75MG1_w,3,0.09481916,0.15112707018852234
UC0e6zo8oX6ISSBjPaSZsjeA,UC2bcMbj2L8pcdzkAIYAg0tw,5,0.1478219,0.12182352691888809
UC0e6zo8oX6ISSBjPaSZsjeA,UC3D6ZIuBbLNZri9VztaZTiA,3,0.092258744,0.12125768512487411
UC0e6zo8oX6ISSBjPaSZsjeA,UC3lBXcrKFnFAFkfVk5WuKcQ,3,0.11402598,0.24468107521533966
UC0e6zo8oX6ISSBjPaSZsjeA,UC4lxqbiQLkGU8zCwwalJJLw,3,0.10095176,0.2302265465259552
UC0eDNB1PZKimS476G5qYOEw,UC1S31PbQRHVqGbe2mSwyQ6g,3,0.08372184,0.15762214362621307
UC0eDNB1PZKimS476G5qYOEw,UC1p2KhFA_poWyYlUTzAxXRw,3,0.11615359,0.29240062832832336
UC0eKvieg5gnnbNfo5QsinOA,UC1S2_rXnhdcLkiQAV0kwGIg,4,0.12900132,0.13098998367786407
UC0eKvieg5gnnbNfo5QsinOA,UC2-biDVK0E3d_Rp6rYoh4cQ,3,0.12455629,0.1541823148727417
UC0eKvieg5gnnbNfo5QsinOA,UC22GM7rXPl0G1Bn-5kfppPg,3,0.09859007,0.17479762434959412
UC0eN2lZzUS1mbNOugWsisvw,UC1z_KW_4kppjwbRwpPdVnRg,3,0.090964794,0.12533903121948242
UC0eTlO_yZOPTSnSd5M6FCxA,UC0rbVMCStY7IYwwTg4z_EjA,3,0.096982755,0.23615849018096924
UC0eTlO_yZOPTSnSd5M6FCxA,UC1gbNFHc3Ut8xZj37QUStKg,3,0.09275978,0.3978380858898163
UC0eTlO_yZOPTSnSd5M6FCxA,UC1pSncDXYrP1c6VWDGIGcNg,3,0.09275978,0.15090599656105042
UC0elp2101KAxbaAMzInGerA,UC1-4AnMxkLXLNL3-7UJ4KTQ,3,0.10520236,0.18488214910030365
UC0elp2101KAxbaAMzInGerA,UC3GpbpDEr8mp3ZZ8DDO65fg,3,0.097746626,0.12606941163539886
UC0fel9fma6YY2EanMR14dMw,UC16niRr50-MSBwiO3YDb3RA,3,0.102328435,0.2688679099082947
UC0friAXjxjzZhJWgsYCbTWw,UC16NNFKodOsrgi0Nla5XPKg,3,0.10714287,0.12380442768335342
UC0friAXjxjzZhJWgsYCbTWw,UC1p51viJBYQyLkDyeADMPug,3,0.09761905,0.1288699060678482
UC0friAXjxjzZhJWgsYCbTWw,UC1st2Mo2UrKD8YjmyU02NTQ,3,0.09131653,0.13387463986873627
UC0friAXjxjzZhJWgsYCbTWw,UC1z_KW_4kppjwbRwpPdVnRg,4,0.12861814,0.17194727063179016
UC0fwIt3KwTqN1SKv5oS6OJg,UC0w34ML2u_eWfWv6ZflIXxA,3,0.10327636,0.17868269979953766
UC0g0AKttikWLucXcmyiMVpg,UC0yQ2h4gQXmVUFWZSqlMVOA,3,0.11688313,0.13986104726791382
UC0g1AE0DOjBYnLhkgoRWN1w,UC1DCedRgGHBdm81E1llLhOQ,4,0.17657666,0.3863663375377655
UC0g1AE0DOjBYnLhkgoRWN1w,UC1suqwovbL1kzsoaZgFZLKg,3,0.1330984,0.7918093800544739
UC0gex8DAn_KPhHk8ywpEBIw,UC1kZTLuxcZ1ICgKg4YnLLcA,3,0.31781608,0.36608126759529114
UC0gex8DAn_KPhHk8ywpEBIw,UC2PFHY0nOOVyErB_s1P2iQA,6,0.20578597,0.14616422355175018
UC0gex8DAn_KPhHk8ywpEBIw,UC2ak0cfMQ4zP3w_Fo-Zj-TA,3,0.112260535,0.131524458527565
UC0gex8DAn_KPhHk8ywpEBIw,UC2b1bVPPJgpf4qb6Asij33A,5,0.19131273,0.14463816583156586
UC0gex8DAn_KPhHk8ywpEBIw,UC4DfUTbVd0dlIsVj3tmIYxA,3,0.12056334,0.19851286709308624
UC0gpekdxUu5gN5SPGd9Nrdg,UC0hUsLLUfRY5-Q05alte43g,4,0.12544756,0.20286811888217926
UC0gpekdxUu5gN5SPGd9Nrdg,UC1NoyV5DKqt8J1TeHib8bUg,3,0.13028382,0.1749400645494461
UC0gpekdxUu5gN5SPGd9Nrdg,UC2GlmiEscZjR0bz8Ken0r4g,4,0.12126783,0.18049177527427673
UC0gpekdxUu5gN5SPGd9Nrdg,UC2H9JFGicoq2me411QvDX5g,3,0.13722825,0.1331903636455536
UC0gpekdxUu5gN5SPGd9Nrdg,UC3RmaroKqAi3LAVToGzzILA,5,0.17168808,0.14169350266456604
UC0gpekdxUu5gN5SPGd9Nrdg,UC6oal8R3H4V_yY4-0NpY58Q,6,0.18890575,0.1470727175474167
UC0gpekdxUu5gN5SPGd9Nrdg,UCAN0E9cZN7n22Ka1-TuVb-Q,3,0.093811095,0.17305819690227509
UC0gvn7xAe2wHtFZYPqsf6bA,UC0yOM-GVMLQTy6gDS0UZ1Pg,4,0.1335498,0.1366209089756012
UC0gvn7xAe2wHtFZYPqsf6bA,UC13uqFOdIrsRdl63n4OGOnw,6,0.18421167,0.17787569761276245
UC0gvn7xAe2wHtFZYPqsf6bA,UC1_4Dgxm7gwcs7TPXPjcNwg,5,0.183687,0.15393109619617462
UC0gvn7xAe2wHtFZYPqsf6bA,UC22GM7rXPl0G1Bn-5kfppPg,5,0.16556768,0.1319602131843567
UC0gvn7xAe2wHtFZYPqsf6bA,UC2A9bPIozUiYiXBbBdCF3eA,9,0.37967423,0.130026176571846
UC0gvn7xAe2wHtFZYPqsf6bA,UC31JWr1b3A_hrC79VVZPHUg,3,0.12056334,0.17340047657489777
UC0gvn7xAe2wHtFZYPqsf6bA,UC5BiTvy2Ni2MyigJPspjhOA,9,0.27050996,0.14754436910152435
UC0gvn7xAe2wHtFZYPqsf6bA,UC5Qgc-tEFmm5iQX5tUy6TyA,7,0.21077496,0.16118350625038147
UC0gvn7xAe2wHtFZYPqsf6bA,UC67Wr_9pA4I0glIxDt_Cpyw,29,1.0579703,0.1571764349937439
UC0gvn7xAe2wHtFZYPqsf6bA,UC6uU6smfaEvk_vyVjxIOVuQ,5,0.22724736,0.13714580237865448
UC0gvn7xAe2wHtFZYPqsf6bA,UC8EJ_7BoTFQUcQwd6cYeBlw,5,0.3052607,0.19202807545661926
UC0gvn7xAe2wHtFZYPqsf6bA,UC9Ije5dQVFx9uTGddG_U5XA,3,0.14844286,0.15321025252342224
UC0gvn7xAe2wHtFZYPqsf6bA,UCAnrH6qdmJ7RyY-pAXxpWZQ,3,0.10400133,0.1826353669166565
UC0gvn7xAe2wHtFZYPqsf6bA,UCJkq3q4UnEnayNbwt6N9ttg,3,0.23896012,0.18298740684986115
UC0hUsLLUfRY5-Q05alte43g,UC1gHtxTKm_6ZE2_n__vRlwA,3,0.0909648,0.18985271453857422
UC0hUsLLUfRY5-Q05alte43g,UC1uHbAbleaXjfegbmFV9TVQ,4,0.11590909,0.13403984904289246
UC0hUsLLUfRY5-Q05alte43g,UC3bc4PNLgnBudG19N74Jjzw,3,0.09001783,0.1232234537601471
UC0hh25w8RfCziRWRMvUJ5lw,UC18A5-KezRSqS9mV4TX4OlQ,3,0.089691564,0.12241455912590027
UC0hh25w8RfCziRWRMvUJ5lw,UC1Q_aQ3PCjpuuKYeVq4lKAQ,3,0.15728717,0.25491708517074585
UC0hh25w8RfCziRWRMvUJ5lw,UC283U3dPUk0RD-etygZJ11g,3,0.11125,0.1589604765176773
UC0hh25w8RfCziRWRMvUJ5lw,UC6d_ptgRNDMHgZocGC6G9lA,3,0.10819586,0.22386211156845093
UC0hh25w8RfCziRWRMvUJ5lw,UC7dXPammhcS6lrPzgq7WAPQ,3,0.1431989,0.26509419083595276
UC0i5DoDaPTkvl3OoWcipQgQ,UC0xRMqPOyRNPTaL6BxhbCnQ,3,0.114583336,0.19751037657260895
UC0iJ8CReKfQUKJHmHjhPmXQ,UC1nVq5-LTEdUVmr5FLfkd7A,3,0.1008295,0.1287369281053543
UC0iYy3mXLdy1gf2lnLJp_Qg,UC0qVFWNEeaYqF6L6rToqNGg,3,0.11066177,0.4358667731285095
UC0iYy3mXLdy1gf2lnLJp_Qg,UC13ZBsTf5xPJTVi8DLOrUfQ,4,0.1368112,0.2965306043624878
UC0iYy3mXLdy1gf2lnLJp_Qg,UC3Zr9eDEeKsCE4NgsW1mQ_Q,3,0.10827702,0.1956339329481125
UC0iYy3mXLdy1gf2lnLJp_Qg,UC8GgWCXNsrKkCeN5xt30Euw,4,0.15827702,0.42464786767959595
UC0jNEDGSBcLnfQ8PDhkuYtA,UC0xRMqPOyRNPTaL6BxhbCnQ,3,0.1065934,0.12554261088371277
UC0jNEDGSBcLnfQ8PDhkuYtA,UC1YCT9S8BFkXMYfOn6x0sgg,5,0.17117673,0.161084845662117
UC0k238zFx-Z8xFH0sxCrPJg,UC1N2_2vCoyd3EvGcVuwTfmw,3,0.13003832,0.12962706387043
UC0ksmumBTu2gltpZpwksbcA,UC0nFKe_NyHM5UUQ5J40ktHA,5,0.19715294,0.19639916718006134
UC0ksmumBTu2gltpZpwksbcA,UC0yQ2h4gQXmVUFWZSqlMVOA,11,0.3441022,0.12713941931724548
UC0ksmumBTu2gltpZpwksbcA,UC15ebOqdhmvl1eb0s0jk5aw,4,0.13150935,0.137492835521698
UC0ksmumBTu2gltpZpwksbcA,UC1FQWQ3y3-e8l1pCtWhJt5A,7,0.22612056,0.12234269827604294
UC0ksmumBTu2gltpZpwksbcA,UC1H5dv45x2aFKk-6JZLSWIQ,8,0.2378491,0.12764793634414673
UC0ksmumBTu2gltpZpwksbcA,UC1P6fv0uCNNTBQIWlhUVvaw,3,0.098941796,0.15725530683994293
UC0ksmumBTu2gltpZpwksbcA,UC1bLY6ldt_HTHE-kV3yqO3w,4,0.16506411,0.16495031118392944
UC0ksmumBTu2gltpZpwksbcA,UC1sCj2fgOEphRa5H0ZaEjeg,3,0.116666675,0.12109816074371338
UC0ksmumBTu2gltpZpwksbcA,UC1z2nYFeSleV9iKSSlc-afQ,3,0.10448232,0.14498257637023926
UC0ksmumBTu2gltpZpwksbcA,UC3RR_yuucVrmD8hT8xlyIpQ,3,0.103838615,0.2041381150484085
UC0ksmumBTu2gltpZpwksbcA,UC7C5oRm6cGgbjJdPPEVeNMA,3,0.22702701,0.1288823038339615
UC0ksmumBTu2gltpZpwksbcA,UC8gjm6l1yaWD2BZy8STqvYA,3,0.17045455,0.1570398509502411
UC0lIMKkIRJT8W62w4uFjOaw,UC1H5dv45x2aFKk-6JZLSWIQ,3,0.10001457,0.18251235783100128
UC0lIMKkIRJT8W62w4uFjOaw,UC1OR2YNQLZJYFdQjFrPWvVw,3,0.10001457,0.36826422810554504
UC0lhYcxxgSqa8DP6p2h1mwQ,UC16oMU-Ykq7Zm8JcgLWjzew,3,0.09637606,0.39101338386535645
UC0mPwepVHMKsMJKfMDs5ezg,UC12S2ItsGX5UXNyg9tk2dfA,3,0.09827539,0.17362049221992493
UC0mPwepVHMKsMJKfMDs5ezg,UC1TK5h3syFd9Z0_EbHCXvDw,4,0.11779562,0.17748792469501495
UC0maaIVfCFgN_nJNdagpskA,UC17qqZ8hk0HkHLm3zj5bnyQ,4,0.1114876,0.13190947473049164
UC0mhOaiTObQ9hsCIBQM7Hnw,UC1bmnUH1ffc63zohkPvtXcQ,7,0.2699667,0.12282907217741013
UC0mkUet8Tqz-rA7R3kDqRyg,UC1YCT9S8BFkXMYfOn6x0sgg,3,0.090522885,0.12381263077259064
UC0nFKe_NyHM5UUQ5J40ktHA,UC0om5rcyyqFfTKLSI34uCdw,3,0.12056334,0.1765497773885727
UC0nFKe_NyHM5UUQ5J40ktHA,UC0psEsKVbWwPKHOvKIyMDrw,3,0.100500084,0.1336466521024704
UC0nFKe_NyHM5UUQ5J40ktHA,UC1FQWQ3y3-e8l1pCtWhJt5A,4,0.13741764,0.12457218021154404
UC0nP81Fj8D1HveiG45W_G1g,UC2-W_pj9v3eyxEVtz0_IJXA,3,0.112751335,0.2702181339263916
UC0om5rcyyqFfTKLSI34uCdw,UC0psEsKVbWwPKHOvKIyMDrw,3,0.11367531,0.13262724876403809
UC0pHUMEOtul5NlaT-Rt-34w,UC1FQWQ3y3-e8l1pCtWhJt5A,3,0.0920635,0.14954443275928497
UC0pHUMEOtul5NlaT-Rt-34w,UC1zsShDyJp8AafQu9BPo1PQ,3,0.12231561,0.15623313188552856
UC0pofaSefMyvZBhRkpNHXFQ,UC28hcmMG3TJv60Byo528VVg,3,0.08408531,0.1430862993001938
UC0psEsKVbWwPKHOvKIyMDrw,UC25Ah0_XF2lOUwWV9VSfl2g,5,0.15302533,0.16965505480766296
UC0q-GzQHxQL2_OIq4-U2Y6Q,UC14Yc2Qv92DMuyNRlHvpo2Q,3,0.117030814,0.3075275421142578
UC0qRlg0U8_6cMBvFJf0p9Fw,UC75KuCecKVZt7Wzu9yAU99A,3,0.11111111,0.20414948463439941
UC0qRlg0U8_6cMBvFJf0p9Fw,UC7Pd7bhUlyU0KZcD7Muja_A,3,0.1092951,0.1411273330450058
UC0qVFWNEeaYqF6L6rToqNGg,UC3Zr9eDEeKsCE4NgsW1mQ_Q,3,0.13388157,0.3761006295681
UC0qVFWNEeaYqF6L6rToqNGg,UC8JJPejpW-jkj4ItGNyarTw,3,0.13388157,0.5346682667732239
UC0rbVMCStY7IYwwTg4z_EjA,UC2R3lvSwIQMNCc9qdhNUOKQ,3,0.10795455,0.3749626576900482
UC0rbVMCStY7IYwwTg4z_EjA,UC4gtGRAiS5msZfhEhdZO6hw,3,0.114197865,0.23606562614440918
UC0rbVMCStY7IYwwTg4z_EjA,UC6VSFaHYbR-bhNer7DXxGNQ,3,0.116174154,0.24756382405757904
UC0rvsDnTlvualb1EkgbxBzQ,UC16NNFKodOsrgi0Nla5XPKg,9,0.31256282,0.15189604461193085
UC0rvsDnTlvualb1EkgbxBzQ,UC1CzWN54chg7rzG7BBU2H2g,3,0.11044255,0.12026069313287735
UC0rvsDnTlvualb1EkgbxBzQ,UC1FB7SPHoJOIfRrrqHbrhEQ,4,0.15281466,0.15867221355438232
UC0rvsDnTlvualb1EkgbxBzQ,UC1FZ-jmqm3WyUkcSFhbszqA,3,0.13586058,0.13966572284698486
UC0rvsDnTlvualb1EkgbxBzQ,UC1J7Kx06xlz0Ed4Z7dT3I6g,3,0.095144525,0.13019216060638428
UC0rvsDnTlvualb1EkgbxBzQ,UC1T3iaELXs4NdJc1dWmDMWQ,4,0.12923923,0.24267742037773132
UC0rvsDnTlvualb1EkgbxBzQ,UC1WkFVOCTPdY782AJ1PZ-JQ,14,0.4851822,0.12193398922681808
UC0rvsDnTlvualb1EkgbxBzQ,UC1bmnUH1ffc63zohkPvtXcQ,13,0.4455756,0.1303553283214569
UC0rvsDnTlvualb1EkgbxBzQ,UC1yMehQx8NdlIFJlPzptRYg,7,0.22133501,0.19471776485443115
UC0rvsDnTlvualb1EkgbxBzQ,UC283U3dPUk0RD-etygZJ11g,5,0.1671615,0.13204404711723328
UC0rvsDnTlvualb1EkgbxBzQ,UC2NQajHz-1eJrobTub1ZnSA,12,0.43915164,0.15588945150375366
UC0rvsDnTlvualb1EkgbxBzQ,UC4BIUwrzsbX5-vDWCcyfGog,4,0.16040869,0.14849498867988586
UC0rvsDnTlvualb1EkgbxBzQ,UC4jbh3S-f3vBja8a8EAXnWw,3,0.10093157,0.12691432237625122
UC0rvsDnTlvualb1EkgbxBzQ,UC6sLb6lkcfj4i30zE6gmvzA,4,0.15798318,0.26831045746803284
UC0rvsDnTlvualb1EkgbxBzQ,UCA86tPNYQSsPQEGZAhKJvkQ,3,0.13453996,0.1716931164264679
UC0rzYB5Cr7cV1AO959n_IGg,UC2PFHY0nOOVyErB_s1P2iQA,6,0.20425886,0.22524619102478027
UC0rzYB5Cr7cV1AO959n_IGg,UC3kCoMOmTiqkjxjpBPKdt6w,3,0.11024034,0.1414683610200882
UC0rzYB5Cr7cV1AO959n_IGg,UC8AQxRa-WTwfWCJgkOKWxOQ,3,0.09101732,0.15396548807621002
UC0sr5xRB9yWb35B6fAHBRGQ,UC1FQWQ3y3-e8l1pCtWhJt5A,3,0.10560224,0.22802196443080902
UC0tZzQK6ZSzQ4h-qR5lJXgA,UC0yQ2h4gQXmVUFWZSqlMVOA,6,0.21670325,0.15519101917743683
UC0u-397edk1t_SNtgOcymMQ,UC0yQ2h4gQXmVUFWZSqlMVOA,4,0.1280474,0.1443483531475067
UC0u-397edk1t_SNtgOcymMQ,UC3EDIinQZS_Db8cft_sQ5FQ,4,0.15436319,0.6068007349967957
UC0v-pxTo1XamIDE-f__Ad0Q,UC3-1iYGHfR43q_b974vUNYg,7,0.27284676,0.1654791682958603
UC0w34ML2u_eWfWv6ZflIXxA,UC14OtQ0hkT3BReOs6C1RKDA,3,0.09190718,0.1270778775215149
UC0w34ML2u_eWfWv6ZflIXxA,UC1WkFVOCTPdY782AJ1PZ-JQ,15,0.48365808,0.14499709010124207
UC0w34ML2u_eWfWv6ZflIXxA,UC1Z82r17ow4o7cdMUEm1MQQ,3,0.117030814,0.1314840465784073
UC0w34ML2u_eWfWv6ZflIXxA,UC1bmnUH1ffc63zohkPvtXcQ,13,0.49304688,0.1720665693283081
UC0w34ML2u_eWfWv6ZflIXxA,UC1bt4jsQi5JDW9tR-qaI4lg,5,0.19259755,0.13747259974479675
UC0w34ML2u_eWfWv6ZflIXxA,UC1lXpTHk-Vu5lJvzkTreAtw,3,0.101111114,0.20157694816589355
UC0w34ML2u_eWfWv6ZflIXxA,UC1oPBUWifc0QOOY8DEKhLuQ,7,0.29641405,0.14885790646076202
UC0w34ML2u_eWfWv6ZflIXxA,UC32eV8m1229STWwLkUw0jwA,3,0.110673234,0.19116394221782684
UC0xRMqPOyRNPTaL6BxhbCnQ,UC0yQ2h4gQXmVUFWZSqlMVOA,8,0.31095734,0.13359886407852173
UC0xRMqPOyRNPTaL6BxhbCnQ,UC0yqjDdsDfmzHasfbEk0qmg,3,0.1050094,0.20728592574596405
UC0xRMqPOyRNPTaL6BxhbCnQ,UC1CmBZNCHu8Hq5gr7POCSIg,3,0.09935065,0.16906771063804626
UC0xRMqPOyRNPTaL6BxhbCnQ,UC1EVRR14B8PtgszWOwu1opA,4,0.14179894,0.16310471296310425
UC0xRMqPOyRNPTaL6BxhbCnQ,UC1YCT9S8BFkXMYfOn6x0sgg,6,0.19711629,0.12661519646644592
UC0xRMqPOyRNPTaL6BxhbCnQ,UC1uj19dZQXa17-SqNGpVNLw,5,0.18923318,0.3127098083496094
UC0xRMqPOyRNPTaL6BxhbCnQ,UC3-ReVazV9vfnKVeNl9mrfA,3,0.1459619,0.1480342447757721
UC0xRMqPOyRNPTaL6BxhbCnQ,UC363jxADxtyC1yjuhYxNHYg,3,0.15967366,0.3258771300315857
UC0xRMqPOyRNPTaL6BxhbCnQ,UC3Ag_RYMHDYbAV0UKYRtzZQ,3,0.12533166,0.20158745348453522
UC0xRMqPOyRNPTaL6BxhbCnQ,UC452hry4DI_pDn_CVT9ZKhQ,4,0.14391394,0.2234129160642624
UC0xRMqPOyRNPTaL6BxhbCnQ,UC4Cm8mh5_OlQlj5kJh0zY9A,4,0.118444055,0.17190565168857574
UC0xRMqPOyRNPTaL6BxhbCnQ,UC54sClWiSScAfSfts9Cmk0Q,4,0.12857842,0.13456764817237854
UC0xRMqPOyRNPTaL6BxhbCnQ,UC55V_ihtpI2kc_E2GmLnUMQ,3,0.09726732,0.13724978268146515
UC0xRMqPOyRNPTaL6BxhbCnQ,UC5Kgc_HNzx4GJ-w4QMeeKiQ,3,0.14069264,0.2456689178943634
UC0xRMqPOyRNPTaL6BxhbCnQ,UCGlgXjYVoHLD86TQQ799WIw,3,0.12554112,0.13494686782360077
UC0xYGj09xcSMEIN56dNn8GA,UC16NNFKodOsrgi0Nla5XPKg,5,0.16835721,0.12957365810871124
UC0xYGj09xcSMEIN56dNn8GA,UC17qqZ8hk0HkHLm3zj5bnyQ,5,0.16164836,0.15364514291286469
UC0xYGj09xcSMEIN56dNn8GA,UC1Z82r17ow4o7cdMUEm1MQQ,4,0.16615738,0.24783773720264435
UC0xYGj09xcSMEIN56dNn8GA,UC1bmnUH1ffc63zohkPvtXcQ,8,0.26923436,0.1247422993183136
UC0xYGj09xcSMEIN56dNn8GA,UC1p2d2Fj7O9Kf0S7JmHhj-g,3,0.11332934,0.14636017382144928
UC0xYGj09xcSMEIN56dNn8GA,UC1pSncDXYrP1c6VWDGIGcNg,6,0.21183546,0.19540517032146454
UC0xYGj09xcSMEIN56dNn8GA,UC1yMehQx8NdlIFJlPzptRYg,4,0.15298635,0.21314933896064758
UC0xYGj09xcSMEIN56dNn8GA,UC24I2gsaEx_zfrRHQphjj-w,3,0.10277778,0.17213404178619385
UC0xYGj09xcSMEIN56dNn8GA,UC2JJiHkY6PHLm3b4PVUOZmw,3,0.098275386,0.1841518133878708
UC0xYGj09xcSMEIN56dNn8GA,UC2aGNidfUAdJRRBmHqLjI-g,4,0.13295251,0.14636363089084625
UC0yOM-GVMLQTy6gDS0UZ1Pg,UC13uqFOdIrsRdl63n4OGOnw,3,0.08363095,0.2575784921646118
UC0yOM-GVMLQTy6gDS0UZ1Pg,UC2vi2elY5r_NiMMar423Xwg,4,0.12640692,0.1266593635082245
UC0yQ2h4gQXmVUFWZSqlMVOA,UC0yjJhXKaBs8rQiOSc9p7tQ,3,0.12573633,0.13607676327228546
UC0yQ2h4gQXmVUFWZSqlMVOA,UC0yqjDdsDfmzHasfbEk0qmg,4,0.13701999,0.1445484161376953
UC0yQ2h4gQXmVUFWZSqlMVOA,UC12EgyIkhYPCIB_8uU-w3OQ,3,0.101305686,0.12913645803928375
UC0yQ2h4gQXmVUFWZSqlMVOA,UC16niRr50-MSBwiO3YDb3RA,5,0.2440636,0.1337183266878128
UC0yQ2h4gQXmVUFWZSqlMVOA,UC17qqZ8hk0HkHLm3zj5bnyQ,9,0.29685473,0.12646731734275818
UC0yQ2h4gQXmVUFWZSqlMVOA,UC1H5dv45x2aFKk-6JZLSWIQ,16,0.55120486,0.18383249640464783
UC0yQ2h4gQXmVUFWZSqlMVOA,UC1TK5h3syFd9Z0_EbHCXvDw,7,0.23638026,0.12003378570079803
UC0yQ2h4gQXmVUFWZSqlMVOA,UC1WkFVOCTPdY782AJ1PZ-JQ,20,0.75171196,0.13410164415836334
UC0yQ2h4gQXmVUFWZSqlMVOA,UC1bmnUH1ffc63zohkPvtXcQ,23,0.849493,0.17641271650791168
UC0yQ2h4gQXmVUFWZSqlMVOA,UC1nVq5-LTEdUVmr5FLfkd7A,10,0.3361357,0.12129613012075424
UC0yQ2h4gQXmVUFWZSqlMVOA,UC1sCMCM2yQqS3dggBcTbNSg,7,0.2434194,0.15407130122184753
UC0yQ2h4gQXmVUFWZSqlMVOA,UC1uHbAbleaXjfegbmFV9TVQ,11,0.3842044,0.12139377743005753
UC0yQ2h4gQXmVUFWZSqlMVOA,UC28hcmMG3TJv60Byo528VVg,14,0.5659444,0.20585645735263824
UC0yQ2h4gQXmVUFWZSqlMVOA,UC2FsTPZ5-qIvL-qJaO8ii4Q,5,0.1490314,0.1531878560781479
UC0yQ2h4gQXmVUFWZSqlMVOA,UC2WEap0mCxONZLulKVIW1TA,7,0.2785563,0.12672792375087738
UC0yQ2h4gQXmVUFWZSqlMVOA,UC2oQ5573SQ8ouFun0qQw27w,4,0.15373537,0.1580502986907959
UC0yQ2h4gQXmVUFWZSqlMVOA,UC3-ReVazV9vfnKVeNl9mrfA,6,0.25631934,0.13892865180969238
UC0yQ2h4gQXmVUFWZSqlMVOA,UC4lN5sizuJraSHqy99xTy6Q,22,0.8189379,0.12529690563678741
UC0yQ2h4gQXmVUFWZSqlMVOA,UC9CR9ZDPfBrE4jllwsxoMTw,3,0.115824915,0.12934686243534088
UC0yQ2h4gQXmVUFWZSqlMVOA,UCHkxn-9n6Z3yQzg5fZgc0tA,3,0.13882354,0.13699108362197876
UC0yWlmAcgmcLR2qYSQv-Zhw,UC2vi2elY5r_NiMMar423Xwg,3,0.113186456,0.18661871552467346
UC1-4AnMxkLXLNL3-7UJ4KTQ,UC1OdBHC5rlBb1VRtxrlGl4A,4,0.14336917,0.17735490202903748
UC1-4AnMxkLXLNL3-7UJ4KTQ,UC1bmnUH1ffc63zohkPvtXcQ,8,0.32779586,0.14101766049861908
UC1-4AnMxkLXLNL3-7UJ4KTQ,UC1fYrot9lgMstv7vX0BnjnQ,3,0.11461096,0.21729017794132233
UC1-4AnMxkLXLNL3-7UJ4KTQ,UC1sCj2fgOEphRa5H0ZaEjeg,3,0.097222224,0.12991319596767426
UC1-4AnMxkLXLNL3-7UJ4KTQ,UC25Ah0_XF2lOUwWV9VSfl2g,4,0.12575261,0.13445042073726654
UC1-4AnMxkLXLNL3-7UJ4KTQ,UC3-1iYGHfR43q_b974vUNYg,12,0.4419294,0.24635866284370422
UC1-4AnMxkLXLNL3-7UJ4KTQ,UC3eTZ5Yld6qufD6rtEiERdw,6,0.20575544,0.1567326933145523
UC1-4AnMxkLXLNL3-7UJ4KTQ,UC4Zyu8fXoss8fnCraoqVprA,5,0.1720253,0.13260988891124725
UC1-4AnMxkLXLNL3-7UJ4KTQ,UC5CRHe4xL-hoQclcBzPb_mg,3,0.10422776,0.22690077126026154
UC1-4AnMxkLXLNL3-7UJ4KTQ,UC6VjNLslXbb6Stl0I2MkQWA,3,0.09849739,0.2362685352563858
UC10BM9XdLdrvB8japwmRUvA,UC14Yc2Qv92DMuyNRlHvpo2Q,3,0.104329005,0.1756158322095871
UC10Cp6r98mQjtEB_G7jwFjQ,UC1pSncDXYrP1c6VWDGIGcNg,3,0.094226584,0.14616523683071136
UC10Cp6r98mQjtEB_G7jwFjQ,UC1z_KW_4kppjwbRwpPdVnRg,3,0.094226584,0.1410950869321823
UC10Cp6r98mQjtEB_G7jwFjQ,UC2H9JFGicoq2me411QvDX5g,5,0.15031362,0.2844424843788147
UC10Cp6r98mQjtEB_G7jwFjQ,UC2LJKazqzQ-4ZFWPZFPLDSQ,3,0.0892332,0.14898572862148285
UC10Cp6r98mQjtEB_G7jwFjQ,UC2l_FQ800uKs7TMYjay2Tsw,3,0.08843955,0.17479074001312256
UC10Cp6r98mQjtEB_G7jwFjQ,UC4G9FaiM7C4us3WL4jQdQ5A,4,0.11893879,0.15368115901947021
UC10Cp6r98mQjtEB_G7jwFjQ,UC4XJFeGFaJjkwYKuKy2h0Sw,3,0.094226584,0.16690874099731445
UC10Cp6r98mQjtEB_G7jwFjQ,UC5Qy8k_hK7eWs0pdF7rxiAA,3,0.092919834,0.19462080299854279
UC10YgBg4a2mbe6fjJGsJxZw,UC2zM0ulWBixfvs9A-Mozr-Q,3,0.13966861,0.6413352489471436
UC10Z3uA6Rs1pwAY0oBCG0FA,UC596VHuJ5Q11N81D6uNrrxA,3,0.13568376,0.41353562474250793
UC10Z3uA6Rs1pwAY0oBCG0FA,UCI3WAlb0djrpodA-2-aa9Hg,3,0.26570046,0.2733739912509918
UC118F1yOA0bQYGgRMaeWbug,UC1YCT9S8BFkXMYfOn6x0sgg,3,0.0997148,0.15475943684577942
UC12FUHVhwpC5lMYsMPMbmyg,UC1YCT9S8BFkXMYfOn6x0sgg,3,0.10155907,0.14171160757541656
UC12FUHVhwpC5lMYsMPMbmyg,UC1st2Mo2UrKD8YjmyU02NTQ,3,0.09511785,0.16921758651733398
UC12HMtO5MYph9dCZZ7yygng,UC1FQWQ3y3-e8l1pCtWhJt5A,6,0.20764425,0.13800737261772156
UC12HMtO5MYph9dCZZ7yygng,UC1JblLAuGsgpxjQjROHfwzQ,3,0.097899094,0.16399741172790527
UC12HMtO5MYph9dCZZ7yygng,UC1Lp8HbCqOPBMT1W_mjb21A,5,0.19298837,0.12580843269824982
UC12HMtO5MYph9dCZZ7yygng,UC25Ah0_XF2lOUwWV9VSfl2g,4,0.1468414,0.1498100906610489
UC12HMtO5MYph9dCZZ7yygng,UC37tdXvFfQ-gAtxkGy4VdVg,3,0.09899889,0.14882278442382812
UC12HMtO5MYph9dCZZ7yygng,UC3IZKseVpdzPSBaWxBxundA,8,0.28827208,0.3090733289718628
UC12RsAZe2Wmx5D9sCWesyNQ,UC4HOY-3PwLSV9c-Xoe3xQrQ,3,0.09530303,0.24678364396095276
UC137dAgXEQc0QfRqBoDPNng,UC1GsBI4yJhQmW-Zp-NuXDNg,7,0.26785398,0.5748893022537231
UC13IHWsQo3Wzh6bMx1iyKdw,UC14QT5j2nQI8lKBCGtrrBQA,3,0.09510985,0.22886621952056885
UC13ZBsTf5xPJTVi8DLOrUfQ,UC1Lp8HbCqOPBMT1W_mjb21A,5,0.19488636,0.18265236914157867
UC13uqFOdIrsRdl63n4OGOnw,UC4Ub-Y_yj43aouqFbA7PwhQ,4,0.1080212,0.13423296809196472
UC13uqFOdIrsRdl63n4OGOnw,UC5Qgc-tEFmm5iQX5tUy6TyA,3,0.07944977,0.18292070925235748
UC14OtQ0hkT3BReOs6C1RKDA,UC1FQWQ3y3-e8l1pCtWhJt5A,3,0.12261904,0.14773568511009216
UC14OtQ0hkT3BReOs6C1RKDA,UC1ahId_-0jdVG0zrgbEIAzQ,3,0.104411766,0.19940999150276184
UC14OtQ0hkT3BReOs6C1RKDA,UC2ctq8sYlRXDUmsg3cEvvHQ,3,0.12261904,0.2489260882139206
UC14OtQ0hkT3BReOs6C1RKDA,UC2vQ-7IQJ75obTuTfDrpCyA,3,0.095003165,0.17241090536117554
UC14OtQ0hkT3BReOs6C1RKDA,UC3RmaroKqAi3LAVToGzzILA,4,0.11214528,0.17234700918197632
UC14OtQ0hkT3BReOs6C1RKDA,UC4G9FaiM7C4us3WL4jQdQ5A,4,0.11916283,0.1470564305782318
UC14QT5j2nQI8lKBCGtrrBQA,UC14Yc2Qv92DMuyNRlHvpo2Q,10,0.36717653,0.24495019018650055
UC14QT5j2nQI8lKBCGtrrBQA,UC1AF8AxkB-J1m2O4hNsLYwQ,3,0.19519705,0.24178415536880493
UC14QT5j2nQI8lKBCGtrrBQA,UC1DCedRgGHBdm81E1llLhOQ,7,0.2988709,0.2236064374446869
UC14QT5j2nQI8lKBCGtrrBQA,UC1EVRR14B8PtgszWOwu1opA,4,0.22488882,0.21410322189331055
UC14QT5j2nQI8lKBCGtrrBQA,UC1f7is1S9CZ4yAuZEAcAypw,3,0.15353037,0.2334558367729187
UC14QT5j2nQI8lKBCGtrrBQA,UC2SPttwqD13PoROoLR_NKUg,4,0.21887508,0.34718993306159973
UC14QT5j2nQI8lKBCGtrrBQA,UC3BSzbgMn2vLYS4Dp_i-bow,5,0.19233409,0.15392112731933594
UC14QT5j2nQI8lKBCGtrrBQA,UC3C3YOGFjn7Pq3lOCeUFHfg,3,0.10623932,0.1711447536945343
UC14QT5j2nQI8lKBCGtrrBQA,UC3dh_fQslVReCLOmMsS4pJw,4,0.11992596,0.12687890231609344
UC14QT5j2nQI8lKBCGtrrBQA,UC47AYUs8AVU1QsT5LhpXjaw,5,0.19144334,0.1245981827378273
UC14QT5j2nQI8lKBCGtrrBQA,UC4cVwSx4jdZszAcvrgJ4H-g,7,0.23571832,0.14225299656391144
UC14QT5j2nQI8lKBCGtrrBQA,UC6SmH9mR82nj28_NNg_rZvA,3,0.17323233,0.16788074374198914
UC14Yc2Qv92DMuyNRlHvpo2Q,UC16bljMGmi9JYoyL5x9jLGg,4,0.18097642,0.2570854425430298
UC14Yc2Qv92DMuyNRlHvpo2Q,UC1CJfkyVslTkE9yAAnHRRrA,3,0.083333336,0.1371970921754837
UC14Yc2Qv92DMuyNRlHvpo2Q,UC1iA6_NT4mtAcIII6ygrvCw,3,0.117030814,0.18777112662792206
UC14Yc2Qv92DMuyNRlHvpo2Q,UC4-KH4Uw5-YCfhAYj-gVqSA,3,0.09392806,0.1205483078956604
UC14Yc2Qv92DMuyNRlHvpo2Q,UC49IcjbsspFVpukiVYN05Hg,3,0.093811095,0.13992826640605927
UC14cfkhEN-LQUL9xrRlXUTg,UC1bmnUH1ffc63zohkPvtXcQ,3,0.12455629,0.12292453646659851
UC15ebOqdhmvl1eb0s0jk5aw,UC1H5dv45x2aFKk-6JZLSWIQ,6,0.20602645,0.19442982971668243
UC15ebOqdhmvl1eb0s0jk5aw,UC1S31PbQRHVqGbe2mSwyQ6g,3,0.09647147,0.13242752850055695
UC15ebOqdhmvl1eb0s0jk5aw,UC1gbNFHc3Ut8xZj37QUStKg,3,0.09181282,0.28317704796791077
UC15ebOqdhmvl1eb0s0jk5aw,UC1z2nYFeSleV9iKSSlc-afQ,3,0.10448232,0.25494322180747986
UC15ebOqdhmvl1eb0s0jk5aw,UC3s3pjVgGffuAuqTXN4gu0g,3,0.115372896,0.3442746698856354
UC15ebOqdhmvl1eb0s0jk5aw,UC46u5qG6vqDdrNYgqRVvq3Q,3,0.09726732,0.13269688189029694
UC15ebOqdhmvl1eb0s0jk5aw,UC4N9V8J-QDrNx7x1eDPE75A,3,0.115372896,0.2923077642917633
UC15oAZnbkwc0NFn-20kY4OQ,UC1EVRR14B8PtgszWOwu1opA,3,0.0799458,0.1891918182373047
UC16NNFKodOsrgi0Nla5XPKg,UC1Lp8HbCqOPBMT1W_mjb21A,10,0.3517807,0.17429517209529877
UC16NNFKodOsrgi0Nla5XPKg,UC1PnX-pV16fUxhVbL81Ro9g,3,0.0892332,0.13984060287475586
UC16NNFKodOsrgi0Nla5XPKg,UC1pSncDXYrP1c6VWDGIGcNg,9,0.304901,0.1893935203552246
UC16NNFKodOsrgi0Nla5XPKg,UC1z_KW_4kppjwbRwpPdVnRg,7,0.2186434,0.13110233843326569
UC16NNFKodOsrgi0Nla5XPKg,UC2-biDVK0E3d_Rp6rYoh4cQ,6,0.19490416,0.13786901533603668
UC16NNFKodOsrgi0Nla5XPKg,UC25EBu6EIw7ZJmQPzPq5f4w,4,0.15244378,0.17417703568935394
UC16NNFKodOsrgi0Nla5XPKg,UC2A9bPIozUiYiXBbBdCF3eA,11,0.35664502,0.1552627831697464
UC16NNFKodOsrgi0Nla5XPKg,UC2CqX7vkULylI1B6q9tz0Hw,3,0.09821428,0.19722899794578552
UC16NNFKodOsrgi0Nla5XPKg,UC2H-PmX9pw7_AxSZ25RFGTw,3,0.11142859,0.15646086633205414
UC16NNFKodOsrgi0Nla5XPKg,UC2NQajHz-1eJrobTub1ZnSA,15,0.4853389,0.18373508751392365
UC16NNFKodOsrgi0Nla5XPKg,UC2l_FQ800uKs7TMYjay2Tsw,6,0.20130952,0.15932057797908783
UC16NNFKodOsrgi0Nla5XPKg,UC33M0W_11wa_eIUZd1d0SAQ,3,0.12107843,0.14962466061115265
UC16NNFKodOsrgi0Nla5XPKg,UC4khoc98iEkW-5p1h9iakgw,4,0.14960882,0.16230535507202148
UC16NNFKodOsrgi0Nla5XPKg,UC5QlcVQRgygvOaBN0O5__Og,3,0.10696429,0.17302767932415009
UC16NNFKodOsrgi0Nla5XPKg,UCGGsKQVinW2cgQL3YfufeKQ,4,0.18454334,0.1899435818195343
UC16bljMGmi9JYoyL5x9jLGg,UC1oPBUWifc0QOOY8DEKhLuQ,3,0.13849017,0.13648362457752228
UC16bljMGmi9JYoyL5x9jLGg,UC4gtGRAiS5msZfhEhdZO6hw,3,0.11081833,0.28029564023017883
UC16niRr50-MSBwiO3YDb3RA,UC1h483R01zEPVlMxAE2BOow,3,0.13148148,0.1388556808233261
UC16niRr50-MSBwiO3YDb3RA,UC2L7vR43LKuBXXV2AentEMw,3,0.12592593,0.25452765822410583
UC16niRr50-MSBwiO3YDb3RA,UC6cZRYwUPyvoeOOb0dqrAug,3,0.1877451,0.24161334335803986
UC16oMU-Ykq7Zm8JcgLWjzew,UC2aGNidfUAdJRRBmHqLjI-g,3,0.10414003,0.13506826758384705
UC16oMU-Ykq7Zm8JcgLWjzew,UC56lF6uAJTE0FvA0e8CQXbg,4,0.118560866,0.20221899449825287
UC17CyLKg9q0X1yu2rYX61Ww,UC1oPBUWifc0QOOY8DEKhLuQ,3,0.10603936,0.15196670591831207
UC17qqZ8hk0HkHLm3zj5bnyQ,UC1CmBZNCHu8Hq5gr7POCSIg,3,0.08527641,0.14389681816101074
UC17qqZ8hk0HkHLm3zj5bnyQ,UC1SvfAFIkNrLvz17isUO6sg,3,0.10789909,0.20225633680820465
UC17qqZ8hk0HkHLm3zj5bnyQ,UC1p2d2Fj7O9Kf0S7JmHhj-g,5,0.1379869,0.14820054173469543
UC17qqZ8hk0HkHLm3zj5bnyQ,UC1uHbAbleaXjfegbmFV9TVQ,9,0.28492558,0.1670360267162323
UC17qqZ8hk0HkHLm3zj5bnyQ,UC1zYGo1jIIjMVDTLL3dydow,3,0.13040936,0.15131518244743347
UC17qqZ8hk0HkHLm3zj5bnyQ,UC3bc4PNLgnBudG19N74Jjzw,6,0.19587377,0.1359262764453888
UC17qqZ8hk0HkHLm3zj5bnyQ,UC4PJ_OncfmJ1IEeqroBqOAg,3,0.10001457,0.16864529252052307
UC17qqZ8hk0HkHLm3zj5bnyQ,UC7BYJDxt7M3yddgHJAF4ZeA,3,0.11971153,0.21127711236476898
UC17s95XZ2Eow-pB0AudhSeA,UC1N2_2vCoyd3EvGcVuwTfmw,4,0.12834035,0.13087104260921478
UC18A5-KezRSqS9mV4TX4OlQ,UC1Hke7eX7zHfRO3sOK_bg7g,3,0.09174083,0.1556348204612732
UC18A5-KezRSqS9mV4TX4OlQ,UC2otzOMMLeJHZVwwyAQaA_w,3,0.11781608,0.15101422369480133
UC19k_7hqCBqCPupBlAPKOvw,UC3-1iYGHfR43q_b974vUNYg,3,0.11384863,0.14445731043815613
UC1A3FDXxms0u0vV5d7_dChQ,UC25f1FyMuKnMapFO5w98N_g,3,0.10380201,0.2384486049413681
UC1A9ZQaEIgU_zL6cGTIQW8g,UC1S2_rXnhdcLkiQAV0kwGIg,3,0.120182805,0.2794247269630432
UC1AF8AxkB-J1m2O4hNsLYwQ,UC1NoyV5DKqt8J1TeHib8bUg,3,0.10148809,0.2466750144958496
UC1AF8AxkB-J1m2O4hNsLYwQ,UC1pSncDXYrP1c6VWDGIGcNg,3,0.098015875,0.14115990698337555
UC1AtOYBE-rrvc2NytR1q_5A,UC1RG7m8FwFKgB3IpfN3ccew,3,0.10013138,0.19729046523571014
UC1AtOYBE-rrvc2NytR1q_5A,UC1ahId_-0jdVG0zrgbEIAzQ,3,0.10013138,0.155037984251976
UC1AtOYBE-rrvc2NytR1q_5A,UC2vQ-7IQJ75obTuTfDrpCyA,3,0.09197287,0.13531841337680817
UC1AtOYBE-rrvc2NytR1q_5A,UC3RmaroKqAi3LAVToGzzILA,3,0.09784946,0.12191346287727356
UC1AtOYBE-rrvc2NytR1q_5A,UC4XJFeGFaJjkwYKuKy2h0Sw,3,0.095894426,0.13152718544006348
UC1CJfkyVslTkE9yAAnHRRrA,UC1YCT9S8BFkXMYfOn6x0sgg,4,0.12372184,0.16232851147651672
UC1CJfkyVslTkE9yAAnHRRrA,UC1bmnUH1ffc63zohkPvtXcQ,4,0.15168767,0.12039756029844284
UC1CJfkyVslTkE9yAAnHRRrA,UC1nVq5-LTEdUVmr5FLfkd7A,3,0.10060607,0.138756662607193
UC1CmBZNCHu8Hq5gr7POCSIg,UC54sClWiSScAfSfts9Cmk0Q,3,0.09458875,0.20955005288124084
UC1CmBZNCHu8Hq5gr7POCSIg,UC55V_ihtpI2kc_E2GmLnUMQ,3,0.09458875,0.28252696990966797
UC1CzWN54chg7rzG7BBU2H2g,UC1bmnUH1ffc63zohkPvtXcQ,6,0.2551247,0.178353950381279
UC1DCedRgGHBdm81E1llLhOQ,UC1iA6_NT4mtAcIII6ygrvCw,4,0.13043441,0.2347029596567154
UC1DCedRgGHBdm81E1llLhOQ,UC1opHUrw8rvnsadT-iGp7Cg,6,0.22116542,0.37608054280281067
UC1DCedRgGHBdm81E1llLhOQ,UC1sBUU-y9FlHNukwsrR4bmA,3,0.111351565,0.3364185392856598
UC1DCedRgGHBdm81E1llLhOQ,UC1suqwovbL1kzsoaZgFZLKg,3,0.1330984,0.3678054213523865
UC1DCedRgGHBdm81E1llLhOQ,UC1uv2Oq6kNxgATlCiez59hw,3,0.091972865,0.30574655532836914
UC1DCedRgGHBdm81E1llLhOQ,UC1zFJrfEKvCixhsjNSb1toQ,3,0.11636829,0.26615872979164124
UC1DCedRgGHBdm81E1llLhOQ,UC2ak0cfMQ4zP3w_Fo-Zj-TA,4,0.15324733,0.1941431760787964
UC1DCedRgGHBdm81E1llLhOQ,UC3C3YOGFjn7Pq3lOCeUFHfg,3,0.10623932,0.2325018048286438
UC1DCedRgGHBdm81E1llLhOQ,UC4YaOt1yT-ZeyB0OmxHgolA,3,0.10195361,0.16351144015789032
UC1DCedRgGHBdm81E1llLhOQ,UC6SmH9mR82nj28_NNg_rZvA,3,0.1039272,0.13682451844215393
UC1DCedRgGHBdm81E1llLhOQ,UC6eWCld0KwmyHFbAqK3V-Rw,4,0.16088125,0.34603291749954224
UC1DqlLj1onQhBfxW81OgQTw,UC1tk9F5-MGXEq4LWnjmrtpA,3,0.14126986,0.15639549493789673
UC1DqlLj1onQhBfxW81OgQTw,UC1wu3wlRdRzCFLCO5vKp_nQ,3,0.10503129,0.12280923128128052
UC1DqlLj1onQhBfxW81OgQTw,UC25Ah0_XF2lOUwWV9VSfl2g,3,0.119047634,0.1325594037771225
UC1DqlLj1onQhBfxW81OgQTw,UC6AG81pAkf6Lbi_1VC5NmPA,5,0.21963775,0.12306931614875793
UC1E3mzS3dCj8pakB2tewfUg,UC1S31PbQRHVqGbe2mSwyQ6g,3,0.093613386,0.30975818634033203
UC1EJuu8uyNGl_6DetQ16U0g,UCDgLoYnv_7vLqjzww2XioZw,3,0.10000001,0.1782318502664566
UC1EVRR14B8PtgszWOwu1opA,UC1kS0UwEOoHpgzgnV_goVZQ,3,0.08980786,0.225073903799057
UC1EVRR14B8PtgszWOwu1opA,UC21f1t3X_sYMD28XclLNpUw,3,0.103485845,0.19731876254081726
UC1EVRR14B8PtgszWOwu1opA,UC4YaOt1yT-ZeyB0OmxHgolA,3,0.10989012,0.22426363825798035
UC1FQWQ3y3-e8l1pCtWhJt5A,UC1P6fv0uCNNTBQIWlhUVvaw,3,0.096841395,0.14006473124027252
UC1FQWQ3y3-e8l1pCtWhJt5A,UC1z2nYFeSleV9iKSSlc-afQ,3,0.09634921,0.12166436016559601
UC1FQWQ3y3-e8l1pCtWhJt5A,UC3k3RSFHemW5qjtp-X1TGZg,3,0.11490684,0.1444360464811325
UC1FQWQ3y3-e8l1pCtWhJt5A,UC4GXMHCwmONp6XFRB5SayAg,5,0.16563807,0.2581666111946106
UC1GMZewXvtZxV-Dyf7o0gPA,UC585dIe6lG9UOR-CyE24wmQ,3,0.099999994,0.15218281745910645
UC1GP1tLvu6bp9e69kn53GfA,UC2L2dBbBWuexPgOE4IdGu2g,3,0.14425191,0.13788162171840668
UC1H5dv45x2aFKk-6JZLSWIQ,UC1OR2YNQLZJYFdQjFrPWvVw,4,0.1303176,0.1273793876171112
UC1H5dv45x2aFKk-6JZLSWIQ,UC1tvFKTF1kzTcar_Qv_yW0w,3,0.09256357,0.21175538003444672
UC1H5dv45x2aFKk-6JZLSWIQ,UC1xd0cAOryAMTTG34joEgdg,3,0.08944762,0.13244299590587616
UC1H5dv45x2aFKk-6JZLSWIQ,UC2NujFa5X09CdV0YCntmQDg,3,0.09154316,0.13941143453121185
UC1H5dv45x2aFKk-6JZLSWIQ,UC2ak0cfMQ4zP3w_Fo-Zj-TA,5,0.17122315,0.14975260198116302
UC1H5dv45x2aFKk-6JZLSWIQ,UC3-G_k3qv0vsK9iBCldVd8Q,4,0.42671958,0.33156174421310425
UC1H5dv45x2aFKk-6JZLSWIQ,UC3vg17IZ1IV73xx069jG44w,6,0.23175651,0.1298040896654129
UC1H5dv45x2aFKk-6JZLSWIQ,UC49IcjbsspFVpukiVYN05Hg,3,0.11256109,0.1299930214881897
UC1H5dv45x2aFKk-6JZLSWIQ,UC4N9V8J-QDrNx7x1eDPE75A,3,0.118120134,0.15362055599689484
UC1H5dv45x2aFKk-6JZLSWIQ,UC4WCYBs0R6fABHwqnneUiEA,5,0.21146348,0.23673765361309052
UC1H5dv45x2aFKk-6JZLSWIQ,UC4zGMicoES8FZwkhiXXZThg,3,0.11168311,0.16070932149887085
UC1H5dv45x2aFKk-6JZLSWIQ,UC7BLsnWEPZwIMN5c8maF_nA,3,0.1004902,0.14294010400772095
UC1HZhN0HjriRUhqH7wGyRQg,UC1Lp8HbCqOPBMT1W_mjb21A,8,0.28957617,0.19640015065670013
UC1HZhN0HjriRUhqH7wGyRQg,UC1gHtxTKm_6ZE2_n__vRlwA,4,0.124114126,0.1455559879541397
UC1HZhN0HjriRUhqH7wGyRQg,UC1tk9F5-MGXEq4LWnjmrtpA,4,0.18761142,0.19798718392848969
UC1HZhN0HjriRUhqH7wGyRQg,UC2aGNidfUAdJRRBmHqLjI-g,4,0.1340346,0.1360154151916504
UC1Hke7eX7zHfRO3sOK_bg7g,UC1Lp8HbCqOPBMT1W_mjb21A,4,0.1618771,0.169092059135437
UC1Hke7eX7zHfRO3sOK_bg7g,UC1bt4jsQi5JDW9tR-qaI4lg,4,0.14021683,0.18864001333713531
UC1Hke7eX7zHfRO3sOK_bg7g,UC7LT6gRahCIBd5AO5MUl8dQ,3,0.13326818,0.15837004780769348
UC1HkjsJ0Ttu7vd5mhbJgd9g,UC4cVwSx4jdZszAcvrgJ4H-g,3,0.09012532,0.14198407530784607
UC1HkjsJ0Ttu7vd5mhbJgd9g,UC5Qgc-tEFmm5iQX5tUy6TyA,3,0.08583961,0.22455233335494995
UC1HmooRgf9QaSGm2HpkzYNA,UC2A9bPIozUiYiXBbBdCF3eA,3,0.09220779,0.14275453984737396
UC1HmooRgf9QaSGm2HpkzYNA,UC2NQajHz-1eJrobTub1ZnSA,3,0.09220779,0.12413828074932098
UC1J7Kx06xlz0Ed4Z7dT3I6g,UC1NciQ9_T2vwtI1oWuQSM-g,3,0.09615259,0.163584902882576
UC1J7Kx06xlz0Ed4Z7dT3I6g,UC1p2d2Fj7O9Kf0S7JmHhj-g,3,0.090964794,0.22274841368198395
UC1JMhM9TJT7yMLx8ZtbDO8g,UC1bmnUH1ffc63zohkPvtXcQ,5,0.21956533,0.12176574766635895
UC1JblLAuGsgpxjQjROHfwzQ,UC3IZKseVpdzPSBaWxBxundA,3,0.11771262,0.235643669962883
UC1KM0FPG8NvCWKRZURZZEfQ,UC1Q_aQ3PCjpuuKYeVq4lKAQ,3,0.094367094,0.13884343206882477
UC1KM0FPG8NvCWKRZURZZEfQ,UC1ax6Oh62fiv2Q7L51bSvYQ,3,0.09635994,0.14082005620002747
UC1KM0FPG8NvCWKRZURZZEfQ,UC21f1t3X_sYMD28XclLNpUw,3,0.11574074,0.19068877398967743
UC1KM0FPG8NvCWKRZURZZEfQ,UC4wMRvFkrG1H81EPDA0zsIg,3,0.116312735,0.13848601281642914
UC1KM0FPG8NvCWKRZURZZEfQ,UC6ylTkexHwwJo_22V35lx0A,3,0.10231232,0.14524447917938232
UC1KsyVFMu6Aq5x235IoalZQ,UC1bmnUH1ffc63zohkPvtXcQ,4,0.13085881,0.14126905798912048
UC1LF4Ti3XIB8yaL5_DP_azQ,UC1SvfAFIkNrLvz17isUO6sg,3,0.09508547,0.26255854964256287
UC1LF4Ti3XIB8yaL5_DP_azQ,UC2l_FQ800uKs7TMYjay2Tsw,3,0.09220779,0.13275940716266632
UC1Lp8HbCqOPBMT1W_mjb21A,UC1NciQ9_T2vwtI1oWuQSM-g,11,0.3578064,0.20667976140975952
UC1Lp8HbCqOPBMT1W_mjb21A,UC1PnX-pV16fUxhVbL81Ro9g,3,0.08576098,0.12848606705665588
UC1Lp8HbCqOPBMT1W_mjb21A,UC1ayVmK30NzErsWze--IozA,3,0.09128585,0.12153211981058121
UC1Lp8HbCqOPBMT1W_mjb21A,UC1bt4jsQi5JDW9tR-qaI4lg,7,0.25331396,0.15453532338142395
UC1Lp8HbCqOPBMT1W_mjb21A,UC2YCORq-wZiYSCMxLfn0Hjw,4,0.13924439,0.21450066566467285
UC1Lp8HbCqOPBMT1W_mjb21A,UC2tT2TQ8TDjX6ZVd12N_n5w,4,0.14972825,0.12562739849090576
UC1Lp8HbCqOPBMT1W_mjb21A,UC3hb-DiQCVlPLv3kgWVs-MQ,3,0.11342691,0.14247162640094757
UC1Lp8HbCqOPBMT1W_mjb21A,UC3p5OTQsMEnmZktWUkw_Y0A,8,0.35029763,0.17291198670864105
UC1Lp8HbCqOPBMT1W_mjb21A,UC40BxbSAaJVhMp-1XK6un8A,7,0.26220098,0.20861560106277466
UC1Lp8HbCqOPBMT1W_mjb21A,UC4YYMfsqUrejYXKnV--BydQ,5,0.1597148,0.12523949146270752
UC1Lp8HbCqOPBMT1W_mjb21A,UC5eCvFUhtBeKCiQXUx6CvFg,6,0.21091622,0.15644483268260956
UC1Lp8HbCqOPBMT1W_mjb21A,UC6vzXCyUFiz0wMF6aIe7Isg,4,0.19355318,0.16330407559871674
UC1Lp8HbCqOPBMT1W_mjb21A,UC7LT6gRahCIBd5AO5MUl8dQ,6,0.26347423,0.14197756350040436
UC1MF4QvvvNIpogR6eCcUHcA,UC2PFHY0nOOVyErB_s1P2iQA,3,0.09575014,0.1463702768087387
UC1N2_2vCoyd3EvGcVuwTfmw,UC2L2dBbBWuexPgOE4IdGu2g,8,0.3087742,0.12290428578853607
UC1N2_2vCoyd3EvGcVuwTfmw,UC2YCORq-wZiYSCMxLfn0Hjw,3,0.09053509,0.12048748880624771
UC1N2_2vCoyd3EvGcVuwTfmw,UC4N9V8J-QDrNx7x1eDPE75A,4,0.14542587,0.16157089173793793
UC1N2_2vCoyd3EvGcVuwTfmw,UC4Tklxku1yPcRIH0VVCKoeA,6,0.28795877,0.19189059734344482
UC1N2_2vCoyd3EvGcVuwTfmw,UC9I5l3CeCsxFdE0p0USWC9g,5,0.18256357,0.15523919463157654
UC1N2_2vCoyd3EvGcVuwTfmw,UCJOGhcQGkbDJXzXEk54Ro5g,3,0.14537036,0.120185986161232
UC1NciQ9_T2vwtI1oWuQSM-g,UC2A9bPIozUiYiXBbBdCF3eA,7,0.25834152,0.13111786544322968
UC1NciQ9_T2vwtI1oWuQSM-g,UC3p5OTQsMEnmZktWUkw_Y0A,7,0.2313347,0.1392533779144287
UC1NoyV5DKqt8J1TeHib8bUg,UC1pSncDXYrP1c6VWDGIGcNg,3,0.098015875,0.12315446883440018
UC1OR2YNQLZJYFdQjFrPWvVw,UC1oPBUWifc0QOOY8DEKhLuQ,5,0.175297,0.1535310596227646
UC1OR2YNQLZJYFdQjFrPWvVw,UC3vg17IZ1IV73xx069jG44w,3,0.11224283,0.12684763967990875
UC1OR2YNQLZJYFdQjFrPWvVw,UCB1dgsqLiEp57oDAyNV_vww,3,0.15743837,0.14728985726833344
UC1P6fv0uCNNTBQIWlhUVvaw,UC1WkFVOCTPdY782AJ1PZ-JQ,6,0.20411652,0.15663672983646393
UC1PnX-pV16fUxhVbL81Ro9g,UC2NQajHz-1eJrobTub1ZnSA,4,0.12769474,0.14617495238780975
UC1QgXt46-GEvtNjEC1paHnw,UC1zFJrfEKvCixhsjNSb1toQ,3,0.12050907,0.7040054202079773
UC1QgXt46-GEvtNjEC1paHnw,UC2OacIzd2UxGHRGhdHl1Rhw,3,0.12050907,0.7327772974967957
UC1S2_rXnhdcLkiQAV0kwGIg,UC2ctq8sYlRXDUmsg3cEvvHQ,4,0.15231016,0.145143523812294
UC1S31PbQRHVqGbe2mSwyQ6g,UC1xd0cAOryAMTTG34joEgdg,3,0.095894426,0.20653469860553741
UC1S31PbQRHVqGbe2mSwyQ6g,UC2otzOMMLeJHZVwwyAQaA_w,3,0.10725807,0.12452436983585358
UC1SqP7_RfOC9Jf9L_GRHANg,UC1VYb0EKcZuy9rG3q0VR57Q,3,0.106970325,0.3671301007270813
UC1TK5h3syFd9Z0_EbHCXvDw,UC1YCT9S8BFkXMYfOn6x0sgg,5,0.19876848,0.15090414881706238
UC1ToVxtUzre1zhpTVxsSh5Q,UC1bmnUH1ffc63zohkPvtXcQ,11,0.41214705,0.13498066365718842
UC1ToVxtUzre1zhpTVxsSh5Q,UC1nznQzS-aHtUaICqGy-4cg,4,0.15608673,0.18909332156181335
UC1ToVxtUzre1zhpTVxsSh5Q,UC3D2Id9EjpEiU2eXHe-Izlg,3,0.11559141,0.15141601860523224
UC1VQpKjn669uCTaP7zbnfFQ,UC1WkFVOCTPdY782AJ1PZ-JQ,4,0.13971561,0.13915865123271942
UC1WkFVOCTPdY782AJ1PZ-JQ,UC1bmnUH1ffc63zohkPvtXcQ,32,1.1661462,0.18815506994724274
UC1WkFVOCTPdY782AJ1PZ-JQ,UC1gHtxTKm_6ZE2_n__vRlwA,8,0.27933025,0.12375763803720474
UC1WkFVOCTPdY782AJ1PZ-JQ,UC1jcMLLLW72VwA1bUK1vT-w,5,0.17031406,0.12827467918395996
UC1WkFVOCTPdY782AJ1PZ-JQ,UC1pMU0_rKL0NrxZ6yi3FJ6Q,7,0.23706664,0.13521024584770203
UC1WkFVOCTPdY782AJ1PZ-JQ,UC1xUVJIbbM-PV5W0Cci6zuA,12,0.3747975,0.14570842683315277
UC1WkFVOCTPdY782AJ1PZ-JQ,UC2Efbgaug42OXz7nBzj1vLg,3,0.10718954,0.12188883870840073
UC1WkFVOCTPdY782AJ1PZ-JQ,UC2L2dBbBWuexPgOE4IdGu2g,16,0.54722273,0.1363852620124817
UC1WkFVOCTPdY782AJ1PZ-JQ,UC2NQajHz-1eJrobTub1ZnSA,17,0.6374132,0.12478973716497421
UC1WkFVOCTPdY782AJ1PZ-JQ,UC2pzkaY9mpwulNgNyIw4VvA,3,0.16904762,0.1381586790084839
UC1WkFVOCTPdY782AJ1PZ-JQ,UC2vi2elY5r_NiMMar423Xwg,20,0.68187606,0.14081571996212006
UC1WkFVOCTPdY782AJ1PZ-JQ,UC3-1iYGHfR43q_b974vUNYg,18,0.632235,0.13218627870082855
UC1WkFVOCTPdY782AJ1PZ-JQ,UC31OqQ0FKHo_cvfiLXJ4mHg,7,0.29488793,0.1338045299053192
UC1WkFVOCTPdY782AJ1PZ-JQ,UC4G9FaiM7C4us3WL4jQdQ5A,14,0.46991378,0.12573660910129547
UC1WkFVOCTPdY782AJ1PZ-JQ,UC4arQnli3ffEuCSrSgAD_Ug,29,1.0825064,0.20676319301128387
UC1WkFVOCTPdY782AJ1PZ-JQ,UC7C5oRm6cGgbjJdPPEVeNMA,12,0.44463497,0.12187349051237106
UC1WkFVOCTPdY782AJ1PZ-JQ,UCAnUUkliBXa1z4QPGUK3ikQ,4,0.22245672,0.12958924472332
UC1WkFVOCTPdY782AJ1PZ-JQ,UCC5nGP6Jgl2NDLaW0mezJZw,3,0.10666667,0.12159118801355362
UC1YCT9S8BFkXMYfOn6x0sgg,UC1ZeXWYf1jTNNqBprKMxjrA,3,0.1079794,0.15776173770427704
UC1YCT9S8BFkXMYfOn6x0sgg,UC1rUV89a6t4kEI8-M8spNtA,3,0.14583333,0.2034696340560913
UC1YCT9S8BFkXMYfOn6x0sgg,UC1uLU_Ei6KTMddEwuCRgrwg,3,0.09906609,0.14631955325603485
UC1YCT9S8BFkXMYfOn6x0sgg,UC1uj19dZQXa17-SqNGpVNLw,3,0.09290384,0.12266676872968674
UC1YCT9S8BFkXMYfOn6x0sgg,UC283U3dPUk0RD-etygZJ11g,4,0.14437711,0.12103331089019775
UC1YCT9S8BFkXMYfOn6x0sgg,UC2AVtTOAnC89oOgwobq45mQ,4,0.11292851,0.15704242885112762
UC1YCT9S8BFkXMYfOn6x0sgg,UC2KOXsfA1rBg5eaBBL0DXTw,4,0.12953329,0.2339688092470169
UC1YCT9S8BFkXMYfOn6x0sgg,UC2L2dBbBWuexPgOE4IdGu2g,9,0.26804107,0.12855029106140137
UC1YCT9S8BFkXMYfOn6x0sgg,UC2M-72jG8rauIKm6OSUnZoA,5,0.16976392,0.20086164772510529
UC1YCT9S8BFkXMYfOn6x0sgg,UC2nDudMTSBoF9Td00yRS6_A,3,0.08828623,0.2128642350435257
UC1YCT9S8BFkXMYfOn6x0sgg,UC2sBUignRWMrKJtIztlq_VA,6,0.20096566,0.23780612647533417
UC1YCT9S8BFkXMYfOn6x0sgg,UC3N68KFMqDwacbD-WImpcvg,3,0.10683108,0.16361737251281738
UC1YCT9S8BFkXMYfOn6x0sgg,UC3vnXo3ZBJA0mDX8EVZDYmA,4,0.13610464,0.18283803761005402
UC1YCT9S8BFkXMYfOn6x0sgg,UC4MD5jBh5pebVjQCa_gGD-Q,3,0.10034176,0.22693268954753876
UC1YCT9S8BFkXMYfOn6x0sgg,UC5qdpFDdzySFubUaDgCDoHQ,6,0.20411867,0.17345954477787018
UC1YCT9S8BFkXMYfOn6x0sgg,UC7Pd7bhUlyU0KZcD7Muja_A,5,0.2003924,0.1704845428466797
UC1YCT9S8BFkXMYfOn6x0sgg,UC7VFKdb5_4Ik6_N1LG4eU_A,3,0.12164502,0.1422930806875229
UC1YCT9S8BFkXMYfOn6x0sgg,UC8LyhlRFzh7h_w_eP081rpA,3,0.11798941,0.19841891527175903
UC1YCT9S8BFkXMYfOn6x0sgg,UC9LOxIL5xd3_2FA6dPY15Qg,3,0.119877115,0.19051074981689453
UC1YCT9S8BFkXMYfOn6x0sgg,UCLBXMuDrNvZMXMGDc2EIIsA,3,0.11666666,0.24469752609729767
UC1ZnBCHfNVlHjmGu83SmofQ,UC9Lx-zRFGfpuls27tNAOIqA,3,0.25776398,0.6039566993713379
UC1_4Dgxm7gwcs7TPXPjcNwg,UC1uHbAbleaXjfegbmFV9TVQ,6,0.18432036,0.17984361946582794
UC1_4Dgxm7gwcs7TPXPjcNwg,UC28hcmMG3TJv60Byo528VVg,3,0.10700758,0.12019679695367813
UC1_4Dgxm7gwcs7TPXPjcNwg,UC2H9JFGicoq2me411QvDX5g,4,0.11204608,0.174515500664711
UC1_zDNVepGryK16CSOM42fg,UC1pSncDXYrP1c6VWDGIGcNg,5,0.14593732,0.22810235619544983
UC1_zDNVepGryK16CSOM42fg,UC2vQ-7IQJ75obTuTfDrpCyA,3,0.08958812,0.1715235561132431
UC1ahId_-0jdVG0zrgbEIAzQ,UC1xUVJIbbM-PV5W0Cci6zuA,4,0.118812695,0.13799811899662018
UC1ahId_-0jdVG0zrgbEIAzQ,UC2H9JFGicoq2me411QvDX5g,7,0.21405078,0.2506003677845001
UC1ahId_-0jdVG0zrgbEIAzQ,UC2LJKazqzQ-4ZFWPZFPLDSQ,4,0.119962126,0.12391706556081772
UC1ahId_-0jdVG0zrgbEIAzQ,UC2SNd1hfazwL1ixMsD91c4g,3,0.09607843,0.12032326310873032
UC1ahId_-0jdVG0zrgbEIAzQ,UC2l_FQ800uKs7TMYjay2Tsw,3,0.1004902,0.12287522107362747
UC1ahId_-0jdVG0zrgbEIAzQ,UC3GWUs1RZC2mHITfsGZLr8g,3,0.09168284,0.1264735460281372
UC1ahId_-0jdVG0zrgbEIAzQ,UC4G9FaiM7C4us3WL4jQdQ5A,4,0.1670062,0.13350526988506317
UC1ano3Qb1ORaTCWxdEQ0YTg,UC1pSncDXYrP1c6VWDGIGcNg,3,0.09559387,0.18639859557151794
UC1ano3Qb1ORaTCWxdEQ0YTg,UC1z_KW_4kppjwbRwpPdVnRg,3,0.09351054,0.17601144313812256
UC1ax6Oh62fiv2Q7L51bSvYQ,UC21f1t3X_sYMD28XclLNpUw,3,0.14722222,0.28847259283065796
UC1bLY6ldt_HTHE-kV3yqO3w,UC25f1FyMuKnMapFO5w98N_g,3,0.124850675,0.1457684338092804
UC1bLY6ldt_HTHE-kV3yqO3w,UC2_729TkAGJrT3iMWs-tndA,3,0.14876847,0.3039248287677765
UC1bLY6ldt_HTHE-kV3yqO3w,UC3GpbpDEr8mp3ZZ8DDO65fg,4,0.13152662,0.124179407954216
UC1bmnUH1ffc63zohkPvtXcQ,UC1bt4jsQi5JDW9tR-qaI4lg,9,0.33639133,0.1292266994714737
UC1bmnUH1ffc63zohkPvtXcQ,UC1nVq5-LTEdUVmr5FLfkd7A,11,0.37645257,0.12286350876092911
UC1bmnUH1ffc63zohkPvtXcQ,UC1nznQzS-aHtUaICqGy-4cg,5,0.17716517,0.12308909744024277
UC1bmnUH1ffc63zohkPvtXcQ,UC1oPBUWifc0QOOY8DEKhLuQ,13,0.5573188,0.1506325900554657
UC1bmnUH1ffc63zohkPvtXcQ,UC1sCMCM2yQqS3dggBcTbNSg,7,0.23139043,0.1324623078107834
UC1bmnUH1ffc63zohkPvtXcQ,UC1tk9F5-MGXEq4LWnjmrtpA,6,0.25916377,0.12027757614850998
UC1bmnUH1ffc63zohkPvtXcQ,UC1wAXMiEvM4h__1aYqhQsdw,3,0.13007353,0.12558111548423767
UC1bmnUH1ffc63zohkPvtXcQ,UC1yMehQx8NdlIFJlPzptRYg,9,0.33123833,0.18708501756191254
UC1bmnUH1ffc63zohkPvtXcQ,UC1zsShDyJp8AafQu9BPo1PQ,17,0.59603435,0.14252632856369019
UC1bmnUH1ffc63zohkPvtXcQ,UC2-biDVK0E3d_Rp6rYoh4cQ,7,0.2934452,0.12495993822813034
UC1bmnUH1ffc63zohkPvtXcQ,UC25Ah0_XF2lOUwWV9VSfl2g,9,0.29346845,0.13698938488960266
UC1bmnUH1ffc63zohkPvtXcQ,UC283U3dPUk0RD-etygZJ11g,7,0.24051589,0.12197457253932953
UC1bmnUH1ffc63zohkPvtXcQ,UC28VlSMKRAERsXYXCAMsyIg,4,0.18017042,0.13316595554351807
UC1bmnUH1ffc63zohkPvtXcQ,UC2A9bPIozUiYiXBbBdCF3eA,14,0.5108273,0.1338762491941452
UC1bmnUH1ffc63zohkPvtXcQ,UC2AVtTOAnC89oOgwobq45mQ,3,0.14496315,0.12195229530334473
UC1bmnUH1ffc63zohkPvtXcQ,UC2L2dBbBWuexPgOE4IdGu2g,12,0.42018968,0.12190909683704376
UC1bmnUH1ffc63zohkPvtXcQ,UC2_7mauXCDCgyI_lDzMrbaQ,3,0.106249996,0.14126664400100708
UC1bmnUH1ffc63zohkPvtXcQ,UC2vi2elY5r_NiMMar423Xwg,16,0.54246944,0.13040925562381744
UC1bmnUH1ffc63zohkPvtXcQ,UC3-1iYGHfR43q_b974vUNYg,24,0.912448,0.2220769077539444
UC1bmnUH1ffc63zohkPvtXcQ,UC32oVb-nfyRBNlWzUw3dC5Q,4,0.1395529,0.14273084700107574
UC1bmnUH1ffc63zohkPvtXcQ,UC39hdM0-FRnKQpHSm1lripw,3,0.11448276,0.12233622372150421
UC1bmnUH1ffc63zohkPvtXcQ,UC3AQFO6FBjONUBleVcPtfcQ,4,0.1372964,0.12445955723524094
UC1bmnUH1ffc63zohkPvtXcQ,UC3b9jTrnME3V4J5zLnVSmtg,8,0.29220045,0.16247351467609406
UC1bmnUH1ffc63zohkPvtXcQ,UC3vg17IZ1IV73xx069jG44w,9,0.38108334,0.13290373980998993
UC1bmnUH1ffc63zohkPvtXcQ,UC45_Y6vRsc6-p9_YB4s7kMA,3,0.13722223,0.16054154932498932
UC1bmnUH1ffc63zohkPvtXcQ,UC4lN5sizuJraSHqy99xTy6Q,27,1.062506,0.1470283567905426
UC1bmnUH1ffc63zohkPvtXcQ,UC4vSTHWK-oJXdRNM9o8HAeA,3,0.09131274,0.13096067309379578
UC1bmnUH1ffc63zohkPvtXcQ,UC5xkAVIjB7-a7dYCJTN_feg,3,0.15987462,0.13343900442123413
UC1bt4jsQi5JDW9tR-qaI4lg,UC1gHtxTKm_6ZE2_n__vRlwA,4,0.14826405,0.15639916062355042
UC1bt4jsQi5JDW9tR-qaI4lg,UC1nVq5-LTEdUVmr5FLfkd7A,5,0.20139615,0.13443763554096222
UC1bt4jsQi5JDW9tR-qaI4lg,UC1siOb3YGln2SqwT03jEZZg,3,0.08858006,0.18148885667324066
UC1bt4jsQi5JDW9tR-qaI4lg,UC1st2Mo2UrKD8YjmyU02NTQ,4,0.15330498,0.12411992996931076
UC1bt4jsQi5JDW9tR-qaI4lg,UC2UzTcmBxku-WV8cVkuvXXw,4,0.13912934,0.13092224299907684
UC1eJbTQqf2AXQIiV2wTee-Q,UC1z_KW_4kppjwbRwpPdVnRg,4,0.14196429,0.17599008977413177
UC1eJbTQqf2AXQIiV2wTee-Q,UC1zsShDyJp8AafQu9BPo1PQ,4,0.15277778,0.12546448409557343
UC1fCwOqLbh7EybsBLhVOu1w,UC2LJKazqzQ-4ZFWPZFPLDSQ,3,0.0815798,0.13092279434204102
UC1fCwOqLbh7EybsBLhVOu1w,UC80FWuvIAtY-TRtYuDocfUw,3,0.07796167,0.1335630863904953
UC1fYrot9lgMstv7vX0BnjnQ,UC2656chrY5MdTQO2_II7yRg,3,0.11151357,0.6377976536750793
UC1fYrot9lgMstv7vX0BnjnQ,UC3-1iYGHfR43q_b974vUNYg,3,0.117165245,0.12567183375358582
UC1gHtxTKm_6ZE2_n__vRlwA,UC3bc4PNLgnBudG19N74Jjzw,6,0.20222107,0.1878366619348526
UC1gHtxTKm_6ZE2_n__vRlwA,UC5JWR1otGbD8iJO4qN_dsfA,3,0.091081604,0.22101321816444397
UC1gHtxTKm_6ZE2_n__vRlwA,UC5Yrsm8-X8nZj4uKgvE7CBw,3,0.106442586,0.3026256859302521
UC1gbNFHc3Ut8xZj37QUStKg,UC1pSncDXYrP1c6VWDGIGcNg,3,0.09722407,0.19082368910312653
UC1h483R01zEPVlMxAE2BOow,UC3dIX91y-gu-PkXNx0qbszA,3,0.1287037,0.2233317494392395
UC1iA6_NT4mtAcIII6ygrvCw,UC1opHUrw8rvnsadT-iGp7Cg,3,0.091972865,0.27687665820121765
UC1iA6_NT4mtAcIII6ygrvCw,UC1uv2Oq6kNxgATlCiez59hw,3,0.091972865,0.541283130645752
UC1kZTLuxcZ1ICgKg4YnLLcA,UC2sBUignRWMrKJtIztlq_VA,3,0.088220544,0.18002566695213318
UC1kZTLuxcZ1ICgKg4YnLLcA,UC4Tklxku1yPcRIH0VVCKoeA,3,0.11559139,0.1600508987903595
UC1kZTLuxcZ1ICgKg4YnLLcA,UC7Pd7bhUlyU0KZcD7Muja_A,3,0.09033888,0.13253848254680634
UC1l8jsqYmIj1bjCzN43UPfA,UC1uHbAbleaXjfegbmFV9TVQ,3,0.09849739,0.14714643359184265
UC1nVq5-LTEdUVmr5FLfkd7A,UC27e9lK-KS5EGvhx-DM0ShQ,3,0.12335119,0.1361558586359024
UC1nVq5-LTEdUVmr5FLfkd7A,UC28hcmMG3TJv60Byo528VVg,7,0.2422689,0.13849401473999023
UC1nVq5-LTEdUVmr5FLfkd7A,UC2huW0H1iT3GVH2bd8ii9Yw,3,0.09336918,0.1840193271636963
UC1nVq5-LTEdUVmr5FLfkd7A,UC2vi2elY5r_NiMMar423Xwg,10,0.33716288,0.1408429592847824
UC1nVq5-LTEdUVmr5FLfkd7A,UC3GEdr3hViGQqibBucxweag,7,0.23198757,0.1486404538154602
UC1nVq5-LTEdUVmr5FLfkd7A,UC4fJmw546DjVql_besPQ1TQ,4,0.1389989,0.16194063425064087
UC1nVq5-LTEdUVmr5FLfkd7A,UC5laBQe3nqbrAnwNTabchhQ,4,0.13824368,0.14780551195144653
UC1nVq5-LTEdUVmr5FLfkd7A,UCEl0cGW4V6pWG--C0hr5JdA,3,0.14215687,0.1242685467004776
UC1nVq5-LTEdUVmr5FLfkd7A,UCLsdm7nCJCVTWSid7G_f0Pg,3,0.13028382,0.18351301550865173
UC1naW_Wi8SgpjdyLA0YR9QQ,UC2hnL_7ONv-fOTOdtgkrPzA,3,0.11018014,0.355442076921463
UC1nznQzS-aHtUaICqGy-4cg,UC3-ReVazV9vfnKVeNl9mrfA,3,0.09837729,0.1783924549818039
UC1nznQzS-aHtUaICqGy-4cg,UC58zaRv7_nuQqVbBGDox9hw,3,0.10514809,0.1423155963420868
UC1oPBUWifc0QOOY8DEKhLuQ,UC1xW9sWqMKwkt6BLYF8xx6Q,3,0.099291034,0.1324007511138916
UC1oPBUWifc0QOOY8DEKhLuQ,UC2DOb7D13IZZkjZ9TYZZSgw,3,0.13607843,0.1602853685617447
UC1oPBUWifc0QOOY8DEKhLuQ,UC31OqQ0FKHo_cvfiLXJ4mHg,5,0.1715785,0.1304154396057129
UC1oPBUWifc0QOOY8DEKhLuQ,UC3EDIinQZS_Db8cft_sQ5FQ,3,0.1268074,0.13214199244976044
UC1oPBUWifc0QOOY8DEKhLuQ,UC69LHPVPZ0EVf35eJp_m9cQ,3,0.1440171,0.14270201325416565
UC1oPBUWifc0QOOY8DEKhLuQ,UC88KSXMWdkv50V1Wm8CAYWg,3,0.12499999,0.1261645406484604
UC1opHUrw8rvnsadT-iGp7Cg,UC1uv2Oq6kNxgATlCiez59hw,3,0.091972865,0.5115190744400024
UC1p2d2Fj7O9Kf0S7JmHhj-g,UC1qf8_Vt6zIW2XP0j_FLtqA,3,0.088935584,0.1376814991235733
UC1p2d2Fj7O9Kf0S7JmHhj-g,UC2A9bPIozUiYiXBbBdCF3eA,5,0.16963187,0.12391792982816696
UC1p2d2Fj7O9Kf0S7JmHhj-g,UC3JTWItzDfl41i2B6BFl9ZA,3,0.088536814,0.13270995020866394
UC1p2d2Fj7O9Kf0S7JmHhj-g,UC3dh_fQslVReCLOmMsS4pJw,4,0.11560708,0.19909673929214478
UC1p51viJBYQyLkDyeADMPug,UC1st2Mo2UrKD8YjmyU02NTQ,5,0.18839285,0.1415266990661621
UC1p51viJBYQyLkDyeADMPug,UC27e9lK-KS5EGvhx-DM0ShQ,3,0.10249616,0.12356177717447281
UC1p51viJBYQyLkDyeADMPug,UC7sYsbWhhzOPEBAP2A0bsvA,3,0.093927905,0.12129642069339752
UC1pMU0_rKL0NrxZ6yi3FJ6Q,UC96jiVMyHT-JsEMF0EOtnbQ,3,0.099999994,0.182733952999115
UC1pMU0_rKL0NrxZ6yi3FJ6Q,UCDHVK-W8XCARucIYu64MJQw,3,0.119298235,0.18852250277996063
UC1pSncDXYrP1c6VWDGIGcNg,UC1qf8_Vt6zIW2XP0j_FLtqA,5,0.15372138,0.16997738182544708
UC1pSncDXYrP1c6VWDGIGcNg,UC1xUVJIbbM-PV5W0Cci6zuA,5,0.15852432,0.1428319811820984
UC1pSncDXYrP1c6VWDGIGcNg,UC1yMehQx8NdlIFJlPzptRYg,5,0.17972085,0.20209291577339172
UC1pSncDXYrP1c6VWDGIGcNg,UC1z_KW_4kppjwbRwpPdVnRg,6,0.18152818,0.13045793771743774
UC1pSncDXYrP1c6VWDGIGcNg,UC2A9bPIozUiYiXBbBdCF3eA,8,0.25415924,0.13261403143405914
UC1pSncDXYrP1c6VWDGIGcNg,UC2H9JFGicoq2me411QvDX5g,5,0.14051908,0.12762020528316498
UC1pSncDXYrP1c6VWDGIGcNg,UC2LJKazqzQ-4ZFWPZFPLDSQ,5,0.160014,0.1282225102186203
UC1pSncDXYrP1c6VWDGIGcNg,UC2NQajHz-1eJrobTub1ZnSA,13,0.3995167,0.18127350509166718
UC1pSncDXYrP1c6VWDGIGcNg,UC2jWVnS98M7FyX5mkeKfz_Q,4,0.13241005,0.1875409185886383
UC1pSncDXYrP1c6VWDGIGcNg,UC2l_FQ800uKs7TMYjay2Tsw,8,0.26725763,0.2535070478916168
UC1pSncDXYrP1c6VWDGIGcNg,UC2v3r3SQZy1s9jLHC4hX9jQ,3,0.11428571,0.16310840845108032
UC1pSncDXYrP1c6VWDGIGcNg,UC3GWUs1RZC2mHITfsGZLr8g,4,0.13289624,0.14221441745758057
UC1pSncDXYrP1c6VWDGIGcNg,UC44JZ2KhRfdPMd-jTEtR4mA,5,0.165276,0.2194400578737259
UC1pSncDXYrP1c6VWDGIGcNg,UC4G9FaiM7C4us3WL4jQdQ5A,6,0.19783393,0.12268342822790146
UC1pSncDXYrP1c6VWDGIGcNg,UC4LBOkVeWybjgZcruTPR1PQ,4,0.13935065,0.13005013763904572
UC1pSncDXYrP1c6VWDGIGcNg,UC4XJFeGFaJjkwYKuKy2h0Sw,6,0.19025832,0.16174739599227905
UC1pSncDXYrP1c6VWDGIGcNg,UC585dIe6lG9UOR-CyE24wmQ,8,0.27665243,0.13068217039108276
UC1pSncDXYrP1c6VWDGIGcNg,UC5FSZsqWuxqSM8IHfxw-Hyw,5,0.1667712,0.14389856159687042
UC1pSncDXYrP1c6VWDGIGcNg,UC5f7RjfZfamzfmOv5jXKKSA,4,0.15292206,0.2166045606136322
UC1qOSES4sqEySqc-PFmov1g,UC2QBYE7QabwH_7krAAp2T-g,3,0.08225807,0.12223730236291885
UC1qf8_Vt6zIW2XP0j_FLtqA,UC1uHbAbleaXjfegbmFV9TVQ,6,0.18564637,0.15687482059001923
UC1qf8_Vt6zIW2XP0j_FLtqA,UC1z_KW_4kppjwbRwpPdVnRg,4,0.11572129,0.12352018803358078
UC1qf8_Vt6zIW2XP0j_FLtqA,UC2A9bPIozUiYiXBbBdCF3eA,5,0.1647242,0.12765540182590485
UC1qf8_Vt6zIW2XP0j_FLtqA,UC2LJKazqzQ-4ZFWPZFPLDSQ,4,0.11393559,0.13560131192207336
UC1s2W6VK-34ZXehFgnNMwoA,UC2alHD2WkakOiTxCxF-uMAg,3,0.12703703,0.1554514616727829
UC1sCMCM2yQqS3dggBcTbNSg,UC1sCj2fgOEphRa5H0ZaEjeg,3,0.09555556,0.16991062462329865
UC1sCMCM2yQqS3dggBcTbNSg,UC25Ah0_XF2lOUwWV9VSfl2g,4,0.11104248,0.15798328816890717
UC1sCMCM2yQqS3dggBcTbNSg,UC7umTzIrIJq8Xh428lj0M5A,3,0.114430025,0.12868498265743256
UC1sCj2fgOEphRa5H0ZaEjeg,UC7F_CLFtxDetmUnORgmwImg,3,0.18434344,0.1779150813817978
UC1st2Mo2UrKD8YjmyU02NTQ,UC21f1t3X_sYMD28XclLNpUw,3,0.09870687,0.13399894535541534
UC1st2Mo2UrKD8YjmyU02NTQ,UC22GM7rXPl0G1Bn-5kfppPg,4,0.12056136,0.1549755483865738
UC1st2Mo2UrKD8YjmyU02NTQ,UC2NOk8DQ-KLc9ticdLPiOXQ,3,0.09637606,0.1537822186946869
UC1st2Mo2UrKD8YjmyU02NTQ,UC2ctq8sYlRXDUmsg3cEvvHQ,6,0.20244269,0.2186151146888733
UC1st2Mo2UrKD8YjmyU02NTQ,UC4Ub-Y_yj43aouqFbA7PwhQ,6,0.18971567,0.12629097700119019
UC1st2Mo2UrKD8YjmyU02NTQ,UC90UTL_T6hQoLnWGATfOc8w,4,0.13663307,0.13156291842460632
UC1tk9F5-MGXEq4LWnjmrtpA,UC2vQ-7IQJ75obTuTfDrpCyA,3,0.11050529,0.12507125735282898
UC1u2xTgQlswh8-rRekyZeRA,UC1zsShDyJp8AafQu9BPo1PQ,3,0.11036036,0.12420006841421127
UC1u2xTgQlswh8-rRekyZeRA,UC6AG81pAkf6Lbi_1VC5NmPA,3,0.12037037,0.13307087123394012
UC1uHbAbleaXjfegbmFV9TVQ,UC1z_KW_4kppjwbRwpPdVnRg,9,0.3054575,0.167759507894516
UC1uHbAbleaXjfegbmFV9TVQ,UC2DOb7D13IZZkjZ9TYZZSgw,3,0.13892473,0.17301484942436218
UC1uHbAbleaXjfegbmFV9TVQ,UC2FmqYe0DgxgKVHfzcTl0vQ,4,0.14416139,0.171917125582695
UC1uHbAbleaXjfegbmFV9TVQ,UC2LJKazqzQ-4ZFWPZFPLDSQ,7,0.22219044,0.13606347143650055
UC1uHbAbleaXjfegbmFV9TVQ,UC2PfKRw7oa2T_79cn0JH8Nw,3,0.08576098,0.1584153175354004
UC1uHbAbleaXjfegbmFV9TVQ,UC2QBYE7QabwH_7krAAp2T-g,12,0.35480896,0.1754639893770218
UC1uHbAbleaXjfegbmFV9TVQ,UC2fHPR-NxuYGd1oMOGXLwFA,4,0.14432403,0.13356372714042664
UC1uHbAbleaXjfegbmFV9TVQ,UC2vi2elY5r_NiMMar423Xwg,16,0.471852,0.17258498072624207
UC1uHbAbleaXjfegbmFV9TVQ,UC3-ReVazV9vfnKVeNl9mrfA,6,0.20473541,0.15270306169986725
UC1uHbAbleaXjfegbmFV9TVQ,UC31tv9pB5vAkGPUMeIxI9wQ,3,0.10353038,0.1606568992137909
UC1uHbAbleaXjfegbmFV9TVQ,UC3JTWItzDfl41i2B6BFl9ZA,5,0.17442442,0.14270976185798645
UC1uHbAbleaXjfegbmFV9TVQ,UC3_oSWRmPBpnhlzaWLZBafQ,8,0.2473762,0.1616010218858719
UC1uHbAbleaXjfegbmFV9TVQ,UC4PJ_OncfmJ1IEeqroBqOAg,6,0.18954632,0.2370424121618271
UC1uHbAbleaXjfegbmFV9TVQ,UC4lN5sizuJraSHqy99xTy6Q,28,0.9302761,0.19585995376110077
UC1uHbAbleaXjfegbmFV9TVQ,UC7BUQ_Gv-QgKLSyuFwLsJNw,9,0.34260923,0.24290983378887177
UC1uHbAbleaXjfegbmFV9TVQ,UC7Opkf9V2DMmw9SXsOcSOeA,6,0.19473413,0.15524210035800934
UC1uHbAbleaXjfegbmFV9TVQ,UC9OvLVXb-okaVtoK9V8Biwg,5,0.20460431,0.16084298491477966
UC1uHbAbleaXjfegbmFV9TVQ,UCBWx5mzeNavl9cno30KTCTA,3,0.113054186,0.22170861065387726
UC1uHbAbleaXjfegbmFV9TVQ,UCPzzBZLtD6DdHYfdGMqFqiw,4,0.16481481,0.12914229929447174
UC1uHbAbleaXjfegbmFV9TVQ,UCkkxn2ldlFUMupTlXU8meAw,4,0.20242889,0.13426388800144196
UC1uLU_Ei6KTMddEwuCRgrwg,UC26FQG_h05jtMbeJhHlDk2w,3,0.09161036,0.4054465889930725
UC1uVJSclfUKr6RNa5C5zluw,UC2LJKazqzQ-4ZFWPZFPLDSQ,4,0.13118279,0.15213526785373688
UC1uVJSclfUKr6RNa5C5zluw,UCN64oPXNfhEvPQJUaIHAEnA,3,0.16847825,0.2432420551776886
UC1uVJSclfUKr6RNa5C5zluw,UCNJRaN9NIAbCXpDa_hAKd3g,3,0.122751325,0.14579890668392181
UC1uZYgOfncA-Gnk0GsLVK5A,UC2JJiHkY6PHLm3b4PVUOZmw,3,0.098874465,0.4224575161933899
UC1wewJ2jIxb65MjTlPdxpIA,UC2GuoutVyegg6PUK88lLpjw,3,0.117030814,0.22263503074645996
UC1wu3wlRdRzCFLCO5vKp_nQ,UC4URX_WLZ2EHWuIOtTpYXyA,3,0.12573633,0.16973477602005005
UC1xUVJIbbM-PV5W0Cci6zuA,UC2H9JFGicoq2me411QvDX5g,5,0.1439484,0.15822021663188934
UC1xUVJIbbM-PV5W0Cci6zuA,UC2LJKazqzQ-4ZFWPZFPLDSQ,5,0.15839604,0.1536106914281845
UC1xUVJIbbM-PV5W0Cci6zuA,UC2vi2elY5r_NiMMar423Xwg,8,0.23882276,0.13833558559417725
UC1xUVJIbbM-PV5W0Cci6zuA,UC3ULbNt5-DFM0aPZdhRwi7w,3,0.09791666,0.19779586791992188
UC1xUVJIbbM-PV5W0Cci6zuA,UC3bc4PNLgnBudG19N74Jjzw,6,0.18077381,0.14734093844890594
UC1xUVJIbbM-PV5W0Cci6zuA,UC44JZ2KhRfdPMd-jTEtR4mA,4,0.13263147,0.21311968564987183
UC1xd0cAOryAMTTG34joEgdg,UC3IZKseVpdzPSBaWxBxundA,3,0.08944762,0.21539287269115448
UC1yMehQx8NdlIFJlPzptRYg,UC2LJKazqzQ-4ZFWPZFPLDSQ,3,0.12762606,0.1544683575630188
UC1yMehQx8NdlIFJlPzptRYg,UC2NQajHz-1eJrobTub1ZnSA,6,0.18662879,0.1279004067182541
UC1yMehQx8NdlIFJlPzptRYg,UC3tbsC83WBCqaBJD9BbhbLA,3,0.1204832,0.19921047985553741
UC1yMehQx8NdlIFJlPzptRYg,UC92zkZ-jTITVHTjfEmlgTlw,3,0.13585435,0.30912473797798157
UC1zFJrfEKvCixhsjNSb1toQ,UC2OacIzd2UxGHRGhdHl1Rhw,3,0.12050907,0.6456014513969421
UC1zYGo1jIIjMVDTLL3dydow,UC24I2gsaEx_zfrRHQphjj-w,3,0.092903845,0.1899448037147522
UC1z_KW_4kppjwbRwpPdVnRg,UC2CqX7vkULylI1B6q9tz0Hw,3,0.09726732,0.22598689794540405
UC1z_KW_4kppjwbRwpPdVnRg,UC2H9JFGicoq2me411QvDX5g,6,0.1654031,0.14500920474529266
UC1z_KW_4kppjwbRwpPdVnRg,UC2NQajHz-1eJrobTub1ZnSA,13,0.41367087,0.18118493258953094
UC1z_KW_4kppjwbRwpPdVnRg,UC2y2UgUdCrPYSaP3YnMPo5g,3,0.10084035,0.12998926639556885
UC1z_KW_4kppjwbRwpPdVnRg,UC3GWUs1RZC2mHITfsGZLr8g,5,0.18516669,0.19127647578716278
UC1z_KW_4kppjwbRwpPdVnRg,UC3h7LLJp2w7iWeXVlLim6Dw,7,0.207672,0.16020403802394867
UC1z_KW_4kppjwbRwpPdVnRg,UC6NyO8meJAlUHslb-bIIQ1A,3,0.10516935,0.12084278464317322
UC1z_KW_4kppjwbRwpPdVnRg,UC7BUQ_Gv-QgKLSyuFwLsJNw,5,0.16544768,0.14817148447036743
UC1z_KW_4kppjwbRwpPdVnRg,UC7D5cHlavNWxEfnKkyMQGcQ,3,0.09511785,0.12033478915691376
UC1z_KW_4kppjwbRwpPdVnRg,UC7Opkf9V2DMmw9SXsOcSOeA,4,0.13179511,0.13271640241146088
UC1z_KW_4kppjwbRwpPdVnRg,UC8nlwBiuAcuLKOFz7V-NGyg,3,0.09637606,0.1345263123512268
UC1zsShDyJp8AafQu9BPo1PQ,UC24T2Vj2uSukiOwWcpG_9fA,4,0.13727337,0.13490715622901917
UC1zsShDyJp8AafQu9BPo1PQ,UC2i9z804rWVhZTiJq_juQDA,3,0.09797483,0.1359940618276596
UC1zsShDyJp8AafQu9BPo1PQ,UC2vnK-QoXQrl1LVTNFDfUaQ,3,0.09935065,0.1235407292842865
UC1zsShDyJp8AafQu9BPo1PQ,UC3D6ZIuBbLNZri9VztaZTiA,4,0.1576265,0.15775427222251892
UC1zsShDyJp8AafQu9BPo1PQ,UC3dT7gwezpVA1dAUgt2x_wQ,3,0.10898078,0.12073507905006409
UC1zsShDyJp8AafQu9BPo1PQ,UC3eTZ5Yld6qufD6rtEiERdw,11,0.37544087,0.15896576642990112
UC1zsShDyJp8AafQu9BPo1PQ,UC3fOqiQwk378AnjTu4a0TjA,3,0.10416666,0.12927038967609406
UC1zsShDyJp8AafQu9BPo1PQ,UC6Tzn3v7aHfcBzMUTLAWoew,3,0.095088825,0.13129964470863342
UC1zsShDyJp8AafQu9BPo1PQ,UCBqN11fVN9yxA0ARcQxU9sQ,3,0.2648148,0.1752738356590271
UC2-biDVK0E3d_Rp6rYoh4cQ,UC2PFHY0nOOVyErB_s1P2iQA,5,0.17979501,0.13458281755447388
UC2-biDVK0E3d_Rp6rYoh4cQ,UC3kCoMOmTiqkjxjpBPKdt6w,4,0.14600256,0.12717880308628082
UC2-biDVK0E3d_Rp6rYoh4cQ,UC56lF6uAJTE0FvA0e8CQXbg,3,0.09421246,0.12535753846168518
UC2-yhQkFm5p3_PHl7v4twTA,UC2WEap0mCxONZLulKVIW1TA,3,0.10900673,0.2187594771385193
UC22GM7rXPl0G1Bn-5kfppPg,UC35BdvE8Q4G5nLo0X1nBW5w,3,0.08630952,0.16524618864059448
UC24I2gsaEx_zfrRHQphjj-w,UC2GBngAKY8aBGLcwWwuJGHg,3,0.08768879,0.4639076292514801
UC24I2gsaEx_zfrRHQphjj-w,UC3FKwhMnGdubV8oc54EOlDw,3,0.09474207,0.17223511636257172
UC24I2gsaEx_zfrRHQphjj-w,UC5Mjg7-BzY896fGkDoLsejQ,3,0.09092155,0.14882966876029968
UC24T2Vj2uSukiOwWcpG_9fA,UC25Ah0_XF2lOUwWV9VSfl2g,4,0.10664832,0.20459938049316406
UC24T2Vj2uSukiOwWcpG_9fA,UC3eTZ5Yld6qufD6rtEiERdw,3,0.09236111,0.12624162435531616
UC25Ah0_XF2lOUwWV9VSfl2g,UC3BSzbgMn2vLYS4Dp_i-bow,4,0.13167231,0.1529388278722763
UC25Ah0_XF2lOUwWV9VSfl2g,UC4Zyu8fXoss8fnCraoqVprA,5,0.16155304,0.13513074815273285
UC25Ah0_XF2lOUwWV9VSfl2g,UC642pLj4GXSj-0Ybdx3ytmA,4,0.14249617,0.1783665418624878
UC25EBu6EIw7ZJmQPzPq5f4w,UC2A9bPIozUiYiXBbBdCF3eA,4,0.13681118,0.13130465149879456
UC25f1FyMuKnMapFO5w98N_g,UC2Z-fDplbC4jR1FYmIBt84A,3,0.10400133,0.21979346871376038
UC25f1FyMuKnMapFO5w98N_g,UC2sPmTrh7AGSPi59pb80Zdw,3,0.087688796,0.12916886806488037
UC25f1FyMuKnMapFO5w98N_g,UC3dh_fQslVReCLOmMsS4pJw,4,0.11938962,0.15333588421344757
UC25f1FyMuKnMapFO5w98N_g,UC7wu64jFsV02bbu6UHUd7JA,5,0.21281365,0.13900284469127655
UC26ZU-55UPc7lVR9inHWayA,UC3eTZ5Yld6qufD6rtEiERdw,4,0.15112896,0.23468537628650665
UC26ZU-55UPc7lVR9inHWayA,UC4Au2QrbfaSjHPSdk5tUBeg,4,0.17097022,0.5058965086936951
UC283U3dPUk0RD-etygZJ11g,UC5Qgc-tEFmm5iQX5tUy6TyA,3,0.099222355,0.15678194165229797
UC28hcmMG3TJv60Byo528VVg,UC2dhkM2mQXMlIXcd2vMStvQ,5,0.23220015,0.2260151356458664
UC28hcmMG3TJv60Byo528VVg,UC2vi2elY5r_NiMMar423Xwg,7,0.31007957,0.13056506216526031
UC28hcmMG3TJv60Byo528VVg,UC3HwqhkY1zCS0_5IIRNCVdw,3,0.120303035,0.2632898688316345
UC28hcmMG3TJv60Byo528VVg,UC3_oSWRmPBpnhlzaWLZBafQ,5,0.17842215,0.1341811716556549
UC28hcmMG3TJv60Byo528VVg,UC3qtgGE9R6fJ4h-jcPNixjQ,4,0.16690433,0.16147343814373016
UC28hcmMG3TJv60Byo528VVg,UC6uzoOQ3Pitm5uhbdig8GYA,3,0.1299373,0.1334138661623001
UC29qkYL1bp4aJDtGra8ZMuQ,UC2WEap0mCxONZLulKVIW1TA,3,0.119298235,0.12354012578725815
UC29qkYL1bp4aJDtGra8ZMuQ,UC54sClWiSScAfSfts9Cmk0Q,3,0.09523809,0.12125109136104584
UC29qkYL1bp4aJDtGra8ZMuQ,UC6pHj6SQA3eDKgR7dc5PV0A,3,0.1253829,0.2357839047908783
UC29qkYL1bp4aJDtGra8ZMuQ,UCB1dgsqLiEp57oDAyNV_vww,6,0.2487956,0.18077267706394196
UC29qkYL1bp4aJDtGra8ZMuQ,UCJ-l-sMQFHogSy8KXRyMIRA,3,0.12857142,0.1383267194032669
UC2A9bPIozUiYiXBbBdCF3eA,UC2DLYvRf5PZHytTEb137nvw,3,0.10569985,0.12394343316555023
UC2A9bPIozUiYiXBbBdCF3eA,UC2J1xkzCRvy0k2wepu_wqew,3,0.101447046,0.14981137216091156
UC2A9bPIozUiYiXBbBdCF3eA,UC2KDRmBXQsShj8GgTfLnyPg,4,0.12764409,0.12648721039295197
UC2A9bPIozUiYiXBbBdCF3eA,UC2NQajHz-1eJrobTub1ZnSA,16,0.5271827,0.1676430106163025
UC2A9bPIozUiYiXBbBdCF3eA,UC2tT2TQ8TDjX6ZVd12N_n5w,6,0.21744528,0.16030551493167877
UC2A9bPIozUiYiXBbBdCF3eA,UC2woeYGypaXh5knNDqFWCiw,3,0.1027451,0.16445033252239227
UC2A9bPIozUiYiXBbBdCF3eA,UC3339WgBDKIcxTfywuSmG8w,3,0.10179044,0.19293352961540222
UC2A9bPIozUiYiXBbBdCF3eA,UC3FqX2adoxzuOwrbRt_c_Gw,3,0.099066086,0.12246822565793991
UC2A9bPIozUiYiXBbBdCF3eA,UC3gQ-maw51Ovz-Gx7aQ7Igg,3,0.09845939,0.16329768300056458
UC2A9bPIozUiYiXBbBdCF3eA,UC4-TMrb7Mm4KnYx1VsUgcJA,6,0.23385179,0.16019900143146515
UC2A9bPIozUiYiXBbBdCF3eA,UC4OsXFBS4lsUjlZ0-5PK_2Q,3,0.10557833,0.15703687071800232
UC2A9bPIozUiYiXBbBdCF3eA,UC54q_sWdwf16WAPqIAcnUZQ,3,0.1050094,0.1486898958683014
UC2A9bPIozUiYiXBbBdCF3eA,UC6rrGfyEDLdIkNB-uQmR-pw,3,0.123333335,0.12257587164640427
UC2A9bPIozUiYiXBbBdCF3eA,UC8EJ_7BoTFQUcQwd6cYeBlw,3,0.17909357,0.12029918283224106
UC2A9bPIozUiYiXBbBdCF3eA,UCEBZSg72CyeB4T_8rqfYUsA,3,0.13040936,0.13539229333400726
UC2A9bPIozUiYiXBbBdCF3eA,UCJkq3q4UnEnayNbwt6N9ttg,3,0.22345558,0.18271568417549133
UC2AVtTOAnC89oOgwobq45mQ,UC2M-72jG8rauIKm6OSUnZoA,3,0.08763309,0.2809446454048157
UC2CNXM7TfhIpyIvFoBflG9g,UC3bc4PNLgnBudG19N74Jjzw,3,0.08809525,0.19983310997486115
UC2CRqFsUHDqUGVQQRUaF1Ew,UC7UmLmEh9zQW-YV2wCHHJNw,3,0.17010164,0.6501031517982483
UC2C_vqkHwCWI3NsjxH1j4Gw,UC3Zr9eDEeKsCE4NgsW1mQ_Q,4,0.14484312,0.20382273197174072
UC2C_vqkHwCWI3NsjxH1j4Gw,UC8GgWCXNsrKkCeN5xt30Euw,3,0.11781609,0.24618558585643768
UC2D2CMWXMOVWx7giW1n3LIg,UC6kSLiIgAcbXNSxf0JHjy5g,4,0.15231016,0.13263705372810364
UC2F1iz-FwN5ax5xhm50dtaw,UC5t5yQzJFvoMkLI5XXZiiIQ,3,0.1359447,0.43666666746139526
UC2FmqYe0DgxgKVHfzcTl0vQ,UC2LJKazqzQ-4ZFWPZFPLDSQ,3,0.1048086,0.17603732645511627
UC2GS74txP1QN_pa3Svh1uHA,UC5w9Uira5JerthMXoeypz6A,3,0.15490195,0.2794457674026489
UC2GS74txP1QN_pa3Svh1uHA,UC67REzSALhOC8_xkgLyif-g,3,0.11775764,0.12116160988807678
UC2GuoutVyegg6PUK88lLpjw,UC6KnFuHBByTI20VENcsoNjg,4,0.15639493,0.40032610297203064
UC2GuoutVyegg6PUK88lLpjw,UCBkVbgLgVZ473QViK_dtMyw,3,0.11639492,0.14016437530517578
UC2H9JFGicoq2me411QvDX5g,UC2l_FQ800uKs7TMYjay2Tsw,4,0.12772147,0.14779146015644073
UC2H9JFGicoq2me411QvDX5g,UC44JZ2KhRfdPMd-jTEtR4mA,3,0.08125,0.13159970939159393
UC2H9JFGicoq2me411QvDX5g,UC4G9FaiM7C4us3WL4jQdQ5A,6,0.18286341,0.13833671808242798
UC2H9JFGicoq2me411QvDX5g,UC4LBOkVeWybjgZcruTPR1PQ,4,0.11690719,0.1330970823764801
UC2H9JFGicoq2me411QvDX5g,UC4XJFeGFaJjkwYKuKy2h0Sw,4,0.1283989,0.13316203653812408
UC2H9JFGicoq2me411QvDX5g,UC5Qy8k_hK7eWs0pdF7rxiAA,3,0.10698633,0.13119661808013916
UC2H9JFGicoq2me411QvDX5g,UC9dDhZ-seQ8xmeC11l_7S7A,3,0.12019705,0.1543636918067932
UC2H_PHc6-o0DAwbF5ZesR9w,UC6I4vtYv0c4KkGbzZHZxBsg,3,0.11904763,0.17697761952877045
UC2H_PHc6-o0DAwbF5ZesR9w,UC7wu64jFsV02bbu6UHUd7JA,3,0.11904763,0.2240118831396103
UC2IqcWpl7Hs_NKrCFVQ_TrQ,UC4Ub-Y_yj43aouqFbA7PwhQ,3,0.08697756,0.16087448596954346
UC2KOXsfA1rBg5eaBBL0DXTw,UC2aGNidfUAdJRRBmHqLjI-g,3,0.081120595,0.2106105238199234
UC2Kaq_xADsJSi97iWbttPlQ,UC4GXMHCwmONp6XFRB5SayAg,3,0.11322751,0.6457651853561401
UC2Ku8de18zPkAAdguvdKCiQ,UC33TRheKFRadCN8wnkZh7PA,3,0.12937063,0.25259754061698914
UC2Ku8de18zPkAAdguvdKCiQ,UC4Ub-Y_yj43aouqFbA7PwhQ,3,0.11169387,0.12577283382415771
UC2KyBoTSiW7XvRGw53sNvdQ,UC3bc4PNLgnBudG19N74Jjzw,4,0.1282197,0.15826785564422607
UC2L2dBbBWuexPgOE4IdGu2g,UC38PdLw9v5LoC5cAGTDmyoQ,3,0.10131578,0.1328379213809967
UC2L2dBbBWuexPgOE4IdGu2g,UC3b9jTrnME3V4J5zLnVSmtg,4,0.14427114,0.12391432374715805
UC2L2dBbBWuexPgOE4IdGu2g,UC3bBCyGyGfI9elWm6cEAcGA,3,0.09759082,0.12115827947854996
UC2L2dBbBWuexPgOE4IdGu2g,UC3h7LLJp2w7iWeXVlLim6Dw,6,0.21156864,0.13117928802967072
UC2L2dBbBWuexPgOE4IdGu2g,UC3i7EDSiTalpUh81RUNuxFQ,3,0.106002554,0.1267729103565216
UC2L2dBbBWuexPgOE4IdGu2g,UC3tbsC83WBCqaBJD9BbhbLA,5,0.16942634,0.14389938116073608
UC2L2dBbBWuexPgOE4IdGu2g,UC4arQnli3ffEuCSrSgAD_Ug,14,0.5249302,0.18029020726680756
UC2L2dBbBWuexPgOE4IdGu2g,UC7sEB_ylMuHJD4TjF4Ag1nw,6,0.38438493,0.2157263159751892
UC2LJKazqzQ-4ZFWPZFPLDSQ,UC2NQajHz-1eJrobTub1ZnSA,7,0.24935204,0.12177549302577972
UC2LJKazqzQ-4ZFWPZFPLDSQ,UC2vi2elY5r_NiMMar423Xwg,12,0.37540865,0.19339227676391602
UC2LJKazqzQ-4ZFWPZFPLDSQ,UC2y2UgUdCrPYSaP3YnMPo5g,3,0.084105045,0.12088572233915329
UC2LJKazqzQ-4ZFWPZFPLDSQ,UC44JZ2KhRfdPMd-jTEtR4mA,3,0.102328435,0.14623455703258514
UC2LJKazqzQ-4ZFWPZFPLDSQ,UC4XJFeGFaJjkwYKuKy2h0Sw,5,0.17476507,0.1599174588918686
UC2M-72jG8rauIKm6OSUnZoA,UC3vnXo3ZBJA0mDX8EVZDYmA,3,0.11495911,0.356021523475647
UC2M-72jG8rauIKm6OSUnZoA,UC7Pd7bhUlyU0KZcD7Muja_A,3,0.1367456,0.26819854974746704
UC2NQajHz-1eJrobTub1ZnSA,UC2UzTcmBxku-WV8cVkuvXXw,9,0.3458398,0.19306673109531403
UC2NQajHz-1eJrobTub1ZnSA,UC2bsoNS_qXR8wliJXHc3iHg,5,0.16580987,0.12852829694747925
UC2NQajHz-1eJrobTub1ZnSA,UC2ctq8sYlRXDUmsg3cEvvHQ,6,0.19356775,0.12034503370523453
UC2NQajHz-1eJrobTub1ZnSA,UC2dnosEt5WLRNqh20_7j5qw,3,0.09453783,0.12462687492370605
UC2NQajHz-1eJrobTub1ZnSA,UC2jWVnS98M7FyX5mkeKfz_Q,4,0.15912116,0.137354776263237
UC2NQajHz-1eJrobTub1ZnSA,UC2l_FQ800uKs7TMYjay2Tsw,7,0.20864367,0.12061626464128494
UC2NQajHz-1eJrobTub1ZnSA,UC3-Np6_d61xuza9rSEL5JSQ,7,0.22768259,0.1228160709142685
UC2NQajHz-1eJrobTub1ZnSA,UC3h7LLJp2w7iWeXVlLim6Dw,8,0.2500945,0.12180709838867188
UC2NQajHz-1eJrobTub1ZnSA,UC4BIUwrzsbX5-vDWCcyfGog,6,0.24329269,0.1754489690065384
UC2NQajHz-1eJrobTub1ZnSA,UC58buGQNjsmGyiH2fCrWBCw,4,0.12625316,0.15271559357643127
UC2NQajHz-1eJrobTub1ZnSA,UC5FSZsqWuxqSM8IHfxw-Hyw,8,0.262141,0.13785135746002197
UC2NQajHz-1eJrobTub1ZnSA,UC5xOXf3pR7cmoxloEgdAoCw,6,0.21455845,0.15323495864868164
UC2NQajHz-1eJrobTub1ZnSA,UC7kwqr4yZo7h4Xj45eXz5pg,3,0.14215688,0.15134255588054657
UC2NQajHz-1eJrobTub1ZnSA,UCKud3SBtyRB45Yiij_EeC7g,4,0.21625921,0.16019989550113678
UC2NQajHz-1eJrobTub1ZnSA,UCSz3UBZ1WuBJ-6_bcgoRwbg,4,0.24650115,0.1377161294221878
UC2NXLCH1PZO423_7xMf-Lrw,UC4arQnli3ffEuCSrSgAD_Ug,3,0.11559141,0.12097229063510895
UC2PFHY0nOOVyErB_s1P2iQA,UC3kCoMOmTiqkjxjpBPKdt6w,6,0.23584864,0.1592804193496704
UC2PFHY0nOOVyErB_s1P2iQA,UC6JoXVNP6LzIB9Yh__eXWZA,3,0.11453633,0.1691269725561142
UC2PFHY0nOOVyErB_s1P2iQA,UC761NMYPNhxIbTXQvYl6oug,8,0.29229885,0.14444734156131744
UC2PFHY0nOOVyErB_s1P2iQA,UCKAXg84Mg4FighZJ14bxJvA,3,0.1215971,0.14649508893489838
UC2QBYE7QabwH_7krAAp2T-g,UC37j5pBY-mw3QoCMEdomE2g,3,0.09167231,0.16193917393684387
UC2QBYE7QabwH_7krAAp2T-g,UC3BSzbgMn2vLYS4Dp_i-bow,4,0.15066177,0.12185133248567581
UC2QBYE7QabwH_7krAAp2T-g,UC3sM_YxT0oHUAZTr3dOjsAg,4,0.14876458,0.14454832673072815
UC2QBYE7QabwH_7krAAp2T-g,UC44JZ2KhRfdPMd-jTEtR4mA,3,0.10704334,0.1235351711511612
UC2QBYE7QabwH_7krAAp2T-g,UC4lN5sizuJraSHqy99xTy6Q,15,0.5150643,0.12334176898002625
UC2QBYE7QabwH_7krAAp2T-g,UC7TxDj-DqbKzq9locL-iP2w,6,0.23317915,0.14222702383995056
UC2QBYE7QabwH_7krAAp2T-g,UC7hHF4W8gkHEc9-VqZiK5uQ,3,0.100714296,0.1593942493200302
UC2QBYE7QabwH_7krAAp2T-g,UCDfzsr9f8DKJkQTBdJApflw,6,0.2120402,0.1334667056798935
UC2QBYE7QabwH_7krAAp2T-g,UCEUA7h_dCKi4OOciRaryotA,4,0.14797236,0.14804917573928833
UC2QBYE7QabwH_7krAAp2T-g,UCHsgsGmXU_eEfcrJ-TOAQaA,3,0.13204335,0.1997956782579422
UC2QBYE7QabwH_7krAAp2T-g,UCJI0Zz7WomTTAx6lQw-HC_Q,9,0.3674378,0.2817850708961487
UC2SNd1hfazwL1ixMsD91c4g,UC2vQ-7IQJ75obTuTfDrpCyA,4,0.12102213,0.14401830732822418
UC2SNd1hfazwL1ixMsD91c4g,UCK_AZk7XDzR3BBC02uVuRdQ,3,0.39696968,0.4041061997413635
UC2UCB_L3Kh6Kv5pL3pJZFlA,UC34oyKa3OSUt8IXfi9MtrEA,3,0.13157487,0.30266547203063965
UC2UzTcmBxku-WV8cVkuvXXw,UC3GEdr3hViGQqibBucxweag,4,0.13563219,0.1225067600607872
UC2UzTcmBxku-WV8cVkuvXXw,UC5450Xkqz8wdaRYJh7HTGBg,4,0.14806159,0.18839558959007263
UC2UzTcmBxku-WV8cVkuvXXw,UC56lF6uAJTE0FvA0e8CQXbg,3,0.1055914,0.15179747343063354
UC2UzTcmBxku-WV8cVkuvXXw,UC8s_nliTjuqtO1gK4uzo_Rg,3,0.104910344,0.1286720633506775
UC2UzTcmBxku-WV8cVkuvXXw,UCD4vf51DU8M2lBKitZhNxgQ,3,0.10723408,0.18590553104877472
UC2WEap0mCxONZLulKVIW1TA,UC2fHPR-NxuYGd1oMOGXLwFA,3,0.11392473,0.15180745720863342
UC2WEap0mCxONZLulKVIW1TA,UC37tdXvFfQ-gAtxkGy4VdVg,3,0.10840749,0.16335058212280273
UC2WEap0mCxONZLulKVIW1TA,UC3jFrOriO8aLufC13bsWT3Q,3,0.10353038,0.1552644670009613
UC2WEap0mCxONZLulKVIW1TA,UC3uODtYvKjb7gPY9EFOlUWw,3,0.101149425,0.1529245227575302
UC2WEap0mCxONZLulKVIW1TA,UC3vg17IZ1IV73xx069jG44w,5,0.18096429,0.13826091587543488
UC2WEap0mCxONZLulKVIW1TA,UC43ekYDmSbZglc2ndwDNtAQ,3,0.13215688,0.1733117550611496
UC2WEap0mCxONZLulKVIW1TA,UC54sClWiSScAfSfts9Cmk0Q,5,0.19410872,0.21511714160442352
UC2Xn_1DDZJaaEtpPwh-qJtw,UC3-1iYGHfR43q_b974vUNYg,3,0.12513933,0.1745099127292633
UC2ak0cfMQ4zP3w_Fo-Zj-TA,UC3jrmVWCBTIPVPzE6ubX1Rw,3,0.10971758,0.4162321090698242
UC2alHD2WkakOiTxCxF-uMAg,UC3BSzbgMn2vLYS4Dp_i-bow,5,0.19538163,0.21294447779655457
UC2alHD2WkakOiTxCxF-uMAg,UC3IZKseVpdzPSBaWxBxundA,5,0.19474344,0.22278665006160736
UC2alHD2WkakOiTxCxF-uMAg,UC5IT9uQwZiWWIQanS2bIkGw,3,0.113741584,0.22388391196727753
UC2alHD2WkakOiTxCxF-uMAg,UC69LHPVPZ0EVf35eJp_m9cQ,3,0.13496733,0.216727614402771
UC2alHD2WkakOiTxCxF-uMAg,UC6tVLhA00aBnwnr30YX3lAg,3,0.10801564,0.21483741700649261
UC2b1DGGaKy4e1LqbZYVqRqQ,UCL9KXuGkAt5qCfUlMrJayMQ,3,0.20633486,0.5646573305130005
UC2bXo5ROWI6LY6m1jTaKNsg,UC7L_11j3h-LAzN671GKFnsQ,3,0.21261904,0.37367990612983704
UC2bcMbj2L8pcdzkAIYAg0tw,UC2dhkM2mQXMlIXcd2vMStvQ,3,0.10795455,0.15743961930274963
UC2bcMbj2L8pcdzkAIYAg0tw,UC2vi2elY5r_NiMMar423Xwg,10,0.31229383,0.1970222145318985
UC2bcMbj2L8pcdzkAIYAg0tw,UC3_oSWRmPBpnhlzaWLZBafQ,4,0.12180035,0.13724273443222046
UC2bcMbj2L8pcdzkAIYAg0tw,UC49Kaj6V3vBLsAZnAlDDVSw,4,0.14932342,0.15640828013420105
UC2bcMbj2L8pcdzkAIYAg0tw,UC4Cm8mh5_OlQlj5kJh0zY9A,4,0.12544756,0.23095422983169556
UC2bcMbj2L8pcdzkAIYAg0tw,UC7Opkf9V2DMmw9SXsOcSOeA,3,0.097990826,0.13474339246749878
UC2bsoNS_qXR8wliJXHc3iHg,UC5z705CUTh_plTUnvnSCvQw,3,0.104411766,0.1469278782606125
UC2ctq8sYlRXDUmsg3cEvvHQ,UC3ULbNt5-DFM0aPZdhRwi7w,3,0.09488636,0.21701475977897644
UC2ctq8sYlRXDUmsg3cEvvHQ,UC7BUQ_Gv-QgKLSyuFwLsJNw,3,0.09769881,0.12419988214969635
UC2dWSCQluKtkppFXLQAp0vQ,UC5dzkTCM0Jxnc5widb8arDw,3,0.1008295,0.21798282861709595
UC2dhkM2mQXMlIXcd2vMStvQ,UC3_oSWRmPBpnhlzaWLZBafQ,4,0.1829816,0.2324521392583847
UC2dhkM2mQXMlIXcd2vMStvQ,UC7dXPammhcS6lrPzgq7WAPQ,4,0.18039118,0.3506842255592346
UC2dzekIER9onv3YZq2ehCbA,UC3h7LLJp2w7iWeXVlLim6Dw,4,0.11451961,0.1872149258852005
UC2g5T9Gk5SY-Mq0hN0gmuAw,UC3Zr9eDEeKsCE4NgsW1mQ_Q,3,0.11066177,0.2471708506345749
UC2ghxrGPzvBMy-GAg2q7BAQ,UC4-TMrb7Mm4KnYx1VsUgcJA,3,0.12217636,0.22876787185668945
UC2iHI3kGrPcXeluLZ8H1CEA,UC4LPZMM2cZGkUBAZpBMU2_g,3,0.10896261,0.27919766306877136
UC2iHI3kGrPcXeluLZ8H1CEA,UC4QadOSsJu54Qs8z99shRiQ,3,0.09922236,0.2082289755344391
UC2iZfcW8_e2H0rhSsQXcNww,UC47AYUs8AVU1QsT5LhpXjaw,3,0.097335994,0.2736145853996277
UC2jWVnS98M7FyX5mkeKfz_Q,UC32V-k7uajDkwOmO1KrL7lA,3,0.11526233,0.21807141602039337
UC2kmAJVx75W3ZYm98-yg5gQ,UC2vi2elY5r_NiMMar423Xwg,3,0.10664831,0.14218932390213013
UC2kmAJVx75W3ZYm98-yg5gQ,UC6uzoOQ3Pitm5uhbdig8GYA,3,0.11142728,0.3622578978538513
UC2l_FQ800uKs7TMYjay2Tsw,UC5450Xkqz8wdaRYJh7HTGBg,3,0.10363637,0.13655534386634827
UC2l_FQ800uKs7TMYjay2Tsw,UC5FSZsqWuxqSM8IHfxw-Hyw,5,0.15743837,0.17308013141155243
UC2l_FQ800uKs7TMYjay2Tsw,UC60edzb3Y-OhV02QeXraTDw,4,0.14765489,0.12472119182348251
UC2l_FQ800uKs7TMYjay2Tsw,UC8s_nliTjuqtO1gK4uzo_Rg,3,0.1098448,0.13951265811920166
UC2n1IMilrQjKlokyBop1Tyw,UC91Yi79WkEBQ6VOm5dOipXw,3,0.14973263,0.28010454773902893
UC2oNx3mSUClH3_AUkT0lsUg,UC3RmaroKqAi3LAVToGzzILA,3,0.10368665,0.13792164623737335
UC2p9pSIMYa-asF6C38039gQ,UC3p5OTQsMEnmZktWUkw_Y0A,3,0.10516935,0.1498773992061615
UC2q0Lisd92TAnWJCPycUQDQ,UC3-1iYGHfR43q_b974vUNYg,3,0.10297768,0.13133759796619415
UC2rCxhnJUQE825QXz0c6NNQ,UC2vi2elY5r_NiMMar423Xwg,3,0.088973574,0.16545826196670532
UC2sBUignRWMrKJtIztlq_VA,UC3RmaroKqAi3LAVToGzzILA,3,0.08191424,0.12109877914190292
UC2sBUignRWMrKJtIztlq_VA,UCGNd0qq4DC3fNVKbj6g5WDw,3,0.13347825,0.21713338792324066
UC2sPmTrh7AGSPi59pb80Zdw,UC56lF6uAJTE0FvA0e8CQXbg,4,0.12853038,0.28459227085113525
UC2sQjNCIMchzKhXJOTEqUcw,UC4akeHUneE-Q6h8ZL0GcE8Q,3,0.14978355,0.5868093967437744
UC2tT2TQ8TDjX6ZVd12N_n5w,UC83t4zV_XrK-0BSD41NwK-A,4,0.14416142,0.2718288004398346
UC2tunZXxelGam73VcK3E-ug,UC98PlmYNo7PJSgTLWVKXoDg,3,0.1095238,0.2244562953710556
UC2tunZXxelGam73VcK3E-ug,UC9FTrf3ryoNxs01o_a2FE6g,5,0.22026533,0.35823383927345276
UC2v3r3SQZy1s9jLHC4hX9jQ,UC5Qy8k_hK7eWs0pdF7rxiAA,3,0.10806159,0.20824088156223297
UC2v3r3SQZy1s9jLHC4hX9jQ,UCEXFjZTS3pRDxEnVvG41FDQ,3,0.09791666,0.3646200895309448
UC2vQ-7IQJ75obTuTfDrpCyA,UC4LBOkVeWybjgZcruTPR1PQ,4,0.14441176,0.1650875359773636
UC2vQ-7IQJ75obTuTfDrpCyA,UC4QcbLJWP6PEQu0eZ_AYWkw,3,0.11145062,0.2622874975204468
UC2vQ-7IQJ75obTuTfDrpCyA,UCD7hoq_imKSpKasLuFBHJ6A,3,0.17681158,0.14033925533294678
UC2vi2elY5r_NiMMar423Xwg,UC2y2UgUdCrPYSaP3YnMPo5g,5,0.143172,0.12291136384010315
UC2vi2elY5r_NiMMar423Xwg,UC3-ReVazV9vfnKVeNl9mrfA,9,0.3380913,0.21213264763355255
UC2vi2elY5r_NiMMar423Xwg,UC37r6PdAvgkgsV08OGYPARA,3,0.10389453,0.12930147349834442
UC2vi2elY5r_NiMMar423Xwg,UC3GpbpDEr8mp3ZZ8DDO65fg,11,0.3379416,0.13656295835971832
UC2vi2elY5r_NiMMar423Xwg,UC3SMMsAG5lFTBlvgsTH5Z_Q,4,0.12489356,0.1336667537689209
UC2vi2elY5r_NiMMar423Xwg,UC3_oSWRmPBpnhlzaWLZBafQ,9,0.31062785,0.17070461809635162
UC2vi2elY5r_NiMMar423Xwg,UC3w1YwbdVpEy-uzv12xQiMA,3,0.092605315,0.1289767026901245
UC2vi2elY5r_NiMMar423Xwg,UC3y2J3W87lyCSNSaV-kD3IA,3,0.11082949,0.1362926959991455
UC2vi2elY5r_NiMMar423Xwg,UC4dHG5n-zjvEmWlLua2p5hw,3,0.10547619,0.12256909161806107
UC2vi2elY5r_NiMMar423Xwg,UC4lN5sizuJraSHqy99xTy6Q,34,1.0617279,0.18804669380187988
UC2vi2elY5r_NiMMar423Xwg,UC6SUCSk-xgTLNv2tVnYSIcQ,3,0.09647147,0.1485290825366974
UC2vi2elY5r_NiMMar423Xwg,UC6oal8R3H4V_yY4-0NpY58Q,8,0.2631352,0.12323936074972153
UC2vi2elY5r_NiMMar423Xwg,UC6uzoOQ3Pitm5uhbdig8GYA,5,0.16620305,0.12470050156116486
UC2vvdIk2GX0nnySaYTqABMg,UC5xOXf3pR7cmoxloEgdAoCw,3,0.09923245,0.27721959352493286
UC2vvdIk2GX0nnySaYTqABMg,UC60edzb3Y-OhV02QeXraTDw,4,0.13132416,0.2075556069612503
UC2y2UgUdCrPYSaP3YnMPo5g,UC3-ReVazV9vfnKVeNl9mrfA,3,0.085190244,0.14913564920425415
UC2y2UgUdCrPYSaP3YnMPo5g,UC3RmaroKqAi3LAVToGzzILA,4,0.12174488,0.16864058375358582
UC2y2UgUdCrPYSaP3YnMPo5g,UC3h7LLJp2w7iWeXVlLim6Dw,3,0.09304435,0.13337191939353943
UC2y2UgUdCrPYSaP3YnMPo5g,UC4khoc98iEkW-5p1h9iakgw,3,0.09131274,0.21296395361423492
UC2zM0ulWBixfvs9A-Mozr-Q,UC3jm_V8mHVvkTUr0GYtyXjg,3,0.109981336,0.2599959075450897
UC2zM0ulWBixfvs9A-Mozr-Q,UC7L_11j3h-LAzN671GKFnsQ,3,0.11796102,0.22629547119140625
UC3-1iYGHfR43q_b974vUNYg,UC3GEdr3hViGQqibBucxweag,8,0.29196367,0.13950306177139282
UC3-1iYGHfR43q_b974vUNYg,UC3REAzTrfFQmFmkx5c_UfuA,3,0.10520236,0.18215152621269226
UC3-1iYGHfR43q_b974vUNYg,UC4YaOt1yT-ZeyB0OmxHgolA,4,0.16169386,0.1444532722234726
UC3-1iYGHfR43q_b974vUNYg,UC6VjNLslXbb6Stl0I2MkQWA,4,0.13553444,0.18393148481845856
UC3-1iYGHfR43q_b974vUNYg,UC8LhZmYA7VTt84hl91ifIGw,6,0.23674892,0.12016824632883072
UC3-1iYGHfR43q_b974vUNYg,UC9V4eJBNx_hOieGG51NZ6nA,18,0.80093634,0.17340907454490662
UC3-1iYGHfR43q_b974vUNYg,UCFo4kqllbcQ4nV83WCyraiw,12,0.532873,0.12420116364955902
UC3-Np6_d61xuza9rSEL5JSQ,UC7C5oRm6cGgbjJdPPEVeNMA,3,0.1993747,0.15057167410850525
UC3-ReVazV9vfnKVeNl9mrfA,UC3PWWshMfLtdgDOvM5hKT6A,3,0.08647052,0.14891932904720306
UC3-ReVazV9vfnKVeNl9mrfA,UC3RmaroKqAi3LAVToGzzILA,4,0.13887689,0.14059856534004211
UC3-ReVazV9vfnKVeNl9mrfA,UC3h7LLJp2w7iWeXVlLim6Dw,4,0.11512446,0.12060951441526413
UC3-ReVazV9vfnKVeNl9mrfA,UC47AYUs8AVU1QsT5LhpXjaw,3,0.15794206,0.15668082237243652
UC3-ReVazV9vfnKVeNl9mrfA,UC6221cixGtzOBFJyLoSEuQQ,3,0.09531225,0.1769951581954956
UC31OqQ0FKHo_cvfiLXJ4mHg,UC4G9FaiM7C4us3WL4jQdQ5A,7,0.24491185,0.214531809091568
UC31OqQ0FKHo_cvfiLXJ4mHg,UC4XJFeGFaJjkwYKuKy2h0Sw,4,0.12840849,0.15419991314411163
UC31OqQ0FKHo_cvfiLXJ4mHg,UC5Qy8k_hK7eWs0pdF7rxiAA,3,0.106792726,0.1516377329826355
UC31OqQ0FKHo_cvfiLXJ4mHg,UC5w9Uira5JerthMXoeypz6A,4,0.1342611,0.19216841459274292
UC31OqQ0FKHo_cvfiLXJ4mHg,UC60edzb3Y-OhV02QeXraTDw,6,0.22818644,0.21368682384490967
UC31tv9pB5vAkGPUMeIxI9wQ,UC6d_ptgRNDMHgZocGC6G9lA,3,0.112741314,0.4495796263217926
UC31tv9pB5vAkGPUMeIxI9wQ,UC6uzoOQ3Pitm5uhbdig8GYA,3,0.111509785,0.3549576997756958
UC32V-k7uajDkwOmO1KrL7lA,UC7LaaFweFU8ielYVC5Kq2LQ,3,0.10846562,0.1352596879005432
UC33_tIj4m1_XaqfFcomShvw,UC4Tklxku1yPcRIH0VVCKoeA,3,0.09531225,0.12964440882205963
UC35TRecEk9N5FAj2a--PAkg,UC4zGMicoES8FZwkhiXXZThg,5,0.19691221,0.7565798163414001
UC35TRecEk9N5FAj2a--PAkg,UCFdBehO71GQaIom4WfVeGSw,3,0.122266136,0.12193580716848373
UC37j5pBY-mw3QoCMEdomE2g,UC7sEB_ylMuHJD4TjF4Ag1nw,3,0.08674183,0.17128105461597443
UC37so-pB6Lhmertb39NulOQ,UC3h7LLJp2w7iWeXVlLim6Dw,3,0.08858006,0.14296601712703705
UC37so-pB6Lhmertb39NulOQ,UC7BUQ_Gv-QgKLSyuFwLsJNw,3,0.10021551,0.18777605891227722
UC37tdXvFfQ-gAtxkGy4VdVg,UC6UHYyVoCrAUBsxF-ortrew,3,0.09849739,0.1347569078207016
UC37xmcTGYR8W31vUN6l4JHA,UC4p8BImprkspK5m-tawDVGw,3,0.12143927,0.27627474069595337
UC39k3ok2M6ewPaA-IKEfazQ,UC7UqbHzYvxwjq1v37C135BQ,3,0.1033365,0.14460088312625885
UC3AGP8tjXzAefnKzgxLspQQ,UC7I3QTra4_kC4TSu8f7rHkA,6,0.28353053,0.1466037929058075
UC3AcvrqSwkE5gfOsoSgUfEw,UC47AYUs8AVU1QsT5LhpXjaw,3,0.08917749,0.2618967592716217
UC3BSzbgMn2vLYS4Dp_i-bow,UC3IZKseVpdzPSBaWxBxundA,4,0.14264409,0.17411793768405914
UC3BSzbgMn2vLYS4Dp_i-bow,UC642pLj4GXSj-0Ybdx3ytmA,4,0.1336975,0.16755452752113342
UC3D2Id9EjpEiU2eXHe-Izlg,UC3IZKseVpdzPSBaWxBxundA,3,0.09428814,0.18500176072120667
UC3D2Id9EjpEiU2eXHe-Izlg,UC4-KH4Uw5-YCfhAYj-gVqSA,3,0.11741309,0.2905697822570801
UC3D2Id9EjpEiU2eXHe-Izlg,UC4URX_WLZ2EHWuIOtTpYXyA,3,0.121190876,0.2507317066192627
UC3D2Id9EjpEiU2eXHe-Izlg,UC58zaRv7_nuQqVbBGDox9hw,3,0.11524859,0.1686641424894333
UC3EDIinQZS_Db8cft_sQ5FQ,UC4QadOSsJu54Qs8z99shRiQ,3,0.1268074,0.264162540435791
UC3FKwhMnGdubV8oc54EOlDw,UC3qtgGE9R6fJ4h-jcPNixjQ,3,0.09859007,0.14581096172332764
UC3FKwhMnGdubV8oc54EOlDw,UC6d_ptgRNDMHgZocGC6G9lA,3,0.117340066,0.2307261973619461
UC3FKwhMnGdubV8oc54EOlDw,UC6oal8R3H4V_yY4-0NpY58Q,3,0.12291666,0.12043221294879913
UC3FKwhMnGdubV8oc54EOlDw,UC6uzoOQ3Pitm5uhbdig8GYA,3,0.117340066,0.1841776818037033
UC3GEdr3hViGQqibBucxweag,UC3m9tdQ8yaq-QT6YjBmZO6A,3,0.09458875,0.14767882227897644
UC3GEdr3hViGQqibBucxweag,UC5laBQe3nqbrAnwNTabchhQ,3,0.13249159,0.160040944814682
UC3GEdr3hViGQqibBucxweag,UC77fE-CthS26aesRDL6PMqA,3,0.0817203,0.1860206574201584
UC3GEdr3hViGQqibBucxweag,UC7sYsbWhhzOPEBAP2A0bsvA,3,0.11559139,0.15441612899303436
UC3GEdr3hViGQqibBucxweag,UCASJIBV9UDa_FDiSddoEonQ,3,0.11212121,0.12286254018545151
UC3GWUs1RZC2mHITfsGZLr8g,UC3dh_fQslVReCLOmMsS4pJw,3,0.088931784,0.15724101662635803
UC3GWUs1RZC2mHITfsGZLr8g,UC4LBOkVeWybjgZcruTPR1PQ,3,0.106792726,0.14325696229934692
UC3GWUs1RZC2mHITfsGZLr8g,UC5Qy8k_hK7eWs0pdF7rxiAA,3,0.106792726,0.15430599451065063
UC3GWUs1RZC2mHITfsGZLr8g,UC7D5cHlavNWxEfnKkyMQGcQ,3,0.11441799,0.2155400514602661
UC3GpbpDEr8mp3ZZ8DDO65fg,UC3bc4PNLgnBudG19N74Jjzw,9,0.31297034,0.17796073853969574
UC3GpbpDEr8mp3ZZ8DDO65fg,UC4SNi60xOVsj4ZXQ1en6kGQ,4,0.11525833,0.2119627743959427
UC3GpbpDEr8mp3ZZ8DDO65fg,UC4cVwSx4jdZszAcvrgJ4H-g,3,0.21465203,0.12716495990753174
UC3GpbpDEr8mp3ZZ8DDO65fg,UC4lN5sizuJraSHqy99xTy6Q,24,0.8077241,0.18788449466228485
UC3GpbpDEr8mp3ZZ8DDO65fg,UC8yHePe_RgUBE-waRWy6olw,13,0.5590331,0.1595468670129776
UC3GpbpDEr8mp3ZZ8DDO65fg,UC9OvLVXb-okaVtoK9V8Biwg,5,0.14655253,0.12728427350521088
UC3GpbpDEr8mp3ZZ8DDO65fg,UCDvZpvrjCMfNDMasZEmkFuQ,9,0.3135703,0.1319720298051834
UC3GpbpDEr8mp3ZZ8DDO65fg,UCfTnJmRQP79C4y_BMF_XrlA,3,0.2722278,0.16600191593170166
UC3IqJWBWq3v468F6UYo8xDA,UC3cs6g4_Rl4hPwEjEuxvVjw,3,0.093287036,0.20101796090602875
UC3JTWItzDfl41i2B6BFl9ZA,UC3dh_fQslVReCLOmMsS4pJw,3,0.09109109,0.16113515198230743
UC3MEHVxWH61MlRaJx1LQXbA,UC4URX_WLZ2EHWuIOtTpYXyA,3,0.1277126,0.2876106798648834
UC3McPdkyidCBzdV_XbQu-4w,UC9zY_E8mcAo_Oq772LEZq8Q,3,0.12249158,0.15829962491989136
UC3N68KFMqDwacbD-WImpcvg,UC7Pd7bhUlyU0KZcD7Muja_A,3,0.11081833,0.28134211897850037
UC3PWWshMfLtdgDOvM5hKT6A,UC46u5qG6vqDdrNYgqRVvq3Q,3,0.11544795,0.1768568754196167
UC3PWWshMfLtdgDOvM5hKT6A,UC49IcjbsspFVpukiVYN05Hg,3,0.10503129,0.2653404772281647
UC3QGwTAl02IeQftn5C2bKkg,UC585dIe6lG9UOR-CyE24wmQ,4,0.17115891,0.1262560486793518
UC3RR_yuucVrmD8hT8xlyIpQ,UC585dIe6lG9UOR-CyE24wmQ,3,0.12050528,0.16819997131824493
UC3RmaroKqAi3LAVToGzzILA,UC49K1-mmgbAhYVL1fWGNsAw,3,0.10591134,0.1545691341161728
UC3RmaroKqAi3LAVToGzzILA,UC56lF6uAJTE0FvA0e8CQXbg,4,0.12666984,0.15352605283260345
UC3SMMsAG5lFTBlvgsTH5Z_Q,UC7pubtllqd-BQjofeZSf9tA,3,0.1092504,0.576606035232544
UC3ULbNt5-DFM0aPZdhRwi7w,UCAMT4hftbWt0kNK7PpKBgEg,3,0.107756644,0.16856764256954193
UC3WWLNbDGeSLuc8YT_EQPJw,UC3Zr9eDEeKsCE4NgsW1mQ_Q,4,0.14539136,0.3947584927082062
UC3WWLNbDGeSLuc8YT_EQPJw,UC8JJPejpW-jkj4ItGNyarTw,3,0.118364334,0.45687156915664673
UC3X1Mrc0TXQQd4tOG03sooA,UCAWWDsFWX4lMuRtH46VYdIQ,3,0.13876934,0.4085004925727844
UC3Zr9eDEeKsCE4NgsW1mQ_Q,UC5yrAkKY1xdgiOE6uxBkXCg,3,0.11971153,0.35190925002098083
UC3Zr9eDEeKsCE4NgsW1mQ_Q,UC8GgWCXNsrKkCeN5xt30Euw,6,0.2118074,0.4053025245666504
UC3Zr9eDEeKsCE4NgsW1mQ_Q,UC8JJPejpW-jkj4ItGNyarTw,5,0.20407861,0.37386325001716614
UC3Zr9eDEeKsCE4NgsW1mQ_Q,UCANN6knNbmdr4S5DTNXc6Uw,3,0.09399132,0.21207457780838013
UC3Zr9eDEeKsCE4NgsW1mQ_Q,UCCUjaZPl3qiUuYZQkzY4raQ,3,0.13711433,0.4203478991985321
UC3Zr9eDEeKsCE4NgsW1mQ_Q,UCFe4Awqc4Z9JcfnCIn04wnA,3,0.13711433,0.4203478991985321
UC3_3jxzwvz8_6fZ3dglQJ0g,UC6V_waoFfhhliiqAo5MFjZg,4,0.12666367,0.2763732969760895
UC3_oSWRmPBpnhlzaWLZBafQ,UC3oVeet7Jd3YF4gmrmvTo9w,3,0.1025611,0.15189354121685028
UC3_oSWRmPBpnhlzaWLZBafQ,UC3qtgGE9R6fJ4h-jcPNixjQ,4,0.13624708,0.17203299701213837
UC3_oSWRmPBpnhlzaWLZBafQ,UC4OqUn5DHBYhk9VOHs89lWQ,3,0.07576634,0.18875683844089508
UC3_oSWRmPBpnhlzaWLZBafQ,UC7Opkf9V2DMmw9SXsOcSOeA,4,0.13247359,0.1586735099554062
UC3_oSWRmPBpnhlzaWLZBafQ,UC7dXPammhcS6lrPzgq7WAPQ,5,0.19573517,0.29399338364601135
UC3b9jTrnME3V4J5zLnVSmtg,UC4arQnli3ffEuCSrSgAD_Ug,7,0.24551708,0.16160812973976135
UC3bc4PNLgnBudG19N74Jjzw,UC4XJFeGFaJjkwYKuKy2h0Sw,5,0.19321373,0.14859013259410858
UC3bc4PNLgnBudG19N74Jjzw,UC4lN5sizuJraSHqy99xTy6Q,16,0.5562887,0.13863804936408997
UC3bc4PNLgnBudG19N74Jjzw,UC9AuyS7U4PxeDSNMJ2srarA,3,0.096858464,0.121041439473629
UC3bc4PNLgnBudG19N74Jjzw,UCF5_b1FCKAX_GvRu7ePMG3w,5,0.19343194,0.1464339941740036
UC3c8PW1C5kJGbCRjFJoTDwA,UC8LhZmYA7VTt84hl91ifIGw,3,0.115757585,0.2419365495443344
UC3cs6g4_Rl4hPwEjEuxvVjw,UC3tbsC83WBCqaBJD9BbhbLA,5,0.16567117,0.1383354812860489
UC3cs6g4_Rl4hPwEjEuxvVjw,UC4IE5tKlSurbQFFeEcqhkOQ,3,0.10451613,0.15465708076953888
UC3cs6g4_Rl4hPwEjEuxvVjw,UC55V_ihtpI2kc_E2GmLnUMQ,4,0.15140693,0.15682221949100494
UC3cs6g4_Rl4hPwEjEuxvVjw,UC56lF6uAJTE0FvA0e8CQXbg,4,0.13531226,0.12059655040502548
UC3cs6g4_Rl4hPwEjEuxvVjw,UC60edzb3Y-OhV02QeXraTDw,6,0.23837242,0.12054301053285599
UC3cs6g4_Rl4hPwEjEuxvVjw,UC8xQA4VE191QRBeVgKI7SLQ,3,0.09714286,0.16013503074645996
UC3cs6g4_Rl4hPwEjEuxvVjw,UCXYlk6MXurenhAuTsUnpWrg,4,0.29923552,0.23096081614494324
UC3d5tppwxYrOtv8fP8jk7nA,UC3eTZ5Yld6qufD6rtEiERdw,3,0.08944762,0.16162779927253723
UC3dZksrKZx3KJD3W4aIfeYg,UC585dIe6lG9UOR-CyE24wmQ,3,0.109649114,0.1812821477651596
UC3dh_fQslVReCLOmMsS4pJw,UC3h7LLJp2w7iWeXVlLim6Dw,4,0.121615775,0.16058151423931122
UC3eTZ5Yld6qufD6rtEiERdw,UC4Au2QrbfaSjHPSdk5tUBeg,5,0.19407079,0.2177659273147583
UC3eTZ5Yld6qufD6rtEiERdw,UC4N9V8J-QDrNx7x1eDPE75A,3,0.12282862,0.17612621188163757
UC3eTZ5Yld6qufD6rtEiERdw,UC4fJmw546DjVql_besPQ1TQ,4,0.14007416,0.16629472374916077
UC3eTZ5Yld6qufD6rtEiERdw,UC4lN5sizuJraSHqy99xTy6Q,16,0.53141546,0.13020934164524078
UC3eTZ5Yld6qufD6rtEiERdw,UC5CRHe4xL-hoQclcBzPb_mg,3,0.1061828,0.1787003129720688
UC3eTZ5Yld6qufD6rtEiERdw,UC5agcP_z1DKwZHG0tp7VnBA,5,0.16590607,0.17284156382083893
UC3eTZ5Yld6qufD6rtEiERdw,UC5mk1yo6PZjSHzoIGYNc9jg,3,0.1064339,0.21757663786411285
UC3eTZ5Yld6qufD6rtEiERdw,UC6VjNLslXbb6Stl0I2MkQWA,3,0.1064339,0.19736933708190918
UC3eTZ5Yld6qufD6rtEiERdw,UC7I3QTra4_kC4TSu8f7rHkA,11,0.40342298,0.13927467167377472
UC3eTZ5Yld6qufD6rtEiERdw,UC7LnadOwPEGqGnIuwVGfjow,3,0.10904762,0.17982237040996552
UC3eTZ5Yld6qufD6rtEiERdw,UC9UI_fNxTbfEJImAg5Y7pOw,3,0.1301282,0.1330099254846573
UC3eTZ5Yld6qufD6rtEiERdw,UCBD4RO82lle5CyB_M9dtwzw,3,0.09912331,0.18428432941436768
UC3eTZ5Yld6qufD6rtEiERdw,UCBls5vQWbi3iedkMy5Pv3GQ,3,0.1072261,0.17444252967834473
UC3eTZ5Yld6qufD6rtEiERdw,UCFDL0NuxUBAvvu1PnIwW2ww,3,0.11941177,0.18293613195419312
UC3eTZ5Yld6qufD6rtEiERdw,UCFdBehO71GQaIom4WfVeGSw,10,0.3508102,0.14446671307086945
UC3eTZ5Yld6qufD6rtEiERdw,UCFo4kqllbcQ4nV83WCyraiw,10,0.43043688,0.13708968460559845
UC3eTZ5Yld6qufD6rtEiERdw,UCH3goNChaODS4vVO3yZjacQ,4,0.14607844,0.24094723165035248
UC3fOqiQwk378AnjTu4a0TjA,UC4arQnli3ffEuCSrSgAD_Ug,3,0.10739942,0.12393063306808472
UC3gIFrMEpEMhDziMRoNBIDg,UC5BiTvy2Ni2MyigJPspjhOA,3,0.103437744,0.18650475144386292
UC3h7LLJp2w7iWeXVlLim6Dw,UC4LBOkVeWybjgZcruTPR1PQ,7,0.23074052,0.23115044832229614
UC3h7LLJp2w7iWeXVlLim6Dw,UC4khoc98iEkW-5p1h9iakgw,3,0.09733006,0.1358451396226883
UC3h7LLJp2w7iWeXVlLim6Dw,UC4lN5sizuJraSHqy99xTy6Q,14,0.43667632,0.1291375607252121
UC3h7LLJp2w7iWeXVlLim6Dw,UC585dIe6lG9UOR-CyE24wmQ,8,0.25565878,0.12963181734085083
UC3h7LLJp2w7iWeXVlLim6Dw,UC5BXhvHDxHFRGQqwb_oYqug,3,0.08933081,0.20962561666965485
UC3h7LLJp2w7iWeXVlLim6Dw,UC5eCvFUhtBeKCiQXUx6CvFg,5,0.15485501,0.15457473695278168
UC3h7LLJp2w7iWeXVlLim6Dw,UC7D5cHlavNWxEfnKkyMQGcQ,4,0.12409814,0.17458048462867737
UC3hb-DiQCVlPLv3kgWVs-MQ,UC3p5OTQsMEnmZktWUkw_Y0A,3,0.12116884,0.15860556066036224
UC3i7EDSiTalpUh81RUNuxFQ,UC5FSZsqWuxqSM8IHfxw-Hyw,4,0.12753089,0.22783266007900238
UC3i7EDSiTalpUh81RUNuxFQ,UC5t5yQzJFvoMkLI5XXZiiIQ,3,0.10182282,0.26223644614219666
UC3jMy08han2ODgu-0L-zMVA,UCC3gGKJuchLXL7i80Kq_S8Q,3,0.18452379,0.22343000769615173
UC3k3RSFHemW5qjtp-X1TGZg,UC4arQnli3ffEuCSrSgAD_Ug,4,0.15904763,0.1461745649576187
UC3kCoMOmTiqkjxjpBPKdt6w,UC6merdM0gtSbJyfwT4e3AiQ,4,0.32763156,0.18744543194770813
UC3oPZC41Qvv0o3UKseuQLKA,UC4IE5tKlSurbQFFeEcqhkOQ,3,0.09899889,0.6167448163032532
UC3p5OTQsMEnmZktWUkw_Y0A,UC40BxbSAaJVhMp-1XK6un8A,9,0.34176356,0.28336969017982483
UC3p5OTQsMEnmZktWUkw_Y0A,UC4YYMfsqUrejYXKnV--BydQ,5,0.18344156,0.1499025523662567
UC3p5OTQsMEnmZktWUkw_Y0A,UC4dHG5n-zjvEmWlLua2p5hw,3,0.09831498,0.14772017300128937
UC3p5OTQsMEnmZktWUkw_Y0A,UC5eCvFUhtBeKCiQXUx6CvFg,6,0.22369628,0.17291201651096344
UC3p5OTQsMEnmZktWUkw_Y0A,UC642pLj4GXSj-0Ybdx3ytmA,4,0.15170816,0.12645044922828674
UC3p5OTQsMEnmZktWUkw_Y0A,UC64KwGynvj3hA7T0C9gC5cA,4,0.13589443,0.12551014125347137
UC3p5OTQsMEnmZktWUkw_Y0A,UC664AyktJeZAEWiE4xYGXMA,3,0.12823531,0.1403791606426239
UC3p5OTQsMEnmZktWUkw_Y0A,UC67x7_KT2NZEjzJle5ZoqnA,3,0.16529933,0.20643679797649384
UC3p5OTQsMEnmZktWUkw_Y0A,UC6V_waoFfhhliiqAo5MFjZg,7,0.2758885,0.19565677642822266
UC3p5OTQsMEnmZktWUkw_Y0A,UC6cZRYwUPyvoeOOb0dqrAug,6,0.21916142,0.17691919207572937
UC3p5OTQsMEnmZktWUkw_Y0A,UC6vzXCyUFiz0wMF6aIe7Isg,7,0.33195752,0.2918733060359955
UC3p5OTQsMEnmZktWUkw_Y0A,UC7JQKVJMCIuVMcrFXSozMCw,3,0.1165261,0.17850752174854279
UC3p5OTQsMEnmZktWUkw_Y0A,UC7LT6gRahCIBd5AO5MUl8dQ,5,0.24437928,0.13723380863666534
UC3p5OTQsMEnmZktWUkw_Y0A,UCISg6B0UZg0zcUN6jkoDLNw,3,0.13382353,0.16203559935092926
UC3qtgGE9R6fJ4h-jcPNixjQ,UC3vg17IZ1IV73xx069jG44w,4,0.12881564,0.13211381435394287
UC3qtgGE9R6fJ4h-jcPNixjQ,UC4feg3_vUrGepbNH97fV-Iw,3,0.119429596,0.14191141724586487
UC3qtgGE9R6fJ4h-jcPNixjQ,UC54sClWiSScAfSfts9Cmk0Q,3,0.11256109,0.1674523949623108
UC3s3pjVgGffuAuqTXN4gu0g,UC4N9V8J-QDrNx7x1eDPE75A,4,0.16800447,0.6908878684043884
UC3s3pjVgGffuAuqTXN4gu0g,UC5T_PNyy-_3I5pustPMLIxQ,3,0.115372896,0.6559080481529236
UC3swo6utVXOSYwxazwoKWBQ,UCC0JWiw4BJYR4NUDxQCf0Hg,3,0.11653298,0.34801432490348816
UC3tbsC83WBCqaBJD9BbhbLA,UC438NzuH3byhVc9KSXKc8ZA,3,0.101322755,0.16736064851284027
UC3tbsC83WBCqaBJD9BbhbLA,UC49Kaj6V3vBLsAZnAlDDVSw,3,0.13078704,0.15281468629837036
UC3vg17IZ1IV73xx069jG44w,UC4Au2QrbfaSjHPSdk5tUBeg,3,0.15580618,0.18333402276039124
UC3vg17IZ1IV73xx069jG44w,UC4N9V8J-QDrNx7x1eDPE75A,3,0.118120134,0.17761392891407013
UC3vg17IZ1IV73xx069jG44w,UC4YT50DP7hbMsor8FmyEPMw,3,0.14042208,0.1745966225862503
UC3vg17IZ1IV73xx069jG44w,UC5CRHe4xL-hoQclcBzPb_mg,3,0.098275386,0.17343810200691223
UC3vg17IZ1IV73xx069jG44w,UC5jLCyltbnart3k4iLFQvZg,3,0.0944056,0.13404186069965363
UC3vg17IZ1IV73xx069jG44w,UC6UHYyVoCrAUBsxF-ortrew,4,0.17354497,0.12038810551166534
UC3vgmbNt7QW0oaLSod4eBAw,UC585dIe6lG9UOR-CyE24wmQ,3,0.09499939,0.1306382566690445
UC3vnXo3ZBJA0mDX8EVZDYmA,UC4arQnli3ffEuCSrSgAD_Ug,4,0.13610464,0.13093790411949158
UC3vnXo3ZBJA0mDX8EVZDYmA,UC6OHCySp4R4_LsyKva1EcMA,3,0.1006734,0.25934308767318726
UC3wbcGnKGUQjSf38n2rDoog,UCAUBgqFP-qaH2lC7kBR93cw,3,0.10485313,0.2397436797618866
UC3xd9YtthN6JEKEiRxdgJVQ,UCHoOFVQAhK-QyoXgf0iaZIg,3,0.1898148,0.5277427434921265
UC3y7HcAnhou4TWUqyNplxCw,UC4arQnli3ffEuCSrSgAD_Ug,3,0.11450217,0.14155319333076477
UC3y7HcAnhou4TWUqyNplxCw,UC6AG81pAkf6Lbi_1VC5NmPA,3,0.11450217,0.1495436578989029
UC3y7HcAnhou4TWUqyNplxCw,UC9zY_E8mcAo_Oq772LEZq8Q,3,0.10317812,0.14110276103019714
UC3zx3B5VObMmSGyZk0mijxw,UC4TnL2yRWdT4GXzXaACPATw,3,0.1443186,0.427560031414032
UC4-TMrb7Mm4KnYx1VsUgcJA,UC5eCvFUhtBeKCiQXUx6CvFg,4,0.1424382,0.17390267550945282
UC4-TMrb7Mm4KnYx1VsUgcJA,UC8oF7jmQsKbMVrCv5LrP32w,4,0.15473366,0.15393590927124023
UC4-TMrb7Mm4KnYx1VsUgcJA,UCNeegoJ1LrlcpaKl8XGpt2A,3,0.16252586,0.17644129693508148
UC40BxbSAaJVhMp-1XK6un8A,UC49Kaj6V3vBLsAZnAlDDVSw,4,0.15693703,0.16708576679229736
UC40BxbSAaJVhMp-1XK6un8A,UC4XJFeGFaJjkwYKuKy2h0Sw,4,0.14488636,0.16503190994262695
UC40BxbSAaJVhMp-1XK6un8A,UC5eCvFUhtBeKCiQXUx6CvFg,6,0.20949173,0.26101040840148926
UC40BxbSAaJVhMp-1XK6un8A,UC6V_waoFfhhliiqAo5MFjZg,5,0.15409221,0.17614345252513885
UC40BxbSAaJVhMp-1XK6un8A,UC7Gpp9AXsyBns4oPt0rd82A,3,0.12231561,0.21250192821025848
UC40MXYe9jrs-hNPF1HyA7CA,UC43FscF1gzzgS1H60vbiQPQ,4,0.13181876,0.24734754860401154
UC438NzuH3byhVc9KSXKc8ZA,UC5dtS_pi--8fLv-7ki8jtDA,3,0.1412037,0.48922306299209595
UC43KSVyRxlUGDaL09wRjxLA,UC5FHro6XfWMGHafWWavzXaQ,3,0.13326818,0.24627801775932312
UC44JZ2KhRfdPMd-jTEtR4mA,UC4G9FaiM7C4us3WL4jQdQ5A,6,0.18270564,0.20206193625926971
UC455V0qKA3T-87i3Y5eRw9w,UC7OX9yGXLSJhSocOEVC6SQg,3,0.099268556,0.3448435366153717
UC46s7CEDGi1qL4pY-xAGlLw,UC5BiTvy2Ni2MyigJPspjhOA,3,0.09808612,0.2582573890686035
UC46u5qG6vqDdrNYgqRVvq3Q,UC49IcjbsspFVpukiVYN05Hg,3,0.10603936,0.17703238129615784
UC46u5qG6vqDdrNYgqRVvq3Q,UC5CVHySclG0LJWhnjD_wbtg,3,0.09632035,0.25919991731643677
UC46u5qG6vqDdrNYgqRVvq3Q,UC5f5IV0Bf79YLp_p9nfInRA,3,0.1064339,0.2685098648071289
UC47AYUs8AVU1QsT5LhpXjaw,UCAERcCeke3w3YHdod0x1FBQ,4,0.17946127,0.19849373400211334
UC49IcjbsspFVpukiVYN05Hg,UC4Zyu8fXoss8fnCraoqVprA,3,0.10799439,0.1391577273607254
UC49IcjbsspFVpukiVYN05Hg,UC5Gln-uR3dCnYakOMV2yBOg,3,0.09821428,0.15005497634410858
UC49K1-mmgbAhYVL1fWGNsAw,UC8AQxRa-WTwfWCJgkOKWxOQ,3,0.09714157,0.18510422110557556
UC49Kaj6V3vBLsAZnAlDDVSw,UC4LPZMM2cZGkUBAZpBMU2_g,3,0.11241884,0.15759778022766113
UC4BIUwrzsbX5-vDWCcyfGog,UC5w9Uira5JerthMXoeypz6A,3,0.12037037,0.19385501742362976
UC4BIUwrzsbX5-vDWCcyfGog,UC5z705CUTh_plTUnvnSCvQw,5,0.23196249,0.3036728501319885
UC4Cm8mh5_OlQlj5kJh0zY9A,UC67REzSALhOC8_xkgLyif-g,4,0.11815955,0.12810900807380676
UC4D2dyCRiSOJJQq87-bhtgg,UC6oal8R3H4V_yY4-0NpY58Q,3,0.093995094,0.2233554720878601
UC4G9FaiM7C4us3WL4jQdQ5A,UC4LBOkVeWybjgZcruTPR1PQ,5,0.16762148,0.13030405342578888
UC4G9FaiM7C4us3WL4jQdQ5A,UC585dIe6lG9UOR-CyE24wmQ,15,0.49051088,0.19299982488155365
UC4G9FaiM7C4us3WL4jQdQ5A,UC5w9Uira5JerthMXoeypz6A,5,0.18209893,0.15369823575019836
UC4G9FaiM7C4us3WL4jQdQ5A,UC60edzb3Y-OhV02QeXraTDw,8,0.2750471,0.1518884152173996
UC4G9FaiM7C4us3WL4jQdQ5A,UC67REzSALhOC8_xkgLyif-g,5,0.33539,0.16145330667495728
UC4G9FaiM7C4us3WL4jQdQ5A,UC7D5cHlavNWxEfnKkyMQGcQ,4,0.11999939,0.1309986710548401
UC4G9FaiM7C4us3WL4jQdQ5A,UC7I3QTra4_kC4TSu8f7rHkA,11,0.3755852,0.12144016474485397
UC4G9FaiM7C4us3WL4jQdQ5A,UC7TxDj-DqbKzq9locL-iP2w,6,0.21574847,0.12610775232315063
UC4G9FaiM7C4us3WL4jQdQ5A,UC9dDhZ-seQ8xmeC11l_7S7A,4,0.14404762,0.12631601095199585
UC4G9FaiM7C4us3WL4jQdQ5A,UC9yOhniOuokH6iiw4Q14XQg,3,0.124414936,0.13762158155441284
UC4G9FaiM7C4us3WL4jQdQ5A,UCAZc5O2Ix4tCeIswgwaTZNg,4,0.12221021,0.1347094476222992
UC4G9FaiM7C4us3WL4jQdQ5A,UCAbAnNqKQOrWbEmXa46yJIA,3,0.120493375,0.12033551931381226
UC4G9FaiM7C4us3WL4jQdQ5A,UCBy-BFf7XO7wCfwVAC_tBig,3,0.095894426,0.12538248300552368
UC4GnqL6CD46ojljTcz_ElkA,UC6AG81pAkf6Lbi_1VC5NmPA,3,0.12902057,0.14158979058265686
UC4HOY-3PwLSV9c-Xoe3xQrQ,UC5dzkTCM0Jxnc5widb8arDw,5,0.19016853,0.2357519418001175
UC4HOY-3PwLSV9c-Xoe3xQrQ,UC7F_CLFtxDetmUnORgmwImg,4,0.1471018,0.1488327980041504
UC4JVSozJ0CXatYcOLQSdDug,UC6I4vtYv0c4KkGbzZHZxBsg,3,0.11796102,0.1320980340242386
UC4JVSozJ0CXatYcOLQSdDug,UC761NMYPNhxIbTXQvYl6oug,3,0.14169255,0.1796976625919342
UC4LBOkVeWybjgZcruTPR1PQ,UC4lN5sizuJraSHqy99xTy6Q,11,0.37618336,0.129917174577713
UC4LBOkVeWybjgZcruTPR1PQ,UC585dIe6lG9UOR-CyE24wmQ,7,0.23840994,0.14117224514484406
UC4LBOkVeWybjgZcruTPR1PQ,UC5Qy8k_hK7eWs0pdF7rxiAA,5,0.17130885,0.2158697545528412
UC4N4EuevBENawq0cPOUIQWw,UC585dIe6lG9UOR-CyE24wmQ,3,0.09704386,0.14713627099990845
UC4N4EuevBENawq0cPOUIQWw,UC8EJ_7BoTFQUcQwd6cYeBlw,3,0.09704386,0.2985352873802185
UC4N7NpqbOJ-F8wna4Nf_Xaw,UC6kSLiIgAcbXNSxf0JHjy5g,4,0.15245512,0.1660945862531662
UC4N7NpqbOJ-F8wna4Nf_Xaw,UCB1dgsqLiEp57oDAyNV_vww,3,0.13775258,0.12515462934970856
UC4N9V8J-QDrNx7x1eDPE75A,UC5T_PNyy-_3I5pustPMLIxQ,4,0.14985564,0.7233483791351318
UC4OqUn5DHBYhk9VOHs89lWQ,UC6I4vtYv0c4KkGbzZHZxBsg,4,0.10015659,0.144264817237854
UC4OtRobhmEjQgT1vTKBib5Q,UC7LaaFweFU8ielYVC5Kq2LQ,3,0.11904762,0.14725172519683838
UC4PJ_OncfmJ1IEeqroBqOAg,UC7Opkf9V2DMmw9SXsOcSOeA,3,0.09351054,0.21441750228405
UC4PJ_OncfmJ1IEeqroBqOAg,UCJD2JwJNPzi1qcLizxmxbJA,3,0.100722075,0.16116906702518463
UC4QadOSsJu54Qs8z99shRiQ,UC4lN5sizuJraSHqy99xTy6Q,9,0.3723716,0.1482318490743637
UC4QadOSsJu54Qs8z99shRiQ,UC6IMGCz0Pjwt2icerqPIuZg,4,0.19966602,0.4317941665649414
UC4QyTvP-HC4Xcv9jGbHYv4g,UC4Zyu8fXoss8fnCraoqVprA,4,0.14462769,0.14017963409423828
UC4QyTvP-HC4Xcv9jGbHYv4g,UCA7eKOm-KmE8Z6VmZkEKlbg,4,0.15030767,0.21739637851715088
UC4QyTvP-HC4Xcv9jGbHYv4g,UCAVmlHjp-0ARZ7JwJOcWvpQ,3,0.11327064,0.3730994760990143
UC4QyTvP-HC4Xcv9jGbHYv4g,UCB4nWNauim-qxiaDOcH0dLA,4,0.14052913,0.12300017476081848
UC4SNi60xOVsj4ZXQ1en6kGQ,UCB4nWNauim-qxiaDOcH0dLA,3,0.1037037,0.18358738720417023
UC4Tklxku1yPcRIH0VVCKoeA,UC7MvTslTWkE1HKNYkXiGv1Q,4,0.1689339,0.22419708967208862
UC4Ub-Y_yj43aouqFbA7PwhQ,UC4cVwSx4jdZszAcvrgJ4H-g,10,0.32840747,0.19463828206062317
UC4Ub-Y_yj43aouqFbA7PwhQ,UC5BiTvy2Ni2MyigJPspjhOA,7,0.2149438,0.15087421238422394
UC4Ub-Y_yj43aouqFbA7PwhQ,UC5Kgc_HNzx4GJ-w4QMeeKiQ,3,0.08805419,0.12497924268245697
UC4Ub-Y_yj43aouqFbA7PwhQ,UC5_-qhFtHJP-ggLNKcdcuDQ,4,0.12724736,0.17270664870738983
UC4Ub-Y_yj43aouqFbA7PwhQ,UC7m7oo-Xkm4yKUhXchMK8CQ,3,0.10014782,0.14167584478855133
UC4Ub-Y_yj43aouqFbA7PwhQ,UC8EJ_7BoTFQUcQwd6cYeBlw,5,0.18916756,0.15314091742038727
UC4Ub-Y_yj43aouqFbA7PwhQ,UC8s1FrVoPsTSbFSxsdWA11Q,3,0.090601504,0.153904527425766
UC4Ub-Y_yj43aouqFbA7PwhQ,UCB9yWqXpCqFVSwoT_MQiSnQ,5,0.16913232,0.17449848353862762
UC4WCYBs0R6fABHwqnneUiEA,UC4zGMicoES8FZwkhiXXZThg,3,0.11798941,0.39237362146377563
UC4XJFeGFaJjkwYKuKy2h0Sw,UC4arQnli3ffEuCSrSgAD_Ug,7,0.27112108,0.13705112040042877
UC4XJFeGFaJjkwYKuKy2h0Sw,UC585dIe6lG9UOR-CyE24wmQ,6,0.23498577,0.126753032207489
UC4XJFeGFaJjkwYKuKy2h0Sw,UC64KwGynvj3hA7T0C9gC5cA,3,0.098119125,0.12449260801076889
UC4XJFeGFaJjkwYKuKy2h0Sw,UC7D5cHlavNWxEfnKkyMQGcQ,3,0.0976431,0.1461295187473297
UC4XJFeGFaJjkwYKuKy2h0Sw,UCK_AZk7XDzR3BBC02uVuRdQ,3,0.14771242,0.13158483803272247
UC4YUA_Pnk2TfihuuauGzjPw,UC6uU6smfaEvk_vyVjxIOVuQ,3,0.118205875,0.18941476941108704
UC4YYMfsqUrejYXKnV--BydQ,UC600H5chBUZ9xYWXH8z-Sxw,4,0.16400266,0.23995959758758545
UC4ZBlcSK0j_SrNxNMCv_qEg,UC4cVwSx4jdZszAcvrgJ4H-g,4,0.1319234,0.1681467592716217
UC4ZBlcSK0j_SrNxNMCv_qEg,UC9hwDDT7femX1YJ_-HfSo7A,3,0.1325926,0.23294174671173096
UC4ZBlcSK0j_SrNxNMCv_qEg,UCGDec349YIziUytZzc3d7Yg,4,0.16200438,0.29136496782302856
UC4ZkIWuPJJsA3-GWcslvaow,UC67REzSALhOC8_xkgLyif-g,4,0.14270511,0.154701367020607
UC4ZsTSzZ8MwYuLgm3Mjj4pw,UC7LaaFweFU8ielYVC5Kq2LQ,3,0.10357142,0.1894891858100891
UC4Zyu8fXoss8fnCraoqVprA,UC5fzhlCbtoirTvFj6-ZiK2A,3,0.10050008,0.20936673879623413
UC4Zyu8fXoss8fnCraoqVprA,UC5mk1yo6PZjSHzoIGYNc9jg,3,0.10520236,0.21763718128204346
UC4Zyu8fXoss8fnCraoqVprA,UC6vzXCyUFiz0wMF6aIe7Isg,3,0.18438736,0.17554166913032532
UC4Zyu8fXoss8fnCraoqVprA,UCHi5HD9w9B-gI6Lbx43Rs7A,3,0.10569985,0.16706357896327972
UC4akeHUneE-Q6h8ZL0GcE8Q,UC5BiTvy2Ni2MyigJPspjhOA,4,0.12448292,0.1817810833454132
UC4akeHUneE-Q6h8ZL0GcE8Q,UC6bk01PE2teoKjpdAi-VO6Q,3,0.1064935,0.17931699752807617
UC4akeHUneE-Q6h8ZL0GcE8Q,UC6oal8R3H4V_yY4-0NpY58Q,3,0.095911495,0.12278581410646439
UC4arQnli3ffEuCSrSgAD_Ug,UC4lN5sizuJraSHqy99xTy6Q,28,1.0779945,0.1765899807214737
UC4arQnli3ffEuCSrSgAD_Ug,UC5MM7hQgMsCCObGa7PpTvZw,3,0.09399132,0.1351408064365387
UC4arQnli3ffEuCSrSgAD_Ug,UC5T_PNyy-_3I5pustPMLIxQ,3,0.11414136,0.15127302706241608
UC4arQnli3ffEuCSrSgAD_Ug,UC67Wr_9pA4I0glIxDt_Cpyw,30,1.197615,0.16118358075618744
UC4arQnli3ffEuCSrSgAD_Ug,UC6I4vtYv0c4KkGbzZHZxBsg,13,0.46498972,0.13664691150188446
UC4arQnli3ffEuCSrSgAD_Ug,UC7I3QTra4_kC4TSu8f7rHkA,18,0.6828315,0.15760380029678345
UC4b2j0oY5iop4cqREcBGs3A,UC5FSZsqWuxqSM8IHfxw-Hyw,3,0.0939951,0.13165655732154846
UC4b2j0oY5iop4cqREcBGs3A,UC5xJEhW1NjC6ZjQlP0dNkTQ,3,0.11321044,0.2092495709657669
UC4cVwSx4jdZszAcvrgJ4H-g,UC5dz5HTMO-tU_5amQkL37ew,4,0.13451165,0.21651335060596466
UC4cVwSx4jdZszAcvrgJ4H-g,UC5laBQe3nqbrAnwNTabchhQ,4,0.15318015,0.17685182392597198
UC4cVwSx4jdZszAcvrgJ4H-g,UC67Wr_9pA4I0glIxDt_Cpyw,18,0.6692051,0.14276012778282166
UC4cVwSx4jdZszAcvrgJ4H-g,UC6uU6smfaEvk_vyVjxIOVuQ,5,0.19831651,0.17186057567596436
UC4cVwSx4jdZszAcvrgJ4H-g,UC6ylTkexHwwJo_22V35lx0A,4,0.13132519,0.13676689565181732
UC4cVwSx4jdZszAcvrgJ4H-g,UC8EJ_7BoTFQUcQwd6cYeBlw,4,0.13738626,0.1240997388958931
UC4cVwSx4jdZszAcvrgJ4H-g,UC8yHePe_RgUBE-waRWy6olw,8,0.39289695,0.1251685470342636
UC4cVwSx4jdZszAcvrgJ4H-g,UCALplCbeagOxXGmEJ-hOJIg,3,0.1686217,0.1465035378932953
UC4cVwSx4jdZszAcvrgJ4H-g,UCASJIBV9UDa_FDiSddoEonQ,4,0.14356521,0.1503644585609436
UC4cVwSx4jdZszAcvrgJ4H-g,UCC4NkFV-L-vVYD5z_Ei5dUA,7,0.32641104,0.12210927903652191
UC4cVwSx4jdZszAcvrgJ4H-g,UCGXU4lVXc9msfUkjNykA7TA,3,0.15651757,0.12592647969722748
UC4eYXhJI4-7wSWc8UNRwD4A,UC6I6V7rxTngQ7D9xSP64NLQ,3,0.11363637,0.254706472158432
UC4gtGRAiS5msZfhEhdZO6hw,UC5l8bnxxl26Q5PDG_jawcuw,3,0.13182412,0.5134678483009338
UC4h3X7qMLKpLT0yzbyYHj7Q,UC7Ey8KpFqH59QQqTNSm0sOw,3,0.09220779,0.17556451261043549
UC4lN5sizuJraSHqy99xTy6Q,UC585dIe6lG9UOR-CyE24wmQ,21,0.7283607,0.1273190975189209
UC4lN5sizuJraSHqy99xTy6Q,UC67Wr_9pA4I0glIxDt_Cpyw,68,2.9748566,0.24917767941951752
UC4lN5sizuJraSHqy99xTy6Q,UC6AG81pAkf6Lbi_1VC5NmPA,23,0.8366384,0.14478901028633118
UC4lN5sizuJraSHqy99xTy6Q,UC6I4vtYv0c4KkGbzZHZxBsg,20,0.68540764,0.12535594403743744
UC4lN5sizuJraSHqy99xTy6Q,UC6kSLiIgAcbXNSxf0JHjy5g,15,0.47200993,0.12039059400558472
UC4lN5sizuJraSHqy99xTy6Q,UC761NMYPNhxIbTXQvYl6oug,18,0.6270998,0.1298883706331253
UC4lN5sizuJraSHqy99xTy6Q,UC7TxDj-DqbKzq9locL-iP2w,20,0.6937631,0.1801540106534958
UC4lN5sizuJraSHqy99xTy6Q,UC7rWtV-JngmNWe01-zkI21A,7,0.72180295,0.20781919360160828
UC4lN5sizuJraSHqy99xTy6Q,UC8yA5ym-0X4GJsAFDytuPfw,7,0.41962245,0.14726682007312775
UC4lN5sizuJraSHqy99xTy6Q,UC8yHePe_RgUBE-waRWy6olw,35,1.1928799,0.14921370148658752
UC4lN5sizuJraSHqy99xTy6Q,UC9wKlIKoF_8zCBVndImrq3w,9,0.5003035,0.20494697988033295
UC4lN5sizuJraSHqy99xTy6Q,UCAIjtkHOp04k-xEKE-K87Tg,6,0.20265087,0.12466683238744736
UC4lN5sizuJraSHqy99xTy6Q,UCCb4Vivka5F45u1MfO07nZQ,5,0.20311764,0.12890832126140594
UC4lN5sizuJraSHqy99xTy6Q,UCGl4oWkMUpTzcJpUI5dFeLA,6,0.32242703,0.15350502729415894
UC4lN5sizuJraSHqy99xTy6Q,UCJI0Zz7WomTTAx6lQw-HC_Q,9,0.37322277,0.12185478210449219
UC4lN5sizuJraSHqy99xTy6Q,UCNcQkRqY3_Ozcnlo6STqlAQ,3,0.1580616,0.1269426941871643
UC4lN5sizuJraSHqy99xTy6Q,UCT9cFrlnfy1-XLf0Vuy0Zzw,29,1.995722,0.4184916615486145
UC4lN5sizuJraSHqy99xTy6Q,UCkkxn2ldlFUMupTlXU8meAw,6,0.5267929,0.1691928207874298
UC4lN5sizuJraSHqy99xTy6Q,UCxbY38ReXW3LbaviWUE4omg,3,0.29401708,0.12232838571071625
UC4mpv1hmSltJCSo0adVO5CA,UC6UHYyVoCrAUBsxF-ortrew,3,0.13765737,0.2468286156654358
UC4mpv1hmSltJCSo0adVO5CA,UC9V4eJBNx_hOieGG51NZ6nA,3,0.15317461,0.12283073365688324
UC4v0hpO933h8cdjemR-q7gQ,UCB4nWNauim-qxiaDOcH0dLA,3,0.14583333,0.18671195209026337
UC4wMRvFkrG1H81EPDA0zsIg,UCB9yWqXpCqFVSwoT_MQiSnQ,3,0.08341803,0.1268380582332611
UC4zGMicoES8FZwkhiXXZThg,UCFdBehO71GQaIom4WfVeGSw,4,0.15930317,0.17674443125724792
UC4zMk7dbUqzTZieuIFzzSgg,UC5laBQe3nqbrAnwNTabchhQ,3,0.111904755,0.13314779102802277
UC4zMk7dbUqzTZieuIFzzSgg,UC6QDphhNjXCdwTN8UeVXZRg,3,0.11666667,0.13861452043056488
UC4zMk7dbUqzTZieuIFzzSgg,UC6dvyIhDcHROKLuNaQyRk7g,3,0.10353038,0.1850200593471527
UC4zMk7dbUqzTZieuIFzzSgg,UC7UqbHzYvxwjq1v37C135BQ,3,0.19607842,0.13497616350650787
UC4zMk7dbUqzTZieuIFzzSgg,UCEixleMT76xDzoiEb9ZA7XA,9,0.35374948,0.1290675401687622
UC5450Xkqz8wdaRYJh7HTGBg,UC5FSZsqWuxqSM8IHfxw-Hyw,4,0.13863635,0.16616865992546082
UC5450Xkqz8wdaRYJh7HTGBg,UC5xOXf3pR7cmoxloEgdAoCw,3,0.09488636,0.15445852279663086
UC54q_sWdwf16WAPqIAcnUZQ,UC6AG81pAkf6Lbi_1VC5NmPA,3,0.10846562,0.13765577971935272
UC54sClWiSScAfSfts9Cmk0Q,UC55V_ihtpI2kc_E2GmLnUMQ,3,0.09458875,0.17375709116458893
UC54sClWiSScAfSfts9Cmk0Q,UCAnUUkliBXa1z4QPGUK3ikQ,3,0.11125541,0.20319931209087372
UC55V_ihtpI2kc_E2GmLnUMQ,UC6I4vtYv0c4KkGbzZHZxBsg,4,0.15625,0.1408507376909256
UC55V_ihtpI2kc_E2GmLnUMQ,UC7bMtttgCTTyjUd_NPOjCBA,3,0.10744047,0.1402009278535843
UC56lF6uAJTE0FvA0e8CQXbg,UC5FSZsqWuxqSM8IHfxw-Hyw,3,0.0939951,0.12728722393512726
UC585dIe6lG9UOR-CyE24wmQ,UC5Qy8k_hK7eWs0pdF7rxiAA,9,0.31442004,0.20054058730602264
UC585dIe6lG9UOR-CyE24wmQ,UC5wBrMB95qGCvmnUO0OWJZw,3,0.10768399,0.17965036630630493
UC585dIe6lG9UOR-CyE24wmQ,UC61Kj7sbdV77Xk2Q3sG_69A,7,0.24659514,0.13425159454345703
UC585dIe6lG9UOR-CyE24wmQ,UC635Xj-RNtvMDXpYBTOS7QA,3,0.10906965,0.18080252408981323
UC585dIe6lG9UOR-CyE24wmQ,UC67PofYeV9JwCdOonsUGLSQ,3,0.1084075,0.18025285005569458
UC585dIe6lG9UOR-CyE24wmQ,UC67Wr_9pA4I0glIxDt_Cpyw,25,0.86812556,0.12467621266841888
UC585dIe6lG9UOR-CyE24wmQ,UC6kSLiIgAcbXNSxf0JHjy5g,9,0.2968708,0.1298275589942932
UC585dIe6lG9UOR-CyE24wmQ,UC7I3QTra4_kC4TSu8f7rHkA,19,0.6500954,0.1601134091615677
UC585dIe6lG9UOR-CyE24wmQ,UC9_jyB4wC3UXiZG7Zn9WKSA,3,0.12499999,0.13236145675182343
UC585dIe6lG9UOR-CyE24wmQ,UCAZc5O2Ix4tCeIswgwaTZNg,5,0.16871879,0.141661137342453
UC585dIe6lG9UOR-CyE24wmQ,UCBy-BFf7XO7wCfwVAC_tBig,5,0.16981916,0.16913244128227234
UC585dIe6lG9UOR-CyE24wmQ,UCC4NkFV-L-vVYD5z_Ei5dUA,13,0.4765428,0.12001599371433258
UC585dIe6lG9UOR-CyE24wmQ,UCD7hoq_imKSpKasLuFBHJ6A,13,0.47235435,0.19420017302036285
UC585dIe6lG9UOR-CyE24wmQ,UCKDHaChsg15O48nitYLZ2ow,4,0.14542909,0.1266104280948639
UC585dIe6lG9UOR-CyE24wmQ,UCSV7XsNgbtIjK2sBLrhpZ4A,8,0.5359113,0.1206815242767334
UC58buGQNjsmGyiH2fCrWBCw,UC5FSZsqWuxqSM8IHfxw-Hyw,3,0.09215687,0.21198488771915436
UC58zaRv7_nuQqVbBGDox9hw,UC7-hcpPV6ttSS5kMIsh9ztg,4,0.12500563,0.13845105469226837
UC58zaRv7_nuQqVbBGDox9hw,UC793WyAnqu2VU5m9mplwfpQ,3,0.08283058,0.12308621406555176
UC58zaRv7_nuQqVbBGDox9hw,UCBp751ECaWfrw_dZtdgZu1A,4,0.15120184,0.16875183582305908
UC59QmljwcLTry65r8d_mllA,UC5Gln-uR3dCnYakOMV2yBOg,3,0.09675184,0.19485460221767426
UC5AkGSMFIoNffoYGoeN5Ziw,UC9wJ6QjXK9kmESZG3aBpCCg,3,0.15198413,0.8199529647827148
UC5BiTvy2Ni2MyigJPspjhOA,UC5_-qhFtHJP-ggLNKcdcuDQ,3,0.09144185,0.1640072613954544
UC5BiTvy2Ni2MyigJPspjhOA,UC5ek7CK6fI6avcM6OONuNAA,3,0.09978214,0.1834464818239212
UC5BiTvy2Ni2MyigJPspjhOA,UC67Wr_9pA4I0glIxDt_Cpyw,15,0.52134943,0.1317199021577835
UC5BiTvy2Ni2MyigJPspjhOA,UC6OHCySp4R4_LsyKva1EcMA,3,0.11601308,0.15349824726581573
UC5BiTvy2Ni2MyigJPspjhOA,UC6uU6smfaEvk_vyVjxIOVuQ,6,0.19347963,0.19857631623744965
UC5BiTvy2Ni2MyigJPspjhOA,UC7sEB_ylMuHJD4TjF4Ag1nw,5,0.17155248,0.1385135054588318
UC5BiTvy2Ni2MyigJPspjhOA,UC8s1FrVoPsTSbFSxsdWA11Q,3,0.09192425,0.206349715590477
UC5CXd3yvCNfePkAbxeianDQ,UC8AQxRa-WTwfWCJgkOKWxOQ,3,0.11335181,0.12776261568069458
UC5CXd3yvCNfePkAbxeianDQ,UC8Niu74NfPEg82yvHBKb4YA,4,0.15538302,0.16954201459884644
UC5CXd3yvCNfePkAbxeianDQ,UC8yHePe_RgUBE-waRWy6olw,10,0.34448087,0.130164235830307
UC5CXd3yvCNfePkAbxeianDQ,UCJOGhcQGkbDJXzXEk54Ro5g,4,0.1712963,0.2297336310148239
UC5DBMPZZC31Y3YfWNQfZTMA,UC6oal8R3H4V_yY4-0NpY58Q,3,0.34166664,0.3505343496799469
UC5DBMPZZC31Y3YfWNQfZTMA,UC6uzoOQ3Pitm5uhbdig8GYA,3,0.12023809,0.1976190209388733
UC5EZLmT84eddqYdidet2Mxg,UC6AG81pAkf6Lbi_1VC5NmPA,3,0.09298245,0.12857192754745483
UC5FSZsqWuxqSM8IHfxw-Hyw,UC5f7RjfZfamzfmOv5jXKKSA,3,0.10029762,0.16465115547180176
UC5FSZsqWuxqSM8IHfxw-Hyw,UC5kYw7NtkEnywLSuftNT7JA,3,0.088973574,0.20597752928733826
UC5FSZsqWuxqSM8IHfxw-Hyw,UC5xOXf3pR7cmoxloEgdAoCw,5,0.18458875,0.2506994903087616
UC5FSZsqWuxqSM8IHfxw-Hyw,UC5z705CUTh_plTUnvnSCvQw,4,0.14232844,0.13587333261966705
UC5FSZsqWuxqSM8IHfxw-Hyw,UC60edzb3Y-OhV02QeXraTDw,6,0.22328082,0.17156127095222473
UC5Gln-uR3dCnYakOMV2yBOg,UC8mw3yrgLfoLntTQvkiFIkQ,5,0.2294803,0.44109389185905457
UC5IT9uQwZiWWIQanS2bIkGw,UC5OrDvL9DscpcAstz7JnQGA,3,0.09953704,0.1921406090259552
UC5QPjyH-ASgmOLEbuBhMgEg,UC83t4zV_XrK-0BSD41NwK-A,4,0.14848766,0.2752210795879364
UC5Qgc-tEFmm5iQX5tUy6TyA,UC75KuCecKVZt7Wzu9yAU99A,3,0.09267728,0.21146444976329803
UC5Qgc-tEFmm5iQX5tUy6TyA,UC90UTL_T6hQoLnWGATfOc8w,3,0.100706026,0.14335612952709198
UC5Qgc-tEFmm5iQX5tUy6TyA,UCBkH4_mhZ0RZi5PehOn-HcA,3,0.16263738,0.5445607304573059
UC5Qy8k_hK7eWs0pdF7rxiAA,UC61Kj7sbdV77Xk2Q3sG_69A,6,0.26129034,0.3027229309082031
UC5Qy8k_hK7eWs0pdF7rxiAA,UC8tnTeQhVKoScQQyreaG9pQ,3,0.10674857,0.15113937854766846
UC5Qy8k_hK7eWs0pdF7rxiAA,UCDvZpvrjCMfNDMasZEmkFuQ,4,0.17969286,0.12094391882419586
UC5TLiFhywxadMYioq9rYihQ,UC6cZRYwUPyvoeOOb0dqrAug,3,0.101305686,0.18461726605892181
UC5TLiFhywxadMYioq9rYihQ,UC7meQnRwRNNkAuD5npd6cBg,3,0.10245512,0.3781360983848572
UC5UvWEDpPVe8uA8AroD1G_A,UC67REzSALhOC8_xkgLyif-g,5,0.15679836,0.17592403292655945
UC5UvWEDpPVe8uA8AroD1G_A,UC7wu64jFsV02bbu6UHUd7JA,3,0.12972085,0.15754571557044983
UC5X3kJorIx55tOJQ9283tkg,UC5dzkTCM0Jxnc5widb8arDw,3,0.118364334,0.14715154469013214
UC5X3kJorIx55tOJQ9283tkg,UC6kSLiIgAcbXNSxf0JHjy5g,4,0.15021552,0.1698155403137207
UC5_-qhFtHJP-ggLNKcdcuDQ,UC5qdpFDdzySFubUaDgCDoHQ,4,0.14407343,0.31826379895210266
UC5_0YhaN0QWOaHk8pfPMZUg,UC6BL1oMOfn2poGZH33rDQFg,3,0.13698277,0.2283342331647873
UC5_XVLU_brtDnNSMoBHDHbA,UC6oal8R3H4V_yY4-0NpY58Q,3,0.10888158,0.2149285227060318
UC5agcP_z1DKwZHG0tp7VnBA,UC6oal8R3H4V_yY4-0NpY58Q,4,0.15824004,0.18138501048088074
UC5dz5HTMO-tU_5amQkL37ew,UC5laBQe3nqbrAnwNTabchhQ,3,0.107359305,0.30169859528541565
UC5dz5HTMO-tU_5amQkL37ew,UC6NyO8meJAlUHslb-bIIQ1A,3,0.09131653,0.24935008585453033
UC5dz5HTMO-tU_5amQkL37ew,UC7Uc7ZmNOt_sPLFl7ZM83iQ,4,0.12975353,0.22760862112045288
UC5dz5HTMO-tU_5amQkL37ew,UC7sEB_ylMuHJD4TjF4Ag1nw,5,0.15762089,0.2615535855293274
UC5dzkTCM0Jxnc5widb8arDw,UC9IUL2mhXkPXQrH_x0XYzIw,3,0.09912331,0.27657705545425415
UC5dzkTCM0Jxnc5widb8arDw,UCJ-l-sMQFHogSy8KXRyMIRA,3,0.14285713,0.12378906458616257
UC5eCvFUhtBeKCiQXUx6CvFg,UC6jd9pf_hXgp6UEJ_a_1sjw,3,0.10645245,0.14751526713371277
UC5eCvFUhtBeKCiQXUx6CvFg,UC736dhe2nTr0mAsvEnz7IWA,3,0.11342691,0.3023912310600281
UC5eCvFUhtBeKCiQXUx6CvFg,UC7I3QTra4_kC4TSu8f7rHkA,6,0.2525703,0.12246028333902359
UC5eCvFUhtBeKCiQXUx6CvFg,UC8s_nliTjuqtO1gK4uzo_Rg,3,0.12311762,0.1532987505197525
UC5ek7CK6fI6avcM6OONuNAA,UC6UHYyVoCrAUBsxF-ortrew,3,0.10727513,0.1765269935131073
UC5fAV2-fNfjV2wYEfzMvcbw,UC600H5chBUZ9xYWXH8z-Sxw,3,0.10674857,0.31946834921836853
UC5k1lqa8EoA83AJW5FKHmWg,UC9hwDDT7femX1YJ_-HfSo7A,3,0.15294613,0.18653415143489838
UC5kYw7NtkEnywLSuftNT7JA,UCAKJM0HKzVUKSJ6o0KpZ8Ng,3,0.10564024,0.17542527616024017
UC5kZdcR-nJhXFpGduW7_vJg,UC60edzb3Y-OhV02QeXraTDw,3,0.12558007,0.23185139894485474
UC5laBQe3nqbrAnwNTabchhQ,UC67Wr_9pA4I0glIxDt_Cpyw,10,0.33161488,0.12350669503211975
UC5laBQe3nqbrAnwNTabchhQ,UC69PmrVDjOy4KBkaW9S4ZJg,5,0.18460658,0.471851646900177
UC5laBQe3nqbrAnwNTabchhQ,UC6uU6smfaEvk_vyVjxIOVuQ,3,0.120320864,0.18204012513160706
UC5laBQe3nqbrAnwNTabchhQ,UC7sEB_ylMuHJD4TjF4Ag1nw,3,0.120320864,0.14320892095565796
UC5laBQe3nqbrAnwNTabchhQ,UCACUd-GAlz4brbapgRSbNbA,3,0.12670454,0.3703886568546295
UC5laBQe3nqbrAnwNTabchhQ,UCASJIBV9UDa_FDiSddoEonQ,5,0.18659467,0.34119606018066406
UC5p_nshDQNGjh2B3h-FP33g,UC5xJEhW1NjC6ZjQlP0dNkTQ,4,0.12965545,0.29583853483200073
UC5qXwHPFT6kzlbgxmZG9oug,UCAIgyiRdZDCArJCs3vYcMHA,3,0.09531225,0.5508471131324768
UC5qXwHPFT6kzlbgxmZG9oug,UCAUBgqFP-qaH2lC7kBR93cw,3,0.09638752,0.197310671210289
UC5qdpFDdzySFubUaDgCDoHQ,UC6OHCySp4R4_LsyKva1EcMA,4,0.12869686,0.2097247689962387
UC5qdpFDdzySFubUaDgCDoHQ,UC7Pd7bhUlyU0KZcD7Muja_A,3,0.11573633,0.1630333960056305
UC5sdz5WVIwOhU_yUYt9sjvA,UC6uU6smfaEvk_vyVjxIOVuQ,4,0.13549644,0.20063240826129913
UC5sdz5WVIwOhU_yUYt9sjvA,UC9hwDDT7femX1YJ_-HfSo7A,3,0.1037037,0.1615138053894043
UC5t5yQzJFvoMkLI5XXZiiIQ,UC6OHCySp4R4_LsyKva1EcMA,3,0.09704386,0.19219578802585602
UC5t5yQzJFvoMkLI5XXZiiIQ,UC7VFKdb5_4Ik6_N1LG4eU_A,4,0.14595462,0.3435615003108978
UC5t5yQzJFvoMkLI5XXZiiIQ,UC8Ua4BLnjWQRnxBZrr-l-Zg,4,0.1884029,0.4341017007827759
UC5utdILsj2woHXf6Z9rIcUA,UC6cZRYwUPyvoeOOb0dqrAug,3,0.11104594,0.29702821373939514
UC5w9Uira5JerthMXoeypz6A,UC61Kj7sbdV77Xk2Q3sG_69A,3,0.10368665,0.12109076976776123
UC5wBrMB95qGCvmnUO0OWJZw,UC7D5cHlavNWxEfnKkyMQGcQ,3,0.10768399,0.4984339773654938
UC5xkAVIjB7-a7dYCJTN_feg,UCF6h70_MzCIVpv9e1IHx4LA,3,0.17207794,0.7988967895507812
UC5z705CUTh_plTUnvnSCvQw,UC60edzb3Y-OhV02QeXraTDw,5,0.18443024,0.13527901470661163
UC5z705CUTh_plTUnvnSCvQw,UC7D46mE2DKUL-T65PPNGz1Q,3,0.19789001,0.391893208026886
UC600H5chBUZ9xYWXH8z-Sxw,UC6UHYyVoCrAUBsxF-ortrew,3,0.11897684,0.13171018660068512
UC60edzb3Y-OhV02QeXraTDw,UC6BL1oMOfn2poGZH33rDQFg,3,0.10987958,0.1322549432516098
UC60edzb3Y-OhV02QeXraTDw,UC6dLNfG3yovI7QMJaW9p1Iw,3,0.12857142,0.1926470845937729
UC60edzb3Y-OhV02QeXraTDw,UC6o-JRdRTSxt8zWwNj_RjEQ,4,0.124462925,0.18970836699008942
UC60edzb3Y-OhV02QeXraTDw,UC8s_nliTjuqtO1gK4uzo_Rg,6,0.21460883,0.19050787389278412
UC60edzb3Y-OhV02QeXraTDw,UC8xQA4VE191QRBeVgKI7SLQ,3,0.09634921,0.18542197346687317
UC60edzb3Y-OhV02QeXraTDw,UCAZc5O2Ix4tCeIswgwaTZNg,4,0.15129435,0.1782868504524231
UC61Kj7sbdV77Xk2Q3sG_69A,UCA_JrEDNSX96ADP6hh_7iUA,4,0.17746818,0.15521997213363647
UC61Kj7sbdV77Xk2Q3sG_69A,UCD7hoq_imKSpKasLuFBHJ6A,5,0.22289625,0.16646172106266022
UC664AyktJeZAEWiE4xYGXMA,UC6gf55fuoTIhEOh90cZKINA,3,0.10781609,0.17665424942970276
UC664AyktJeZAEWiE4xYGXMA,UC83t4zV_XrK-0BSD41NwK-A,3,0.09664831,0.22816021740436554
UC67REzSALhOC8_xkgLyif-g,UC67Wr_9pA4I0glIxDt_Cpyw,21,0.8210981,0.1442728489637375
UC67REzSALhOC8_xkgLyif-g,UC6cZRYwUPyvoeOOb0dqrAug,5,0.26915166,0.20290715992450714
UC67REzSALhOC8_xkgLyif-g,UC6rrGfyEDLdIkNB-uQmR-pw,3,0.12442645,0.13696953654289246
UC67REzSALhOC8_xkgLyif-g,UC761NMYPNhxIbTXQvYl6oug,9,0.27644196,0.12011135369539261
UC67REzSALhOC8_xkgLyif-g,UC7LaaFweFU8ielYVC5Kq2LQ,5,0.1827381,0.13242830336093903
UC67REzSALhOC8_xkgLyif-g,UC7dY-mTZUa6jPlHEtdy4wJQ,3,0.08603059,0.19645698368549347
UC67REzSALhOC8_xkgLyif-g,UC7hHF4W8gkHEc9-VqZiK5uQ,3,0.085360356,0.12064922600984573
UC67REzSALhOC8_xkgLyif-g,UC8w3bNlsLkSbd9AnpHWPLrw,3,0.11894737,0.12376490235328674
UC67REzSALhOC8_xkgLyif-g,UC8yHePe_RgUBE-waRWy6olw,16,0.5568904,0.14612624049186707
UC67REzSALhOC8_xkgLyif-g,UC8zsQuGZ7nQXsqq1qn3VfGA,3,0.12440476,0.13714168965816498
UC67REzSALhOC8_xkgLyif-g,UC9hwDDT7femX1YJ_-HfSo7A,6,0.17271243,0.12966570258140564
UC67REzSALhOC8_xkgLyif-g,UCCD76tKlE45u1YTX0cVh1OQ,3,0.09882354,0.14099489152431488
UC67REzSALhOC8_xkgLyif-g,UCDHVK-W8XCARucIYu64MJQw,5,0.19561402,0.13515084981918335
UC67REzSALhOC8_xkgLyif-g,UCEWw6AKlR_F5_pbc_GOOIBg,6,0.2178419,0.14635367691516876
UC67Wr_9pA4I0glIxDt_Cpyw,UC6AG81pAkf6Lbi_1VC5NmPA,27,0.9756728,0.1387254148721695
UC67Wr_9pA4I0glIxDt_Cpyw,UC6I4vtYv0c4KkGbzZHZxBsg,23,0.87632775,0.13167902827262878
UC67Wr_9pA4I0glIxDt_Cpyw,UC6kSLiIgAcbXNSxf0JHjy5g,21,0.7471064,0.15655893087387085
UC67Wr_9pA4I0glIxDt_Cpyw,UC6uU6smfaEvk_vyVjxIOVuQ,17,0.699309,0.1954951286315918
UC67Wr_9pA4I0glIxDt_Cpyw,UC7I3QTra4_kC4TSu8f7rHkA,46,1.92036,0.22663620114326477
UC67Wr_9pA4I0glIxDt_Cpyw,UC7Uc7ZmNOt_sPLFl7ZM83iQ,22,0.869529,0.20215125381946564
UC67Wr_9pA4I0glIxDt_Cpyw,UC8EJ_7BoTFQUcQwd6cYeBlw,12,0.4419291,0.12877441942691803
UC67Wr_9pA4I0glIxDt_Cpyw,UC8yHePe_RgUBE-waRWy6olw,58,2.1280725,0.2187018245458603
UC67Wr_9pA4I0glIxDt_Cpyw,UC90UTL_T6hQoLnWGATfOc8w,12,0.439124,0.1214396134018898
UC67Wr_9pA4I0glIxDt_Cpyw,UC9V4eJBNx_hOieGG51NZ6nA,38,1.4887307,0.1505630612373352
UC67Wr_9pA4I0glIxDt_Cpyw,UC9hwDDT7femX1YJ_-HfSo7A,18,0.6800285,0.19995678961277008
UC67Wr_9pA4I0glIxDt_Cpyw,UC9zY_E8mcAo_Oq772LEZq8Q,24,0.92666954,0.13796545565128326
UC67Wr_9pA4I0glIxDt_Cpyw,UCBp751ECaWfrw_dZtdgZu1A,11,0.44583905,0.15460838377475739
UC67Wr_9pA4I0glIxDt_Cpyw,UCC4NkFV-L-vVYD5z_Ei5dUA,44,1.8479593,0.22301067411899567
UC67Wr_9pA4I0glIxDt_Cpyw,UCDHVK-W8XCARucIYu64MJQw,11,0.45181775,0.12226146459579468
UC67Wr_9pA4I0glIxDt_Cpyw,UCDIeBaj-DMOS5GQnMqN3Dnw,7,0.36326095,0.12727481126785278
UC67Wr_9pA4I0glIxDt_Cpyw,UCECF9yRiWFmHywTSUiPIeaA,3,0.5678733,0.18091696500778198
UC67Wr_9pA4I0glIxDt_Cpyw,UCEixleMT76xDzoiEb9ZA7XA,35,1.3300964,0.15190616250038147
UC67Wr_9pA4I0glIxDt_Cpyw,UCFdBehO71GQaIom4WfVeGSw,28,1.0801511,0.15206007659435272
UC67Wr_9pA4I0glIxDt_Cpyw,UCFo4kqllbcQ4nV83WCyraiw,42,1.7699847,0.1927080899477005
UC67Wr_9pA4I0glIxDt_Cpyw,UCGDec349YIziUytZzc3d7Yg,11,0.499522,0.15036481618881226
UC67Wr_9pA4I0glIxDt_Cpyw,UCGXU4lVXc9msfUkjNykA7TA,10,0.5672642,0.1472274512052536
UC67Wr_9pA4I0glIxDt_Cpyw,UCItw50IoBdl7nZgZsK-66mg,3,1.08125,0.20708535611629486
UC67Wr_9pA4I0glIxDt_Cpyw,UCJFzpJDW1yyaCBUZxmAz-3g,13,0.5514658,0.13265927135944366
UC67Wr_9pA4I0glIxDt_Cpyw,UCKPIWq2EmGa-axa1Fmy7n6A,5,0.32627946,0.12233667820692062
UC67Wr_9pA4I0glIxDt_Cpyw,UCNTxclE0N4qsUuirssL_D8w,3,0.32323235,0.14037089049816132
UC67Wr_9pA4I0glIxDt_Cpyw,UCPzSiosPjlAmQuO5VjYQFzg,12,0.56125915,0.1359441727399826
UC67Wr_9pA4I0glIxDt_Cpyw,UCQPPXy9LCznUQHHG_kh6Bpg,7,0.3698112,0.1296071857213974
UC67Wr_9pA4I0glIxDt_Cpyw,UCV2G7uXFvBq6XYrM5TDgfNA,4,0.724537,0.202063649892807
UC67x7_KT2NZEjzJle5ZoqnA,UC9ytGl3_VwLlwU7BHSX3LuA,3,0.08998164,0.32451751828193665
UC69PmrVDjOy4KBkaW9S4ZJg,UC6uU6smfaEvk_vyVjxIOVuQ,3,0.120320864,0.23083920776844025
UC69PmrVDjOy4KBkaW9S4ZJg,UC7sEB_ylMuHJD4TjF4Ag1nw,3,0.120320864,0.18159861862659454
UC6AG81pAkf6Lbi_1VC5NmPA,UC8AQxRa-WTwfWCJgkOKWxOQ,6,0.23696826,0.15009275078773499
UC6AG81pAkf6Lbi_1VC5NmPA,UC8yHePe_RgUBE-waRWy6olw,17,0.6261186,0.13294662535190582
UC6AG81pAkf6Lbi_1VC5NmPA,UC9I5l3CeCsxFdE0p0USWC9g,4,0.16341557,0.12666992843151093
UC6AG81pAkf6Lbi_1VC5NmPA,UC9Q4r9A7tyivDJDqacdX2Ig,3,0.12927808,0.17108437418937683
UC6AG81pAkf6Lbi_1VC5NmPA,UCB1dgsqLiEp57oDAyNV_vww,12,0.45270967,0.16345703601837158
UC6AG81pAkf6Lbi_1VC5NmPA,UCBVjMGOIkavEAhyqpxJ73Dw,3,0.12813434,0.13085868954658508
UC6AG81pAkf6Lbi_1VC5NmPA,UCBvZZ4Lc2K_bQU-Aey-hLtg,3,0.15802988,0.1308240294456482
UC6AG81pAkf6Lbi_1VC5NmPA,UCGCZAYq5Xxojl_tSXcVJhiQ,11,0.5064665,0.19211025536060333
UC6AG81pAkf6Lbi_1VC5NmPA,UCGxe7RjYvCgoD5l2I1enVsg,3,0.14992084,0.14748404920101166
UC6AG81pAkf6Lbi_1VC5NmPA,UCNJRaN9NIAbCXpDa_hAKd3g,4,0.25141615,0.1296129673719406
UC6I4vtYv0c4KkGbzZHZxBsg,UC6knnPyaxJoPWdH_G-0P08w,3,0.11962768,0.1225031167268753
UC6I4vtYv0c4KkGbzZHZxBsg,UC761NMYPNhxIbTXQvYl6oug,12,0.4485195,0.16665634512901306
UC6I4vtYv0c4KkGbzZHZxBsg,UC7I3QTra4_kC4TSu8f7rHkA,20,0.6885893,0.17744338512420654
UC6I4vtYv0c4KkGbzZHZxBsg,UC7bMtttgCTTyjUd_NPOjCBA,6,0.31498015,0.14959944784641266
UC6I4vtYv0c4KkGbzZHZxBsg,UC7zx7uOmqXsD153rPSUvxcg,3,0.12834588,0.14658959209918976
UC6I4vtYv0c4KkGbzZHZxBsg,UC8LyhlRFzh7h_w_eP081rpA,3,0.096825406,0.13018910586833954
UC6I4vtYv0c4KkGbzZHZxBsg,UC8g17oXkRt8buwQL8GU-NSw,4,0.14452064,0.1419343650341034
UC6I4vtYv0c4KkGbzZHZxBsg,UC8yHePe_RgUBE-waRWy6olw,17,0.74338174,0.16681334376335144
UC6I4vtYv0c4KkGbzZHZxBsg,UC90UTL_T6hQoLnWGATfOc8w,7,0.26861075,0.1621994972229004
UC6I4vtYv0c4KkGbzZHZxBsg,UC9V4eJBNx_hOieGG51NZ6nA,22,0.9088358,0.2006968855857849
UC6I4vtYv0c4KkGbzZHZxBsg,UC9oiJQJR3MpxFRzv6S5S8ig,3,0.09876848,0.13059814274311066
UC6I4vtYv0c4KkGbzZHZxBsg,UCA7eKOm-KmE8Z6VmZkEKlbg,5,0.19965413,0.13252757489681244
UC6I4vtYv0c4KkGbzZHZxBsg,UCAQmpF0Q5XGu6yyPfJNY_Hw,3,0.10734007,0.15729297697544098
UC6I4vtYv0c4KkGbzZHZxBsg,UCBevyiJ2ierZY-0yZhfLrmQ,4,0.1564488,0.1391620934009552
UC6JoXVNP6LzIB9Yh__eXWZA,UC6NyO8meJAlUHslb-bIIQ1A,3,0.08828623,0.2360769808292389
UC6NyO8meJAlUHslb-bIIQ1A,UC7Uc7ZmNOt_sPLFl7ZM83iQ,4,0.120013274,0.14672614634037018
UC6NyO8meJAlUHslb-bIIQ1A,UC9hwDDT7femX1YJ_-HfSo7A,3,0.11984128,0.18531106412410736
UC6OHCySp4R4_LsyKva1EcMA,UC7Pd7bhUlyU0KZcD7Muja_A,7,0.263005,0.42907586693763733
UC6OHCySp4R4_LsyKva1EcMA,UC7VFKdb5_4Ik6_N1LG4eU_A,3,0.10182282,0.2284025400876999
UC6SEj6I-vKEL9tL5aAHHyZg,UC6oal8R3H4V_yY4-0NpY58Q,3,0.14586057,0.15642519295215607
UC6SEj6I-vKEL9tL5aAHHyZg,UC7F_CLFtxDetmUnORgmwImg,4,0.15590608,0.14197488129138947
UC6SEj6I-vKEL9tL5aAHHyZg,UCEmUvweJwQ1EeUqb-dk8FkA,3,0.14347962,0.2849625051021576
UC6SmH9mR82nj28_NNg_rZvA,UCDn8Lqf-x0zD8hmFUg08f6w,3,0.1301282,0.15896347165107727
UC6U7Z2d2MKL9G1tW6ry2Lgw,UC7sEB_ylMuHJD4TjF4Ag1nw,3,0.08513933,0.2446168214082718
UC6UHYyVoCrAUBsxF-ortrew,UC7I3QTra4_kC4TSu8f7rHkA,10,0.34577057,0.1340959221124649
UC6UHYyVoCrAUBsxF-ortrew,UC7bMtttgCTTyjUd_NPOjCBA,4,0.17596492,0.12577691674232483
UC6UHYyVoCrAUBsxF-ortrew,UCC4NkFV-L-vVYD5z_Ei5dUA,9,0.34504688,0.13683345913887024
UC6UHYyVoCrAUBsxF-ortrew,UCCflFNkyeaY7vRAzLmSO60g,4,0.16774726,0.19621899724006653
UC6UHYyVoCrAUBsxF-ortrew,UCN8IoQLjmcoPzY_kLg7cg7g,3,0.11465201,0.12276370078325272
UC6V_waoFfhhliiqAo5MFjZg,UC6cZRYwUPyvoeOOb0dqrAug,8,0.27538657,0.3064867854118347
UC6V_waoFfhhliiqAo5MFjZg,UC6vzXCyUFiz0wMF6aIe7Isg,4,0.1627451,0.19727768003940582
UC6V_waoFfhhliiqAo5MFjZg,UC7-hcpPV6ttSS5kMIsh9ztg,3,0.09722786,0.1261194497346878
UC6V_waoFfhhliiqAo5MFjZg,UC7D5cHlavNWxEfnKkyMQGcQ,3,0.09033888,0.1356802135705948
UC6V_waoFfhhliiqAo5MFjZg,UC7LaaFweFU8ielYVC5Kq2LQ,5,0.17233223,0.1843685656785965
UC6V_waoFfhhliiqAo5MFjZg,UCA7eKOm-KmE8Z6VmZkEKlbg,3,0.12200437,0.13980141282081604
UC6V_waoFfhhliiqAo5MFjZg,UCIVgnw5Se9vlscb8gKVv2pw,4,0.15833865,0.22371526062488556
UC6bk01PE2teoKjpdAi-VO6Q,UC6ylTkexHwwJo_22V35lx0A,3,0.15854979,0.22549289464950562
UC6bk01PE2teoKjpdAi-VO6Q,UC7mXyzaRLWLq1fQtxvyGcEw,5,0.15817204,0.1923966258764267
UC6cZRYwUPyvoeOOb0dqrAug,UC6vzXCyUFiz0wMF6aIe7Isg,3,0.11457383,0.15809021890163422
UC6cZRYwUPyvoeOOb0dqrAug,UC7LaaFweFU8ielYVC5Kq2LQ,4,0.13233222,0.1611519455909729
UC6d_ptgRNDMHgZocGC6G9lA,UC6uzoOQ3Pitm5uhbdig8GYA,6,0.23982164,0.5496558547019958
UC6eCFcJpPFNP_P6Y0bKHqKg,UC761NMYPNhxIbTXQvYl6oug,3,0.09196429,0.1349227875471115
UC6eCFcJpPFNP_P6Y0bKHqKg,UC9AuyS7U4PxeDSNMJ2srarA,3,0.08402778,0.3042697310447693
UC6he7aSwwn3JKc0qWi17QdA,UCAcGenBoh-mXpufzPtNh0hg,3,0.118965514,0.3081975281238556
UC6kSLiIgAcbXNSxf0JHjy5g,UC793WyAnqu2VU5m9mplwfpQ,3,0.09236111,0.12985828518867493
UC6kSLiIgAcbXNSxf0JHjy5g,UC7I3QTra4_kC4TSu8f7rHkA,15,0.51021993,0.1833590567111969
UC6kSLiIgAcbXNSxf0JHjy5g,UC7P3bmkbTdAXaJYzhuF2obA,3,0.11516608,0.1478254199028015
UC6kSLiIgAcbXNSxf0JHjy5g,UC8yHePe_RgUBE-waRWy6olw,16,0.5613487,0.17566975951194763
UC6kSLiIgAcbXNSxf0JHjy5g,UC9dDhZ-seQ8xmeC11l_7S7A,4,0.13571429,0.13227231800556183
UC6kSLiIgAcbXNSxf0JHjy5g,UC9hwDDT7femX1YJ_-HfSo7A,5,0.19069123,0.17074111104011536
UC6kSLiIgAcbXNSxf0JHjy5g,UC9mxzGn_II91_fXV_mQ7klQ,3,0.12614942,0.15599344670772552
UC6kSLiIgAcbXNSxf0JHjy5g,UCFo4kqllbcQ4nV83WCyraiw,17,0.65718776,0.21788042783737183
UC6knnPyaxJoPWdH_G-0P08w,UC7I3QTra4_kC4TSu8f7rHkA,5,0.20643324,0.16603195667266846
UC6mbbiP0fzB0wWLNfioiOeQ,UCEWw6AKlR_F5_pbc_GOOIBg,3,0.13363095,0.1831018626689911
UC6merdM0gtSbJyfwT4e3AiQ,UC761NMYPNhxIbTXQvYl6oug,8,0.28949746,0.1211957186460495
UC6merdM0gtSbJyfwT4e3AiQ,UC97CxE2c4b8TptqpFE6dFfQ,7,0.3057507,0.14635561406612396
UC6merdM0gtSbJyfwT4e3AiQ,UCBAIZr7BislZ-qqy9iqCDNA,3,0.12210181,0.16812898218631744
UC6merdM0gtSbJyfwT4e3AiQ,UCD-R2Y7wTvYMWIcBmob6a2A,3,0.16590908,0.123123899102211
UC6merdM0gtSbJyfwT4e3AiQ,UCE_M8A5yxnLfW0KghEeajjw,3,0.11037037,0.18368546664714813
UC6merdM0gtSbJyfwT4e3AiQ,UCVmhuqz0HJkVbfmWA5eqyyg,3,0.44545454,0.30791014432907104
UC6oal8R3H4V_yY4-0NpY58Q,UC7Opkf9V2DMmw9SXsOcSOeA,6,0.18877022,0.192696675658226
UC6oal8R3H4V_yY4-0NpY58Q,UC7mXyzaRLWLq1fQtxvyGcEw,6,0.21162605,0.1957114040851593
UC6oal8R3H4V_yY4-0NpY58Q,UCAN0E9cZN7n22Ka1-TuVb-Q,3,0.090964794,0.1536559909582138
UC6oal8R3H4V_yY4-0NpY58Q,UCAmJvDLNL3-2UGFu_AiSjPg,4,0.1429811,0.1500779092311859
UC6oal8R3H4V_yY4-0NpY58Q,UCFm8u_ygHo24HeZCYygPygg,3,0.31267807,0.2822878658771515
UC6oal8R3H4V_yY4-0NpY58Q,UCFy2R0BE58JGfJuM5jUd4Yg,3,0.09839235,0.12070856243371964
UC6raUGFw3O3yK2-XzcZsOVw,UC7mXyzaRLWLq1fQtxvyGcEw,3,0.13607085,0.3045056462287903
UC6uU6smfaEvk_vyVjxIOVuQ,UC7Uc7ZmNOt_sPLFl7ZM83iQ,6,0.26530784,0.2505602538585663
UC6uU6smfaEvk_vyVjxIOVuQ,UC7sEB_ylMuHJD4TjF4Ag1nw,6,0.21754873,0.19435514509677887
UC6uU6smfaEvk_vyVjxIOVuQ,UC8yHePe_RgUBE-waRWy6olw,9,0.3014296,0.12584082782268524
UC6uU6smfaEvk_vyVjxIOVuQ,UC9hwDDT7femX1YJ_-HfSo7A,4,0.1436027,0.17153050005435944
UC6uU6smfaEvk_vyVjxIOVuQ,UCALplCbeagOxXGmEJ-hOJIg,4,0.19747475,0.22483576834201813
UC6uU6smfaEvk_vyVjxIOVuQ,UCB9yWqXpCqFVSwoT_MQiSnQ,3,0.0874269,0.13189011812210083
UC6uU6smfaEvk_vyVjxIOVuQ,UCBC9F0IokoWtGV4hX_1ueTw,3,0.109740265,0.14773669838905334
UC6uU6smfaEvk_vyVjxIOVuQ,UCBp751ECaWfrw_dZtdgZu1A,3,0.09052288,0.12752138078212738
UC6uU6smfaEvk_vyVjxIOVuQ,UCC4NkFV-L-vVYD5z_Ei5dUA,7,0.31700704,0.15540747344493866
UC6uU6smfaEvk_vyVjxIOVuQ,UCGXU4lVXc9msfUkjNykA7TA,3,0.1573579,0.16590584814548492
UC6uzoOQ3Pitm5uhbdig8GYA,UC6ylTkexHwwJo_22V35lx0A,3,0.09476061,0.1641470044851303
UC6uzoOQ3Pitm5uhbdig8GYA,UCCYNZu_NQIm2-PzMyHg55OQ,3,0.124866314,0.27228492498397827
UC6uzoOQ3Pitm5uhbdig8GYA,UCECfnRv8lSbn90zCAJWC7cg,3,0.11750423,0.12594947218894958
UC6vzXCyUFiz0wMF6aIe7Isg,UC7LT6gRahCIBd5AO5MUl8dQ,3,0.16577542,0.1591203212738037
UC6ylTkexHwwJo_22V35lx0A,UC77ZfLyTydI70dfjDZONsIA,3,0.11147187,0.24137896299362183
UC6ylTkexHwwJo_22V35lx0A,UC8yHePe_RgUBE-waRWy6olw,6,0.25485897,0.12786486744880676
UC6ylTkexHwwJo_22V35lx0A,UC9KPuuwSyeNvVo26tf4mqPw,3,0.0923727,0.14357292652130127
UC7-XlNDMKDmEE6J7sipqggA,UC7Opkf9V2DMmw9SXsOcSOeA,3,0.120447665,0.3192458748817444
UC7-hcpPV6ttSS5kMIsh9ztg,UC83t4zV_XrK-0BSD41NwK-A,3,0.10934907,0.22187018394470215
UC74GHh4GkKoTHzssH9vlp1w,UC7F_CLFtxDetmUnORgmwImg,3,0.101704545,0.14297860860824585
UC75KuCecKVZt7Wzu9yAU99A,UC8yHePe_RgUBE-waRWy6olw,6,0.19806245,0.13111354410648346
UC75KuCecKVZt7Wzu9yAU99A,UCA_JrEDNSX96ADP6hh_7iUA,3,0.08581752,0.12754064798355103
UC761NMYPNhxIbTXQvYl6oug,UC7bMtttgCTTyjUd_NPOjCBA,7,0.2632143,0.14157737791538239
UC761NMYPNhxIbTXQvYl6oug,UC8QheEuZR6-D_FG2ElItg4A,3,0.096322134,0.16923178732395172
UC761NMYPNhxIbTXQvYl6oug,UCC4NkFV-L-vVYD5z_Ei5dUA,12,0.4114995,0.12279850244522095
UC761NMYPNhxIbTXQvYl6oug,UCDHVK-W8XCARucIYu64MJQw,5,0.21929824,0.14674116671085358
UC761NMYPNhxIbTXQvYl6oug,UCMdFdPJsBa6MrGC1AnLayjA,3,0.28376627,0.23591852188110352
UC761NMYPNhxIbTXQvYl6oug,UCW3MY7gdx-Gmha9IIx-EGfg,4,0.20437016,0.16982780396938324
UC793WyAnqu2VU5m9mplwfpQ,UCAMT4hftbWt0kNK7PpKBgEg,3,0.10066177,0.1432742029428482
UC7B1x83eHNvg5vxJfRwcU7g,UCK_aHj_Ooyg7sGV4GYQsz0g,3,0.15067339,0.13122926652431488
UC7BUQ_Gv-QgKLSyuFwLsJNw,UC7LaaFweFU8ielYVC5Kq2LQ,4,0.12762845,0.14847896993160248
UC7BUQ_Gv-QgKLSyuFwLsJNw,UC7Opkf9V2DMmw9SXsOcSOeA,5,0.22246474,0.2891986072063446
UC7BUQ_Gv-QgKLSyuFwLsJNw,UC7TxDj-DqbKzq9locL-iP2w,5,0.18541431,0.16213931143283844
UC7BUQ_Gv-QgKLSyuFwLsJNw,UC8RM5W-eUIQhgkb4NSJ0baA,3,0.101447046,0.1332390159368515
UC7BUQ_Gv-QgKLSyuFwLsJNw,UC9OvLVXb-okaVtoK9V8Biwg,3,0.15039185,0.19278764724731445
UC7BUQ_Gv-QgKLSyuFwLsJNw,UCDJLA5RSBZkMyv0TbTokFnw,4,0.12204386,0.1627325564622879
UC7BUQ_Gv-QgKLSyuFwLsJNw,UCDvZpvrjCMfNDMasZEmkFuQ,5,0.21573073,0.13400854170322418
UC7BUQ_Gv-QgKLSyuFwLsJNw,UCJI0Zz7WomTTAx6lQw-HC_Q,4,0.15054509,0.16552108526229858
UC7BUQ_Gv-QgKLSyuFwLsJNw,UC_9UuV_nrWuPfioQEXMQSPw,3,0.21885523,0.3234407603740692
UC7BYJDxt7M3yddgHJAF4ZeA,UCB1dgsqLiEp57oDAyNV_vww,3,0.11082949,0.14655913412570953
UC7C5oRm6cGgbjJdPPEVeNMA,UC9fcd5KCJfOeRsdRJZdSaGQ,3,0.13496733,0.15935872495174408
UC7C5oRm6cGgbjJdPPEVeNMA,UCC5nGP6Jgl2NDLaW0mezJZw,3,0.10666667,0.24045412242412567
UC7C5oRm6cGgbjJdPPEVeNMA,UCduDJ6s3mMchYMy2HvqalxQ,3,0.325,0.16997404396533966
UC7Ey8KpFqH59QQqTNSm0sOw,UC7F_CLFtxDetmUnORgmwImg,4,0.1612554,0.15015412867069244
UC7Ey8KpFqH59QQqTNSm0sOw,UC7Uc7ZmNOt_sPLFl7ZM83iQ,3,0.11071429,0.1274319291114807
UC7F3jAsH6cGXF-vMD9hc-Wg,UC8sHCoAfxXsEo6_p_HVcqTQ,3,0.13095239,0.23985157907009125
UC7FLz3U4e4TbNc3OA-sNj2A,UCAMT4hftbWt0kNK7PpKBgEg,3,0.13769257,0.30007171630859375
UC7F_CLFtxDetmUnORgmwImg,UC8jHxOIg9ST7YxiMw2xWYyA,3,0.12249158,0.12612125277519226
UC7F_CLFtxDetmUnORgmwImg,UCCJel9mmTsxDU9RiCwdiLiA,3,0.1456291,0.1502799242734909
UC7I3QTra4_kC4TSu8f7rHkA,UC88KSXMWdkv50V1Wm8CAYWg,4,0.17228508,0.1254391372203827
UC7I3QTra4_kC4TSu8f7rHkA,UC8UXXTaoP6Xf-zGRLf0R46w,4,0.19120878,0.1431712657213211
UC7I3QTra4_kC4TSu8f7rHkA,UC8yHePe_RgUBE-waRWy6olw,28,1.0066946,0.177424356341362
UC7I3QTra4_kC4TSu8f7rHkA,UC96jiVMyHT-JsEMF0EOtnbQ,6,0.22760524,0.12213726341724396
UC7I3QTra4_kC4TSu8f7rHkA,UC9UI_fNxTbfEJImAg5Y7pOw,4,0.20485312,0.12275519222021103
UC7I3QTra4_kC4TSu8f7rHkA,UC9V4eJBNx_hOieGG51NZ6nA,24,0.8652118,0.15006321668624878
UC7I3QTra4_kC4TSu8f7rHkA,UC9dDhZ-seQ8xmeC11l_7S7A,7,0.2660973,0.1460612714290619
UC7I3QTra4_kC4TSu8f7rHkA,UC9hwDDT7femX1YJ_-HfSo7A,7,0.29082492,0.14665274322032928
UC7I3QTra4_kC4TSu8f7rHkA,UC9zY_E8mcAo_Oq772LEZq8Q,14,0.59575105,0.1521107256412506
UC7I3QTra4_kC4TSu8f7rHkA,UCB4nWNauim-qxiaDOcH0dLA,8,0.38234606,0.12062834203243256
UC7I3QTra4_kC4TSu8f7rHkA,UCC4NkFV-L-vVYD5z_Ei5dUA,17,0.64945227,0.13440953195095062
UC7I3QTra4_kC4TSu8f7rHkA,UCEdcHQhfWM3Lyz-Lpt0_c4g,4,0.18256578,0.12477686256170273
UC7I3QTra4_kC4TSu8f7rHkA,UCFdBehO71GQaIom4WfVeGSw,13,0.5587844,0.1349039077758789
UC7I3QTra4_kC4TSu8f7rHkA,UCFo4kqllbcQ4nV83WCyraiw,19,0.8744387,0.16327111423015594
UC7I3QTra4_kC4TSu8f7rHkA,UCXVErXFv_fzdIMjFpkIXHtg,3,0.19321293,0.1457751840353012
UC7JQKVJMCIuVMcrFXSozMCw,UCBU6fpZ3UacYrFW9qVKiRFg,3,0.12966238,0.4701061248779297
UC7LT6gRahCIBd5AO5MUl8dQ,UC7U_MGNKAtC-gdJvaj5i_Vg,3,0.11446378,0.21304486691951752
UC7LT6gRahCIBd5AO5MUl8dQ,UCF8lcwSrRR4ilXDod5SFvUQ,3,0.20675169,0.14152316749095917
UC7LaaFweFU8ielYVC5Kq2LQ,UC8zsQuGZ7nQXsqq1qn3VfGA,3,0.12440476,0.22153335809707642
UC7LnadOwPEGqGnIuwVGfjow,UC7rWtV-JngmNWe01-zkI21A,3,0.10750916,0.2083205133676529
UC7MvTslTWkE1HKNYkXiGv1Q,UC9dDhZ-seQ8xmeC11l_7S7A,3,0.102380954,0.1479162722826004
UC7N348fUF5Sh-N4m1y578zg,UCRmF5Y0mEXwdqH3hSiiTXNw,3,0.16040134,0.6530740261077881
UC7Opkf9V2DMmw9SXsOcSOeA,UC7TxDj-DqbKzq9locL-iP2w,4,0.13257276,0.1303528994321823
UC7Pd7bhUlyU0KZcD7Muja_A,UC7VFKdb5_4Ik6_N1LG4eU_A,3,0.11495911,0.22290727496147156
UC7Pd7bhUlyU0KZcD7Muja_A,UC9LOxIL5xd3_2FA6dPY15Qg,3,0.119877115,0.3157990574836731
UC7TxDj-DqbKzq9locL-iP2w,UC8RM5W-eUIQhgkb4NSJ0baA,3,0.12282863,0.1220177561044693
UC7TxDj-DqbKzq9locL-iP2w,UCAERcCeke3w3YHdod0x1FBQ,6,0.23277521,0.2387528419494629
UC7TxDj-DqbKzq9locL-iP2w,UCDvZpvrjCMfNDMasZEmkFuQ,8,0.35221508,0.1654854565858841
UC7TxDj-DqbKzq9locL-iP2w,UCFYfhDylHK-gFSXjtNr8dYQ,3,0.13448276,0.17641206085681915
UC7TxDj-DqbKzq9locL-iP2w,UCGl4oWkMUpTzcJpUI5dFeLA,4,0.1615971,0.1959604173898697
UC7TxDj-DqbKzq9locL-iP2w,UCIYs6nBtvkXWjTNZWNRtD-g,3,0.14999999,0.14708204567432404
UC7TxDj-DqbKzq9locL-iP2w,UCJI0Zz7WomTTAx6lQw-HC_Q,4,0.19230019,0.1599181890487671
UC7TxDj-DqbKzq9locL-iP2w,UCr6Lhrp_ojKTcR_iHhTG-mg,3,0.22870371,0.3329724967479706
UC7Uc7ZmNOt_sPLFl7ZM83iQ,UC8EJ_7BoTFQUcQwd6cYeBlw,3,0.13966818,0.13748957216739655
UC7Uc7ZmNOt_sPLFl7ZM83iQ,UC8yHePe_RgUBE-waRWy6olw,12,0.42629424,0.14800307154655457
UC7Uc7ZmNOt_sPLFl7ZM83iQ,UC90UTL_T6hQoLnWGATfOc8w,4,0.14158891,0.13228106498718262
UC7Uc7ZmNOt_sPLFl7ZM83iQ,UCASJIBV9UDa_FDiSddoEonQ,5,0.16784877,0.1915838122367859
UC7UqbHzYvxwjq1v37C135BQ,UC7sYsbWhhzOPEBAP2A0bsvA,3,0.093927905,0.12113698571920395
UC7UqbHzYvxwjq1v37C135BQ,UC7umTzIrIJq8Xh428lj0M5A,3,0.18387446,0.1285841315984726
UC7UqbHzYvxwjq1v37C135BQ,UCAMT4hftbWt0kNK7PpKBgEg,4,0.19616313,0.13029776513576508
UC7VFKdb5_4Ik6_N1LG4eU_A,UCA2McdYJLbD4IAQo0wLWOUQ,3,0.13227513,0.3762545883655548
UC7ZJE6US_DjsgVKF55fimgg,UC97CxE2c4b8TptqpFE6dFfQ,3,0.08566177,0.12786446511745453
UC7bMtttgCTTyjUd_NPOjCBA,UC8fTn4DsxlAlql3OXJ8syRA,4,0.1902749,0.2837299406528473
UC7bMtttgCTTyjUd_NPOjCBA,UC9V4eJBNx_hOieGG51NZ6nA,11,0.53693223,0.17164002358913422
UC7bMtttgCTTyjUd_NPOjCBA,UCC4NkFV-L-vVYD5z_Ei5dUA,10,0.43457854,0.1657671183347702
UC7basVkzCE7iEJ3rHYmDFuA,UC9Yva5b_FCTXHWHtLuvT7cw,3,0.11781609,0.24851550161838531
UC7basVkzCE7iEJ3rHYmDFuA,UCXgd6LKq3xMCLGvW_AZhghQ,3,0.13711433,0.39576318860054016
UC7dXPammhcS6lrPzgq7WAPQ,UC90UTL_T6hQoLnWGATfOc8w,3,0.08995215,0.1437665820121765
UC7dXPammhcS6lrPzgq7WAPQ,UCECfnRv8lSbn90zCAJWC7cg,4,0.14160714,0.17012904584407806
UC7dXPammhcS6lrPzgq7WAPQ,UCLbv0iWDAqgEw60Dn2Rv5CQ,3,0.09615259,0.20922602713108063
UC7mXyzaRLWLq1fQtxvyGcEw,UC8nlwBiuAcuLKOFz7V-NGyg,3,0.093995094,0.17253631353378296
UC7pubtllqd-BQjofeZSf9tA,UC8yHePe_RgUBE-waRWy6olw,4,0.13364065,0.1432144045829773
UC7pubtllqd-BQjofeZSf9tA,UC90UTL_T6hQoLnWGATfOc8w,3,0.08100906,0.2336086630821228
UC7sEB_ylMuHJD4TjF4Ag1nw,UC8yHePe_RgUBE-waRWy6olw,11,0.369794,0.121450275182724
UC7sEB_ylMuHJD4TjF4Ag1nw,UCAnUUkliBXa1z4QPGUK3ikQ,3,0.11428571,0.14991627633571625
UC7sEB_ylMuHJD4TjF4Ag1nw,UCBC9F0IokoWtGV4hX_1ueTw,3,0.115824915,0.1226668730378151
UC7sEB_ylMuHJD4TjF4Ag1nw,UCPNd7xHDFhsbGwL-bqwQKMQ,3,0.14131512,0.1950981765985489
UC7sYsbWhhzOPEBAP2A0bsvA,UCECfnRv8lSbn90zCAJWC7cg,3,0.1526594,0.18994483351707458
UC7sYsbWhhzOPEBAP2A0bsvA,UCTxDz8sXbnpYAfulQMRFNEQ,3,0.1526594,0.4402763843536377
UC7umTzIrIJq8Xh428lj0M5A,UCDPjpWErZOYsoqfeCxYTd_Q,4,0.23444445,0.3772727847099304
UC7umTzIrIJq8Xh428lj0M5A,UCHk5QD2cZFzhUXcokAGXeqg,3,0.13903382,0.16010290384292603
UC7wu64jFsV02bbu6UHUd7JA,UCBvB2lvfRiuPG_0bKoo_Y5A,6,0.25725192,0.1427655667066574
UC7wu64jFsV02bbu6UHUd7JA,UCDxAawc6cuMP7bVQTIKLF1w,4,0.15209934,0.15229487419128418
UC7wu64jFsV02bbu6UHUd7JA,UCFdBehO71GQaIom4WfVeGSw,4,0.43805414,0.17043709754943848
UC80AOuRDm7N8JKVOppuFU8g,UC80FWuvIAtY-TRtYuDocfUw,3,0.09007353,0.24435541033744812
UC83t4zV_XrK-0BSD41NwK-A,UC8s_nliTjuqtO1gK4uzo_Rg,3,0.09591004,0.1713838279247284
UC83t4zV_XrK-0BSD41NwK-A,UC91Yi79WkEBQ6VOm5dOipXw,3,0.09469328,0.16770319640636444
UC85dOBxevq0k18Zac8myquA,UCG_oqDSlIYEspNpd2H4zWhw,3,0.13488963,0.1353895217180252
UC88KSXMWdkv50V1Wm8CAYWg,UCCy_q-N7F2FOIZ6ZggHIAKg,3,0.14728507,0.2945654094219208
UC8AQxRa-WTwfWCJgkOKWxOQ,UCJZVj2iBrdvbNc416i0V-UA,3,0.11107844,0.1267624944448471
UC8EJ_7BoTFQUcQwd6cYeBlw,UCASJIBV9UDa_FDiSddoEonQ,3,0.107509166,0.15380512177944183
UC8EJ_7BoTFQUcQwd6cYeBlw,UCB9yWqXpCqFVSwoT_MQiSnQ,4,0.12121565,0.1906057447195053
UC8EJ_7BoTFQUcQwd6cYeBlw,UCC4NkFV-L-vVYD5z_Ei5dUA,7,0.28463286,0.14544479548931122
UC8GgWCXNsrKkCeN5xt30Euw,UC8JJPejpW-jkj4ItGNyarTw,6,0.21300009,0.5794264078140259
UC8GgWCXNsrKkCeN5xt30Euw,UCANN6knNbmdr4S5DTNXc6Uw,3,0.09399132,0.31491389870643616
UC8GgWCXNsrKkCeN5xt30Euw,UCAUBgqFP-qaH2lC7kBR93cw,3,0.113054186,0.17193056643009186
UC8GgWCXNsrKkCeN5xt30Euw,UCBE7DY2nmNZNsbJc6PWlLvA,3,0.114285715,0.3423430025577545
UC8IK363bd35lzYO7wXUlvRg,UC8LhZmYA7VTt84hl91ifIGw,3,0.13129188,0.22953827679157257
UC8JJPejpW-jkj4ItGNyarTw,UCANN6knNbmdr4S5DTNXc6Uw,3,0.09637606,0.3091365694999695
UC8JJPejpW-jkj4ItGNyarTw,UCCUjaZPl3qiUuYZQkzY4raQ,3,0.13711433,0.5975706577301025
UC8JJPejpW-jkj4ItGNyarTw,UCFe4Awqc4Z9JcfnCIn04wnA,3,0.13711433,0.5975706577301025
UC8LhZmYA7VTt84hl91ifIGw,UCGCZAYq5Xxojl_tSXcVJhiQ,4,0.21129435,0.1336490958929062
UC8Niu74NfPEg82yvHBKb4YA,UCB4nWNauim-qxiaDOcH0dLA,5,0.18161629,0.14408347010612488
UC8Niu74NfPEg82yvHBKb4YA,UCGCZAYq5Xxojl_tSXcVJhiQ,5,0.19044194,0.1507730633020401
UC8OjykYh8KUVOmez_y3L7PQ,UC8yHePe_RgUBE-waRWy6olw,3,0.10305436,0.12576234340667725
UC8U1K9UvGQTP9E-ORB0fEqg,UCFo4kqllbcQ4nV83WCyraiw,3,0.11428571,0.12246955931186676
UC8Ua4BLnjWQRnxBZrr-l-Zg,UC8yHePe_RgUBE-waRWy6olw,6,0.24903302,0.15592829883098602
UC8XtvMtw4upzmugbL_MmEHg,UCB4nWNauim-qxiaDOcH0dLA,3,0.10060607,0.13407382369041443
UC8_wmm5DX9mb4jrLiw8ZYzw,UCA_JrEDNSX96ADP6hh_7iUA,3,0.11107844,0.19850333034992218
UC8g17oXkRt8buwQL8GU-NSw,UC97CxE2c4b8TptqpFE6dFfQ,3,0.095144525,0.1209980845451355
UC8jHxOIg9ST7YxiMw2xWYyA,UCDgLoYnv_7vLqjzww2XioZw,3,0.14714286,0.24366022646427155
UC8nlwBiuAcuLKOFz7V-NGyg,UCA_JrEDNSX96ADP6hh_7iUA,4,0.14021552,0.20667199790477753
UC8oF7jmQsKbMVrCv5LrP32w,UC8s_nliTjuqtO1gK4uzo_Rg,4,0.14700928,0.14915524423122406
UC8oF7jmQsKbMVrCv5LrP32w,UC91Yi79WkEBQ6VOm5dOipXw,6,0.21439025,0.21558336913585663
UC8oF7jmQsKbMVrCv5LrP32w,UCDn8Lqf-x0zD8hmFUg08f6w,4,0.16812393,0.13811558485031128
UC8oF7jmQsKbMVrCv5LrP32w,UCEWMAZrX2B9EEb_8bD6Jk2A,3,0.11125541,0.24330677092075348
UC8oF7jmQsKbMVrCv5LrP32w,UCFbp2XdRpKfk7mYt_uT8dxw,4,0.20198222,0.13368570804595947
UC8oF7jmQsKbMVrCv5LrP32w,UCISg6B0UZg0zcUN6jkoDLNw,3,0.116267934,0.17237591743469238
UC8s_nliTjuqtO1gK4uzo_Rg,UCC0JWiw4BJYR4NUDxQCf0Hg,3,0.091056906,0.13370370864868164
UC8s_nliTjuqtO1gK4uzo_Rg,UCD7hoq_imKSpKasLuFBHJ6A,3,0.15819964,0.13725817203521729
UC8tnTeQhVKoScQQyreaG9pQ,UCDCmm9RQ3NAlMsaDtKQUiOg,3,0.14426315,0.2457759976387024
UC8tnTeQhVKoScQQyreaG9pQ,UCDfzsr9f8DKJkQTBdJApflw,3,0.16604964,0.1693614274263382
UC8tnTeQhVKoScQQyreaG9pQ,UCK_AZk7XDzR3BBC02uVuRdQ,3,0.16358542,0.17974017560482025
UC8w3bNlsLkSbd9AnpHWPLrw,UC9AuyS7U4PxeDSNMJ2srarA,3,0.11875,0.29535484313964844
UC8yA5ym-0X4GJsAFDytuPfw,UC9wKlIKoF_8zCBVndImrq3w,3,0.26785716,0.37771856784820557
UC8yA5ym-0X4GJsAFDytuPfw,UCT9cFrlnfy1-XLf0Vuy0Zzw,4,0.30322754,0.2188832312822342
UC8yA5ym-0X4GJsAFDytuPfw,UC_9UuV_nrWuPfioQEXMQSPw,3,0.2198942,0.33219754695892334
UC8yHePe_RgUBE-waRWy6olw,UC9KPuuwSyeNvVo26tf4mqPw,10,0.33723354,0.16034050285816193
UC8yHePe_RgUBE-waRWy6olw,UC9OvLVXb-okaVtoK9V8Biwg,7,0.25725666,0.1201523169875145
UC8yHePe_RgUBE-waRWy6olw,UC9V4eJBNx_hOieGG51NZ6nA,26,1.0235872,0.15459519624710083
UC8yHePe_RgUBE-waRWy6olw,UC9zY_E8mcAo_Oq772LEZq8Q,18,0.6183371,0.13748003542423248
UC8yHePe_RgUBE-waRWy6olw,UCASJIBV9UDa_FDiSddoEonQ,7,0.24522595,0.12373162806034088
UC8yHePe_RgUBE-waRWy6olw,UCB1dgsqLiEp57oDAyNV_vww,16,0.5837069,0.152332603931427
UC8yHePe_RgUBE-waRWy6olw,UCB4nWNauim-qxiaDOcH0dLA,13,0.4929036,0.13541726768016815
UC8yHePe_RgUBE-waRWy6olw,UCC4NkFV-L-vVYD5z_Ei5dUA,23,0.9286311,0.16735757887363434
UC8yHePe_RgUBE-waRWy6olw,UCCuv7AYfilB3vqR2WU6isxQ,3,0.14166665,0.1474521905183792
UC8yHePe_RgUBE-waRWy6olw,UCDfzsr9f8DKJkQTBdJApflw,11,0.39164445,0.12876859307289124
UC8yHePe_RgUBE-waRWy6olw,UCEWw6AKlR_F5_pbc_GOOIBg,9,0.33152643,0.130273699760437
UC8yHePe_RgUBE-waRWy6olw,UCEixleMT76xDzoiEb9ZA7XA,21,0.8154196,0.13907285034656525
UC8yHePe_RgUBE-waRWy6olw,UCF8lcwSrRR4ilXDod5SFvUQ,6,0.3662648,0.12544284760951996
UC8yHePe_RgUBE-waRWy6olw,UCFBo8mq8czEPE_Z4ePW0JTQ,4,0.14519705,0.1492781788110733
UC8yHePe_RgUBE-waRWy6olw,UCFQEO_c41E-8VtQTSX7rKMw,4,0.2348901,0.16144102811813354
UC8yHePe_RgUBE-waRWy6olw,UCFdBehO71GQaIom4WfVeGSw,15,0.69719034,0.14657197892665863
UC8yHePe_RgUBE-waRWy6olw,UCFo4kqllbcQ4nV83WCyraiw,24,0.9143623,0.1486680507659912
UC90UTL_T6hQoLnWGATfOc8w,UCASJIBV9UDa_FDiSddoEonQ,4,0.13144399,0.17846879363059998
UC90UTL_T6hQoLnWGATfOc8w,UCG_oqDSlIYEspNpd2H4zWhw,4,0.18640584,0.1348690241575241
UC91Yi79WkEBQ6VOm5dOipXw,UCAKJM0HKzVUKSJ6o0KpZ8Ng,3,0.14978209,0.12302401661872864
UC91Yi79WkEBQ6VOm5dOipXw,UCBp751ECaWfrw_dZtdgZu1A,3,0.084105045,0.12730586528778076
UC91Yi79WkEBQ6VOm5dOipXw,UCC1boqoA6w7PhggpnejsIKw,3,0.11014492,0.3395991325378418
UC91Yi79WkEBQ6VOm5dOipXw,UCGX0i593ciGvM-6hY3yg0Dg,5,0.18241383,0.26163291931152344
UC91Yi79WkEBQ6VOm5dOipXw,UCHZ5rawTetYQGSMMj9CBlrQ,3,0.112745106,0.3844756484031677
UC91Yi79WkEBQ6VOm5dOipXw,UCHwIfWguiXscH-VEdoAP9aQ,4,0.1410973,0.37605521082878113
UC91qteXE1f8puKS8lEBRUhw,UCBp751ECaWfrw_dZtdgZu1A,3,0.11919193,0.1717749685049057
UC92zkZ-jTITVHTjfEmlgTlw,UCA_JrEDNSX96ADP6hh_7iUA,4,0.15992706,0.24558596312999725
UC97CxE2c4b8TptqpFE6dFfQ,UCAWWDsFWX4lMuRtH46VYdIQ,3,0.18308082,0.14891111850738525
UC97CxE2c4b8TptqpFE6dFfQ,UCCOM5OkoyUFJa5T4kJn3r0g,5,0.17852512,0.13765057921409607
UC9AuyS7U4PxeDSNMJ2srarA,UCB3mOPzHaD-K1n7YlubgOqA,3,0.090277776,0.3621155619621277
UC9AuyS7U4PxeDSNMJ2srarA,UCBevyiJ2ierZY-0yZhfLrmQ,3,0.1273148,0.31654468178749084
UC9AuyS7U4PxeDSNMJ2srarA,UCETjSSYWFly4vS0YkzcKTBA,3,0.123015866,0.49013322591781616
UC9KPuuwSyeNvVo26tf4mqPw,UC9dDhZ-seQ8xmeC11l_7S7A,3,0.12019705,0.17798581719398499
UC9KPuuwSyeNvVo26tf4mqPw,UC9zY_E8mcAo_Oq772LEZq8Q,6,0.20423643,0.14067769050598145
UC9KPuuwSyeNvVo26tf4mqPw,UCB1dgsqLiEp57oDAyNV_vww,5,0.14892031,0.12040085345506668
UC9KPuuwSyeNvVo26tf4mqPw,UCDxAawc6cuMP7bVQTIKLF1w,3,0.121288314,0.20329084992408752
UC9OvLVXb-okaVtoK9V8Biwg,UCCp9Q2JCLjOenDa63FJi_Ag,3,0.09632035,0.2057737410068512
UC9OvLVXb-okaVtoK9V8Biwg,UCDdZOqCzvX9Tp86ntGzVDsQ,3,0.08094406,0.1510319709777832
UC9OvLVXb-okaVtoK9V8Biwg,UCGxe7RjYvCgoD5l2I1enVsg,3,0.12928571,0.2797553241252899
UC9V4eJBNx_hOieGG51NZ6nA,UCC4NkFV-L-vVYD5z_Ei5dUA,30,1.2223086,0.21678006649017334
UC9V4eJBNx_hOieGG51NZ6nA,UCEixleMT76xDzoiEb9ZA7XA,23,0.86459005,0.14511346817016602
UC9V4eJBNx_hOieGG51NZ6nA,UCFdBehO71GQaIom4WfVeGSw,15,0.58027947,0.12005302309989929
UC9V4eJBNx_hOieGG51NZ6nA,UCFo4kqllbcQ4nV83WCyraiw,27,1.076386,0.17222796380519867
UC9WJo5ZJVXMZiA5XV2jLx5Q,UCYhXmcP7xSyGd5RFe15YJOg,3,0.15690964,0.13648617267608643
UC9cD37sXfBNCQpz3vINa3TA,UCB1dgsqLiEp57oDAyNV_vww,3,0.109126985,0.13223622739315033
UC9cD37sXfBNCQpz3vINa3TA,UCC4NkFV-L-vVYD5z_Ei5dUA,5,0.18661249,0.15615761280059814
UC9dDhZ-seQ8xmeC11l_7S7A,UCFdBehO71GQaIom4WfVeGSw,5,0.2101449,0.1375933736562729
UC9eKha91yNaPjjMVv3--znA,UCB1dgsqLiEp57oDAyNV_vww,3,0.08940092,0.1272304654121399
UC9hwDDT7femX1YJ_-HfSo7A,UCBp751ECaWfrw_dZtdgZu1A,4,0.16666667,0.24695375561714172
UC9hwDDT7femX1YJ_-HfSo7A,UCGDec349YIziUytZzc3d7Yg,4,0.1825926,0.23484790325164795
UC9mxzGn_II91_fXV_mQ7klQ,UCC0JWiw4BJYR4NUDxQCf0Hg,5,0.1754902,0.3452662527561188
UC9poG8aQWgYvJykq9PXsvoA,UCA7eKOm-KmE8Z6VmZkEKlbg,5,0.20044638,0.1665116399526596
UC9poG8aQWgYvJykq9PXsvoA,UCBA9uUGktmChypQe1Yb4TYw,3,0.10622336,0.14238278567790985
UC9wKlIKoF_8zCBVndImrq3w,UCB4nWNauim-qxiaDOcH0dLA,4,0.13726053,0.12349624186754227
UC9wKlIKoF_8zCBVndImrq3w,UCT9cFrlnfy1-XLf0Vuy0Zzw,3,0.25396827,0.2139858603477478
UC9yOhniOuokH6iiw4Q14XQg,UCD7hoq_imKSpKasLuFBHJ6A,3,0.1291939,0.1493239402770996
UC9zY_E8mcAo_Oq772LEZq8Q,UCBE4xAbWESF5ofPzS9eLhgg,3,0.11793612,0.14437980949878693
UC9zY_E8mcAo_Oq772LEZq8Q,UCC1cas4CtjsHFWKutX0s5JQ,4,0.22354594,0.13073480129241943
UC9zY_E8mcAo_Oq772LEZq8Q,UCCp9Q2JCLjOenDa63FJi_Ag,4,0.12744589,0.12961240112781525
UC9zY_E8mcAo_Oq772LEZq8Q,UCDn8Lqf-x0zD8hmFUg08f6w,4,0.22896826,0.12156125158071518
UC9zY_E8mcAo_Oq772LEZq8Q,UCEz6Z7EgtSi-rPes-SIKJEg,3,0.10953997,0.14592161774635315
UC9zY_E8mcAo_Oq772LEZq8Q,UCFo4kqllbcQ4nV83WCyraiw,14,0.56896365,0.13401806354522705
UC9zY_E8mcAo_Oq772LEZq8Q,UCKudwfXQgNM7Gkjv95qRI9w,3,0.10150979,0.13163334131240845
UCA2McdYJLbD4IAQo0wLWOUQ,UCC9SB7UVkUvmF7tXTXs0umA,3,0.11406785,0.2991677224636078
UCA7eKOm-KmE8Z6VmZkEKlbg,UCAVmlHjp-0ARZ7JwJOcWvpQ,3,0.11327064,0.3464227616786957
UCA8Myo_LPwq-ED3QhKaSXJw,UCL6JY2DXJNDOIqCP1CRADng,3,0.11666667,0.1486736238002777
UCAE-jd-plCRuYmeu8GqF-dg,UCA_JrEDNSX96ADP6hh_7iUA,3,0.14479157,0.1860453337430954
UCAERcCeke3w3YHdod0x1FBQ,UCCp9Q2JCLjOenDa63FJi_Ag,3,0.09335722,0.21098196506500244
UCAERcCeke3w3YHdod0x1FBQ,UCIYs6nBtvkXWjTNZWNRtD-g,3,0.22777778,0.3463499844074249
UCAIjtkHOp04k-xEKE-K87Tg,UCA_JrEDNSX96ADP6hh_7iUA,3,0.09335576,0.15819531679153442
UCAJU2KW2-j-epKIziwCbWbA,UCCflFNkyeaY7vRAzLmSO60g,3,0.09714286,0.26561275124549866
UCAKJM0HKzVUKSJ6o0KpZ8Ng,UCBy-BFf7XO7wCfwVAC_tBig,5,0.16981916,0.221607506275177
UCAKJM0HKzVUKSJ6o0KpZ8Ng,UCD7hoq_imKSpKasLuFBHJ6A,7,0.27851486,0.15003328025341034
UCAKJM0HKzVUKSJ6o0KpZ8Ng,UCDIeBaj-DMOS5GQnMqN3Dnw,4,0.161295,0.15452761948108673
UCAL3H5xxIb7PhwkfaIf00fg,UCaPJaMy0_OZlNjq7BVyTnkA,3,0.33585858,0.47399914264678955
UCALplCbeagOxXGmEJ-hOJIg,UCB9yWqXpCqFVSwoT_MQiSnQ,4,0.13781565,0.20844091475009918
UCAMT4hftbWt0kNK7PpKBgEg,UCA_JrEDNSX96ADP6hh_7iUA,9,0.33737344,0.23995250463485718
UCAMT4hftbWt0kNK7PpKBgEg,UCAmJvDLNL3-2UGFu_AiSjPg,4,0.18475807,0.18573716282844543
UCAMT4hftbWt0kNK7PpKBgEg,UCB4nWNauim-qxiaDOcH0dLA,6,0.21984929,0.12467791885137558
UCAMT4hftbWt0kNK7PpKBgEg,UCDCmm9RQ3NAlMsaDtKQUiOg,3,0.17755991,0.2012902796268463
UCAMT4hftbWt0kNK7PpKBgEg,UCDfzsr9f8DKJkQTBdJApflw,4,0.1834796,0.12452544271945953
UCAMT4hftbWt0kNK7PpKBgEg,UCNkl6sk3xpHcSpIfiuV2AIA,3,0.13728508,0.1487332582473755
UCAN0E9cZN7n22Ka1-TuVb-Q,UCBvB2lvfRiuPG_0bKoo_Y5A,3,0.09542909,0.14613527059555054
UCAOAbjfqAkobEhB8kKgp1wQ,UCC4NkFV-L-vVYD5z_Ei5dUA,3,0.11590608,0.15661661326885223
UCARRXzT1owe5Z4d68V0vUdw,UCB4nWNauim-qxiaDOcH0dLA,4,0.1923771,0.23830705881118774
UCASJIBV9UDa_FDiSddoEonQ,UCCOM5OkoyUFJa5T4kJn3r0g,3,0.10304487,0.13796326518058777
UCASe2_T_6LtZgzDS_KjFrkQ,UCC3gGKJuchLXL7i80Kq_S8Q,3,0.20948276,0.24262264370918274
UCASe2_T_6LtZgzDS_KjFrkQ,UCDvZpvrjCMfNDMasZEmkFuQ,3,0.19328703,0.18109068274497986
UCAUBgqFP-qaH2lC7kBR93cw,UCCDBm5As0AtPlZ4P36WQ1NQ,7,0.2624848,0.126730814576149
UCAWWDsFWX4lMuRtH46VYdIQ,UCCOM5OkoyUFJa5T4kJn3r0g,3,0.10772357,0.12279956787824631
UCAZc5O2Ix4tCeIswgwaTZNg,UCEhb2xQvz_qU3wyUo5MUkLA,3,0.11919193,0.1689976006746292
UCA_JrEDNSX96ADP6hh_7iUA,UCCTdYItHTc6aueMRyRVbdPQ,3,0.09953704,0.1224980428814888
UCA_JrEDNSX96ADP6hh_7iUA,UCDvZpvrjCMfNDMasZEmkFuQ,8,0.31800738,0.16158293187618256
UCAbAnNqKQOrWbEmXa46yJIA,UCCDBm5As0AtPlZ4P36WQ1NQ,4,0.16811241,0.125013530254364
UCAbAnNqKQOrWbEmXa46yJIA,UCg9AKxJ-4pP8gmUdQ01rc4Q,3,0.2261905,0.4537288546562195
UCAcGenBoh-mXpufzPtNh0hg,UCB8gUdHweo--1aou95RQvQw,3,0.116149426,0.37788596749305725
UCAcGenBoh-mXpufzPtNh0hg,UCCiOsYX3Q3wtgvtep-x_yjA,6,0.27584863,0.44972050189971924
UCAmJvDLNL3-2UGFu_AiSjPg,UCFm8u_ygHo24HeZCYygPygg,3,0.099715106,0.13254664838314056
UCAuUUnT6oDeKwE6v1NGQxug,UCBPlelKqrYlM9gqoLC1R9Lg,3,0.20231493,0.24008093774318695
UCAuUUnT6oDeKwE6v1NGQxug,UCBeVJVMVoCSS76xb51qTK8Q,3,0.1006734,0.18572086095809937
UCAuUUnT6oDeKwE6v1NGQxug,UCFbp2XdRpKfk7mYt_uT8dxw,3,0.17803031,0.13097336888313293
UCAxhFTZ2S5Ra5xb1KHQyRAQ,UCBvB2lvfRiuPG_0bKoo_Y5A,3,0.3960784,0.19138367474079132
UCB1dgsqLiEp57oDAyNV_vww,UCB4nWNauim-qxiaDOcH0dLA,11,0.4285186,0.20019115507602692
UCB1dgsqLiEp57oDAyNV_vww,UCBPJWA4QQM47ZuIVSC8pMVw,3,0.13940093,0.24872153997421265
UCB1dgsqLiEp57oDAyNV_vww,UCEWw6AKlR_F5_pbc_GOOIBg,5,0.18671133,0.12475915253162384
UCB1dgsqLiEp57oDAyNV_vww,UCGCZAYq5Xxojl_tSXcVJhiQ,9,0.34528974,0.1609758585691452
UCB1dgsqLiEp57oDAyNV_vww,UCG_oqDSlIYEspNpd2H4zWhw,6,0.30525896,0.13956515491008759
UCB1dgsqLiEp57oDAyNV_vww,UCRWsPC7Tf_E4XjcMPe4EKlQ,3,0.10828704,0.19556184113025665
UCB3mOPzHaD-K1n7YlubgOqA,UCB9yWqXpCqFVSwoT_MQiSnQ,3,0.09236111,0.32756349444389343
UCB4nWNauim-qxiaDOcH0dLA,UCBkVbgLgVZ473QViK_dtMyw,4,0.19345239,0.16138747334480286
UCB4nWNauim-qxiaDOcH0dLA,UCBqN11fVN9yxA0ARcQxU9sQ,4,0.17236716,0.14500248432159424
UCB4nWNauim-qxiaDOcH0dLA,UCC4NkFV-L-vVYD5z_Ei5dUA,10,0.37469125,0.12087958306074142
UCB4nWNauim-qxiaDOcH0dLA,UCEixleMT76xDzoiEb9ZA7XA,12,0.47675288,0.14555653929710388
UCB4nWNauim-qxiaDOcH0dLA,UCFo4kqllbcQ4nV83WCyraiw,11,0.46358752,0.13492992520332336
UCB4nWNauim-qxiaDOcH0dLA,UCJEbpN7ovbrGvtQEQ0Qg6kg,3,0.10718954,0.19793583452701569
UCB4nWNauim-qxiaDOcH0dLA,UCL6JY2DXJNDOIqCP1CRADng,9,0.3757979,0.16526639461517334
UCB8gUdHweo--1aou95RQvQw,UCCiOsYX3Q3wtgvtep-x_yjA,3,0.116149426,0.29870179295539856
UCBC9F0IokoWtGV4hX_1ueTw,UCC9SB7UVkUvmF7tXTXs0umA,3,0.15392014,0.29273906350135803
UCBCPSOtwTWuDjS-b-GyVUGw,UCBvB2lvfRiuPG_0bKoo_Y5A,3,0.11474965,0.23327039182186127
UCBPlelKqrYlM9gqoLC1R9Lg,UCBy-BFf7XO7wCfwVAC_tBig,3,0.10007416,0.22132575511932373
UCBVjMGOIkavEAhyqpxJ73Dw,UCC4NkFV-L-vVYD5z_Ei5dUA,4,0.1995629,0.17298094928264618
UCBVjMGOIkavEAhyqpxJ73Dw,UCFo4kqllbcQ4nV83WCyraiw,3,0.15485312,0.1210976243019104
UCB_qr75-ydFVKSF9Dmo6izg,UCBvB2lvfRiuPG_0bKoo_Y5A,3,0.11240484,0.1828242540359497
UCBp751ECaWfrw_dZtdgZu1A,UCCuv7AYfilB3vqR2WU6isxQ,3,0.14166665,0.4975539743900299
UCBqN11fVN9yxA0ARcQxU9sQ,UCC0JWiw4BJYR4NUDxQCf0Hg,3,0.09215687,0.14050151407718658
UCBqN11fVN9yxA0ARcQxU9sQ,UCCb4JEa7itqmHTilclgTmcA,3,0.10131578,0.20025168359279633
UCBqYATdJmopNqNWvNN0C-Ig,UCFbp2XdRpKfk7mYt_uT8dxw,3,0.10934907,0.18498781323432922
UCC-HU9fQBmjB5gvGx_V1gbw,UCD7hoq_imKSpKasLuFBHJ6A,3,0.113333344,0.1959143429994583
UCC1boqoA6w7PhggpnejsIKw,UCGX0i593ciGvM-6hY3yg0Dg,3,0.10458937,0.3527640700340271
UCC3gGKJuchLXL7i80Kq_S8Q,UCDxAawc6cuMP7bVQTIKLF1w,3,0.13434345,0.13250234723091125
UCC3gGKJuchLXL7i80Kq_S8Q,UCEhb2xQvz_qU3wyUo5MUkLA,5,0.20009121,0.13210834562778473
UCC4NkFV-L-vVYD5z_Ei5dUA,UCCOM5OkoyUFJa5T4kJn3r0g,11,0.39297822,0.18792887032032013
UCC4NkFV-L-vVYD5z_Ei5dUA,UCCb4JEa7itqmHTilclgTmcA,6,0.25964493,0.19680559635162354
UCC4NkFV-L-vVYD5z_Ei5dUA,UCCflFNkyeaY7vRAzLmSO60g,6,0.21447344,0.13387960195541382
UCC4NkFV-L-vVYD5z_Ei5dUA,UCEWw6AKlR_F5_pbc_GOOIBg,9,0.4002803,0.1847013682126999
UCC4NkFV-L-vVYD5z_Ei5dUA,UCEXFjZTS3pRDxEnVvG41FDQ,4,0.13272357,0.13745534420013428
UCC4NkFV-L-vVYD5z_Ei5dUA,UCEixleMT76xDzoiEb9ZA7XA,32,1.3644516,0.27326664328575134
UCC4NkFV-L-vVYD5z_Ei5dUA,UCFdBehO71GQaIom4WfVeGSw,15,0.59039813,0.14575110375881195
UCC4NkFV-L-vVYD5z_Ei5dUA,UCFo4kqllbcQ4nV83WCyraiw,25,1.1447511,0.2185635268688202
UCC4NkFV-L-vVYD5z_Ei5dUA,UCIR8bP-MIXHwTPkUjcnjBCw,4,0.25096154,0.16494183242321014
UCC4NkFV-L-vVYD5z_Ei5dUA,UCPzSiosPjlAmQuO5VjYQFzg,8,0.36290833,0.15414530038833618
UCC4NkFV-L-vVYD5z_Ei5dUA,UCY92Ma2-tzt8LLqodw9UF0g,4,0.29329735,0.12279985845088959
UCC4NkFV-L-vVYD5z_Ei5dUA,UCaG7jufgiw4p5mphPPVbqhw,3,0.28382352,0.17179833352565765
UCCDBm5As0AtPlZ4P36WQ1NQ,UCDvZpvrjCMfNDMasZEmkFuQ,8,0.40317017,0.12464774399995804
UCCDBm5As0AtPlZ4P36WQ1NQ,UCL6F7R0unHipZwsXJ3hVHzg,4,1.1187036,0.4913131892681122
UCCDBm5As0AtPlZ4P36WQ1NQ,UCL_DnEu_JXWKp1VqH-q5i0Q,5,0.2805754,0.1652933806180954
UCCDBm5As0AtPlZ4P36WQ1NQ,UCQ6LI1xmwjCHYR-lWvZHR8Q,3,0.31066176,0.20727986097335815
UCCDBm5As0AtPlZ4P36WQ1NQ,UCSV7XsNgbtIjK2sBLrhpZ4A,11,0.81205404,0.17875684797763824
UCCDBm5As0AtPlZ4P36WQ1NQ,UCVMtuJGkv1Q7t9LXfVF2E6Q,7,0.40595117,0.22210915386676788
UCCKpgUH53J2Qg1x48oFKM2Q,UCDfzsr9f8DKJkQTBdJApflw,3,0.09304813,0.2186756730079651
UCCQYJ-b1xlnq1seddV6c-ug,UCFbp2XdRpKfk7mYt_uT8dxw,3,0.11638361,0.17662227153778076
UCCTdYItHTc6aueMRyRVbdPQ,UCD7hoq_imKSpKasLuFBHJ6A,4,0.13808107,0.14509858191013336
UCCUjaZPl3qiUuYZQkzY4raQ,UCFe4Awqc4Z9JcfnCIn04wnA,3,0.13711433,1.0
UCCb4JEa7itqmHTilclgTmcA,UCEixleMT76xDzoiEb9ZA7XA,5,0.2160344,0.15496709942817688
UCCcey5CP5GDZeom987gqTdg,UCFo4kqllbcQ4nV83WCyraiw,3,0.13442461,0.1250620186328888
UCCflFNkyeaY7vRAzLmSO60g,UCEixleMT76xDzoiEb9ZA7XA,6,0.20583875,0.12159817665815353
UCCflFNkyeaY7vRAzLmSO60g,UCFbp2XdRpKfk7mYt_uT8dxw,3,0.12774725,0.13064396381378174
UCCflFNkyeaY7vRAzLmSO60g,UCFdBehO71GQaIom4WfVeGSw,6,0.21101189,0.15365448594093323
UCCiOsYX3Q3wtgvtep-x_yjA,UCHXgFLFyqR-XqtxfTH3qiYA,3,0.12614942,0.33297038078308105
UCCp9Q2JCLjOenDa63FJi_Ag,UCDn8Lqf-x0zD8hmFUg08f6w,3,0.09458875,0.15855729579925537
UCCp9Q2JCLjOenDa63FJi_Ag,UCFdBehO71GQaIom4WfVeGSw,4,0.1291775,0.12422037124633789
UCCp9Q2JCLjOenDa63FJi_Ag,UCFo4kqllbcQ4nV83WCyraiw,5,0.1797986,0.13371865451335907
UCD-R2Y7wTvYMWIcBmob6a2A,UCIQtDoeW36USisFNNUfg5yg,3,0.15396328,0.14313974976539612
UCD4vf51DU8M2lBKitZhNxgQ,UCPzSiosPjlAmQuO5VjYQFzg,3,0.09606481,0.14484716951847076
UCD7hoq_imKSpKasLuFBHJ6A,UCDCmm9RQ3NAlMsaDtKQUiOg,4,0.18325523,0.1929272711277008
UCD7hoq_imKSpKasLuFBHJ6A,UCDJLA5RSBZkMyv0TbTokFnw,5,0.15694267,0.14615777134895325
UCD7hoq_imKSpKasLuFBHJ6A,UCEixleMT76xDzoiEb9ZA7XA,14,0.53492934,0.17489175498485565
UCD7hoq_imKSpKasLuFBHJ6A,UCKud3SBtyRB45Yiij_EeC7g,3,0.1254902,0.13275673985481262
UCDCmm9RQ3NAlMsaDtKQUiOg,UCDfzsr9f8DKJkQTBdJApflw,3,0.1429404,0.1681758314371109
UCDCmm9RQ3NAlMsaDtKQUiOg,UCK_aHj_Ooyg7sGV4GYQsz0g,3,0.12037037,0.12434191256761551
UCDFUIHM-_G3GRwUlo6r7KxA,UCaPJaMy0_OZlNjq7BVyTnkA,3,0.34347826,0.5445709824562073
UCDHVK-W8XCARucIYu64MJQw,UCEixleMT76xDzoiEb9ZA7XA,7,0.28595236,0.1284148246049881
UCDHVK-W8XCARucIYu64MJQw,UCFdBehO71GQaIom4WfVeGSw,7,0.3569173,0.19757294654846191
UCDJLA5RSBZkMyv0TbTokFnw,UCGX0i593ciGvM-6hY3yg0Dg,3,0.09817634,0.152501180768013
UCDJLA5RSBZkMyv0TbTokFnw,UCJFzpJDW1yyaCBUZxmAz-3g,3,0.11234637,0.12775596976280212
UCDJLA5RSBZkMyv0TbTokFnw,UCKud3SBtyRB45Yiij_EeC7g,4,0.121384636,0.21204742789268494
UCDampMTmVkf0D3rCvQP2R7A,UCW01sMEVYQdhcvkrhbxdBpw,3,0.36363637,0.457744300365448
UCDdZOqCzvX9Tp86ntGzVDsQ,UCDvZpvrjCMfNDMasZEmkFuQ,5,0.21280445,0.19241110980510712
UCDe1U0tcuU-UsSJsbSEsGuA,UCECfnRv8lSbn90zCAJWC7cg,4,0.15228564,0.20263777673244476
UCDfzsr9f8DKJkQTBdJApflw,UCEUA7h_dCKi4OOciRaryotA,4,0.16138464,0.18068991601467133
UCDfzsr9f8DKJkQTBdJApflw,UCFo4kqllbcQ4nV83WCyraiw,9,0.34729612,0.12097129225730896
UCDgLoYnv_7vLqjzww2XioZw,UCFy2R0BE58JGfJuM5jUd4Yg,3,0.092857145,0.15557333827018738
UCDgLoYnv_7vLqjzww2XioZw,UCMnKXHHgAIJH_zfd8W6dW0Q,4,0.16750422,0.31041330099105835
UCDgLoYnv_7vLqjzww2XioZw,UCPzSiosPjlAmQuO5VjYQFzg,4,0.15908672,0.16937066614627838
UCDn8Lqf-x0zD8hmFUg08f6w,UCOUu8YlbaPz0W2TyFTZHvjA,4,0.17955884,0.14777642488479614
UCDn8Lqf-x0zD8hmFUg08f6w,UCOg6P-Ne5Hdd5tDtcOHDd-Q,3,0.14285713,0.17716866731643677
UCDvZpvrjCMfNDMasZEmkFuQ,UCEUA7h_dCKi4OOciRaryotA,5,0.18335365,0.14131048321723938
UCDvZpvrjCMfNDMasZEmkFuQ,UCF5_b1FCKAX_GvRu7ePMG3w,5,0.23243836,0.13024093210697174
UCDvZpvrjCMfNDMasZEmkFuQ,UCFO5v1aSGEiCBa1J1_A7rtg,3,0.18166667,0.1384139358997345
UCDvZpvrjCMfNDMasZEmkFuQ,UCFm8u_ygHo24HeZCYygPygg,6,0.227823,0.14073218405246735
UCDvZpvrjCMfNDMasZEmkFuQ,UCGMHzu51c4xIdBwU-CLq5XA,3,0.14633486,0.15068888664245605
UCDvZpvrjCMfNDMasZEmkFuQ,UCJI0Zz7WomTTAx6lQw-HC_Q,8,0.31410992,0.185556098818779
UCDvZpvrjCMfNDMasZEmkFuQ,UCKud3SBtyRB45Yiij_EeC7g,5,0.14770041,0.12020234018564224
UCDvZpvrjCMfNDMasZEmkFuQ,UCLyLesqvKaQwrGZg0cC6qRA,4,0.19425476,0.18917706608772278
UCDvZpvrjCMfNDMasZEmkFuQ,UCO8oZT0EhBW7HMqHg2EorHQ,3,0.13191177,0.15552566945552826
UCDvZpvrjCMfNDMasZEmkFuQ,UChe0E-hCaRtYN1YEhsN73pQ,3,0.1437037,0.15367399156093597
UCDvZpvrjCMfNDMasZEmkFuQ,UCk7YkjB08lzyUuLO2jUJmZw,3,0.17636365,0.14330877363681793
UCDvZpvrjCMfNDMasZEmkFuQ,UCmjOmXcwVXN3SOnW7tCO3vQ,6,0.29910398,0.17966541647911072
UCDxAawc6cuMP7bVQTIKLF1w,UCYhXmcP7xSyGd5RFe15YJOg,4,0.18943714,0.15380658209323883
UCE-lBtQTa3A8gYgbl8xRMig,UCJ-l-sMQFHogSy8KXRyMIRA,3,0.14404762,0.13073673844337463
UCE-lBtQTa3A8gYgbl8xRMig,UCOUu8YlbaPz0W2TyFTZHvjA,4,0.1735889,0.14051957428455353
UCE-lBtQTa3A8gYgbl8xRMig,UCS5dVIXy8SYcIMWRmEI-_3A,3,0.13227513,0.1405477374792099
UCE8qPb4i2vMjLlnRHJXmL1w,UCG_oqDSlIYEspNpd2H4zWhw,3,0.16396013,0.16259139776229858
UCECfnRv8lSbn90zCAJWC7cg,UCJyGoLz_sLHHHI1uEPg6UhA,3,0.106481485,0.13781879842281342
UCECfnRv8lSbn90zCAJWC7cg,UCL6JY2DXJNDOIqCP1CRADng,7,0.30933735,0.15372322499752045
UCECfnRv8lSbn90zCAJWC7cg,UCLC5Mv8VO-VM8wfrn1Twohw,3,0.11552794,0.1819656938314438
UCECfnRv8lSbn90zCAJWC7cg,UCLbv0iWDAqgEw60Dn2Rv5CQ,4,0.14377163,0.16352258622646332
UCECfnRv8lSbn90zCAJWC7cg,UCMAUI5oKmP5nLITD-u9S8dw,5,0.2165319,0.18266840279102325
UCECfnRv8lSbn90zCAJWC7cg,UCPzzBZLtD6DdHYfdGMqFqiw,5,0.2569173,0.24193459749221802
UCECfnRv8lSbn90zCAJWC7cg,UCS6qtGykYasxuACtMD75K_w,3,0.109927066,0.2627386152744293
UCECfnRv8lSbn90zCAJWC7cg,UCTxDz8sXbnpYAfulQMRFNEQ,4,0.20027845,0.2915246784687042
UCECfnRv8lSbn90zCAJWC7cg,UCiJwlAlhqeglBcDtqj55pjQ,3,0.17802343,0.21978865563869476
UCEEwwILrD4mkfgeqZKtKz8A,UCEhb2xQvz_qU3wyUo5MUkLA,3,0.13215686,0.16565169394016266
UCEEwwILrD4mkfgeqZKtKz8A,UCGX0i593ciGvM-6hY3yg0Dg,3,0.13375604,0.22716180980205536
UCEMQJKLijEgRjV5aC8CwYVQ,UCF5_b1FCKAX_GvRu7ePMG3w,3,0.09772358,0.16275614500045776
UCEMQJKLijEgRjV5aC8CwYVQ,UCFO5v1aSGEiCBa1J1_A7rtg,3,0.15216804,0.34460875391960144
UCEO389HqxYFp7WhfmXV-5WQ,UCPzSiosPjlAmQuO5VjYQFzg,3,0.10180375,0.17295454442501068
UCETjSSYWFly4vS0YkzcKTBA,UCPzSiosPjlAmQuO5VjYQFzg,3,0.09481074,0.2178463488817215
UCEUA7h_dCKi4OOciRaryotA,UCJI0Zz7WomTTAx6lQw-HC_Q,4,0.15797237,0.21549251675605774
UCEUA7h_dCKi4OOciRaryotA,UCZnndFCPnK1EC2PERlGvwOA,3,0.25666666,0.5021277070045471
UCEUA7h_dCKi4OOciRaryotA,UCmjOmXcwVXN3SOnW7tCO3vQ,3,0.12249159,0.16990497708320618
UCEWw6AKlR_F5_pbc_GOOIBg,UCEixleMT76xDzoiEb9ZA7XA,8,0.28480276,0.12436813861131668
UCEWw6AKlR_F5_pbc_GOOIBg,UCFo4kqllbcQ4nV83WCyraiw,7,0.3142272,0.13081178069114685
UCEWw6AKlR_F5_pbc_GOOIBg,UCG_oqDSlIYEspNpd2H4zWhw,4,0.18499874,0.12735559046268463
UCEWw6AKlR_F5_pbc_GOOIBg,UCKnAJC2VKxQeNXJJRKUQViw,3,0.11549236,0.15081755816936493
UCEWw6AKlR_F5_pbc_GOOIBg,UCMAUI5oKmP5nLITD-u9S8dw,3,0.1165261,0.12442692369222641
UCEXCEsV_t1X_d4gSirFLgvA,UCGRqql4D56uvMAo2uPbGEJA,3,0.12966862,0.3682810366153717
UCEbAXLRkQKcChYgi4zSudyw,UCM4qOCYKzBbuK1qK3YW9Fvg,3,0.18660969,0.45020413398742676
UCEbisyY58j2x1DY2Oth7WyA,UCFo4kqllbcQ4nV83WCyraiw,3,0.11908038,0.14321944117546082
UCEd-UViXbnKaAscbQeMoT-g,UCEixleMT76xDzoiEb9ZA7XA,3,0.131203,0.12413901090621948
UCEdcHQhfWM3Lyz-Lpt0_c4g,UCEixleMT76xDzoiEb9ZA7XA,5,0.22256579,0.1472036987543106
UCEdcHQhfWM3Lyz-Lpt0_c4g,UCFdBehO71GQaIom4WfVeGSw,4,0.1518308,0.12378232926130295
UCEdcHQhfWM3Lyz-Lpt0_c4g,UCLrqoy6FiCWAoMbKAPdSn0g,3,0.11894737,0.1603517234325409
UCEf_Bc-KVd7onSeifS3py9g,UCFdBehO71GQaIom4WfVeGSw,3,0.1451282,0.16143275797367096
UCEf_Bc-KVd7onSeifS3py9g,UCFo4kqllbcQ4nV83WCyraiw,3,0.14666668,0.12617433071136475
UCEgdi0XIXXZ-qJOFPf4JSKw,UCOpNcN46UbXVtpKMrmU4Abg,4,0.16462521,0.7036350965499878
UCEhb2xQvz_qU3wyUo5MUkLA,UCFO5v1aSGEiCBa1J1_A7rtg,5,0.21307924,0.25979509949684143
UCEhb2xQvz_qU3wyUo5MUkLA,UCFo4kqllbcQ4nV83WCyraiw,6,0.32145378,0.12333868443965912
UCEhb2xQvz_qU3wyUo5MUkLA,UCNFRU-8ZN2RCslr1S-th0ag,5,0.24961719,0.3511086404323578
UCEixleMT76xDzoiEb9ZA7XA,UCFdBehO71GQaIom4WfVeGSw,25,1.0033344,0.23440754413604736
UCEixleMT76xDzoiEb9ZA7XA,UCFo4kqllbcQ4nV83WCyraiw,34,1.631874,0.29485753178596497
UCEixleMT76xDzoiEb9ZA7XA,UCFso7FM7bmlv5bkVQ3ovvLw,7,0.26264963,0.12658219039440155
UCEixleMT76xDzoiEb9ZA7XA,UCG7FPicHPJXg6romhe0t92g,4,0.14029762,0.14863428473472595
UCEixleMT76xDzoiEb9ZA7XA,UCG_oqDSlIYEspNpd2H4zWhw,12,0.41692445,0.12457449734210968
UCEixleMT76xDzoiEb9ZA7XA,UCMAUI5oKmP5nLITD-u9S8dw,5,0.29813218,0.13817280530929565
UCEixleMT76xDzoiEb9ZA7XA,UCS02b3Y9RCzsT2k4no6LN-g,3,0.24114943,0.16274411976337433
UCEixleMT76xDzoiEb9ZA7XA,UCVC4gwk42731pbweE6abiPw,7,0.3382353,0.2062627077102661
UCEixleMT76xDzoiEb9ZA7XA,UCZ3aNA6C5VxBi_b_SV_XAxA,5,0.2576316,0.16241106390953064
UCEmUvweJwQ1EeUqb-dk8FkA,UCNJRaN9NIAbCXpDa_hAKd3g,3,0.12527233,0.18631525337696075
UCEnIm3PHBjYjtwZdPnJwBxw,UCFdBehO71GQaIom4WfVeGSw,3,0.11549859,0.12807467579841614
UCF5_b1FCKAX_GvRu7ePMG3w,UCFdWZBIzt-7tXsJ49chLRsA,3,0.09416282,0.1760345846414566
UCF5_b1FCKAX_GvRu7ePMG3w,UCIaQKvzS2QFoV9GWTXZ_YDQ,3,0.10350807,0.1589275449514389
UCF5_b1FCKAX_GvRu7ePMG3w,UCOX7X_ddhi1oXurSbJsk45Q,3,0.1055914,0.15204793214797974
UCF7IKesFOYQb34uzNiuNDqQ,UCFdBehO71GQaIom4WfVeGSw,4,0.15869749,0.1514798253774643
UCF8lcwSrRR4ilXDod5SFvUQ,UCFo4kqllbcQ4nV83WCyraiw,6,0.3319556,0.12044677138328552
UCF8lcwSrRR4ilXDod5SFvUQ,UCGGsKQVinW2cgQL3YfufeKQ,3,0.11455669,0.1431868076324463
UCF8lcwSrRR4ilXDod5SFvUQ,UCK_aHj_Ooyg7sGV4GYQsz0g,4,0.31857148,0.205224871635437
UCF8lcwSrRR4ilXDod5SFvUQ,UCL4IyCAYPe7UNe9kmmjCUcA,4,0.20249614,0.14480817317962646
UCF8lcwSrRR4ilXDod5SFvUQ,UCSV7XsNgbtIjK2sBLrhpZ4A,5,0.36400974,0.13090060651302338
UCFBjsYvwX7kWUjQoW7GcJ5A,UCFdBehO71GQaIom4WfVeGSw,4,0.16214986,0.12568049132823944
UCFDL0NuxUBAvvu1PnIwW2ww,UCFdBehO71GQaIom4WfVeGSw,3,0.11941177,0.12792876362800598
UCFDL0NuxUBAvvu1PnIwW2ww,UCFo4kqllbcQ4nV83WCyraiw,4,0.15828082,0.1311442106962204
UCFXl12dZUPs7MLy_dMkMZYw,UCG_oqDSlIYEspNpd2H4zWhw,3,0.23400673,0.17224211990833282
UCFXl12dZUPs7MLy_dMkMZYw,UCb9h8EpBlGHv9Z896fu4yeQ,3,0.23395446,0.2606198489665985
UCFbp2XdRpKfk7mYt_uT8dxw,UCFdBehO71GQaIom4WfVeGSw,8,0.31878877,0.12893380224704742
UCFbp2XdRpKfk7mYt_uT8dxw,UCGhikPUeW2ITXvbdpjtEbkw,3,0.14437287,0.15723857283592224
UCFbp2XdRpKfk7mYt_uT8dxw,UCISg6B0UZg0zcUN6jkoDLNw,3,0.12460127,0.15853694081306458
UCFbp2XdRpKfk7mYt_uT8dxw,UCN8IoQLjmcoPzY_kLg7cg7g,4,0.15856215,0.14843624830245972
UCFbp2XdRpKfk7mYt_uT8dxw,UCOPQ4nWRjA6BTwPE2hIiPTg,6,0.42694306,0.34822115302085876
UCFdBehO71GQaIom4WfVeGSw,UCFo4kqllbcQ4nV83WCyraiw,29,1.1997039,0.2672010064125061
UCFdBehO71GQaIom4WfVeGSw,UCGynN2H7DcNjpN7Qng4dZmg,3,0.118787885,0.13676568865776062
UCFdBehO71GQaIom4WfVeGSw,UCH3goNChaODS4vVO3yZjacQ,4,0.14978214,0.1727685034275055
UCFdBehO71GQaIom4WfVeGSw,UCH5YwlO6r8O8miT1ryatYYQ,4,0.15719461,0.1321166455745697
UCFdBehO71GQaIom4WfVeGSw,UCIVqvhyo8ttjYOmMJuhq_YQ,3,0.12894881,0.1307424157857895
UCFdBehO71GQaIom4WfVeGSw,UCNsidkYpIAQ4QaufptQBPHQ,3,0.1754902,0.17857371270656586
UCFdWZBIzt-7tXsJ49chLRsA,UCQl3McRMLtGBKvma3Z2ANig,3,0.11559139,0.4795677661895752
UCFkVVgEo5E2Gk79Ah8uM7kw,UCFo4kqllbcQ4nV83WCyraiw,6,0.21934524,0.14006122946739197
UCFm8u_ygHo24HeZCYygPygg,UCOcQ68ppAk_ezdSNKzlP81Q,3,0.116448805,0.2776552736759186
UCFo4kqllbcQ4nV83WCyraiw,UCG_oqDSlIYEspNpd2H4zWhw,11,0.431782,0.12299131602048874
UCFo4kqllbcQ4nV83WCyraiw,UCH3goNChaODS4vVO3yZjacQ,5,0.18311547,0.163353830575943
UCFo4kqllbcQ4nV83WCyraiw,UCIVqvhyo8ttjYOmMJuhq_YQ,4,0.15597583,0.1223083883523941
UCFo4kqllbcQ4nV83WCyraiw,UCJFzpJDW1yyaCBUZxmAz-3g,10,0.46415493,0.17665067315101624
UCFo4kqllbcQ4nV83WCyraiw,UCJI0Zz7WomTTAx6lQw-HC_Q,6,0.31512088,0.1337331235408783
UCFo4kqllbcQ4nV83WCyraiw,UCJINANTSM0FbvzuJpFyJfjg,4,0.16780186,0.15528683364391327
UCFo4kqllbcQ4nV83WCyraiw,UCJIdacp_G-lLdYYrKXWCH6w,3,0.1333063,0.15153299272060394
UCFo4kqllbcQ4nV83WCyraiw,UCJZVj2iBrdvbNc416i0V-UA,9,0.4350644,0.17633162438869476
UCFo4kqllbcQ4nV83WCyraiw,UCNhplGFoeT_ylmw0MNP_LqA,4,0.15151358,0.14427299797534943
UCFo4kqllbcQ4nV83WCyraiw,UCNlA_JiwrTZ1NxsryTRc_pg,4,0.1943834,0.1623227596282959
UCFo4kqllbcQ4nV83WCyraiw,UCQPPXy9LCznUQHHG_kh6Bpg,6,0.3003307,0.16652600467205048
UCFo4kqllbcQ4nV83WCyraiw,UCS02b3Y9RCzsT2k4no6LN-g,3,0.24114943,0.1551470309495926
UCFo4kqllbcQ4nV83WCyraiw,UCVARwuMmqP4tqQFUQm57oQQ,4,0.18761979,0.1411122828722
UCFo4kqllbcQ4nV83WCyraiw,UCVkVl4K1SbgS6nzuB6uT85A,5,0.25241667,0.12448325008153915
UCFo4kqllbcQ4nV83WCyraiw,UCXjTiSGclQLVVU83GVrRM4w,7,0.4008782,0.14846213161945343
UCFo4kqllbcQ4nV83WCyraiw,UC_x_e-SGSU-basLUFOQ6FJA,3,0.15948276,0.12569603323936462
UCFo4kqllbcQ4nV83WCyraiw,UCt_XAT1S9YQAhARMyMnXCzg,3,0.18108974,0.15715721249580383
UCFo4kqllbcQ4nV83WCyraiw,UCwKupwJ1EpdNH8Z98SKjY2Q,5,0.4116453,0.12248776853084564
UCGCZAYq5Xxojl_tSXcVJhiQ,UCGEuBdhV9JanULYiAtd9rAQ,3,0.16295877,0.24561765789985657
UCGCZAYq5Xxojl_tSXcVJhiQ,UCGkxhoVGXHXxHx-TKkacb2Q,3,0.15454546,0.20676365494728088
UCGCZAYq5Xxojl_tSXcVJhiQ,UCHk5QD2cZFzhUXcokAGXeqg,4,0.15639493,0.14804090559482574
UCGCZAYq5Xxojl_tSXcVJhiQ,UCKa_NCzd8zhw3m3eDJojHAQ,3,0.18166667,0.12018830329179764
UCGCZAYq5Xxojl_tSXcVJhiQ,UCLqv4vhAFj140bSh4W3EDDA,3,0.11847825,0.13745950162410736
UCGMHzu51c4xIdBwU-CLq5XA,UCSV7XsNgbtIjK2sBLrhpZ4A,3,0.16883485,0.12378762662410736
UCGX0i593ciGvM-6hY3yg0Dg,UCHwIfWguiXscH-VEdoAP9aQ,4,0.14886127,0.434019535779953
UCGX0i593ciGvM-6hY3yg0Dg,UCIQtDoeW36USisFNNUfg5yg,4,0.14369749,0.14552518725395203
UCGX0i593ciGvM-6hY3yg0Dg,UCKDHaChsg15O48nitYLZ2ow,3,0.11601732,0.23110170662403107
UCGX0i593ciGvM-6hY3yg0Dg,UCLN23ye5WYdjTTON4mgcFTA,5,0.21569306,0.473333477973938
UCGX0i593ciGvM-6hY3yg0Dg,UCVMtuJGkv1Q7t9LXfVF2E6Q,3,0.107509166,0.1376798450946808
UCGXU4lVXc9msfUkjNykA7TA,UCJhFv3A2dYQNwUgEAn6WPJw,3,0.106448814,0.17490501701831818
UCGXU4lVXc9msfUkjNykA7TA,UCKa_NCzd8zhw3m3eDJojHAQ,4,0.17703703,0.16558058559894562
UCG_oqDSlIYEspNpd2H4zWhw,UCKN1x9HADB_rGluUs6y_SLw,3,0.1665917,0.20690959692001343
UCG_oqDSlIYEspNpd2H4zWhw,UCLrRs5masRm4u8YaLLXU3zQ,3,0.12846154,0.1409943848848343
UCG_oqDSlIYEspNpd2H4zWhw,UCPMJKbrxtpARoTd1b49iUvA,4,0.15157337,0.13221383094787598
UCGl4oWkMUpTzcJpUI5dFeLA,UCL6JY2DXJNDOIqCP1CRADng,3,0.20624998,0.19285285472869873
UCHLGkgvgsSEe-2vLTQ7b42g,UCR5r-ZjTy9w-fdJ5UfXXelA,8,0.4531798,0.9465444087982178
UCHLGkgvgsSEe-2vLTQ7b42g,UCY8lDHJqxoyt06VjUXhk4QQ,3,0.1716792,0.5825920701026917
UCHLGkgvgsSEe-2vLTQ7b42g,UChWjjUTLKxhVN5mF4awH8Iw,4,0.26666665,0.726089358329773
UCHgmn654dSJaE6cSWzwYMDw,UCkMbW8airnw23oEJVJUD8pg,3,0.30114943,0.815432071685791
UCHi5HD9w9B-gI6Lbx43Rs7A,UCL6JY2DXJNDOIqCP1CRADng,3,0.11363637,0.1450345665216446
UCHk4PXQ2hSGT_B9lqH-redQ,UCXFKps1F7LeX1BFJjefDjUA,3,0.14096154,0.1817643642425537
UCI2my7nm4HZdkM5JWjB_JXQ,UCLqv4vhAFj140bSh4W3EDDA,3,0.116666675,0.2534387409687042
UCI3WAlb0djrpodA-2-aa9Hg,UCMUlmS8pieIFbNhN1SkeB8g,3,0.23703703,0.38550007343292236
UCIQtDoeW36USisFNNUfg5yg,UCPcDzdFvEc5fQwT2n4SXnqg,4,0.13360606,0.13845887780189514
UCIQtDoeW36USisFNNUfg5yg,UCVC4gwk42731pbweE6abiPw,3,0.12762606,0.14453458786010742
UCIoTgYjd_F9cD3gxgE7Lk8A,UCSV7XsNgbtIjK2sBLrhpZ4A,3,0.34166664,0.18145763874053955
UCItw50IoBdl7nZgZsK-66mg,UCKDHaChsg15O48nitYLZ2ow,4,0.16512606,0.19171497225761414
UCItw50IoBdl7nZgZsK-66mg,UCLrqoy6FiCWAoMbKAPdSn0g,6,0.21941178,0.14214672148227692
UCJFzpJDW1yyaCBUZxmAz-3g,UCJZVj2iBrdvbNc416i0V-UA,3,0.1417004,0.1268925964832306
UCJFzpJDW1yyaCBUZxmAz-3g,UCJyGoLz_sLHHHI1uEPg6UhA,3,0.12476054,0.18685747683048248
UCJFzpJDW1yyaCBUZxmAz-3g,UCKeSbR4kQK4RAPsrLVKJjCQ,3,0.10556119,0.19362525641918182
UCJFzpJDW1yyaCBUZxmAz-3g,UCPMJKbrxtpARoTd1b49iUvA,3,0.13401979,0.15619435906410217
UCJI0Zz7WomTTAx6lQw-HC_Q,UCL6F7R0unHipZwsXJ3hVHzg,4,0.15574074,0.13069024682044983
UCJI0Zz7WomTTAx6lQw-HC_Q,UClgRkhTL3_hImCAmdLfDE4g,3,0.20203704,0.20916129648685455
UCJI0Zz7WomTTAx6lQw-HC_Q,UCmjOmXcwVXN3SOnW7tCO3vQ,4,0.17966862,0.19102086126804352
UCJOGhcQGkbDJXzXEk54Ro5g,UCJZVj2iBrdvbNc416i0V-UA,3,0.10900673,0.14801836013793945
UCJOGhcQGkbDJXzXEk54Ro5g,UCKa_NCzd8zhw3m3eDJojHAQ,3,0.10727513,0.1410122811794281
UCJZVj2iBrdvbNc416i0V-UA,UCOF2nUSKF2Mz_vZHlxjxRTg,3,0.121553876,0.34047025442123413
UCJZVj2iBrdvbNc416i0V-UA,UCPKsFwt9ACF-EnJM3xN8wyQ,3,0.12514493,0.12958143651485443
UCJZVj2iBrdvbNc416i0V-UA,UCZZ0UGjWsRdM8_5bsqtxYaQ,3,0.14069264,0.3662945628166199
UCJc_jL0yOBGychLgiTCGtPw,UCNJRaN9NIAbCXpDa_hAKd3g,3,0.09024126,0.28572916984558105
UCJhjE7wbdYAae1G25m0tHAA,UCQINXHZqCU5i06HzxRkujfg,4,0.18603954,0.4383874535560608
UCKAXg84Mg4FighZJ14bxJvA,UCQ6LI1xmwjCHYR-lWvZHR8Q,3,0.112745106,0.22230081260204315
UCK_AZk7XDzR3BBC02uVuRdQ,UCLQjJbthlzuuKsr4tpxnVjw,3,0.122459896,0.27947819232940674
UCK_AZk7XDzR3BBC02uVuRdQ,UCLrqoy6FiCWAoMbKAPdSn0g,5,0.17912872,0.1437116414308548
UCK_AZk7XDzR3BBC02uVuRdQ,UCNkl6sk3xpHcSpIfiuV2AIA,3,0.15538463,0.1882120817899704
UCK_AZk7XDzR3BBC02uVuRdQ,UCVMtuJGkv1Q7t9LXfVF2E6Q,3,0.13506493,0.12484679371118546
UCK_aHj_Ooyg7sGV4GYQsz0g,UCM6d-vEHLVFMdohds1_FFYw,3,0.14526315,0.22915957868099213
UCK_aHj_Ooyg7sGV4GYQsz0g,UCSV7XsNgbtIjK2sBLrhpZ4A,4,0.48285717,0.14635378122329712
UCK_aHj_Ooyg7sGV4GYQsz0g,UCWp8Zl7kiqL7rQ23CoRbcag,3,0.17406014,0.17030031979084015
UCK_aHj_Ooyg7sGV4GYQsz0g,UCZj8PZ_0d0rh0ivbNWAiD7g,3,0.31601733,0.19254283607006073
UCK_aHj_Ooyg7sGV4GYQsz0g,UCcVsE4_iMsrRYyDE6tHoWaA,3,0.22077924,0.1543682962656021
UCKud3SBtyRB45Yiij_EeC7g,UCLcl5uLW6W1LjeQKJhFy4Xg,4,0.15319306,0.41716188192367554
UCKud3SBtyRB45Yiij_EeC7g,UCSz3UBZ1WuBJ-6_bcgoRwbg,5,0.2658725,0.39791181683540344
UCL4IyCAYPe7UNe9kmmjCUcA,UCLrqoy6FiCWAoMbKAPdSn0g,5,0.2117456,0.1536949723958969
UCL4IyCAYPe7UNe9kmmjCUcA,UCMnKXHHgAIJH_zfd8W6dW0Q,3,0.09481075,0.12464059144258499
UCL4IyCAYPe7UNe9kmmjCUcA,UCNBWx9JET3iRoCXliY2G4rQ,4,0.14253154,0.1927889734506607
UCL4IyCAYPe7UNe9kmmjCUcA,UCW3MY7gdx-Gmha9IIx-EGfg,4,0.13775912,0.1443496197462082
UCL4IyCAYPe7UNe9kmmjCUcA,UCliZ4UHWUq2Y3rWdjqekxsQ,4,0.2933723,0.16318868100643158
UCL6F7R0unHipZwsXJ3hVHzg,UCRRc9jvc6LP-MO2Cf0E7ZZA,3,0.10335283,0.1548205465078354
UCL6F7R0unHipZwsXJ3hVHzg,UChe0E-hCaRtYN1YEhsN73pQ,3,0.1437037,0.21829698979854584
UCL6F7R0unHipZwsXJ3hVHzg,UCmjOmXcwVXN3SOnW7tCO3vQ,3,0.1437037,0.12261895835399628
UCL6JY2DXJNDOIqCP1CRADng,UCLqv4vhAFj140bSh4W3EDDA,3,0.19999999,0.2079242467880249
UCL6JY2DXJNDOIqCP1CRADng,UCLubQ17jEPLmYmfQ0KW7dGA,3,0.11527313,0.15732033550739288
UCL6JY2DXJNDOIqCP1CRADng,UCPzzBZLtD6DdHYfdGMqFqiw,4,0.1669173,0.12438555061817169
UCL6JY2DXJNDOIqCP1CRADng,UCU607BfClX724VqZZ9zWWcA,6,0.2326905,0.3024996221065521
UCL6JY2DXJNDOIqCP1CRADng,UCVkVl4K1SbgS6nzuB6uT85A,3,0.22228506,0.1656367927789688
UCLC5Mv8VO-VM8wfrn1Twohw,UCVvVfg6FUYUtM71nDykgNZA,3,0.101461455,0.4278736710548401
UCLQjJbthlzuuKsr4tpxnVjw,UCLrqoy6FiCWAoMbKAPdSn0g,3,0.098119125,0.21977858245372772
UCL_DnEu_JXWKp1VqH-q5i0Q,UCSV7XsNgbtIjK2sBLrhpZ4A,6,0.38785356,0.17562513053417206
UCL_DnEu_JXWKp1VqH-q5i0Q,UCVMtuJGkv1Q7t9LXfVF2E6Q,5,0.29694444,0.3342019319534302
UCLcqrpFhRlJnm6etuLQblWg,UCP2gnyy_-ToZeIDw6qeI6HA,3,0.17167918,0.18846090137958527
UCLrqoy6FiCWAoMbKAPdSn0g,UCMdFdPJsBa6MrGC1AnLayjA,4,0.17061402,0.19403457641601562
UCLrqoy6FiCWAoMbKAPdSn0g,UCNFRU-8ZN2RCslr1S-th0ag,3,0.14490412,0.19563701748847961
UCLrqoy6FiCWAoMbKAPdSn0g,UCNGDsyvB0CURXJPwYeufsKg,4,0.14845939,0.1874081790447235
UCLrqoy6FiCWAoMbKAPdSn0g,UCPcsc6rdDo70m47Jd1TxLhg,3,0.0952813,0.15741325914859772
UCLrqoy6FiCWAoMbKAPdSn0g,UCVMtuJGkv1Q7t9LXfVF2E6Q,5,0.23781219,0.2157479077577591
UCLrqoy6FiCWAoMbKAPdSn0g,UCXFKps1F7LeX1BFJjefDjUA,4,0.16557588,0.14359179139137268
UCLrqoy6FiCWAoMbKAPdSn0g,UCb_a-fPfpri7C6-KrUrnk5Q,3,0.09926855,0.14697058498859406
UCMAEQdzGckZ9FMWJv8tz2zA,UCY92Ma2-tzt8LLqodw9UF0g,3,0.18859647,0.19706520438194275
UCMAUI5oKmP5nLITD-u9S8dw,UCW3MY7gdx-Gmha9IIx-EGfg,3,0.0916723,0.12501448392868042
UCMF3_IR9TQvAzjkQoNl-47Q,UCPzSiosPjlAmQuO5VjYQFzg,3,0.14253154,0.21954414248466492
UCMF3_IR9TQvAzjkQoNl-47Q,UCT9cFrlnfy1-XLf0Vuy0Zzw,3,0.11824004,0.12954451143741608
UCMF3_IR9TQvAzjkQoNl-47Q,UCWj_vk_I1S_Bh6yWmLALq3g,3,0.16620879,0.4140380918979645
UCMIWtc0uU6tBUlYZKL2D-gA,UCPlTtgZkoZIl5TorUei3iXg,3,0.10819965,0.47974345088005066
UCMcPUQ32zjHF_pkfn_24LkQ,UCZ6AXSKWO2AIi5RkSRlPP2A,3,0.22083333,0.40527278184890747
UCMnKXHHgAIJH_zfd8W6dW0Q,UCPzSiosPjlAmQuO5VjYQFzg,5,0.18828899,0.2794038951396942
UCMnKXHHgAIJH_zfd8W6dW0Q,UCYhXmcP7xSyGd5RFe15YJOg,3,0.15795454,0.1492440551519394
UCMtyb2Cl-zJpP3jpPgnmrGQ,UCS5dVIXy8SYcIMWRmEI-_3A,3,0.15189713,0.32549065351486206
UCN1w0Esm19bl7kMh5O23y-w,UCS2c1gBDV-y26r2tJ3ED5FA,3,0.11111111,0.16397586464881897
UCN8IoQLjmcoPzY_kLg7cg7g,UCW01sMEVYQdhcvkrhbxdBpw,3,0.103437744,0.12237736582756042
UCNBWx9JET3iRoCXliY2G4rQ,UCPzSiosPjlAmQuO5VjYQFzg,4,0.13264143,0.2025144398212433
UCNBWx9JET3iRoCXliY2G4rQ,UCW3MY7gdx-Gmha9IIx-EGfg,3,0.10407001,0.22044792771339417
UCNBWx9JET3iRoCXliY2G4rQ,UCfapRkagDtoQEkGeyD3uERQ,3,0.1946128,0.5068926811218262
UCNJRaN9NIAbCXpDa_hAKd3g,UCW3MY7gdx-Gmha9IIx-EGfg,3,0.09870687,0.12026842683553696
UCNeegoJ1LrlcpaKl8XGpt2A,UCgbjcHvWSPQ7en0LI5bMqJw,3,0.19597068,0.1952640265226364
UCNiurMpWExWgio2lqldycbA,UCPrjycK4eiQhUw2PnVIq7Gg,3,0.27678573,0.579628050327301
UCOOt1AsvDZoav6XjN6Tly1g,UCRC7S1jLmpTHBupG8RqBNXA,3,0.12402597,0.14230498671531677
UCOUu8YlbaPz0W2TyFTZHvjA,UCPzSiosPjlAmQuO5VjYQFzg,3,0.16083917,0.13065193593502045
UCOX7X_ddhi1oXurSbJsk45Q,UCPMJKbrxtpARoTd1b49iUvA,3,0.16157916,0.3048858046531677
UCOg6P-Ne5Hdd5tDtcOHDd-Q,UCU8hoxo5usUNE_CEJli5x2g,3,0.1280284,0.322940856218338
UCPJMlD3I7bAPQnoisLwiUAQ,UCVMtuJGkv1Q7t9LXfVF2E6Q,3,0.1642316,0.29318860173225403
UCPKsFwt9ACF-EnJM3xN8wyQ,UCQkweblNSECVohatSyswCjQ,3,0.10723409,0.26046136021614075
UCPKsFwt9ACF-EnJM3xN8wyQ,UCT9cFrlnfy1-XLf0Vuy0Zzw,5,0.21801823,0.15181680023670197
UCPMJKbrxtpARoTd1b49iUvA,UCPzzBZLtD6DdHYfdGMqFqiw,3,0.11612365,0.17537984251976013
UCPOY4MSNPc7dlNE--QQcMxg,UCSV7XsNgbtIjK2sBLrhpZ4A,3,0.30572754,0.17336367070674896
UCPzSiosPjlAmQuO5VjYQFzg,UCW3MY7gdx-Gmha9IIx-EGfg,3,0.1063492,0.12578681111335754
UCPzSiosPjlAmQuO5VjYQFzg,UClWdrIa7OsxFTROZ3e9FeEg,3,0.16894257,0.1843046098947525
UCPzSiosPjlAmQuO5VjYQFzg,UCrJNhVfj4BziaA_-2rHyHPg,4,0.2799534,0.4204029440879822
UCPzSiosPjlAmQuO5VjYQFzg,UCwKupwJ1EpdNH8Z98SKjY2Q,3,0.21634614,0.14321400225162506
UCQVhrypJhw1HxuRV4gX6hoQ,UCXjTiSGclQLVVU83GVrRM4w,3,0.12261904,0.19765359163284302
UCR5r-ZjTy9w-fdJ5UfXXelA,UCY8lDHJqxoyt06VjUXhk4QQ,3,0.1716792,0.6154935956001282
UCR5r-ZjTy9w-fdJ5UfXXelA,UChWjjUTLKxhVN5mF4awH8Iw,4,0.26666665,0.7670948505401611
UCRC7S1jLmpTHBupG8RqBNXA,UCVMtuJGkv1Q7t9LXfVF2E6Q,3,0.2025,0.1875174343585968
UCRC7S1jLmpTHBupG8RqBNXA,UCd0pUnH7i5CM-Y8xRe7cZVg,3,0.16701066,0.1343136429786682
UCRKVzYJ0LQ6-U1HXNI9iDzg,UCT9cFrlnfy1-XLf0Vuy0Zzw,4,0.12648466,0.15207922458648682
UCRKVzYJ0LQ6-U1HXNI9iDzg,UCk7YkjB08lzyUuLO2jUJmZw,3,0.16127947,0.4153066873550415
UCRRc9jvc6LP-MO2Cf0E7ZZA,UCS2c1gBDV-y26r2tJ3ED5FA,3,0.11952862,0.18646228313446045
UCRxKfiksKgWGCI59Ngyq1RQ,UCSV7XsNgbtIjK2sBLrhpZ4A,5,0.30496597,0.18372593820095062
UCS2c1gBDV-y26r2tJ3ED5FA,UCcVsE4_iMsrRYyDE6tHoWaA,3,0.40608466,0.32930663228034973
UCS5dVIXy8SYcIMWRmEI-_3A,UCY92Ma2-tzt8LLqodw9UF0g,3,0.15358159,0.1614173799753189
UCSV7XsNgbtIjK2sBLrhpZ4A,UCSz3UBZ1WuBJ-6_bcgoRwbg,3,0.30572754,0.1336059421300888
UCSV7XsNgbtIjK2sBLrhpZ4A,UCTli1Mbz7w9d6RBpXdKjSqw,5,0.5158015,0.1660856306552887
UCSV7XsNgbtIjK2sBLrhpZ4A,UCUuihBLgcL1v9Raof4r2JbA,5,0.21140076,0.13421927392482758
UCSV7XsNgbtIjK2sBLrhpZ4A,UCVC4gwk42731pbweE6abiPw,4,0.2127451,0.12257814407348633
UCSV7XsNgbtIjK2sBLrhpZ4A,UCVMtuJGkv1Q7t9LXfVF2E6Q,9,0.4606783,0.19373291730880737
UCSV7XsNgbtIjK2sBLrhpZ4A,UCY1eaC-ewZUgf40g1eY_L_g,4,0.31274506,0.12990765273571014
UCSV7XsNgbtIjK2sBLrhpZ4A,UCZ0cnr9vPX-vwQNvTz53U6w,3,0.17337166,0.15000860393047333
UCSV7XsNgbtIjK2sBLrhpZ4A,UC_uHj0h4ydb9WY9_F2PfoUA,4,0.37761903,0.19597560167312622
UCSV7XsNgbtIjK2sBLrhpZ4A,UCb29q7ta9rgxh-IV1FDkMEw,4,0.39372888,0.20861446857452393
UCSV7XsNgbtIjK2sBLrhpZ4A,UCiaKMLiO5mB5Vs4YncuapCQ,3,0.14092533,0.15441516041755676
UCSV7XsNgbtIjK2sBLrhpZ4A,UClWdrIa7OsxFTROZ3e9FeEg,5,0.30843785,0.14990341663360596
UCSV7XsNgbtIjK2sBLrhpZ4A,UCmjOmXcwVXN3SOnW7tCO3vQ,3,0.28545454,0.12208463251590729
UCSwW7Cgtn1Bq74YGiIY2UFg,UCWj_vk_I1S_Bh6yWmLALq3g,3,0.15773809,0.3489518463611603
UCT9cFrlnfy1-XLf0Vuy0Zzw,UCU0KURiKTupBYVCK8rgG7Rw,3,0.10644881,0.14205288887023926
UCT9cFrlnfy1-XLf0Vuy0Zzw,UCWd6SVIeuxSsSUKc7H237ow,3,0.13444445,0.18388593196868896
UCT9cFrlnfy1-XLf0Vuy0Zzw,UCZ6AXSKWO2AIi5RkSRlPP2A,3,0.1688701,0.12772762775421143
UCT9cFrlnfy1-XLf0Vuy0Zzw,UC_9UuV_nrWuPfioQEXMQSPw,4,0.2725258,0.2459975928068161
UCT9cFrlnfy1-XLf0Vuy0Zzw,UCcrpFRRYkH185Xb8D-JQT7Q,5,0.22596177,0.20366550981998444
UCT9cFrlnfy1-XLf0Vuy0Zzw,UCiJwlAlhqeglBcDtqj55pjQ,3,0.13966861,0.14290504157543182
UCT9cFrlnfy1-XLf0Vuy0Zzw,UCkkxn2ldlFUMupTlXU8meAw,4,0.4448531,0.293870747089386
UCTli1Mbz7w9d6RBpXdKjSqw,UCXFKps1F7LeX1BFJjefDjUA,3,0.16252169,0.12433567643165588
UCTli1Mbz7w9d6RBpXdKjSqw,UCliZ4UHWUq2Y3rWdjqekxsQ,5,0.5991348,0.3189381957054138
UCUCeZaZeJbEYAAzvMgrKOPQ,UCXjTiSGclQLVVU83GVrRM4w,3,0.11428571,0.14255249500274658
UCUCeZaZeJbEYAAzvMgrKOPQ,UCkkxn2ldlFUMupTlXU8meAw,3,0.17619047,0.247737318277359
UCUuihBLgcL1v9Raof4r2JbA,UCVMtuJGkv1Q7t9LXfVF2E6Q,3,0.15608466,0.2463107705116272
UCVARwuMmqP4tqQFUQm57oQQ,UCW01sMEVYQdhcvkrhbxdBpw,3,0.15058275,0.2599218487739563
UCVMtuJGkv1Q7t9LXfVF2E6Q,UCZnndFCPnK1EC2PERlGvwOA,3,0.18583333,0.27861687541007996
UCVMtuJGkv1Q7t9LXfVF2E6Q,UClWdrIa7OsxFTROZ3e9FeEg,3,0.22132352,0.26735377311706543
UCVMtuJGkv1Q7t9LXfVF2E6Q,UCpFgmZm65yOU5X-hmWkWjuw,3,0.16132353,0.22829163074493408
UCVkVl4K1SbgS6nzuB6uT85A,UCY92Ma2-tzt8LLqodw9UF0g,3,0.14961433,0.1618039906024933
UCW01sMEVYQdhcvkrhbxdBpw,UCXYlk6MXurenhAuTsUnpWrg,3,0.13256888,0.14808319509029388
UCW01sMEVYQdhcvkrhbxdBpw,UCfTnJmRQP79C4y_BMF_XrlA,3,0.1551282,0.12368051707744598
UCW3MY7gdx-Gmha9IIx-EGfg,UCYqW2zUJUFLP5qk3h_XBAAg,3,0.1573579,0.3954329490661621
UCWj_vk_I1S_Bh6yWmLALq3g,UCwKupwJ1EpdNH8Z98SKjY2Q,3,0.18704212,0.20024016499519348
UCX1xppLvuj03ubLio8jslyA,UCZf__ehlCEBPop-_sldpBUQ,5,0.48556995,0.6171875
UCXFKps1F7LeX1BFJjefDjUA,UCaKNw80Hs9M5qSdAp62lYFg,4,0.49238092,0.6143152713775635
UCXFKps1F7LeX1BFJjefDjUA,UCwz9GHmRYTKnvHOeYwy_u8w,3,0.45238096,0.6573285460472107
UCXjTiSGclQLVVU83GVrRM4w,UCebxxMx7lc2r7Vf0njXVJCQ,3,0.1412037,0.18890391290187836
UCXjTiSGclQLVVU83GVrRM4w,UCfTnJmRQP79C4y_BMF_XrlA,3,0.22007576,0.16437692940235138
UCXjTiSGclQLVVU83GVrRM4w,UCh_T6IQ2o2LbaSoeLLyyGSg,3,0.22007576,0.3810978829860687
UCYhXmcP7xSyGd5RFe15YJOg,UCpFgmZm65yOU5X-hmWkWjuw,3,0.26847824,0.2184726446866989
UCZ6AXSKWO2AIi5RkSRlPP2A,UCkkxn2ldlFUMupTlXU8meAw,3,0.13924466,0.16131170094013214
UCZ6AXSKWO2AIi5RkSRlPP2A,UCmD3ZX3hXhihuzVRVe5o27g,3,0.15872519,0.24335376918315887
UC_9UuV_nrWuPfioQEXMQSPw,UCiJwlAlhqeglBcDtqj55pjQ,4,0.22224438,0.47590288519859314
UC_9UuV_nrWuPfioQEXMQSPw,UCk7YkjB08lzyUuLO2jUJmZw,3,0.21515152,0.4159349799156189
UC_9UuV_nrWuPfioQEXMQSPw,UCkkxn2ldlFUMupTlXU8meAw,3,0.16127947,0.2229757308959961
UCaG7jufgiw4p5mphPPVbqhw,UCwKupwJ1EpdNH8Z98SKjY2Q,3,0.23144257,0.2183316946029663
UCaKNw80Hs9M5qSdAp62lYFg,UCwz9GHmRYTKnvHOeYwy_u8w,3,0.45238096,0.858641505241394
UCaoKBrqrmJ6HTak__VLeA1Q,UCliZ4UHWUq2Y3rWdjqekxsQ,4,0.20412563,0.20807909965515137
UCfTnJmRQP79C4y_BMF_XrlA,UCh_T6IQ2o2LbaSoeLLyyGSg,3,0.22007576,0.35748884081840515
UCfapRkagDtoQEkGeyD3uERQ,UCvwle25gm0dAecqQJjdBOng,3,0.19518717,0.6958924531936646
UChe0E-hCaRtYN1YEhsN73pQ,UCmjOmXcwVXN3SOnW7tCO3vQ,3,0.1437037,0.27657654881477356
UCk7YkjB08lzyUuLO2jUJmZw,UCkkxn2ldlFUMupTlXU8meAw,3,0.16424243,0.232371523976326
UCkKVQ_GNjd8FbAuT6xDcWgg,UCliZ4UHWUq2Y3rWdjqekxsQ,3,0.12442645,0.17421823740005493
UCliZ4UHWUq2Y3rWdjqekxsQ,UCwKupwJ1EpdNH8Z98SKjY2Q,4,0.26067325,0.127090185880661
UCliZ4UHWUq2Y3rWdjqekxsQ,UCxR6wFHN0t9svHv84l7vE7A,4,0.25739348,0.2245899736881256
UCliZ4UHWUq2Y3rWdjqekxsQ,UCxjh2MAjIf-m0aLfxRMh9vA,3,0.23285717,0.1792411208152771
UCm2irRvKXyKsPf0Ylf2LwoA,UCvOa5n0_wYjcbZBDOLehnlA,3,0.23574662,0.42928850650787354
