channel_id,total_subs,subscriber_count_hidden,retrieved_at
UC585dIe6lG9UOR-CyE24wmQ,249000,False,2026-06-21T19:29:59.026471+00:00
UC1bmnUH1ffc63zohkPvtXcQ,1640000,False,2026-06-21T19:29:59.026501+00:00
UCAMT4hftbWt0kNK7PpKBgEg,701000,False,2026-06-21T19:29:59.026510+00:00
UCwKupwJ1EpdNH8Z98SKjY2Q,1690000,False,2026-06-21T19:29:59.026517+00:00
UC9V4eJBNx_hOieGG51NZ6nA,1390000,False,2026-06-21T19:29:59.026523+00:00
UCGCZAYq5Xxojl_tSXcVJhiQ,5010000,False,2026-06-21T19:29:59.026530+00:00
UCFdBehO71GQaIom4WfVeGSw,2210000,False,2026-06-21T19:29:59.026536+00:00
UCDvZpvrjCMfNDMasZEmkFuQ,974000,False,2026-06-21T19:29:59.026541+00:00
UC0PotgTwYxbOZuM9FbWKdcg,398000,False,2026-06-21T19:29:59.026547+00:00
UCliZ4UHWUq2Y3rWdjqekxsQ,644000,False,2026-06-21T19:29:59.026553+00:00
UC3-1iYGHfR43q_b974vUNYg,1900000,False,2026-06-21T19:29:59.026559+00:00
UCXjTiSGclQLVVU83GVrRM4w,2160000,False,2026-06-21T19:29:59.026564+00:00
UCG_oqDSlIYEspNpd2H4zWhw,1920000,False,2026-06-21T19:29:59.026570+00:00
UCC4NkFV-L-vVYD5z_Ei5dUA,957000,False,2026-06-21T19:29:59.026576+00:00
UC4lN5sizuJraSHqy99xTy6Q,2520000,False,2026-06-21T19:29:59.026582+00:00
UC761NMYPNhxIbTXQvYl6oug,43200,False,2026-06-21T19:29:59.026588+00:00
UCaG7jufgiw4p5mphPPVbqhw,823000,False,2026-06-21T19:29:59.026594+00:00
UCFo4kqllbcQ4nV83WCyraiw,5480000,False,2026-06-21T19:29:59.026600+00:00
UCB4nWNauim-qxiaDOcH0dLA,1880000,False,2026-06-21T19:29:59.026605+00:00
UC9zY_E8mcAo_Oq772LEZq8Q,12100000,False,2026-06-21T19:29:59.026612+00:00
UCIQtDoeW36USisFNNUfg5yg,187000,False,2026-06-21T19:29:59.026618+00:00
UC0yQ2h4gQXmVUFWZSqlMVOA,1650000,False,2026-06-21T19:29:59.026623+00:00
UC4arQnli3ffEuCSrSgAD_Ug,765000,False,2026-06-21T19:29:59.026629+00:00
UCSV7XsNgbtIjK2sBLrhpZ4A,799000,False,2026-06-21T19:29:59.026634+00:00
UC6AG81pAkf6Lbi_1VC5NmPA,3300000,False,2026-06-21T19:29:59.026639+00:00
UCNJRaN9NIAbCXpDa_hAKd3g,1050000,False,2026-06-21T19:29:59.026645+00:00
UCW01sMEVYQdhcvkrhbxdBpw,5630000,False,2026-06-21T19:29:59.026651+00:00
UCBvB2lvfRiuPG_0bKoo_Y5A,570000,False,2026-06-21T19:29:59.026657+00:00
UC2vi2elY5r_NiMMar423Xwg,678000,False,2026-06-21T19:29:59.026662+00:00
UC6I4vtYv0c4KkGbzZHZxBsg,452000,False,2026-06-21T19:29:59.026668+00:00
UC2NQajHz-1eJrobTub1ZnSA,315000,False,2026-06-21T19:29:59.026673+00:00
UC-N7pA0rR1PrUBOfs2OA0oA,752000,False,2026-06-21T19:29:59.026679+00:00
UCB1dgsqLiEp57oDAyNV_vww,2080000,False,2026-06-21T19:29:59.026685+00:00
UCL6JY2DXJNDOIqCP1CRADng,5310000,False,2026-06-21T19:29:59.026690+00:00
UCfTnJmRQP79C4y_BMF_XrlA,2220000,False,2026-06-21T19:29:59.026696+00:00
UCJFzpJDW1yyaCBUZxmAz-3g,1180000,False,2026-06-21T19:29:59.026702+00:00
UC67Wr_9pA4I0glIxDt_Cpyw,9840000,False,2026-06-21T19:29:59.026708+00:00
UCFso7FM7bmlv5bkVQ3ovvLw,158000,False,2026-06-21T19:29:59.026713+00:00
UC-kF1uMFhIfvw6seHqDGwkg,1260000,False,2026-06-21T19:29:59.026719+00:00
UC0FFHRF1mytLDhs6nxqGIQg,1220000,False,2026-06-21T19:29:59.026724+00:00
UCT9cFrlnfy1-XLf0Vuy0Zzw,1480000,False,2026-06-21T19:29:59.026730+00:00
UC7I3QTra4_kC4TSu8f7rHkA,1130000,False,2026-06-21T19:29:59.026736+00:00
UC1WkFVOCTPdY782AJ1PZ-JQ,699000,False,2026-06-21T19:29:59.026741+00:00
UCS2c1gBDV-y26r2tJ3ED5FA,1570000,False,2026-06-21T19:29:59.026747+00:00
UCYhXmcP7xSyGd5RFe15YJOg,1770000,False,2026-06-21T19:29:59.026752+00:00
UC8yHePe_RgUBE-waRWy6olw,3980000,False,2026-06-21T19:29:59.026758+00:00
UCL4IyCAYPe7UNe9kmmjCUcA,140000,False,2026-06-21T19:29:59.026763+00:00
UCAKJM0HKzVUKSJ6o0KpZ8Ng,235000,False,2026-06-21T19:29:59.026769+00:00
UCEixleMT76xDzoiEb9ZA7XA,1790000,False,2026-06-21T19:29:59.026774+00:00
UCA_JrEDNSX96ADP6hh_7iUA,438000,False,2026-06-21T19:29:59.026780+00:00
UC97CxE2c4b8TptqpFE6dFfQ,24400,False,2026-06-21T19:29:59.072525+00:00
UC0aToF412eWBjYJ6pPzUuZQ,574000,False,2026-06-21T19:29:59.072546+00:00
UC-fWGfiX-T1YdqaUZvMJBHg,2000000,False,2026-06-21T19:29:59.072551+00:00
UCDxAawc6cuMP7bVQTIKLF1w,176000,False,2026-06-21T19:29:59.072555+00:00
UC_uHj0h4ydb9WY9_F2PfoUA,433000,False,2026-06-21T19:29:59.072558+00:00
UCOUu8YlbaPz0W2TyFTZHvjA,2790000,False,2026-06-21T19:29:59.072561+00:00
UCF5_b1FCKAX_GvRu7ePMG3w,124000,False,2026-06-21T19:29:59.072564+00:00
UCTli1Mbz7w9d6RBpXdKjSqw,176000,False,2026-06-21T19:29:59.072568+00:00
UCCDBm5As0AtPlZ4P36WQ1NQ,177000,False,2026-06-21T19:29:59.072571+00:00
UCkKVQ_GNjd8FbAuT6xDcWgg,2620000,False,2026-06-21T19:29:59.072574+00:00
UCVHFnMzUnQdqfw3LwnDXd9A,212000,False,2026-06-21T19:29:59.072577+00:00
UCDfzsr9f8DKJkQTBdJApflw,199000,False,2026-06-21T19:29:59.072580+00:00
UCLrqoy6FiCWAoMbKAPdSn0g,112000,False,2026-06-21T19:29:59.072583+00:00
UCVMtuJGkv1Q7t9LXfVF2E6Q,321000,False,2026-06-21T19:29:59.072586+00:00
UCMAEQdzGckZ9FMWJv8tz2zA,1170000,False,2026-06-21T19:29:59.072590+00:00
UCmjOmXcwVXN3SOnW7tCO3vQ,1610000,False,2026-06-21T19:29:59.072593+00:00
UCb_a-fPfpri7C6-KrUrnk5Q,304000,False,2026-06-21T19:29:59.072596+00:00
UC2A9bPIozUiYiXBbBdCF3eA,789000,False,2026-06-21T19:29:59.072599+00:00
UC67REzSALhOC8_xkgLyif-g,170000,False,2026-06-21T19:29:59.072603+00:00
UC7C5oRm6cGgbjJdPPEVeNMA,733000,False,2026-06-21T19:29:59.072606+00:00
UCECfnRv8lSbn90zCAJWC7cg,1440000,False,2026-06-21T19:29:59.072610+00:00
UCIpl1MtyYgNIf692p_FVYlA,70000,False,2026-06-21T19:29:59.072613+00:00
UC6oal8R3H4V_yY4-0NpY58Q,286000,False,2026-06-21T19:29:59.072616+00:00
UCN8IoQLjmcoPzY_kLg7cg7g,1020000,False,2026-06-21T19:29:59.072619+00:00
UCPMJKbrxtpARoTd1b49iUvA,1590000,False,2026-06-21T19:29:59.072622+00:00
UCcVsE4_iMsrRYyDE6tHoWaA,1760000,False,2026-06-21T19:29:59.072625+00:00
UC-noa6HH6h4YnjhAAJwUNkg,308000,False,2026-06-21T19:29:59.072629+00:00
UC4Zyu8fXoss8fnCraoqVprA,865000,False,2026-06-21T19:29:59.072632+00:00
UC6kSLiIgAcbXNSxf0JHjy5g,703000,False,2026-06-21T19:29:59.072636+00:00
UCCTdYItHTc6aueMRyRVbdPQ,203000,False,2026-06-21T19:29:59.072639+00:00
UCJI0Zz7WomTTAx6lQw-HC_Q,546000,False,2026-06-21T19:29:59.072642+00:00
UC6merdM0gtSbJyfwT4e3AiQ,132000,False,2026-06-21T19:29:59.072645+00:00
UCK_aHj_Ooyg7sGV4GYQsz0g,52000,False,2026-06-21T19:29:59.072648+00:00
UCFbp2XdRpKfk7mYt_uT8dxw,2490000,False,2026-06-21T19:29:59.072651+00:00
UCDJLA5RSBZkMyv0TbTokFnw,158000,False,2026-06-21T19:29:59.072654+00:00
UC1oPBUWifc0QOOY8DEKhLuQ,6360000,False,2026-06-21T19:29:59.072658+00:00
UC9poG8aQWgYvJykq9PXsvoA,1300000,False,2026-06-21T19:29:59.072661+00:00
UCItw50IoBdl7nZgZsK-66mg,121000,False,2026-06-21T19:29:59.072664+00:00
UCGX0i593ciGvM-6hY3yg0Dg,179000,False,2026-06-21T19:29:59.072667+00:00
UCPzSiosPjlAmQuO5VjYQFzg,251000,False,2026-06-21T19:29:59.072670+00:00
UC0FkyfBoJXIIuQeZ9iurwNQ,255000,False,2026-06-21T19:29:59.072673+00:00
UCY92Ma2-tzt8LLqodw9UF0g,588000,False,2026-06-21T19:29:59.072676+00:00
UC1zsShDyJp8AafQu9BPo1PQ,2450000,False,2026-06-21T19:29:59.072679+00:00
UCZ3aNA6C5VxBi_b_SV_XAxA,242000,False,2026-06-21T19:29:59.072682+00:00
UCXFKps1F7LeX1BFJjefDjUA,143000,False,2026-06-21T19:29:59.072685+00:00
UCD7hoq_imKSpKasLuFBHJ6A,225000,False,2026-06-21T19:29:59.072688+00:00
UCduDJ6s3mMchYMy2HvqalxQ,523000,False,2026-06-21T19:29:59.072692+00:00
UC1N2_2vCoyd3EvGcVuwTfmw,1110000,False,2026-06-21T19:29:59.072695+00:00
UCPKsFwt9ACF-EnJM3xN8wyQ,2580000,False,2026-06-21T19:29:59.072698+00:00
UC3cs6g4_Rl4hPwEjEuxvVjw,101000,False,2026-06-21T19:29:59.072701+00:00
UC7TxDj-DqbKzq9locL-iP2w,452000,False,2026-06-21T19:29:59.125758+00:00
UCF8lcwSrRR4ilXDod5SFvUQ,161000,False,2026-06-21T19:29:59.125786+00:00
UC7Uc7ZmNOt_sPLFl7ZM83iQ,661000,False,2026-06-21T19:29:59.125793+00:00
UCCOM5OkoyUFJa5T4kJn3r0g,166000,False,2026-06-21T19:29:59.125798+00:00
UC3GpbpDEr8mp3ZZ8DDO65fg,182000,False,2026-06-21T19:29:59.125803+00:00
UCZf__ehlCEBPop-_sldpBUQ,19700000,False,2026-06-21T19:29:59.125810+00:00
UC6UHYyVoCrAUBsxF-ortrew,1230000,False,2026-06-21T19:29:59.125815+00:00
UC9KPuuwSyeNvVo26tf4mqPw,655000,False,2026-06-21T19:29:59.125820+00:00
UCRxKfiksKgWGCI59Ngyq1RQ,149000,False,2026-06-21T19:29:59.125826+00:00
UC8oF7jmQsKbMVrCv5LrP32w,1720000,False,2026-06-21T19:29:59.125832+00:00
UCWp8Zl7kiqL7rQ23CoRbcag,52700,False,2026-06-21T19:29:59.125837+00:00
UC60edzb3Y-OhV02QeXraTDw,26300,False,2026-06-21T19:29:59.125842+00:00
UC8s_nliTjuqtO1gK4uzo_Rg,36600,False,2026-06-21T19:29:59.125847+00:00
UCJD2JwJNPzi1qcLizxmxbJA,496000,False,2026-06-21T19:29:59.125852+00:00
UCSwW7Cgtn1Bq74YGiIY2UFg,1040000,False,2026-06-21T19:29:59.125857+00:00
UC4Ub-Y_yj43aouqFbA7PwhQ,230000,False,2026-06-21T19:29:59.125863+00:00
UCcdd3kS52T9Zyo-SWfj86bA,580000,False,2026-06-21T19:29:59.125868+00:00
UCIaQKvzS2QFoV9GWTXZ_YDQ,110000,False,2026-06-21T19:29:59.125873+00:00
UCdHQwB2hfRpZksvcY-BZWNQ,172000,False,2026-06-21T19:29:59.125878+00:00
UC059SA_tX-AptG0JdMgDG3g,828000,False,2026-06-21T19:29:59.125884+00:00
UCq0g4VJx0J6Mbzt5odSMPyA,822000,False,2026-06-21T19:29:59.125890+00:00
UC1uHbAbleaXjfegbmFV9TVQ,464000,False,2026-06-21T19:29:59.125895+00:00
UCPzzBZLtD6DdHYfdGMqFqiw,762000,False,2026-06-21T19:29:59.125900+00:00
UCY1eaC-ewZUgf40g1eY_L_g,81100,False,2026-06-21T19:29:59.125906+00:00
UC1Lp8HbCqOPBMT1W_mjb21A,1580000,False,2026-06-21T19:29:59.125911+00:00
UC0gvn7xAe2wHtFZYPqsf6bA,739000,False,2026-06-21T19:29:59.125916+00:00
UCg9AKxJ-4pP8gmUdQ01rc4Q,288000,False,2026-06-21T19:29:59.125921+00:00
UC-a9wiNTKiLIRLTyIRdNbMg,1770000,False,2026-06-21T19:29:59.125926+00:00
UC7bMtttgCTTyjUd_NPOjCBA,113000,False,2026-06-21T19:29:59.125932+00:00
UClgRkhTL3_hImCAmdLfDE4g,198000000,False,2026-06-21T19:29:59.125937+00:00
UC2L2dBbBWuexPgOE4IdGu2g,317000,False,2026-06-21T19:29:59.125942+00:00
UCkkxn2ldlFUMupTlXU8meAw,3200000,False,2026-06-21T19:29:59.125947+00:00
UCNeegoJ1LrlcpaKl8XGpt2A,1470000,False,2026-06-21T19:29:59.125953+00:00
UCb9h8EpBlGHv9Z896fu4yeQ,490000,False,2026-06-21T19:29:59.125958+00:00
UCI3WAlb0djrpodA-2-aa9Hg,216000,False,2026-06-21T19:29:59.125962+00:00
UCRC7S1jLmpTHBupG8RqBNXA,157000,False,2026-06-21T19:29:59.125968+00:00
UCCb4JEa7itqmHTilclgTmcA,370000,False,2026-06-21T19:29:59.125973+00:00
UC3vg17IZ1IV73xx069jG44w,3660000,False,2026-06-21T19:29:59.125978+00:00
UClWdrIa7OsxFTROZ3e9FeEg,335000,False,2026-06-21T19:29:59.125983+00:00
UCKa_NCzd8zhw3m3eDJojHAQ,533000,False,2026-06-21T19:29:59.125988+00:00
UCEhb2xQvz_qU3wyUo5MUkLA,57400,False,2026-06-21T19:29:59.125994+00:00
UCrAvEPdtrIdB-iCdOBLvlIQ,230000,False,2026-06-21T19:29:59.126026+00:00
UCLuIcWmKVDaqJvtp6CpkHZg,341000,False,2026-06-21T19:29:59.126032+00:00
UC4G9FaiM7C4us3WL4jQdQ5A,73900,False,2026-06-21T19:29:59.126037+00:00
UCcrpFRRYkH185Xb8D-JQT7Q,1520000,False,2026-06-21T19:29:59.126043+00:00
UC7mXyzaRLWLq1fQtxvyGcEw,777000,False,2026-06-21T19:29:59.126047+00:00
UCNIy6zQyP7SuLEIaiwymfUA,5450000,False,2026-06-21T19:29:59.126053+00:00
UCJZVj2iBrdvbNc416i0V-UA,3540000,False,2026-06-21T19:29:59.126058+00:00
UC2QBYE7QabwH_7krAAp2T-g,171000,False,2026-06-21T19:29:59.126063+00:00
UC80FWuvIAtY-TRtYuDocfUw,722000,False,2026-06-21T19:29:59.126068+00:00
UC5FSZsqWuxqSM8IHfxw-Hyw,19200,False,2026-06-21T19:29:59.169176+00:00
UC58zaRv7_nuQqVbBGDox9hw,1080000,False,2026-06-21T19:29:59.169199+00:00
UC0e6zo8oX6ISSBjPaSZsjeA,484000,False,2026-06-21T19:29:59.169205+00:00
UCC3gGKJuchLXL7i80Kq_S8Q,95900,False,2026-06-21T19:29:59.169209+00:00
UCTyKZzmKi95wxmCg9rU-j6Q,1520000,False,2026-06-21T19:29:59.169213+00:00
UCxbY38ReXW3LbaviWUE4omg,2090000,False,2026-06-21T19:29:59.169217+00:00
UCCflFNkyeaY7vRAzLmSO60g,300000,False,2026-06-21T19:29:59.169221+00:00
UCE40kwov-UdhGikwAowjAAQ,1760000,False,2026-06-21T19:29:59.169225+00:00
UC3bc4PNLgnBudG19N74Jjzw,76000,False,2026-06-21T19:29:59.169228+00:00
UCaminwG9MTO4sLYeC3s6udA,4830000,False,2026-06-21T19:29:59.169232+00:00
UC8Niu74NfPEg82yvHBKb4YA,361000,False,2026-06-21T19:29:59.169235+00:00
UCdX4bMa2UPwcfZ_8ietRs2g,1420000,False,2026-06-21T19:29:59.169239+00:00
UCw7HTQv0F4CB9zGRhqosYsg,4400000,False,2026-06-21T19:29:59.169242+00:00
UCOOt1AsvDZoav6XjN6Tly1g,594000,False,2026-06-21T19:29:59.169246+00:00
UCVC4gwk42731pbweE6abiPw,326000,False,2026-06-21T19:29:59.169249+00:00
UCYtv1My064sodwuWBDhbQfQ,623000,False,2026-06-21T19:29:59.169253+00:00
UC5Gln-uR3dCnYakOMV2yBOg,461000,False,2026-06-21T19:29:59.169256+00:00
UCujNsU8AMfDqa5LNjvAdzow,659000,False,2026-06-21T19:29:59.169260+00:00
UC3h7LLJp2w7iWeXVlLim6Dw,111000,False,2026-06-21T19:29:59.169263+00:00
UCgbjcHvWSPQ7en0LI5bMqJw,655000,False,2026-06-21T19:29:59.169268+00:00
UCE-lBtQTa3A8gYgbl8xRMig,2330000,False,2026-06-21T19:29:59.169271+00:00
UC7UqbHzYvxwjq1v37C135BQ,23500,False,2026-06-21T19:29:59.169275+00:00
UC0T9mx1-Nqd01vPFmpk7amA,1240000,False,2026-06-21T19:29:59.169278+00:00
UC90UTL_T6hQoLnWGATfOc8w,596000,False,2026-06-21T19:29:59.169283+00:00
UC1YCT9S8BFkXMYfOn6x0sgg,210000,False,2026-06-21T19:29:59.169286+00:00
UC7F_CLFtxDetmUnORgmwImg,786000,False,2026-06-21T19:29:59.169290+00:00
UCS5dVIXy8SYcIMWRmEI-_3A,907000,False,2026-06-21T19:29:59.169293+00:00
UCk7YkjB08lzyUuLO2jUJmZw,625000,False,2026-06-21T19:29:59.169297+00:00
UC28hcmMG3TJv60Byo528VVg,357000,False,2026-06-21T19:29:59.169301+00:00
UCQPPXy9LCznUQHHG_kh6Bpg,483000,False,2026-06-21T19:29:59.169304+00:00
UCK_AZk7XDzR3BBC02uVuRdQ,67500,False,2026-06-21T19:29:59.169308+00:00
UC4XJFeGFaJjkwYKuKy2h0Sw,54800,False,2026-06-21T19:29:59.169311+00:00
UC6V_waoFfhhliiqAo5MFjZg,779000,False,2026-06-21T19:29:59.169315+00:00
UChxtIA33ty53Hh4MmkXNASg,375000,False,2026-06-21T19:29:59.169318+00:00
UC4zMk7dbUqzTZieuIFzzSgg,654000,False,2026-06-21T19:29:59.169322+00:00
UCOk5YQTyq6B9lOZ1FqG54Jw,569000,False,2026-06-21T19:29:59.169325+00:00
UC0rvsDnTlvualb1EkgbxBzQ,277000,False,2026-06-21T19:29:59.169329+00:00
UCUCeZaZeJbEYAAzvMgrKOPQ,8670000,False,2026-06-21T19:29:59.169332+00:00
UC3p5OTQsMEnmZktWUkw_Y0A,2280000,False,2026-06-21T19:29:59.169336+00:00
UC7sEB_ylMuHJD4TjF4Ag1nw,395000,False,2026-06-21T19:29:59.169339+00:00
UCLcl5uLW6W1LjeQKJhFy4Xg,462000,False,2026-06-21T19:29:59.169343+00:00
UC8LhZmYA7VTt84hl91ifIGw,577000,False,2026-06-21T19:29:59.169347+00:00
UCW3MY7gdx-Gmha9IIx-EGfg,109000,False,2026-06-21T19:29:59.169350+00:00
UCbpjjHOe-zZFUCkia1Si3WA,201000,False,2026-06-21T19:29:59.169354+00:00
UCKud3SBtyRB45Yiij_EeC7g,144000,False,2026-06-21T19:29:59.169358+00:00
UC7wu64jFsV02bbu6UHUd7JA,1720000,False,2026-06-21T19:29:59.169362+00:00
UC1z_KW_4kppjwbRwpPdVnRg,159000,False,2026-06-21T19:29:59.169366+00:00
UCaPJaMy0_OZlNjq7BVyTnkA,3260000,False,2026-06-21T19:29:59.169370+00:00
UCFXl12dZUPs7MLy_dMkMZYw,533000,False,2026-06-21T19:29:59.169373+00:00
UCDHVK-W8XCARucIYu64MJQw,139000,False,2026-06-21T19:29:59.169377+00:00
UC0w34ML2u_eWfWv6ZflIXxA,33900,False,2026-06-21T19:29:59.220594+00:00
UC3GEdr3hViGQqibBucxweag,244000,False,2026-06-21T19:29:59.220626+00:00
UCaxV7Sf7pdNjlahl6BtJBBw,1400000,False,2026-06-21T19:29:59.220634+00:00
UCQ6eSpIbGaoFJNsu0d2QHnA,288000,False,2026-06-21T19:29:59.220640+00:00
UC5dzkTCM0Jxnc5widb8arDw,570000,False,2026-06-21T19:29:59.220645+00:00
UC3RmaroKqAi3LAVToGzzILA,64200,False,2026-06-21T19:29:59.220651+00:00
UCG_o_NraCXX395GrDrZjsgw,92500,False,2026-06-21T19:29:59.220656+00:00
UC47AYUs8AVU1QsT5LhpXjaw,2610000,False,2026-06-21T19:29:59.220660+00:00
UCOPQ4nWRjA6BTwPE2hIiPTg,671000,False,2026-06-21T19:29:59.220665+00:00
UC9OvLVXb-okaVtoK9V8Biwg,1010000,False,2026-06-21T19:29:59.220670+00:00
UCNkl6sk3xpHcSpIfiuV2AIA,510000,False,2026-06-21T19:29:59.220676+00:00
UC5k1lqa8EoA83AJW5FKHmWg,176000,False,2026-06-21T19:29:59.220682+00:00
UCIVgnw5Se9vlscb8gKVv2pw,1360000,False,2026-06-21T19:29:59.220688+00:00
UC-xs_TO6k_0TZ91OsBv0d-g,235000,False,2026-06-21T19:29:59.220694+00:00
UCPlreGCqby4Qg9Vuem5scpw,1580000,False,2026-06-21T19:29:59.220700+00:00
UCZluk9qJTcNvX1xhpwSpyuA,224000,False,2026-06-21T19:29:59.220706+00:00
UC-pkVT7PmmhoBUYfqz7JN9Q,239000,False,2026-06-21T19:29:59.220711+00:00
UCnOfrPIX6rMKTrYk4FG2r4A,189000,False,2026-06-21T19:29:59.220717+00:00
UC4cVwSx4jdZszAcvrgJ4H-g,493000,False,2026-06-21T19:29:59.220764+00:00
UCSz3UBZ1WuBJ-6_bcgoRwbg,315000,False,2026-06-21T19:29:59.220772+00:00
UC7FjOy53FpV95CXlwi7I9TA,83000,False,2026-06-21T19:29:59.220779+00:00
UCd0pUnH7i5CM-Y8xRe7cZVg,2570000,False,2026-06-21T19:29:59.220785+00:00
UCTYQzAi6YOcgv2mkzsfzmpA,6620000,False,2026-06-21T19:29:59.220791+00:00
UCMdFdPJsBa6MrGC1AnLayjA,78200,False,2026-06-21T19:29:59.220797+00:00
UC0ksmumBTu2gltpZpwksbcA,73400,False,2026-06-21T19:29:59.220804+00:00
UC3eTZ5Yld6qufD6rtEiERdw,3670000,False,2026-06-21T19:29:59.220810+00:00
UC7umTzIrIJq8Xh428lj0M5A,2070000,False,2026-06-21T19:29:59.220816+00:00
UCq3Ct-r3-XbGxDiG7BGu2dQ,1050000,False,2026-06-21T19:29:59.220822+00:00
UCTONFwr7toKbbvkX-QITUUA,1970000,False,2026-06-21T19:29:59.220828+00:00
UCAmJvDLNL3-2UGFu_AiSjPg,702000,False,2026-06-21T19:29:59.220834+00:00
UCMAUI5oKmP5nLITD-u9S8dw,113000,False,2026-06-21T19:29:59.220841+00:00
UCFm8u_ygHo24HeZCYygPygg,236000,False,2026-06-21T19:29:59.220846+00:00
UCJhjE7wbdYAae1G25m0tHAA,15000000,False,2026-06-21T19:29:59.220853+00:00
UCGXU4lVXc9msfUkjNykA7TA,913000,False,2026-06-21T19:29:59.220860+00:00
UC6jd9pf_hXgp6UEJ_a_1sjw,155000,False,2026-06-21T19:29:59.220866+00:00
UCZG8C9C8GDZCXuIQtkJJnCg,92000,False,2026-06-21T19:29:59.220872+00:00
UCDn8Lqf-x0zD8hmFUg08f6w,2940000,False,2026-06-21T19:29:59.220879+00:00
UCiJwlAlhqeglBcDtqj55pjQ,386000,False,2026-06-21T19:29:59.220886+00:00
UC1FQWQ3y3-e8l1pCtWhJt5A,2530000,False,2026-06-21T19:29:59.220892+00:00
UCO3gOWCjoz9aeXdSUt6Fhmw,1270000,False,2026-06-21T19:29:59.220898+00:00
UCCy_q-N7F2FOIZ6ZggHIAKg,2930000,False,2026-06-21T19:29:59.220903+00:00
UCSSYU3AyYzO3zbNkjHbXNtg,475000,False,2026-06-21T19:29:59.220909+00:00
UCOy5sLcFLqYNqZ1iurp4dCg,528000,False,2026-06-21T19:29:59.220915+00:00
UCL_DnEu_JXWKp1VqH-q5i0Q,74600,False,2026-06-21T19:29:59.220920+00:00
UC7LT6gRahCIBd5AO5MUl8dQ,1770000,False,2026-06-21T19:29:59.220926+00:00
UC8yA5ym-0X4GJsAFDytuPfw,370000,False,2026-06-21T19:29:59.220932+00:00
UCU0JjQr0I0DIRwV8joRIIBA,286000,False,2026-06-21T19:29:59.220938+00:00
UCBvZZ4Lc2K_bQU-Aey-hLtg,99300,False,2026-06-21T19:29:59.220944+00:00
UCAuUUnT6oDeKwE6v1NGQxug,27500000,False,2026-06-21T19:29:59.220950+00:00
UCF7IKesFOYQb34uzNiuNDqQ,136000,False,2026-06-21T19:29:59.220955+00:00
UCkQYlpn0tWcqHgLJGtUWaOg,796000,False,2026-06-21T19:29:59.274925+00:00
UCH5YwlO6r8O8miT1ryatYYQ,865000,False,2026-06-21T19:29:59.274953+00:00
UCemj6fzwjj_8C1yJilVKdVQ,864000,False,2026-06-21T19:29:59.274961+00:00
UCA7eKOm-KmE8Z6VmZkEKlbg,1510000,False,2026-06-21T19:29:59.274966+00:00
UCR6Syi0g7ltMFV_ildio6OQ,181000,False,2026-06-21T19:29:59.274973+00:00
UC7-hcpPV6ttSS5kMIsh9ztg,606000,False,2026-06-21T19:29:59.274979+00:00
UCjrN-o1HlLk22qcauIKDtlQ,568000,False,2026-06-21T19:29:59.274985+00:00
UC4LBOkVeWybjgZcruTPR1PQ,72900,False,2026-06-21T19:29:59.274990+00:00
UC1bt4jsQi5JDW9tR-qaI4lg,272000,False,2026-06-21T19:29:59.274996+00:00
UC9I5l3CeCsxFdE0p0USWC9g,496000,False,2026-06-21T19:29:59.277290+00:00
UCEdcHQhfWM3Lyz-Lpt0_c4g,260000,False,2026-06-21T19:29:59.277301+00:00
UCuDdwCGl5QubEqK32Zfc_Gg,579000,False,2026-06-21T19:29:59.277307+00:00
UC46u5qG6vqDdrNYgqRVvq3Q,1100000,False,2026-06-21T19:29:59.277314+00:00
UCOg6P-Ne5Hdd5tDtcOHDd-Q,1520000,False,2026-06-21T19:29:59.277320+00:00
UC1nVq5-LTEdUVmr5FLfkd7A,428000,False,2026-06-21T19:29:59.277326+00:00
UCM4qOCYKzBbuK1qK3YW9Fvg,459000,False,2026-06-21T19:29:59.277331+00:00
UC7rWtV-JngmNWe01-zkI21A,696000,False,2026-06-21T19:29:59.277337+00:00
UC2b1bVPPJgpf4qb6Asij33A,435000,False,2026-06-21T19:29:59.277343+00:00
UC04oPzeoQiTne13IunjNT2g,93400,False,2026-06-21T19:29:59.277349+00:00
UCXxMBhRjxIGwVGbNXUmbP8A,174000,False,2026-06-21T19:29:59.277358+00:00
UC7dXPammhcS6lrPzgq7WAPQ,767000,False,2026-06-21T19:29:59.277364+00:00
UCV3bfNsHiOa0EeFt9rDVr1Q,203000,False,2026-06-21T19:29:59.277369+00:00
UC5Qy8k_hK7eWs0pdF7rxiAA,59900,False,2026-06-21T19:29:59.277375+00:00
UC95PHJuPANJAg8btjUpMwvA,494000,False,2026-06-21T19:29:59.277381+00:00
UCH3goNChaODS4vVO3yZjacQ,294000,False,2026-06-21T19:29:59.277387+00:00
UC0NW9j5c23P23RIfxL1DRsA,35600,False,2026-06-21T19:29:59.277392+00:00
UC91qteXE1f8puKS8lEBRUhw,478000,False,2026-06-21T19:29:59.277398+00:00
UCYxPWII5Kj5bCRuQ0whNN-Q,1140000,False,2026-06-21T19:29:59.277404+00:00
UCGdGyJ6N07dvumQSTOCEOQg,676000,False,2026-06-21T19:29:59.277409+00:00
UCVkVl4K1SbgS6nzuB6uT85A,613000,False,2026-06-21T19:29:59.277415+00:00
UCHRl9smgcUkUanigPw0NsvQ,66300,False,2026-06-21T19:29:59.277421+00:00
UC0L7F652u_2kIsirLNI6ZLQ,361000,False,2026-06-21T19:29:59.277426+00:00
UCZ6AXSKWO2AIi5RkSRlPP2A,2350000,False,2026-06-21T19:29:59.277432+00:00
UC7Opkf9V2DMmw9SXsOcSOeA,240000,False,2026-06-21T19:29:59.277438+00:00
UCOX7X_ddhi1oXurSbJsk45Q,258000,False,2026-06-21T19:29:59.277443+00:00
UCaxKWSwF_egyenDrW4h4y2A,1580000,False,2026-06-21T19:29:59.277449+00:00
UC61Kj7sbdV77Xk2Q3sG_69A,138000,False,2026-06-21T19:29:59.277455+00:00
UC0LtdRW5VqSXnlq5FIcfzQg,151000,False,2026-06-21T19:29:59.277460+00:00
UCEZE13DFJdRjTLvv4YvwPSA,846000,False,2026-06-21T19:29:59.277466+00:00
UC4feg3_vUrGepbNH97fV-Iw,439000,False,2026-06-21T19:29:59.277472+00:00
UCDgLoYnv_7vLqjzww2XioZw,60900,False,2026-06-21T19:29:59.277478+00:00
UC6cZRYwUPyvoeOOb0dqrAug,684000,False,2026-06-21T19:29:59.277483+00:00
UC16NNFKodOsrgi0Nla5XPKg,117000,False,2026-06-21T19:29:59.277489+00:00
UC-Qy4K-hv1Fpd8pouh0bC5A,268000,False,2026-06-21T19:29:59.277495+00:00
UC4YYMfsqUrejYXKnV--BydQ,1370000,False,2026-06-21T19:29:59.277500+00:00
UC9hwDDT7femX1YJ_-HfSo7A,207000,False,2026-06-21T19:29:59.277506+00:00
UCEg_v29wRm_PP_lfoF096qw,140000,False,2026-06-21T19:29:59.277512+00:00
UCG0LbYk5oOKK9V7w0IP4PTg,53900,False,2026-06-21T19:29:59.277518+00:00
UC1H5dv45x2aFKk-6JZLSWIQ,2420000,False,2026-06-21T19:29:59.277524+00:00
UCL5RbhB5M8LPexsQ6gWh24A,55900,False,2026-06-21T19:29:59.277529+00:00
UC3-ReVazV9vfnKVeNl9mrfA,106000,False,2026-06-21T19:29:59.318926+00:00
UCGDec349YIziUytZzc3d7Yg,615000,False,2026-06-21T19:29:59.318955+00:00
UC14QT5j2nQI8lKBCGtrrBQA,3860000,False,2026-06-21T19:29:59.318963+00:00
UCXc4xh313v6ecRoFtd9NaSQ,154000,False,2026-06-21T19:29:59.318970+00:00
UCP2gnyy_-ToZeIDw6qeI6HA,1380000,False,2026-06-21T19:29:59.318976+00:00
UC2PFHY0nOOVyErB_s1P2iQA,43100,False,2026-06-21T19:29:59.318983+00:00
UC-_2hN8eYuXfWnislPAk60Q,20600,False,2026-06-21T19:29:59.318989+00:00
UC9dDhZ-seQ8xmeC11l_7S7A,189000,False,2026-06-21T19:29:59.318995+00:00
UCfapRkagDtoQEkGeyD3uERQ,203000,False,2026-06-21T19:29:59.321040+00:00
UCKAXg84Mg4FighZJ14bxJvA,51600,False,2026-06-21T19:29:59.321051+00:00
UCEl0cGW4V6pWG--C0hr5JdA,1080000,False,2026-06-21T19:29:59.321057+00:00
UC5CXd3yvCNfePkAbxeianDQ,699000,False,2026-06-21T19:29:59.321063+00:00
UC4wMRvFkrG1H81EPDA0zsIg,354000,False,2026-06-21T19:29:59.321070+00:00
UCLubQ17jEPLmYmfQ0KW7dGA,404000,False,2026-06-21T19:29:59.321076+00:00
UC5z705CUTh_plTUnvnSCvQw,163000,False,2026-06-21T19:29:59.321082+00:00
UC9mxzGn_II91_fXV_mQ7klQ,2540000,False,2026-06-21T19:29:59.321088+00:00
UCN64oPXNfhEvPQJUaIHAEnA,1310000,False,2026-06-21T19:29:59.321094+00:00
UCPcDzdFvEc5fQwT2n4SXnqg,154000,False,2026-06-21T19:29:59.321100+00:00
UC7WWaOF8NL-h_9b-KPiBFRg,1030000,False,2026-06-21T19:29:59.321105+00:00
UC8EJ_7BoTFQUcQwd6cYeBlw,118000,False,2026-06-21T19:29:59.321113+00:00
UCEWw6AKlR_F5_pbc_GOOIBg,200000,False,2026-06-21T19:29:59.321119+00:00
UCASe2_T_6LtZgzDS_KjFrkQ,238000,False,2026-06-21T19:29:59.321125+00:00
UCRcOLdKqqAswyITJ5rqpu2w,108000,False,2026-06-21T19:29:59.321131+00:00
UC0XmONh3BZgA6I0G4F7ZCDQ,408000,False,2026-06-21T19:29:59.321137+00:00
UCUGc7d8GW02ibfbUpVy3wzg,547000,False,2026-06-21T19:29:59.321143+00:00
UCr6tQigvQs3tOkXtxxEPvSw,109000,False,2026-06-21T19:29:59.321148+00:00
UC85dOBxevq0k18Zac8myquA,332000,False,2026-06-21T19:29:59.321154+00:00
UC1pSncDXYrP1c6VWDGIGcNg,57400,False,2026-06-21T19:29:59.321160+00:00
UCaoKBrqrmJ6HTak__VLeA1Q,100000,False,2026-06-21T19:29:59.321166+00:00
UCB9yWqXpCqFVSwoT_MQiSnQ,198000,False,2026-06-21T19:29:59.321172+00:00
UC2LJKazqzQ-4ZFWPZFPLDSQ,102000,False,2026-06-21T19:29:59.321178+00:00
UC0LfDpgSw82vYg_mL-OQR6Q,548000,False,2026-06-21T19:29:59.321183+00:00
UCD-R2Y7wTvYMWIcBmob6a2A,306000,False,2026-06-21T19:29:59.321189+00:00
UCufmwDQEiqU5LCyeocpGSXw,62800,False,2026-06-21T19:29:59.321195+00:00
UC_IE1NN9hk4eJbGbad-4LGg,1120000,False,2026-06-21T19:29:59.321200+00:00
UC-qgCHahOqPsyi_HNnFfqPg,1310000,False,2026-06-21T19:29:59.321206+00:00
UC-km1012mEUQQLGxggmrazw,1150000,False,2026-06-21T19:29:59.321212+00:00
UCtTDLhtwZ_kLMYM8PD0gzPQ,384000,False,2026-06-21T19:29:59.321217+00:00
UC9iC5kXiHNJCCDjEi1lD3UA,1480000,False,2026-06-21T19:29:59.321222+00:00
UCBU6fpZ3UacYrFW9qVKiRFg,71800,False,2026-06-21T19:29:59.321228+00:00
UCpFgmZm65yOU5X-hmWkWjuw,6360000,False,2026-06-21T19:29:59.321233+00:00
UC-6DVb3QQK2_2oso0RqgNWA,2040000,False,2026-06-21T19:29:59.321239+00:00
UC3FKwhMnGdubV8oc54EOlDw,447000,False,2026-06-21T19:29:59.321244+00:00
UC-9t7dZ3xvpjMGtFukKIhPw,97400,False,2026-06-21T19:29:59.321250+00:00
UC92zkZ-jTITVHTjfEmlgTlw,84400,False,2026-06-21T19:29:59.321256+00:00
UCXhiUvJK_0uyLY1YvaSa0AQ,538000,False,2026-06-21T19:29:59.321261+00:00
UC0NEFJxGzqMUVzh7b0sc1Uw,696000,False,2026-06-21T19:29:59.321268+00:00
UCEmUvweJwQ1EeUqb-dk8FkA,351000,False,2026-06-21T19:29:59.321273+00:00
UC-kwiDn_sPRckNtYLs-B8Tw,996000,False,2026-06-21T19:29:59.321279+00:00
UC91Yi79WkEBQ6VOm5dOipXw,33300,False,2026-06-21T19:29:59.321285+00:00
UC642pLj4GXSj-0Ybdx3ytmA,2440000,False,2026-06-21T19:29:59.371220+00:00
UC6ylTkexHwwJo_22V35lx0A,680000,False,2026-06-21T19:29:59.371247+00:00
UCLcqrpFhRlJnm6etuLQblWg,1340000,False,2026-06-21T19:29:59.371255+00:00
UC-dL5Mh7IZKUNl9iYGFqfrw,83800,False,2026-06-21T19:29:59.371262+00:00
UC5w9Uira5JerthMXoeypz6A,156000,False,2026-06-21T19:29:59.371269+00:00
UCbD86y5T7MHYWSnnQB2fF5A,183000,False,2026-06-21T19:29:59.371275+00:00
UCD4vf51DU8M2lBKitZhNxgQ,17700,False,2026-06-21T19:29:59.371281+00:00
UC7MvTslTWkE1HKNYkXiGv1Q,2510000,False,2026-06-21T19:29:59.371287+00:00
UC0LUZomFWMyUA9JywQb-GvA,128000,False,2026-06-21T19:29:59.371293+00:00
UCKnAJC2VKxQeNXJJRKUQViw,452000,False,2026-06-21T19:29:59.371299+00:00
UC-H2m0nZt6k0SJ5o04gS0nA,462000,False,2026-06-21T19:29:59.371305+00:00
UCoADGOCHt0bH5K-S8eL_kwg,573000,False,2026-06-21T19:29:59.371311+00:00
UC5eCvFUhtBeKCiQXUx6CvFg,849000,False,2026-06-21T19:29:59.371317+00:00
UCJXye7nCceqKBtxiqTd9SRg,119000,False,2026-06-21T19:29:59.371322+00:00
UCLC5Mv8VO-VM8wfrn1Twohw,386000,False,2026-06-21T19:29:59.371328+00:00
UCRRc9jvc6LP-MO2Cf0E7ZZA,346000,False,2026-06-21T19:29:59.371333+00:00
UC49Kaj6V3vBLsAZnAlDDVSw,876000,False,2026-06-21T19:29:59.371339+00:00
UCN1w0Esm19bl7kMh5O23y-w,1080000,False,2026-06-21T19:29:59.371345+00:00
UCZj8PZ_0d0rh0ivbNWAiD7g,50700,False,2026-06-21T19:29:59.371350+00:00
UCaak9sggUeIBPOd8iK_BXcQ,15300000,False,2026-06-21T19:29:59.371357+00:00
UCmZhEZxSCQdaiVnwbf7p5Mg,82000,False,2026-06-21T19:29:59.371364+00:00
UC3_oSWRmPBpnhlzaWLZBafQ,244000,False,2026-06-21T19:29:59.371369+00:00
UCRWsPC7Tf_E4XjcMPe4EKlQ,448000,False,2026-06-21T19:29:59.371374+00:00
UCYqW2zUJUFLP5qk3h_XBAAg,100000,False,2026-06-21T19:29:59.371381+00:00
UCtrEHywHaoXNeVaeccF__MA,511000,False,2026-06-21T19:29:59.371386+00:00
UCEXFjZTS3pRDxEnVvG41FDQ,29300,False,2026-06-21T19:29:59.371392+00:00
UCDCmm9RQ3NAlMsaDtKQUiOg,90000,False,2026-06-21T19:29:59.371398+00:00
UC-kyyUVuJUtxi9L59_tWttg,22300,False,2026-06-21T19:29:59.371404+00:00
UCQEf8clmuHwDLBiGSrhJGbg,27200,False,2026-06-21T19:29:59.371410+00:00
UCFy2R0BE58JGfJuM5jUd4Yg,97800,False,2026-06-21T19:29:59.371415+00:00
UCv9GARGGn0LpNq7QHQVZp2A,716000,False,2026-06-21T19:29:59.371421+00:00
UC-23boc2hLm6irCZP7GpSbw,86600,False,2026-06-21T19:29:59.371427+00:00
UC2bcMbj2L8pcdzkAIYAg0tw,313000,False,2026-06-21T19:29:59.371433+00:00
UCXYlk6MXurenhAuTsUnpWrg,105000,False,2026-06-21T19:29:59.371440+00:00
UC93X_ngUmGrFJrDMXzeyoZA,177000,False,2026-06-21T19:29:59.371446+00:00
UCqO3c4rN70PR0yHWLDCNUXQ,1080000,False,2026-06-21T19:29:59.371452+00:00
UCNsidkYpIAQ4QaufptQBPHQ,1580000,False,2026-06-21T19:29:59.371458+00:00
UCza7gpgd6heRb8rH4oEBZfA,907000,False,2026-06-21T19:29:59.371464+00:00
UC2-biDVK0E3d_Rp6rYoh4cQ,236000,False,2026-06-21T19:29:59.371470+00:00
UC1p51viJBYQyLkDyeADMPug,22500,False,2026-06-21T19:29:59.371476+00:00
UCORW3zZTUVdVwlY5Mnk8q9Q,1300000,False,2026-06-21T19:29:59.371482+00:00
UC17qqZ8hk0HkHLm3zj5bnyQ,149000,False,2026-06-21T19:29:59.371487+00:00
UCKSSZYcoRHkrF6lkarKYZvg,170000,False,2026-06-21T19:29:59.371493+00:00
UC25f1FyMuKnMapFO5w98N_g,385000,False,2026-06-21T19:29:59.371499+00:00
UC7BUQ_Gv-QgKLSyuFwLsJNw,227000,False,2026-06-21T19:29:59.371504+00:00
UC4dQUfQeA-Jy2T_C-Jdf5rw,490000,False,2026-06-21T19:29:59.371510+00:00
UCEEwwILrD4mkfgeqZKtKz8A,30800,False,2026-06-21T19:29:59.371515+00:00
UClfKOZSu0l_4tOZ9NmiAPVQ,71400,False,2026-06-21T19:29:59.371521+00:00
UC6gf55fuoTIhEOh90cZKINA,775000,False,2026-06-21T19:29:59.371526+00:00
UCfDq9gtrbiKaXu3ePmSCiaQ,237000,False,2026-06-21T19:29:59.371532+00:00
UCPcsc6rdDo70m47Jd1TxLhg,197000,False,2026-06-21T19:29:59.412856+00:00
UC2H9JFGicoq2me411QvDX5g,21000,False,2026-06-21T19:29:59.412885+00:00
UCURPqzet5A9Ojvn6jaL0Qkw,104000,False,2026-06-21T19:29:59.412894+00:00
UCCIPlDofGZVef3HArQBRrEw,114000,False,2026-06-21T19:29:59.412900+00:00
UCOwH1IiSenkSh3P3-A7Z7Xw,251000,False,2026-06-21T19:29:59.412906+00:00
UCfqRMJrg010qS35Kj_dhuKA,322000,False,2026-06-21T19:29:59.412912+00:00
UCZikuEIssIzv0fdkVEH7Djg,522000,False,2026-06-21T19:29:59.412919+00:00
UCQINXHZqCU5i06HzxRkujfg,5720000,False,2026-06-21T19:29:59.412925+00:00
UC-oB1viuwdIH8dkss87KSYw,352000,False,2026-06-21T19:29:59.412931+00:00
UCwywumWHI4_hQtZpJwsC8cw,933000,False,2026-06-21T19:29:59.412937+00:00
UC9AE6MneoakfIEOcWc8hUUg,210000,False,2026-06-21T19:29:59.412943+00:00
UC0D596LYDZO95xGiNAGYs2g,88200,False,2026-06-21T19:29:59.412948+00:00
UCb9OgQn_8qXCsmztGCiyOWg,466000,False,2026-06-21T19:29:59.412954+00:00
UC-IdN5EFZvzzZGqgul8eXKQ,323000,False,2026-06-21T19:29:59.412959+00:00
UCSxjUZznZGt-ynhmtsCxjXA,1430000,False,2026-06-21T19:29:59.412964+00:00
UCWsAvz-plMpc8dgiaoMb0XQ,2090000,False,2026-06-21T19:29:59.412970+00:00
UCAN0E9cZN7n22Ka1-TuVb-Q,298000,False,2026-06-21T19:29:59.412975+00:00
UCEXCEsV_t1X_d4gSirFLgvA,516000,False,2026-06-21T19:29:59.412981+00:00
UC5xOXf3pR7cmoxloEgdAoCw,12800,False,2026-06-21T19:29:59.412988+00:00
UCOcQ68ppAk_ezdSNKzlP81Q,381000,False,2026-06-21T19:29:59.412994+00:00
UCPrjycK4eiQhUw2PnVIq7Gg,1880000,False,2026-06-21T19:29:59.413066+00:00
UCFhcNbijKU0_0chLSrKgAug,517000,False,2026-06-21T19:29:59.413073+00:00
UC6uU6smfaEvk_vyVjxIOVuQ,235000,False,2026-06-21T19:29:59.413079+00:00
UC14Yc2Qv92DMuyNRlHvpo2Q,4370000,False,2026-06-21T19:29:59.413086+00:00
UCI2my7nm4HZdkM5JWjB_JXQ,816000,False,2026-06-21T19:29:59.413092+00:00
UC_9UuV_nrWuPfioQEXMQSPw,460000,False,2026-06-21T19:29:59.413097+00:00
UCPWi6BgnqRc4wtqEGftCuuw,1010000,False,2026-06-21T19:29:59.413103+00:00
UC9qzsFAO_owg_gsizdQGbCg,130000,False,2026-06-21T19:29:59.413109+00:00
UCPiQ_mEXdEbB-3Yhiq7gq5w,2140000,False,2026-06-21T19:29:59.413115+00:00
UClNZUVnSFRKKUfJYarEUqdA,153000,False,2026-06-21T19:29:59.413122+00:00
UCMF3_IR9TQvAzjkQoNl-47Q,77400,False,2026-06-21T19:29:59.413128+00:00
UC6bk01PE2teoKjpdAi-VO6Q,391000,False,2026-06-21T19:29:59.413134+00:00
UC1S2_rXnhdcLkiQAV0kwGIg,545000,False,2026-06-21T19:29:59.413140+00:00
UCE8qPb4i2vMjLlnRHJXmL1w,306000,False,2026-06-21T19:29:59.413146+00:00
UC8nlwBiuAcuLKOFz7V-NGyg,87900,False,2026-06-21T19:29:59.413152+00:00
UC09D3M_DdLaZMJnZp0v4pLQ,178000,False,2026-06-21T19:29:59.413233+00:00
UC4khoc98iEkW-5p1h9iakgw,73100,False,2026-06-21T19:29:59.413263+00:00
UCCcey5CP5GDZeom987gqTdg,570000,False,2026-06-21T19:29:59.413270+00:00
UCOXxfCRhJfwB5sMC1aCRJ3Q,168000,False,2026-06-21T19:29:59.413275+00:00
UC1xUVJIbbM-PV5W0Cci6zuA,13500,False,2026-06-21T19:29:59.413281+00:00
UCQEnU9VbZPlOA6sLBj0-goA,31800,False,2026-06-21T19:29:59.413286+00:00
UCbGpIw5LmPNu4nSWqlaiu7g,234000,False,2026-06-21T19:29:59.413292+00:00
UC5BiTvy2Ni2MyigJPspjhOA,463000,False,2026-06-21T19:29:59.413296+00:00
UCJ-l-sMQFHogSy8KXRyMIRA,1750000,False,2026-06-21T19:29:59.413301+00:00
UCGl4oWkMUpTzcJpUI5dFeLA,404000,False,2026-06-21T19:29:59.413305+00:00
UC75KuCecKVZt7Wzu9yAU99A,421000,False,2026-06-21T19:29:59.413310+00:00
UCP6aw2-Afafmm0cPZ7pmYyQ,1730000,False,2026-06-21T19:29:59.413314+00:00
UCS0tu5DAEf8dTGphxjHW76Q,1670000,False,2026-06-21T19:29:59.413318+00:00
UC2l_FQ800uKs7TMYjay2Tsw,22700,False,2026-06-21T19:29:59.413322+00:00
UCOnA15zQ7OafLsnN8J-CMvg,1770000,False,2026-06-21T19:29:59.413327+00:00
UCLyLesqvKaQwrGZg0cC6qRA,101000,False,2026-06-21T19:29:59.465684+00:00
UCAbAnNqKQOrWbEmXa46yJIA,54100,False,2026-06-21T19:29:59.465711+00:00
UCBkVbgLgVZ473QViK_dtMyw,451000,False,2026-06-21T19:29:59.465719+00:00
UC2UzTcmBxku-WV8cVkuvXXw,21700,False,2026-06-21T19:29:59.465725+00:00
UCN36kFB7Lh4tptI4rsy5vFw,632000,False,2026-06-21T19:29:59.465732+00:00
UCQAJlnmzlQGhDmjiSx8FH4Q,150000,False,2026-06-21T19:29:59.465738+00:00
UC1st2Mo2UrKD8YjmyU02NTQ,55300,False,2026-06-21T19:29:59.465744+00:00
UC3kCoMOmTiqkjxjpBPKdt6w,36100,False,2026-06-21T19:29:59.465752+00:00
UCa6f9DFhQo7HuTW-ICHjPFQ,338000,False,2026-06-21T19:29:59.465758+00:00
UCAUBgqFP-qaH2lC7kBR93cw,168000,False,2026-06-21T19:29:59.465764+00:00
UCe1VbBy2kU_lMB6t4aJmukg,195000,False,2026-06-21T19:29:59.465770+00:00
UC6vzXCyUFiz0wMF6aIe7Isg,1160000,False,2026-06-21T19:29:59.465775+00:00
UCDYj0iXVuKwd4bf9GSKgrfw,185000,False,2026-06-21T19:29:59.465781+00:00
UC40BxbSAaJVhMp-1XK6un8A,386000,False,2026-06-21T19:29:59.465787+00:00
UC0gpekdxUu5gN5SPGd9Nrdg,134000,False,2026-06-21T19:29:59.465793+00:00
UC7P3bmkbTdAXaJYzhuF2obA,434000,False,2026-06-21T19:29:59.465799+00:00
UC0nP81Fj8D1HveiG45W_G1g,130000,False,2026-06-21T19:29:59.465805+00:00
UCdwZSvOabSpjaAg0M0war-g,64600,False,2026-06-21T19:29:59.465810+00:00
UCbVQGCsMcqC3q7OtX8iXy9Q,2190000,False,2026-06-21T19:29:59.465816+00:00
UCFBjsYvwX7kWUjQoW7GcJ5A,1680000,False,2026-06-21T19:29:59.465823+00:00
UC-eQC7XwFpCy-2fFtw-NtIg,98300,False,2026-06-21T19:29:59.465829+00:00
UC7LaaFweFU8ielYVC5Kq2LQ,79600,False,2026-06-21T19:29:59.465836+00:00
UCMnKXHHgAIJH_zfd8W6dW0Q,61700,False,2026-06-21T19:29:59.465842+00:00
UC5Mjg7-BzY896fGkDoLsejQ,700000,False,2026-06-21T19:29:59.465848+00:00
UC0xRMqPOyRNPTaL6BxhbCnQ,178000,False,2026-06-21T19:29:59.465853+00:00
UCOjC3GENBOrFd38Zo5hIdnQ,70300,False,2026-06-21T19:29:59.465858+00:00
UCU607BfClX724VqZZ9zWWcA,1210000,False,2026-06-21T19:29:59.465864+00:00
UC4Tklxku1yPcRIH0VVCKoeA,18600000,False,2026-06-21T19:29:59.465869+00:00
UCGMHzu51c4xIdBwU-CLq5XA,60300,False,2026-06-21T19:29:59.465874+00:00
UC6d_ptgRNDMHgZocGC6G9lA,256000,False,2026-06-21T19:29:59.465880+00:00
UCZnndFCPnK1EC2PERlGvwOA,513000,False,2026-06-21T19:29:59.465886+00:00
UCLJNZ7osIjNix4bbkM-rj5w,604000,False,2026-06-21T19:29:59.465892+00:00
UC6uzoOQ3Pitm5uhbdig8GYA,201000,False,2026-06-21T19:29:59.465898+00:00
UC6YD-hqIJ1UIOcVyQ07HGAw,2150000,False,2026-06-21T19:29:59.465904+00:00
UCEip3Uo6j4d9Hgal-wdmfuw,862000,False,2026-06-21T19:29:59.465909+00:00
UCX6OQ3DkcsbYNE6H8uQQuVA,503000000,False,2026-06-21T19:29:59.465914+00:00
UC4b2j0oY5iop4cqREcBGs3A,1840000,False,2026-06-21T19:29:59.465920+00:00
UCL6F7R0unHipZwsXJ3hVHzg,348000,False,2026-06-21T19:29:59.465925+00:00
UC1NciQ9_T2vwtI1oWuQSM-g,613000,False,2026-06-21T19:29:59.465931+00:00
UCuTAXTexrhetbOe3zgskJBQ,3260000,False,2026-06-21T19:29:59.465937+00:00
UC1TK5h3syFd9Z0_EbHCXvDw,432000,False,2026-06-21T19:29:59.465943+00:00
UCCYNZu_NQIm2-PzMyHg55OQ,261000,False,2026-06-21T19:29:59.465949+00:00
UCJhFv3A2dYQNwUgEAn6WPJw,450000,False,2026-06-21T19:29:59.465955+00:00
UCxR6wFHN0t9svHv84l7vE7A,44400,False,2026-06-21T19:29:59.465961+00:00
UCRouQRkb2eoUaU2T7TMfggg,109000,False,2026-06-21T19:29:59.465967+00:00
UCOyKSu_IuHnRI5RxUPps63w,180000,False,2026-06-21T19:29:59.465973+00:00
UC1tk9F5-MGXEq4LWnjmrtpA,1000000,False,2026-06-21T19:29:59.465979+00:00
UCAE-jd-plCRuYmeu8GqF-dg,157000,False,2026-06-21T19:29:59.465985+00:00
UCrn6ukKQ9-t1mRYgany043w,406000,False,2026-06-21T19:29:59.465991+00:00
UC7d2VBUSrJwnACKNwBcxmAw,404000,False,2026-06-21T19:29:59.466033+00:00
UC5_0YhaN0QWOaHk8pfPMZUg,76900,False,2026-06-21T19:29:59.510901+00:00
UC2vQ-7IQJ75obTuTfDrpCyA,37100,False,2026-06-21T19:29:59.510929+00:00
UCCtALHup92q5xIFb7n9UXVg,35200000,False,2026-06-21T19:29:59.510937+00:00
UCNGDsyvB0CURXJPwYeufsKg,219000,False,2026-06-21T19:29:59.510944+00:00
UCNEJ5q9O3v45ioAkXVz1DPA,912000,False,2026-06-21T19:29:59.510950+00:00
UC7D5cHlavNWxEfnKkyMQGcQ,63400,False,2026-06-21T19:29:59.510956+00:00
UC5sdz5WVIwOhU_yUYt9sjvA,27300,False,2026-06-21T19:29:59.510962+00:00
UCLQpyq-NeNBiuKR4ZVIJSKQ,480000,False,2026-06-21T19:29:59.510967+00:00
UC7L_11j3h-LAzN671GKFnsQ,376000,False,2026-06-21T19:29:59.510973+00:00
UC-nMK37fDDgPTbENzjx31XQ,276000,False,2026-06-21T19:29:59.510978+00:00
UCnEi7lDunUdVaHABvS-S3ag,592000,False,2026-06-21T19:29:59.510983+00:00
UC8jHxOIg9ST7YxiMw2xWYyA,181000,False,2026-06-21T19:29:59.510989+00:00
UCKPIWq2EmGa-axa1Fmy7n6A,250000,False,2026-06-21T19:29:59.510994+00:00
UCDSq0kw7KL7W2sTZW65LC0A,237000,False,2026-06-21T19:29:59.511045+00:00
UCNhplGFoeT_ylmw0MNP_LqA,1820000,False,2026-06-21T19:29:59.511052+00:00
UC9WJo5ZJVXMZiA5XV2jLx5Q,1220000,False,2026-06-21T19:29:59.511057+00:00
UC88KSXMWdkv50V1Wm8CAYWg,1520000,False,2026-06-21T19:29:59.511063+00:00
UCYdR4KN71wDKR4-2Xxirz_g,185000,False,2026-06-21T19:29:59.511068+00:00
UCC1cas4CtjsHFWKutX0s5JQ,85100,False,2026-06-21T19:29:59.511074+00:00
UC3BSzbgMn2vLYS4Dp_i-bow,2490000,False,2026-06-21T19:29:59.511080+00:00
UCJwFtQrEiidgl2naPxJZE7g,375000,False,2026-06-21T19:29:59.511085+00:00
UCgvRc6b_eCDA6v9MkBS7YcA,58800,False,2026-06-21T19:29:59.511093+00:00
UCGq-a57w-aPwyi3pW7XLiHw,17500000,False,2026-06-21T19:29:59.511099+00:00
UCX2tvXwAItLs5RhFFSGn9LQ,575000,False,2026-06-21T19:29:59.511104+00:00
UCNBWx9JET3iRoCXliY2G4rQ,53800,False,2026-06-21T19:29:59.511110+00:00
UCVARwuMmqP4tqQFUQm57oQQ,87300,False,2026-06-21T19:29:59.511116+00:00
UCt_XAT1S9YQAhARMyMnXCzg,2060000,False,2026-06-21T19:29:59.511121+00:00
UCTxDz8sXbnpYAfulQMRFNEQ,955000,False,2026-06-21T19:29:59.511127+00:00
UCAW6oRUDItNDGBnbW6d0y8g,46300,False,2026-06-21T19:29:59.511132+00:00
UCsT0YIqwnpJCM-mx7-gSA4Q,44400000,False,2026-06-21T19:29:59.511138+00:00
UCL82NwXonPSAGBhyR_d_fAg,190000,False,2026-06-21T19:29:59.511143+00:00
UCzHVJmdBtmSonbhBfp4cD7Q,279000,False,2026-06-21T19:29:59.511148+00:00
UCKatN6slu1BFGUnZOTXSBsw,596000,False,2026-06-21T19:29:59.511154+00:00
UC4-KH4Uw5-YCfhAYj-gVqSA,418000,False,2026-06-21T19:29:59.511159+00:00
UCWj_vk_I1S_Bh6yWmLALq3g,36500,False,2026-06-21T19:29:59.511165+00:00
UC0AanNmw5A6nchQca8IbKMg,91100,False,2026-06-21T19:29:59.511170+00:00
UCr6Lhrp_ojKTcR_iHhTG-mg,966000,False,2026-06-21T19:29:59.511176+00:00
UCAZc5O2Ix4tCeIswgwaTZNg,18200,False,2026-06-21T19:29:59.511181+00:00
UCNFRU-8ZN2RCslr1S-th0ag,36300,False,2026-06-21T19:29:59.511186+00:00
UCS02b3Y9RCzsT2k4no6LN-g,1650000,False,2026-06-21T19:29:59.511192+00:00
UCHUU8VHKcePqDgkjuX60aUg,234000,False,2026-06-21T19:29:59.511197+00:00
UCH2lnz_OBcVo7Y7ptU2qovg,3750000,False,2026-06-21T19:29:59.511202+00:00
UC-lFhQuhHaxAnRRSK1tds9g,66200,False,2026-06-21T19:29:59.511208+00:00
UCip8ve30-AoX2y2OtAAmqFA,4560000,False,2026-06-21T19:29:59.511213+00:00
UC8tnTeQhVKoScQQyreaG9pQ,112000,False,2026-06-21T19:29:59.511218+00:00
UCLrRs5masRm4u8YaLLXU3zQ,110000,False,2026-06-21T19:29:59.511223+00:00
UCUTgXNqRBqR33D5q10DfQXw,2080000,False,2026-06-21T19:29:59.511229+00:00
UC35BdvE8Q4G5nLo0X1nBW5w,198000,False,2026-06-21T19:29:59.511234+00:00
UCWArMdF_CZ34HqLCf9WPDzA,117000,False,2026-06-21T19:29:59.511243+00:00
UC4QyTvP-HC4Xcv9jGbHYv4g,166000,False,2026-06-21T19:29:59.511248+00:00
UC3b9jTrnME3V4J5zLnVSmtg,86500,False,2026-06-21T19:29:59.561610+00:00
UCEnIm3PHBjYjtwZdPnJwBxw,155000,False,2026-06-21T19:29:59.561638+00:00
UC5agcP_z1DKwZHG0tp7VnBA,309000,False,2026-06-21T19:29:59.561644+00:00
UCrJNhVfj4BziaA_-2rHyHPg,105000,False,2026-06-21T19:29:59.561650+00:00
UCWHP3Pj1OAZFY3ZoCkpsMKw,106000,False,2026-06-21T19:29:59.561657+00:00
UCAxhFTZ2S5Ra5xb1KHQyRAQ,1320,False,2026-06-21T19:29:59.561664+00:00
UCaZK0kfr_sKxmLNoP2g9OWw,1210000,False,2026-06-21T19:29:59.561667+00:00
UCRxPq02pjQS_ax60gcTSDHQ,60700,False,2026-06-21T19:29:59.561671+00:00
UCk5a240pQsTVT9CWPnTyIJw,1140000,False,2026-06-21T19:29:59.561674+00:00
UC2alHD2WkakOiTxCxF-uMAg,5000000,False,2026-06-21T19:29:59.561677+00:00
UC96jiVMyHT-JsEMF0EOtnbQ,175000,False,2026-06-21T19:29:59.561680+00:00
UCaKNw80Hs9M5qSdAp62lYFg,22900,False,2026-06-21T19:29:59.561683+00:00
UC8pMBOI9vXf6fIM670vdIPw,1880000,False,2026-06-21T19:29:59.561686+00:00
UC4-TMrb7Mm4KnYx1VsUgcJA,788000,False,2026-06-21T19:29:59.561689+00:00
UCIhuYhoY5ZcHhcYBmgUx13A,84500,False,2026-06-21T19:29:59.561692+00:00
UCTfuU0u1bdofWDqkFTz4QaA,756000,False,2026-06-21T19:29:59.561694+00:00
UC4BIUwrzsbX5-vDWCcyfGog,138000,False,2026-06-21T19:29:59.561697+00:00
UCOGRMsx2g1_FqdXvFRwiB8g,651000,False,2026-06-21T19:29:59.561700+00:00
UCEc1YzMOSKKtJD7H-q71HgQ,2440000,False,2026-06-21T19:29:59.561703+00:00
UC7Pd7bhUlyU0KZcD7Muja_A,44800,False,2026-06-21T19:29:59.561706+00:00
UC8AQxRa-WTwfWCJgkOKWxOQ,191000,False,2026-06-21T19:29:59.561709+00:00
UCorkEIBwAysd3j3MJcJqS_A,961000,False,2026-06-21T19:29:59.561712+00:00
UCjMtCvmb5d43bxEMZdpxYIA,19800,False,2026-06-21T19:29:59.561714+00:00
UCFdD4l0QtLRrWwO21VTyhow,317000,False,2026-06-21T19:29:59.561717+00:00
UC0TNiclinjGoFh1MyFi0N5g,40100,False,2026-06-21T19:29:59.561720+00:00
UC56lF6uAJTE0FvA0e8CQXbg,14100,False,2026-06-21T19:29:59.561723+00:00
UCFFH1T9H5J7lAr4tkhjoVmw,1530000,False,2026-06-21T19:29:59.561726+00:00
UC8Ua4BLnjWQRnxBZrr-l-Zg,53400,False,2026-06-21T19:29:59.561729+00:00
UCBIsEsUCS5R9Rxd8gDwnF-g,312000,False,2026-06-21T19:29:59.561731+00:00
UC3IZKseVpdzPSBaWxBxundA,81600000,False,2026-06-21T19:29:59.561734+00:00
UC-tmV1TLQeBMq05L8Vf_tTA,56600,False,2026-06-21T19:29:59.561737+00:00
UCIvVJaNmUFJ8MKpyBfgslCg,112000,False,2026-06-21T19:29:59.561740+00:00
UCC0JWiw4BJYR4NUDxQCf0Hg,2880000,False,2026-06-21T19:29:59.561742+00:00
UCLN23ye5WYdjTTON4mgcFTA,31700,False,2026-06-21T19:29:59.561745+00:00
UCuSPai4fj2nvwcCeyfq2sIA,1430000,False,2026-06-21T19:29:59.561748+00:00
UCA86tPNYQSsPQEGZAhKJvkQ,104000,False,2026-06-21T19:29:59.561751+00:00
UClWnDrT3brFVwhckhrbd2KA,306000,False,2026-06-21T19:29:59.561753+00:00
UCMcPUQ32zjHF_pkfn_24LkQ,386000,False,2026-06-21T19:29:59.561756+00:00
UCYROCQIHAjoNPGQEU9O01nA,117000,False,2026-06-21T19:29:59.561759+00:00
UCq1cKXce5VFXG-nX8DBkTWQ,136000,False,2026-06-21T19:29:59.561762+00:00
UCV2G7uXFvBq6XYrM5TDgfNA,1310000,False,2026-06-21T19:29:59.561764+00:00
UC5OrDvL9DscpcAstz7JnQGA,39000000,False,2026-06-21T19:29:59.561767+00:00
UC3GWUs1RZC2mHITfsGZLr8g,42900,False,2026-06-21T19:29:59.561770+00:00
UC31OqQ0FKHo_cvfiLXJ4mHg,48600,False,2026-06-21T19:29:59.561773+00:00
UC6mbbiP0fzB0wWLNfioiOeQ,817000,False,2026-06-21T19:29:59.561776+00:00
UCo7QD2F0sVgkHSDV1TfAV7A,693000,False,2026-06-21T19:29:59.561779+00:00
UC5QPjyH-ASgmOLEbuBhMgEg,484000,False,2026-06-21T19:29:59.561782+00:00
UCI6BUMP8AToFbnNHW-4YaSQ,221000,False,2026-06-21T19:29:59.561785+00:00
UC3-Np6_d61xuza9rSEL5JSQ,77900,False,2026-06-21T19:29:59.561788+00:00
UCdoqNcqLb6b1qPzZW8wAIbg,417000,False,2026-06-21T19:29:59.561791+00:00
UC1zYGo1jIIjMVDTLL3dydow,696000,False,2026-06-21T19:29:59.602402+00:00
UChcgcbX3zMBwd0wTJyy2JlA,2510000,False,2026-06-21T19:29:59.602424+00:00
UC-wYwXKRpb8QZxo3i9uyRXA,52000,False,2026-06-21T19:29:59.602428+00:00
UCARRXzT1owe5Z4d68V0vUdw,131000,False,2026-06-21T19:29:59.602432+00:00
UCGNd0qq4DC3fNVKbj6g5WDw,43100,False,2026-06-21T19:29:59.602435+00:00
UC600H5chBUZ9xYWXH8z-Sxw,1660000,False,2026-06-21T19:29:59.602439+00:00
UC25Ah0_XF2lOUwWV9VSfl2g,874000,False,2026-06-21T19:29:59.602442+00:00
UCIVqvhyo8ttjYOmMJuhq_YQ,3550000,False,2026-06-21T19:29:59.602445+00:00
UC-zbEki0l8lx5HGfb31YmOg,564000,False,2026-06-21T19:29:59.602448+00:00
UCgfOZLyrmh04rPiuW8vfjYA,114000,False,2026-06-21T19:29:59.602451+00:00
UC7TlAuhKUXYMc-R-nBWFBkA,44000,False,2026-06-21T19:29:59.602453+00:00
UC5Yrsm8-X8nZj4uKgvE7CBw,83100,False,2026-06-21T19:29:59.602456+00:00
UC8g17oXkRt8buwQL8GU-NSw,919000,False,2026-06-21T19:29:59.602459+00:00
UC3dh_fQslVReCLOmMsS4pJw,164000,False,2026-06-21T19:29:59.602462+00:00
UCi0SnChv06KjxJyfglYAIBw,320000,False,2026-06-21T19:29:59.602464+00:00
UCeCmAYh1ylwIsgGrmqaklzg,818000,False,2026-06-21T19:29:59.602467+00:00
UCxeOH32jDFcRBV1D2lh7eFQ,173000,False,2026-06-21T19:29:59.602470+00:00
UCGoO3tJBFbxiMXpQPQwq5KA,13400,False,2026-06-21T19:29:59.602472+00:00
UClDM5GP-nYn5gBvDryZDW9w,268000,False,2026-06-21T19:29:59.602475+00:00
UC8XtvMtw4upzmugbL_MmEHg,310000,False,2026-06-21T19:29:59.602478+00:00
UC2aGNidfUAdJRRBmHqLjI-g,406000,False,2026-06-21T19:29:59.602481+00:00
UCMJiPpN_09F0aWpQrgbc_qg,5690000,False,2026-06-21T19:29:59.602484+00:00
UC2dhkM2mQXMlIXcd2vMStvQ,323000,False,2026-06-21T19:29:59.602487+00:00
UCRpRQ48LGfMpYojZo7Srabg,471000,False,2026-06-21T19:29:59.602490+00:00
UCKlM7oQ1MaWt9ZMbMXtQyew,72100,False,2026-06-21T19:29:59.602492+00:00
UCQ6LI1xmwjCHYR-lWvZHR8Q,54100,False,2026-06-21T19:29:59.602495+00:00
UCK-1ia7u9plYyIbSuHPOsIw,332000,False,2026-06-21T19:29:59.602498+00:00
UCU8hoxo5usUNE_CEJli5x2g,746000,False,2026-06-21T19:29:59.602501+00:00
UC43KSVyRxlUGDaL09wRjxLA,338000,False,2026-06-21T19:29:59.602503+00:00
UC5SR5ITPwHGHJrQjHEzefGw,1110000,False,2026-06-21T19:29:59.602506+00:00
UCGqAwDaTHgvVPjpJSUsUgeQ,128000,False,2026-06-21T19:29:59.602509+00:00
UCIYs6nBtvkXWjTNZWNRtD-g,552000,False,2026-06-21T19:29:59.602512+00:00
UCNd7J90lCw1viYbB2MbGu8w,41400,False,2026-06-21T19:29:59.602514+00:00
UC6NyO8meJAlUHslb-bIIQ1A,87500,False,2026-06-21T19:29:59.602517+00:00
UCHi5HD9w9B-gI6Lbx43Rs7A,1950000,False,2026-06-21T19:29:59.602520+00:00
UCGGsKQVinW2cgQL3YfufeKQ,106000,False,2026-06-21T19:29:59.602523+00:00
UC6QDphhNjXCdwTN8UeVXZRg,127000,False,2026-06-21T19:29:59.602525+00:00
UCEAOVoVVtVBhcn7vLIQIkDA,990000,False,2026-06-21T19:29:59.602528+00:00
UC6SmH9mR82nj28_NNg_rZvA,1140000,False,2026-06-21T19:29:59.602531+00:00
UCLbv0iWDAqgEw60Dn2Rv5CQ,656000,False,2026-06-21T19:29:59.602534+00:00
UC-3QY3npvAhdBncds9bim5A,219000,False,2026-06-21T19:29:59.602536+00:00
UC8HzVQneyQg_rh6FA09xdhw,33900,False,2026-06-21T19:29:59.602539+00:00
UC0xYGj09xcSMEIN56dNn8GA,50200,False,2026-06-21T19:29:59.602542+00:00
UCNi8FZYLQvHs5ItlnKdS0Kg,133000,False,2026-06-21T19:29:59.602545+00:00
UCA2McdYJLbD4IAQo0wLWOUQ,100000,False,2026-06-21T19:29:59.602547+00:00
UCPXikqOeKxOMZJzIqYwYHHw,137000,False,2026-06-21T19:29:59.602550+00:00
UCmD3ZX3hXhihuzVRVe5o27g,238000,False,2026-06-21T19:29:59.602553+00:00
UC4OtRobhmEjQgT1vTKBib5Q,483000,False,2026-06-21T19:29:59.602556+00:00
UCs0so9Fi4MadD8r_klrOkAw,106000,False,2026-06-21T19:29:59.602558+00:00
UCK0_3cXo2PhHUVUOaOGOsZg,35900,False,2026-06-21T19:29:59.602561+00:00
UCHk4PXQ2hSGT_B9lqH-redQ,56700,False,2026-06-21T19:29:59.654674+00:00
UCAc8lL1a5sbzUtQwZzEO6-g,117000,False,2026-06-21T19:29:59.654703+00:00
UCFU-ZKrHWs8qYnOQSESukkg,223000,False,2026-06-21T19:29:59.654709+00:00
UC-5eTKa5UQsHZAgDPqpSBBw,192000,False,2026-06-21T19:29:59.654714+00:00
UCOvrIKJSNSDyaAMdrY6_rlQ,42600,False,2026-06-21T19:29:59.654719+00:00
UC9OaXhVz6_Z0lvck01Qid5w,22800,False,2026-06-21T19:29:59.654725+00:00
UCBvWfh5pkiCdApbtS0eaMIg,898000,False,2026-06-21T19:29:59.654730+00:00
UCit4Iu0EPk4fP0P_gZio5Zg,119000,False,2026-06-21T19:29:59.654735+00:00
UC8gjm6l1yaWD2BZy8STqvYA,50700,False,2026-06-21T19:29:59.654739+00:00
UCSXpSoWV4_R1Taf_4E2fOsQ,1020000,False,2026-06-21T19:29:59.654744+00:00
UCKPZsaXTuIgEfzeKVFMpn7Q,558000,False,2026-06-21T19:29:59.654750+00:00
UC_xt5BP2glAQZAwqUsqkEkA,192000,False,2026-06-21T19:29:59.654755+00:00
UC3PWWshMfLtdgDOvM5hKT6A,488000,False,2026-06-21T19:29:59.654759+00:00
UCAWWDsFWX4lMuRtH46VYdIQ,971000,False,2026-06-21T19:29:59.654764+00:00
UCcy6lyVVEp-Qkb6_DWXBilw,77200,False,2026-06-21T19:29:59.654770+00:00
UCP4ORJd6Knja3kAL40F6YXg,582000,False,2026-06-21T19:29:59.654775+00:00
UC9UI_fNxTbfEJImAg5Y7pOw,1860000,False,2026-06-21T19:29:59.654780+00:00
UC0mhOaiTObQ9hsCIBQM7Hnw,474000,False,2026-06-21T19:29:59.654784+00:00
UC1-4AnMxkLXLNL3-7UJ4KTQ,1750000,False,2026-06-21T19:29:59.654789+00:00
UC-9-kyTW8ZkZNDHQJ6FgpwQ,127000000,False,2026-06-21T19:29:59.654795+00:00
UCjXDbgbzk9BnpxDnRCempfg,644000,False,2026-06-21T19:29:59.654800+00:00
UCGlgXjYVoHLD86TQQ799WIw,205000,False,2026-06-21T19:29:59.654805+00:00
UC0AuyBe0-TDTqSWY27nhYBw,329000,False,2026-06-21T19:29:59.654810+00:00
UCGhudK3AIG152KrfURCSb2Q,512000,False,2026-06-21T19:29:59.654817+00:00
UCAPpxMVxcbix9NEckFS5hLg,194000,False,2026-06-21T19:29:59.654823+00:00
UCgy1mxPcdm6d-NvUfmYrDWw,1470000,False,2026-06-21T19:29:59.654828+00:00
UC1sCMCM2yQqS3dggBcTbNSg,232000,False,2026-06-21T19:29:59.654834+00:00
UCQJ17IwkU2JNvY-85MNHwwQ,471000,False,2026-06-21T19:29:59.654840+00:00
UCBFcM6zw-0ygsRAJzo29iHw,103000,False,2026-06-21T19:29:59.654846+00:00
UCwr5J-OflO_OyotS8FOZW7Q,449000,False,2026-06-21T19:29:59.654852+00:00
UCPRqPmrVoyAvRS5-QXxgOUA,65500,False,2026-06-21T19:29:59.654857+00:00
UCASJIBV9UDa_FDiSddoEonQ,185000,False,2026-06-21T19:29:59.654863+00:00
UC7basVkzCE7iEJ3rHYmDFuA,205000,False,2026-06-21T19:29:59.654869+00:00
UC7bpetJeyr12k8ryA2sIRnQ,392000,False,2026-06-21T19:29:59.654874+00:00
UCAfKK-_nQSV5kdpn1_VgvTQ,71200,False,2026-06-21T19:29:59.654879+00:00
UCaoYKqANdTyW42RBVRF1Zlg,495000,False,2026-06-21T19:29:59.654885+00:00
UCFYfhDylHK-gFSXjtNr8dYQ,531000,False,2026-06-21T19:29:59.654890+00:00
UCDBtDAxlqoXWRzhEb4yZ1wA,39200,False,2026-06-21T19:29:59.654895+00:00
UCACUd-GAlz4brbapgRSbNbA,164000,False,2026-06-21T19:29:59.654901+00:00
UC7BYJDxt7M3yddgHJAF4ZeA,94000,False,2026-06-21T19:29:59.654906+00:00
UCEUA7h_dCKi4OOciRaryotA,286000,False,2026-06-21T19:29:59.654911+00:00
UCvAV8AiAdvlRLLJf5AY0lTw,1430000,False,2026-06-21T19:29:59.654917+00:00
UCQk-wnwKRnif39j-AKe9twA,49700,False,2026-06-21T19:29:59.654922+00:00
UCsulu2ghMsPVFeI5yVcb6aQ,867000,False,2026-06-21T19:29:59.654927+00:00
UC3AGP8tjXzAefnKzgxLspQQ,218000,False,2026-06-21T19:29:59.654933+00:00
UC2WEap0mCxONZLulKVIW1TA,128000,False,2026-06-21T19:29:59.654938+00:00
UC-PwctTg1kRVzPcBQlodYcg,165000,False,2026-06-21T19:29:59.654943+00:00
UCY6UMp-CCaztcG-Ui5OVXXA,355000,False,2026-06-21T19:29:59.654949+00:00
UCQJaE9hvHI3muexZWj3LKXQ,2160000,False,2026-06-21T19:29:59.654954+00:00
UCJkq3q4UnEnayNbwt6N9ttg,426000,False,2026-06-21T19:29:59.654959+00:00
UC283U3dPUk0RD-etygZJ11g,164000,False,2026-06-21T19:29:59.695606+00:00
UCPOY4MSNPc7dlNE--QQcMxg,149000,False,2026-06-21T19:29:59.695627+00:00
UCiMwbmcCSMORJ-85XWhStBw,304000,False,2026-06-21T19:29:59.695632+00:00
UCqrvqhQgctN8LBxF-z_rRAw,1070000,False,2026-06-21T19:29:59.695636+00:00
UCI2-ki0BQzmQ_tE4mxG8rXQ,831000,False,2026-06-21T19:29:59.695639+00:00
UC2ctq8sYlRXDUmsg3cEvvHQ,129000,False,2026-06-21T19:29:59.695643+00:00
UCAcGenBoh-mXpufzPtNh0hg,854000,False,2026-06-21T19:29:59.695646+00:00
UCDD7BcoKphATW57_46mPFLg,435000,False,2026-06-21T19:29:59.695649+00:00
UCzVXTGThZ0nMiIhWWHacpjQ,1490000,False,2026-06-21T19:29:59.695652+00:00
UC-rTBOFUf2IBumga8RzLdWA,89700,False,2026-06-21T19:29:59.695688+00:00
UC-J7_24mTSMqC3f3vwIEUdg,111000,False,2026-06-21T19:29:59.695695+00:00
UC-mpreu42R7mLtyOlPKelxQ,36100,False,2026-06-21T19:29:59.695701+00:00
UCDkAtIbVxd-1c_5vCohp2Ow,542000,False,2026-06-21T19:29:59.695707+00:00
UC4YT50DP7hbMsor8FmyEPMw,1100000,False,2026-06-21T19:29:59.695714+00:00
UC12HMtO5MYph9dCZZ7yygng,4850000,False,2026-06-21T19:29:59.695718+00:00
UC1HZhN0HjriRUhqH7wGyRQg,773000,False,2026-06-21T19:29:59.695721+00:00
UCAGahxd8RZYa0XfvCtPy5ew,522000,False,2026-06-21T19:29:59.695724+00:00
UCDzOfd9304g0cWmSameJNWw,625000,False,2026-06-21T19:29:59.695727+00:00
UCfAnGaT97LJuKyZ65KhRb6Q,116000,False,2026-06-21T19:29:59.695730+00:00
UCZ3h7IyAMbrVgvmxTdj-rpA,2490000,False,2026-06-21T19:29:59.695733+00:00
UC9yOhniOuokH6iiw4Q14XQg,44200,False,2026-06-21T19:29:59.695736+00:00
UC4QadOSsJu54Qs8z99shRiQ,1750000,False,2026-06-21T19:29:59.695740+00:00
UCKsDIOMzLa9Ls3jQIXS7vaA,89000,False,2026-06-21T19:29:59.695743+00:00
UCWR6VlWOt4WkRGc4YTko02Q,177000,False,2026-06-21T19:29:59.695746+00:00
UC2ak0cfMQ4zP3w_Fo-Zj-TA,142000,False,2026-06-21T19:29:59.695749+00:00
UC2otzOMMLeJHZVwwyAQaA_w,547000,False,2026-06-21T19:29:59.695752+00:00
UC01iOPW5JvjdpoCfaY8SbTw,13000,False,2026-06-21T19:29:59.695754+00:00
UC7hHF4W8gkHEc9-VqZiK5uQ,218000,False,2026-06-21T19:29:59.695757+00:00
UCBp751ECaWfrw_dZtdgZu1A,368000,False,2026-06-21T19:29:59.695760+00:00
UCiaKMLiO5mB5Vs4YncuapCQ,125000,False,2026-06-21T19:29:59.695763+00:00
UCDIeBaj-DMOS5GQnMqN3Dnw,72800,False,2026-06-21T19:29:59.695766+00:00
UCO8oZT0EhBW7HMqHg2EorHQ,116000,False,2026-06-21T19:29:59.695769+00:00
UC5xJEhW1NjC6ZjQlP0dNkTQ,152000,False,2026-06-21T19:29:59.695771+00:00
UCBWx5mzeNavl9cno30KTCTA,137000,False,2026-06-21T19:29:59.695774+00:00
UCHH_jEpEnCuBB8At4-fNVSQ,183000,False,2026-06-21T19:29:59.695777+00:00
UC6BL1oMOfn2poGZH33rDQFg,17300,False,2026-06-21T19:29:59.695780+00:00
UC0psEsKVbWwPKHOvKIyMDrw,80300,False,2026-06-21T19:29:59.695782+00:00
UCLsdm7nCJCVTWSid7G_f0Pg,1860000,False,2026-06-21T19:29:59.695785+00:00
UCICoLn_-HDoHal2GpVxPQJA,909000,False,2026-06-21T19:29:59.695788+00:00
UC9wKlIKoF_8zCBVndImrq3w,206000,False,2026-06-21T19:29:59.695791+00:00
UCCbABGzhqBcu3LXtH3MGEdg,21300,False,2026-06-21T19:29:59.695794+00:00
UC5t5yQzJFvoMkLI5XXZiiIQ,54700,False,2026-06-21T19:29:59.695796+00:00
UClQZ7WuSMqFv_u-EDE5TVEw,162000,False,2026-06-21T19:29:59.695799+00:00
UCJINANTSM0FbvzuJpFyJfjg,314000,False,2026-06-21T19:29:59.695802+00:00
UCln9P4Qm3-EAY4aiEPmRwEA,9310000,False,2026-06-21T19:29:59.695805+00:00
UC-6aa7WG4qz8PrsNBHGU1Iw,686000,False,2026-06-21T19:29:59.695807+00:00
UC2GuoutVyegg6PUK88lLpjw,3160000,False,2026-06-21T19:29:59.695810+00:00
UCWNamN52M9gMa9W7ea4sRzw,400000,False,2026-06-21T19:29:59.695813+00:00
UCSEujv_Cu7RsZ9oKgtpUUFg,14000,False,2026-06-21T19:29:59.695816+00:00
UCfSJLM0qrPbzXnuAATuELhA,246000,False,2026-06-21T19:29:59.695819+00:00
UC8RM5W-eUIQhgkb4NSJ0baA,233000,False,2026-06-21T19:29:59.732826+00:00
UC1p2d2Fj7O9Kf0S7JmHhj-g,124000,False,2026-06-21T19:29:59.732852+00:00
UC7VFKdb5_4Ik6_N1LG4eU_A,62100,False,2026-06-21T19:29:59.732859+00:00
UCeicl_qqEQyLBdqhhrw20Rw,671000,False,2026-06-21T19:29:59.732865+00:00
UCIAxOLPLaPzsjuRNVjaBoqg,1090000,False,2026-06-21T19:29:59.732871+00:00
UCagAVZFPcLh9UMDidIUfXKQ,472000,False,2026-06-21T19:29:59.732876+00:00
UCM6d-vEHLVFMdohds1_FFYw,70900,False,2026-06-21T19:29:59.732882+00:00
UCKK8GulP2TTb5s9i5wT0ofw,99500,False,2026-06-21T19:29:59.732888+00:00
UCrFSZcYdqaveh6X2Liosjyg,1010000,False,2026-06-21T19:29:59.732893+00:00
UCiY5ZQWukeZuSy3s8Ci8Vlw,136000,False,2026-06-21T19:29:59.732898+00:00
UCdr9GSa8Mm_2W039apA_1sw,307000,False,2026-06-21T19:29:59.732904+00:00
UC_DopZ9OANqNGho0wFwADqA,1410000,False,2026-06-21T19:29:59.732910+00:00
UCr9gtTPL68r8GzSMouxpOdg,423000,False,2026-06-21T19:29:59.732915+00:00
UCgE9lrN1n1dVKoFKSlgortg,512000,False,2026-06-21T19:29:59.732920+00:00
UCljYHFazflmGaDr5Lo90KmA,10000000,False,2026-06-21T19:29:59.732926+00:00
UCm2irRvKXyKsPf0Ylf2LwoA,1350000,False,2026-06-21T19:29:59.732931+00:00
UCF_HS4xECQPheRXiosgblqw,179000,False,2026-06-21T19:29:59.732936+00:00
UCzycs8MqvIY4nXWwS-v4J9g,5030000,False,2026-06-21T19:29:59.732941+00:00
UC2tunZXxelGam73VcK3E-ug,274000,False,2026-06-21T19:29:59.732947+00:00
UCOofSRMgBLWgMKbERtQaZkg,191000,False,2026-06-21T19:29:59.732953+00:00
UCBq1YhpKi9CniigT2c2fRXQ,65300,False,2026-06-21T19:29:59.732959+00:00
UCXVErXFv_fzdIMjFpkIXHtg,700000,False,2026-06-21T19:29:59.732964+00:00
UCxjh2MAjIf-m0aLfxRMh9vA,71500,False,2026-06-21T19:29:59.732969+00:00
UCZWyZ5L_MVBCcB8vmkspb8A,777000,False,2026-06-21T19:29:59.732974+00:00
UC44JZ2KhRfdPMd-jTEtR4mA,24900,False,2026-06-21T19:29:59.732979+00:00
UCgOfjIl0I_oG7VxIoaKaRsw,2450000,False,2026-06-21T19:29:59.732984+00:00
UCI95tZGo8TqnBs77e1PYcNQ,21800,False,2026-06-21T19:29:59.732989+00:00
UCEd-UViXbnKaAscbQeMoT-g,405000,False,2026-06-21T19:29:59.732995+00:00
UCS-l9TqZkne23sB9csP5PpA,643000,False,2026-06-21T19:29:59.733033+00:00
UCLqv4vhAFj140bSh4W3EDDA,1220000,False,2026-06-21T19:29:59.733040+00:00
UCGho1EeHY-v-bu-phQqqYSw,46500,False,2026-06-21T19:29:59.733046+00:00
UCgMPP6RRjktV7krOfyUewqw,16300000,False,2026-06-21T19:29:59.733051+00:00
UCYdStVwqSqa2H_fM9gyOyUg,75600,False,2026-06-21T19:29:59.733057+00:00
UCJHZshDuIrd_6MaT8MIjFtg,665000,False,2026-06-21T19:29:59.733062+00:00
UCjFD62YxatxENKLTPKycamw,629000,False,2026-06-21T19:29:59.733068+00:00
UCUUekIrulAiJnUOawqBRwZQ,1480000,False,2026-06-21T19:29:59.733073+00:00
UCebxxMx7lc2r7Vf0njXVJCQ,115000,False,2026-06-21T19:29:59.733078+00:00
UCVvVfg6FUYUtM71nDykgNZA,243000,False,2026-06-21T19:29:59.733084+00:00
UC-GUnpgY8Er056ZUI_CdDOA,357000,False,2026-06-21T19:29:59.733089+00:00
UCNTxclE0N4qsUuirssL_D8w,126000,False,2026-06-21T19:29:59.733094+00:00
UCID4r258VmBcppjglAy8nVQ,224000,False,2026-06-21T19:29:59.733099+00:00
UCOe26hLXeypA8KGls6fXPxw,282000,False,2026-06-21T19:29:59.733105+00:00
UCax09PmcRoY1R8mfJFBfv0g,331000,False,2026-06-21T19:29:59.733110+00:00
UCMrg0DqhgSL8d9q1_i_Tv2A,157000,False,2026-06-21T19:29:59.733115+00:00
UC6rrGfyEDLdIkNB-uQmR-pw,306000,False,2026-06-21T19:29:59.733121+00:00
UCEA8Umn4azMfY2-qic1lCOA,2800000,False,2026-06-21T19:29:59.733126+00:00
UChiV33pKIO4Ro0xvahTePMw,151000,False,2026-06-21T19:29:59.733132+00:00
UCEbPgdUbZgme40WpYmR0ocA,2000000,False,2026-06-21T19:29:59.733138+00:00
UCU0KURiKTupBYVCK8rgG7Rw,433000,False,2026-06-21T19:29:59.733143+00:00
UCIR8bP-MIXHwTPkUjcnjBCw,571000,False,2026-06-21T19:29:59.733148+00:00
UC7Ey8KpFqH59QQqTNSm0sOw,367000,False,2026-06-21T19:29:59.777651+00:00
UC0C-w0YjGpqDXGB8IHb662A,59100000,False,2026-06-21T19:29:59.777676+00:00
UC0BSwbn-6xUz_ZiRzwVj27w,1030000,False,2026-06-21T19:29:59.777683+00:00
UC0YdreHTXA1FXHNb6psd2CQ,242000,False,2026-06-21T19:29:59.777688+00:00
UCd0hscDvJvzRbo8Rk7JPQMA,2230000,False,2026-06-21T19:29:59.777693+00:00
UC455V0qKA3T-87i3Y5eRw9w,7100,False,2026-06-21T19:29:59.777699+00:00
UC8XBizOfQBLUrUcv_9DHCog,546000,False,2026-06-21T19:29:59.777703+00:00
UC0QaxWvI7NNWcFTHDVypr1Q,42000,False,2026-06-21T19:29:59.777708+00:00
UCPAm9wx6kWdUeUO9PsYmE2Q,130000,False,2026-06-21T19:29:59.777713+00:00
UCGo6yMLqfaavol7MyqU4l4g,79100,False,2026-06-21T19:29:59.777717+00:00
UCH9i--1vKBFg5MgLmAk0zjg,674000,False,2026-06-21T19:29:59.777722+00:00
UCoewz-Ub4Nudqqcdq4gWT5w,1020000,False,2026-06-21T19:29:59.777726+00:00
UCSYLUvNxxTZY6zzACsi6tJQ,259000,False,2026-06-21T19:29:59.777731+00:00
UCJyGoLz_sLHHHI1uEPg6UhA,2140000,False,2026-06-21T19:29:59.777735+00:00
UCUuihBLgcL1v9Raof4r2JbA,100000,False,2026-06-21T19:29:59.777740+00:00
UCKDHaChsg15O48nitYLZ2ow,18900,False,2026-06-21T19:29:59.777745+00:00
UCWoiNwdr7EEjgs2waxe_QpA,270000,False,2026-06-21T19:29:59.777749+00:00
UCKN1x9HADB_rGluUs6y_SLw,501000,False,2026-06-21T19:29:59.777754+00:00
UCkKJhKO73xF1pK5h9R82ZGQ,1300000,False,2026-06-21T19:29:59.777758+00:00
UC5PBnSG7C0WXp5gjd4bzKtw,3200000,False,2026-06-21T19:29:59.777763+00:00
UC49IcjbsspFVpukiVYN05Hg,1300000,False,2026-06-21T19:29:59.777768+00:00
UCDNvEu0mHE4wMbbrnUL9mOA,543000,False,2026-06-21T19:29:59.777773+00:00
UCn1749t--I4z6MmVVIRfxlw,532000,False,2026-06-21T19:29:59.777777+00:00
UCX2c6V2YSdXvW0hzDtf4OPA,109000,False,2026-06-21T19:29:59.777782+00:00
UCEMQJKLijEgRjV5aC8CwYVQ,75900,False,2026-06-21T19:29:59.777786+00:00
UC2oNx3mSUClH3_AUkT0lsUg,816000,False,2026-06-21T19:29:59.777791+00:00
UC33_tIj4m1_XaqfFcomShvw,3640000,False,2026-06-21T19:29:59.777796+00:00
UC8gH0DK_GGVibTIH0hD3kbw,273000,False,2026-06-21T19:29:59.777800+00:00
UCIPIoslhqBLMrnU3EU1wrlA,1060000,False,2026-06-21T19:29:59.777805+00:00
UCKeSbR4kQK4RAPsrLVKJjCQ,509000,False,2026-06-21T19:29:59.777809+00:00
UC0hh25w8RfCziRWRMvUJ5lw,216000,False,2026-06-21T19:29:59.777814+00:00
UCawFpYvbwCH0_Pznf43KN1Q,245000,False,2026-06-21T19:29:59.777819+00:00
UCHLGkgvgsSEe-2vLTQ7b42g,64700,False,2026-06-21T19:29:59.777823+00:00
UCsZGc3FOvM0vsFXMKrdvJjw,135000,False,2026-06-21T19:29:59.777828+00:00
UCQwhcxeDIvrnHqhsu5M1d9g,175000,False,2026-06-21T19:29:59.777832+00:00
UCs7rJz4WvRVd0-PbXKiBi2Q,315000,False,2026-06-21T19:29:59.777837+00:00
UC0v-pxTo1XamIDE-f__Ad0Q,1700000,False,2026-06-21T19:29:59.777842+00:00
UC793WyAnqu2VU5m9mplwfpQ,436000,False,2026-06-21T19:29:59.777846+00:00
UCfb-Ly0RXaUGxglFJmPji1g,3260000,False,2026-06-21T19:29:59.777851+00:00
UC2hZOjUdQ-dPrLO2fP2LClw,394000,False,2026-06-21T19:29:59.777855+00:00
UC43ekYDmSbZglc2ndwDNtAQ,291000,False,2026-06-21T19:29:59.777860+00:00
UCBma_jaZKkPeH9P8IhMVONA,50500,False,2026-06-21T19:29:59.777864+00:00
UCOmHUn--16B90oW2L6FRR3A,101000000,False,2026-06-21T19:29:59.777869+00:00
UC3tbsC83WBCqaBJD9BbhbLA,72100,False,2026-06-21T19:29:59.777873+00:00
UCWcRj4M6JYcaXlAIn0IwfGw,109000,False,2026-06-21T19:29:59.777878+00:00
UC-WdpyFOCjNhF9Qp0A_K9sg,23900,False,2026-06-21T19:29:59.777882+00:00
UCyrgqU5j3E5l33mU3wpzkjg,54000,False,2026-06-21T19:29:59.777887+00:00
UCD7Y7OT3h-NxipAInNc3Faw,166000,False,2026-06-21T19:29:59.777891+00:00
UCC-HU9fQBmjB5gvGx_V1gbw,39100,False,2026-06-21T19:29:59.777896+00:00
UCJc_jL0yOBGychLgiTCGtPw,302000,False,2026-06-21T19:29:59.777900+00:00
UCXgd6LKq3xMCLGvW_AZhghQ,439000,False,2026-06-21T19:29:59.821338+00:00
UC8zsQuGZ7nQXsqq1qn3VfGA,76300,False,2026-06-21T19:29:59.821363+00:00
UCiquP6V2gP7Fe3LgioZ2ybQ,2300000,False,2026-06-21T19:29:59.821370+00:00
UC24I2gsaEx_zfrRHQphjj-w,172000,False,2026-06-21T19:29:59.821375+00:00
UC9sEMFZHEbCndUvpxMld1gw,589000,False,2026-06-21T19:29:59.821380+00:00
UC2D2CMWXMOVWx7giW1n3LIg,7550000,False,2026-06-21T19:29:59.821386+00:00
UC4XS_dU0uz5ZU8RtO9p1DdQ,973000,False,2026-06-21T19:29:59.821391+00:00
UCWSANUA618JYCMCNpT2rQWQ,147000,False,2026-06-21T19:29:59.821396+00:00
UCgeaC4OEk0t54m2hWQtjjIw,679000,False,2026-06-21T19:29:59.821401+00:00
UC7MQgeoNg9S4rOZBU2k9pqw,439000,False,2026-06-21T19:29:59.821407+00:00
UCLK63mzEn9yPcwrjSEWBK3Q,497000,False,2026-06-21T19:29:59.821412+00:00
UC9GWh7Q2EbFMq3kqSSjNFRw,1090000,False,2026-06-21T19:29:59.821419+00:00
UCMeULnWVsuBMo2MpEZs7AHw,187000,False,2026-06-21T19:29:59.821424+00:00
UCoorcrpmcdrB6F7GsBZVX0A,410000,False,2026-06-21T19:29:59.821429+00:00
UC1ToVxtUzre1zhpTVxsSh5Q,424000,False,2026-06-21T19:29:59.821434+00:00
UC6221cixGtzOBFJyLoSEuQQ,154000,False,2026-06-21T19:29:59.821440+00:00
UC5Ou3Sy_86_pfHlZf7v-REw,162000,False,2026-06-21T19:29:59.821445+00:00
UC-liCop3ltsdE_iklYpkNTA,59500,False,2026-06-21T19:29:59.821450+00:00
UC5p_nshDQNGjh2B3h-FP33g,664000,False,2026-06-21T19:29:59.821455+00:00
UCMUlmS8pieIFbNhN1SkeB8g,1220000,False,2026-06-21T19:29:59.821461+00:00
UCearf15zMK46uSyUAl6SrFw,313000,False,2026-06-21T19:29:59.821466+00:00
UC02JeoV59i0yhDj009s73GQ,209000,False,2026-06-21T19:29:59.821471+00:00
UCcOyfJOWv9NJBqIcXDEoNmQ,531000,False,2026-06-21T19:29:59.821476+00:00
UCYg9i0n1Vc4705rsYKJio9A,734000,False,2026-06-21T19:29:59.821481+00:00
UC1S31PbQRHVqGbe2mSwyQ6g,648000,False,2026-06-21T19:29:59.821486+00:00
UCvral4FSI9dOOUV-yRloawA,1440000,False,2026-06-21T19:29:59.821491+00:00
UCh990JFF8shUqSRhCvvztQg,3030000,False,2026-06-21T19:29:59.821496+00:00
UCQ-0MkpvJZ0co7WD79DBt9w,557000,False,2026-06-21T19:29:59.821501+00:00
UC-twgFcRClZz0fVcN1yPtSg,142000,False,2026-06-21T19:29:59.821506+00:00
UCeLeyHAaZJb4tm0cAMxc60Q,326000,False,2026-06-21T19:29:59.821511+00:00
UCJOGhcQGkbDJXzXEk54Ro5g,509000,False,2026-06-21T19:29:59.821515+00:00
UCq1r8Nq3nwI9VhvyiwcpF2w,786000,False,2026-06-21T19:29:59.821521+00:00
UCNqbJ7zpxAxC2BxPx-xmx6g,629000,False,2026-06-21T19:29:59.821525+00:00
UCL9KXuGkAt5qCfUlMrJayMQ,880000,False,2026-06-21T19:29:59.821530+00:00
UChe0E-hCaRtYN1YEhsN73pQ,156000,False,2026-06-21T19:29:59.821535+00:00
UC32V-k7uajDkwOmO1KrL7lA,45300,False,2026-06-21T19:29:59.821540+00:00
UC0SKIdgDQXqV4iSqOmDLSFQ,23600,False,2026-06-21T19:29:59.821545+00:00
UCVwkTHZEb1qNnc5FYOXBq2g,111000,False,2026-06-21T19:29:59.821550+00:00
UCBeVJVMVoCSS76xb51qTK8Q,195000,False,2026-06-21T19:29:59.821555+00:00
UC6o-JRdRTSxt8zWwNj_RjEQ,80500,False,2026-06-21T19:29:59.821560+00:00
UC_ak3ZurSDtT3Kv1RFdrgiA,1070000,False,2026-06-21T19:29:59.821565+00:00
UCwTYlgkLr3EXVBEGBCFF31Q,76900,False,2026-06-21T19:29:59.821570+00:00
UCHwIfWguiXscH-VEdoAP9aQ,18000,False,2026-06-21T19:29:59.821575+00:00
UCnBj9CULLD4Zbk_uZh2hnZQ,2130000,False,2026-06-21T19:29:59.821579+00:00
UCQEguHq__HM37Te8mzdvpeQ,918000,False,2026-06-21T19:29:59.821584+00:00
UC1DqlLj1onQhBfxW81OgQTw,560000,False,2026-06-21T19:29:59.821590+00:00
UCLYxftbbRDFGGeuU5_tysMA,29500,False,2026-06-21T19:29:59.821594+00:00
UCGhUL4AZc1d5ozCxYlkYVhw,124000,False,2026-06-21T19:29:59.821599+00:00
UCV7DLPLDN0HRtpvx46E0OjQ,300000,False,2026-06-21T19:29:59.821604+00:00
UC_eljPZb1g2NppQmqrwghaw,54600,False,2026-06-21T19:29:59.821609+00:00
UCJg80GhmXKOkJdkoX6R2P-w,968000,False,2026-06-21T19:29:59.865571+00:00
UCBPJWA4QQM47ZuIVSC8pMVw,80100,False,2026-06-21T19:29:59.865600+00:00
UCALplCbeagOxXGmEJ-hOJIg,195000,False,2026-06-21T19:29:59.865608+00:00
UCQlOfsmvWrWDHdopzmoxi2A,1580000,False,2026-06-21T19:29:59.865614+00:00
UCdu6YxnAbnEBk2Q9v9nRX8A,953000,False,2026-06-21T19:29:59.865619+00:00
UC1p2KhFA_poWyYlUTzAxXRw,202000,False,2026-06-21T19:29:59.865625+00:00
UC-RNsA4086_NI9k3xgUEqnQ,387000,False,2026-06-21T19:29:59.865631+00:00
UCNfVIim1m4pVgppvnuSdYIA,135000,False,2026-06-21T19:29:59.865637+00:00
UCOUN8nCxNNQwvPSi2G5wj4Q,197000,False,2026-06-21T19:29:59.865642+00:00
UC-QZSLpCPi_RlACN2Xg59lg,171000,False,2026-06-21T19:29:59.865647+00:00
UCD-8FUA2E1FrNYxdA2QUP7Q,989000,False,2026-06-21T19:29:59.865653+00:00
UC0AagSlBxG7IQPGRwwoGDWg,543000,False,2026-06-21T19:29:59.865659+00:00
UCmMFrO9hjeAg9RLuTSF4A2A,1900000,False,2026-06-21T19:29:59.865664+00:00
UCgMLAT1cUvrQjyRrHFZvIlg,73700,False,2026-06-21T19:29:59.865670+00:00
UCSACDJBZm4UiVK3CnZ5G7aw,1310000,False,2026-06-21T19:29:59.865675+00:00
UCVmhuqz0HJkVbfmWA5eqyyg,48700,False,2026-06-21T19:29:59.865681+00:00
UC8IWoNfegB72Q2nT9GJy2zQ,130000,False,2026-06-21T19:29:59.865686+00:00
UCCEoqaOzY9__AReWKXrvt8Q,217000,False,2026-06-21T19:29:59.865691+00:00
UC83t4zV_XrK-0BSD41NwK-A,281000,False,2026-06-21T19:29:59.865697+00:00
UCgXl5H1V4Fq4q0_gJYXR3bw,82600,False,2026-06-21T19:29:59.865703+00:00
UCRroWwZVZINltsByEJ7k-2g,49800,False,2026-06-21T19:29:59.865709+00:00
UC29qkYL1bp4aJDtGra8ZMuQ,756000,False,2026-06-21T19:29:59.865715+00:00
UCKza48x4SfHSn_UGigYpYnA,217000,False,2026-06-21T19:29:59.865720+00:00
UCDdZOqCzvX9Tp86ntGzVDsQ,60400,False,2026-06-21T19:29:59.865725+00:00
UC6pk6Bpvh6P16mgpC7BSKZg,154000,False,2026-06-21T19:29:59.865731+00:00
UCf8arBDjvsjcoFyMVuB1YEg,456000,False,2026-06-21T19:29:59.865736+00:00
UCDrLRJgdu05HtV8JLQVhx3w,620000,False,2026-06-21T19:29:59.865742+00:00
UCCp9Q2JCLjOenDa63FJi_Ag,1710000,False,2026-06-21T19:29:59.865747+00:00
UCpUQnk6MaY4o3NdgJmv10cw,208000,False,2026-06-21T19:29:59.865752+00:00
UCGxe7RjYvCgoD5l2I1enVsg,221000,False,2026-06-21T19:29:59.865758+00:00
UC2y2UgUdCrPYSaP3YnMPo5g,90300,False,2026-06-21T19:29:59.865763+00:00
UCWb2WeL8TiWrBN_4X5hLkug,44700,False,2026-06-21T19:29:59.865768+00:00
UCHRc_1iAPXP0_H1eMvjvFmQ,101000,False,2026-06-21T19:29:59.865773+00:00
UCA0JAke3g1FzHhm5AR6gr0A,308000,False,2026-06-21T19:29:59.865778+00:00
UCNcdfynjHc086o_-NynFuFw,776000,False,2026-06-21T19:29:59.865784+00:00
UC_4-bA8lLaByKgc4xcZ5QbA,708000,False,2026-06-21T19:29:59.865789+00:00
UC0Wv49l3qlIdFX69FKD3y1g,98100,False,2026-06-21T19:29:59.865795+00:00
UCIxmMJenWnBZuSSg0hmLx_g,72200,False,2026-06-21T19:29:59.865801+00:00
UCDe1U0tcuU-UsSJsbSEsGuA,367000,False,2026-06-21T19:29:59.865807+00:00
UCb29q7ta9rgxh-IV1FDkMEw,129000,False,2026-06-21T19:29:59.865812+00:00
UCiFpKFt3RNKnmTLOPFibOAQ,222000,False,2026-06-21T19:29:59.865818+00:00
UC78zfX-wGho3o6MrrnzLzMw,2530000,False,2026-06-21T19:29:59.865823+00:00
UCMqzJy8ItIz978DCi06x0vw,15800,False,2026-06-21T19:29:59.865829+00:00
UCTvgqlIYvoS9RDWlZspPydA,154000,False,2026-06-21T19:29:59.865835+00:00
UCC9SB7UVkUvmF7tXTXs0umA,210000,False,2026-06-21T19:29:59.865840+00:00
UCLI1ta1jCqMZeHSqY95lhlQ,230000,False,2026-06-21T19:29:59.865846+00:00
UCJqWKSEmDP9ph3iVYCKyl3Q,2220000,False,2026-06-21T19:29:59.865851+00:00
UC7Shb03PAVEf-G1Ji8Xk-OA,1250000,False,2026-06-21T19:29:59.865856+00:00
UCAERcCeke3w3YHdod0x1FBQ,322000,False,2026-06-21T19:29:59.865861+00:00
UCXm76zKrfNApFif6A0zS9Tw,955000,False,2026-06-21T19:29:59.865866+00:00
UCdU0lALBi35E1vqwpbZrzSw,1750000,False,2026-06-21T19:29:59.906861+00:00
UC64KwGynvj3hA7T0C9gC5cA,8500000,False,2026-06-21T19:29:59.906882+00:00
UC-_rEHyejSo0gDagSzA6D1w,32000,False,2026-06-21T19:29:59.906887+00:00
UCBqN11fVN9yxA0ARcQxU9sQ,1030000,False,2026-06-21T19:29:59.906891+00:00
UC1_eNNjFjV8Cp6QlxbOAnjA,436000,False,2026-06-21T19:29:59.906894+00:00
UChWqp_XdFkUwejYapc8Iv7A,66900,False,2026-06-21T19:29:59.906897+00:00
UC4YaOt1yT-ZeyB0OmxHgolA,3090000,False,2026-06-21T19:29:59.906900+00:00
UCQ5yoMKyjggjK3Ds3tBramQ,385000,False,2026-06-21T19:29:59.906903+00:00
UCBBLybG7OxGtnaGuJAr1xjw,658000,False,2026-06-21T19:29:59.906906+00:00
UC1eJbTQqf2AXQIiV2wTee-Q,100000,False,2026-06-21T19:29:59.906909+00:00
UC9ytGl3_VwLlwU7BHSX3LuA,73800,False,2026-06-21T19:29:59.906911+00:00
UCEAvwlv0ZtJrSsgaA2CewOw,1480000,False,2026-06-21T19:29:59.906914+00:00
UCKuKJHdK8hmwNXpEcHPK8FQ,163000,False,2026-06-21T19:29:59.906917+00:00
UC0GZNP_j1q1jQTyylQU1cZw,425000,False,2026-06-21T19:29:59.906920+00:00
UC9Sc4uTpmHU1u_VDMYJ12cQ,8440,False,2026-06-21T19:29:59.906923+00:00
UCX23v0voDwuLdlF7kNbfZFA,566000,False,2026-06-21T19:29:59.906926+00:00
UC_Q8cHoJnhNp6GHPkPOoSgw,521000,False,2026-06-21T19:29:59.906928+00:00
UC_QG8miwKHFNuWY9VpkrI8w,1570000,False,2026-06-21T19:29:59.906931+00:00
UCotZfbYZEgBMFTLmX_Oa9wg,585000,False,2026-06-21T19:29:59.906934+00:00
UC9_jyB4wC3UXiZG7Zn9WKSA,417000,False,2026-06-21T19:29:59.906938+00:00
UCNvcNd31bA-XERO6LGy4blw,1690000,False,2026-06-21T19:29:59.906940+00:00
UC1KM0FPG8NvCWKRZURZZEfQ,423000,False,2026-06-21T19:29:59.906943+00:00
UCPVr7clenPjpD7WNsSI3UBQ,2620000,False,2026-06-21T19:29:59.906946+00:00
UC4N7NpqbOJ-F8wna4Nf_Xaw,439000,False,2026-06-21T19:29:59.906950+00:00
UCv2ejD5B1xOYtGB2cf80B8g,2680000,False,2026-06-21T19:29:59.906953+00:00
UC8fTn4DsxlAlql3OXJ8syRA,48100,False,2026-06-21T19:29:59.906956+00:00
UCNs5FWOJiMBLiR4GmyW5v5g,59800,False,2026-06-21T19:29:59.906958+00:00
UC0j5Sk9XqwibZIh_Dxml8jw,217000,False,2026-06-21T19:29:59.906961+00:00
UC3D6ZIuBbLNZri9VztaZTiA,225000,False,2026-06-21T19:29:59.906964+00:00
UCA2UaHL_cIvNbaAaSLCTDFw,526000,False,2026-06-21T19:29:59.906966+00:00
UCGkOj_XB1k6pGX_tOdIUM5w,53000,False,2026-06-21T19:29:59.906969+00:00
UCDhdJkSs6PnrvAVFOZQX-cw,110000,False,2026-06-21T19:29:59.906972+00:00
UCWknBs085JIeUMTWaix4_3g,253000,False,2026-06-21T19:29:59.906975+00:00
UCZrQbTFTzRKdcrRBZ9eCe-g,55000,False,2026-06-21T19:29:59.906978+00:00
UCCJel9mmTsxDU9RiCwdiLiA,578000,False,2026-06-21T19:29:59.906980+00:00
UC6Ze6VcAXK9_iBYyOSbtc5A,198000,False,2026-06-21T19:29:59.906983+00:00
UCFkVVgEo5E2Gk79Ah8uM7kw,157000,False,2026-06-21T19:29:59.906986+00:00
UCzXvkcnU4Pho3k65564Py2Q,540000,False,2026-06-21T19:29:59.906989+00:00
UCBD4RO82lle5CyB_M9dtwzw,1140000,False,2026-06-21T19:29:59.906992+00:00
UC-pQL-6zNVmjbm0qpaas8EA,50000,False,2026-06-21T19:29:59.906994+00:00
UCnl_0zrDSUJsA98RkVQSKcQ,57900,False,2026-06-21T19:29:59.909049+00:00
UCVn4nUvBfg9fz_ytO97f_Sw,38600,False,2026-06-21T19:29:59.909070+00:00
UCWdjUbxGkyTptCOj6THwn2A,441000,False,2026-06-21T19:29:59.909078+00:00
UC9yE5zNQtT-sItF53GfQs7w,232000,False,2026-06-21T19:29:59.909085+00:00
UCDy22j1Z7jDpyI14KWVgmQQ,449000,False,2026-06-21T19:29:59.909091+00:00
UCCH2SYnxGfgS0QyAcpYS9AQ,338000,False,2026-06-21T19:29:59.909097+00:00
UCBRA0r0dAWrrMP0Qg78Gqow,34000,False,2026-06-21T19:29:59.909104+00:00
UC1yMehQx8NdlIFJlPzptRYg,158000,False,2026-06-21T19:29:59.909110+00:00
UC-ivsDwgEwvzjJTRK_jGRqg,4070,False,2026-06-21T19:29:59.909116+00:00
UC07a-1FKy4sJ4ZZTpp2RN5g,339000,False,2026-06-21T19:29:59.909123+00:00
UC01BeAkSUXcRX43_mPEz40g,96300,False,2026-06-21T19:29:59.945023+00:00
UCGLR-wLrgjwKWSQ85nSDVUw,63700,False,2026-06-21T19:29:59.945134+00:00
UC0_J_HiKEc4SG8E8_feekLA,351000,False,2026-06-21T19:29:59.945142+00:00
UCsE5nbE6FcHpv_IFzceXAJg,19400,False,2026-06-21T19:29:59.945149+00:00
UCpEEcJhBig2GqUFxcXjqiLg,1220000,False,2026-06-21T19:29:59.945155+00:00
UCpCesuCH4UxIcy65gSrC0Pw,2490000,False,2026-06-21T19:29:59.945163+00:00
UC-g-w1lS2yYmOLKV6UPrR_A,539000,False,2026-06-21T19:29:59.945170+00:00
UCAnUUkliBXa1z4QPGUK3ikQ,172000,False,2026-06-21T19:29:59.945176+00:00
UCjpIkdTEBTfQGwqWDhJLfYA,143000,False,2026-06-21T19:29:59.945182+00:00
UCaADAFPHm2iCKvFt-lMJSXA,606000,False,2026-06-21T19:29:59.945188+00:00
UCtadsCKKCV3z7mkhB5SvXMA,350000,False,2026-06-21T19:29:59.945193+00:00
UCJEbpN7ovbrGvtQEQ0Qg6kg,211000,False,2026-06-21T19:29:59.945257+00:00
UCWwB48zxhF6OZSKAwDyuvCQ,160000,False,2026-06-21T19:29:59.945266+00:00
UC1JMhM9TJT7yMLx8ZtbDO8g,141000,False,2026-06-21T19:29:59.945273+00:00
UC68CsNyASsyu0S6hPBedtBw,100000,False,2026-06-21T19:29:59.945279+00:00
UCHDewAuJoPrQnOHdbFSq5xA,271000,False,2026-06-21T19:29:59.945285+00:00
UCbemdIKbFIOIbBfXM2X3Xuw,364000,False,2026-06-21T19:29:59.945291+00:00
UCTvBkHmk6n_GGuExGOVqWAw,172000,False,2026-06-21T19:29:59.945296+00:00
UCBzHLiBZWSn7AmaW0AOAlWg,472000,False,2026-06-21T19:29:59.945336+00:00
UCQ0QIc_pXkjJD3Az3TGp_Yg,47300,False,2026-06-21T19:29:59.945345+00:00
UCLQjJbthlzuuKsr4tpxnVjw,94300,False,2026-06-21T19:29:59.945351+00:00
UCJgMhwxo6SihiOLXuzgbl3g,185000,False,2026-06-21T19:29:59.945356+00:00
UC1laSZHo_6VBXU9FmfGNwFA,1020000,False,2026-06-21T19:29:59.945363+00:00
UC0gex8DAn_KPhHk8ywpEBIw,235000,False,2026-06-21T19:29:59.945368+00:00
UCaB1xZDw9q3pZ6gLI4I8Imw,269000,False,2026-06-21T19:29:59.945374+00:00
UChuwE7hMjONeLU54uC8Vigw,2010000,False,2026-06-21T19:29:59.945380+00:00
UC3ULbNt5-DFM0aPZdhRwi7w,60300,False,2026-06-21T19:29:59.945386+00:00
UCJodKPMM6WS5TXHOXS4AB0A,110000,False,2026-06-21T19:29:59.945392+00:00
UCGynN2H7DcNjpN7Qng4dZmg,1170000,False,2026-06-21T19:29:59.945397+00:00
UCXcjvt8cOfwtcqaMeE7-hqA,1980000,False,2026-06-21T19:29:59.945403+00:00
UC3C8_GTxN0hTgjR4iTc_7Fg,201000,False,2026-06-21T19:29:59.945408+00:00
UCGlWnxRgmii2-InQLp8HmiA,950000,False,2026-06-21T19:29:59.945414+00:00
UCpv0oCYCHywaOIsqh48MEVw,173000,False,2026-06-21T19:29:59.945420+00:00
UC3qtgGE9R6fJ4h-jcPNixjQ,178000,False,2026-06-21T19:29:59.945425+00:00
UCD9Rctu_iqX1DP35iSm2e-Q,785000,False,2026-06-21T19:29:59.945431+00:00
UCFCtAX45lgHcf4s0vAgAxww,927000,False,2026-06-21T19:29:59.945436+00:00
UCRKVzYJ0LQ6-U1HXNI9iDzg,243000,False,2026-06-21T19:29:59.945442+00:00
UC55V_ihtpI2kc_E2GmLnUMQ,72300,False,2026-06-21T19:29:59.945447+00:00
UC2GlmiEscZjR0bz8Ken0r4g,156000,False,2026-06-21T19:29:59.945453+00:00
UCGvRIuZH1C6_-p3qsNR2I-g,1050000,False,2026-06-21T19:29:59.945459+00:00
UCy3hoi3qmjq0qGQZJ4TnvPQ,574000,False,2026-06-21T19:29:59.945464+00:00
UCFyWOIOYgyM9YlJLi3ATr2A,398000,False,2026-06-21T19:29:59.945469+00:00
UCpsDJin8MZKIaIxtKlcK25g,181000,False,2026-06-21T19:29:59.945475+00:00
UCs5AFbnn9X4Y_dzLEeI_6OA,975000,False,2026-06-21T19:29:59.945482+00:00
UC3jm_V8mHVvkTUr0GYtyXjg,270000,False,2026-06-21T19:29:59.945487+00:00
UC4URX_WLZ2EHWuIOtTpYXyA,1570000,False,2026-06-21T19:29:59.945492+00:00
UCrxyF4F-ComNkP_1laEsRBw,246000,False,2026-06-21T19:29:59.945498+00:00
UCudswRVodQ-GaaMJf1sy-Iw,361000,False,2026-06-21T19:29:59.945504+00:00
UCXLdlTo4x1vBNwSOiRjxH_g,208000,False,2026-06-21T19:29:59.945509+00:00
UC1OdBHC5rlBb1VRtxrlGl4A,347000,False,2026-06-21T19:29:59.945514+00:00
UCr4fZBNv69P-09f98l7CshA,2300000,False,2026-06-21T19:29:59.984863+00:00
UCvwle25gm0dAecqQJjdBOng,70100,False,2026-06-21T19:29:59.984884+00:00
UC3bBCyGyGfI9elWm6cEAcGA,481000,False,2026-06-21T19:29:59.984888+00:00
UCEO389HqxYFp7WhfmXV-5WQ,15500,False,2026-06-21T19:29:59.984891+00:00
UCn2GQYSapde4rh-ykVCdFIw,129000,False,2026-06-21T19:29:59.984894+00:00
UCXHQMIBN8Z2xpsXp365Wjvw,83300,False,2026-06-21T19:29:59.984898+00:00
UCJRE4pV47Ivd__YFuz1GkZw,61700,False,2026-06-21T19:29:59.984901+00:00
UCAL3H5xxIb7PhwkfaIf00fg,545000,False,2026-06-21T19:29:59.984904+00:00
UCAJU2KW2-j-epKIziwCbWbA,57500,False,2026-06-21T19:29:59.984907+00:00
UCZ0cnr9vPX-vwQNvTz53U6w,92000,False,2026-06-21T19:29:59.984910+00:00
UCHk5QD2cZFzhUXcokAGXeqg,400000,False,2026-06-21T19:29:59.984913+00:00
UC8embhEdS-QrY3K6XcoyyNg,2020000,False,2026-06-21T19:29:59.984916+00:00
UC34oyKa3OSUt8IXfi9MtrEA,697000,False,2026-06-21T19:29:59.984919+00:00
UC8dmh93djcaFUtzTEBPyW_w,172000,False,2026-06-21T19:29:59.984921+00:00
UCANr15MC0s7bi4cxtDd1Gtg,972000,False,2026-06-21T19:29:59.984924+00:00
UCNn3nCh7Dddf1yDg17xosjg,37300,False,2026-06-21T19:29:59.984927+00:00
UC9AuyS7U4PxeDSNMJ2srarA,73900,False,2026-06-21T19:29:59.984930+00:00
UCDHBN6c7uHLyjZcxGdChZWA,1980000,False,2026-06-21T19:29:59.984933+00:00
UCgKOKQq3XENgVsy4YcDtDdQ,547000,False,2026-06-21T19:29:59.984936+00:00
UC3Zr9eDEeKsCE4NgsW1mQ_Q,48600,False,2026-06-21T19:29:59.984939+00:00
UC0om5rcyyqFfTKLSI34uCdw,585000,False,2026-06-21T19:29:59.984942+00:00
UCT2ibORzXA3IVfDESA0JpIA,231000,False,2026-06-21T19:29:59.984945+00:00
UCqmWJJolqAgjIdLqK3zD1QQ,1280000,False,2026-06-21T19:29:59.984947+00:00
UCXteDRy5qB0IjA8WPusCJ7w,1740000,False,2026-06-21T19:29:59.984950+00:00
UCDrXxofz1CIOo9vqwHqfIyg,255000,False,2026-06-21T19:29:59.984953+00:00
UC5dz5HTMO-tU_5amQkL37ew,165000,False,2026-06-21T19:29:59.984956+00:00
UCIR2mQ77wHrLMreV45nYhgw,2590000,False,2026-06-21T19:29:59.984959+00:00
UCYJ1mMf-mLjFqTUXLNyY7sg,721000,False,2026-06-21T19:29:59.984961+00:00
UCFVa7A6WrcrpANNx14U9CFg,92200,False,2026-06-21T19:29:59.984964+00:00
UCcXtyjK8wagT5LWS5bBgPPQ,386000,False,2026-06-21T19:29:59.984967+00:00
UC0GSA71KjRnFvj2GCUYLIIg,57700,False,2026-06-21T19:29:59.984970+00:00
UC3zx3B5VObMmSGyZk0mijxw,431000,False,2026-06-21T19:29:59.984972+00:00
UCI6o-2z45qzyXbn1TmBhh-A,216000,False,2026-06-21T19:29:59.984975+00:00
UCbqtn4vldMg5HjKims7MWfw,1390000,False,2026-06-21T19:29:59.984978+00:00
UCnHzm--hwx96P9D3Rnbe3LQ,607000,False,2026-06-21T19:29:59.984981+00:00
UCXPu1w_qdV3BJgs3dej5bjQ,590000,False,2026-06-21T19:29:59.984984+00:00
UC-1ESuGluoxdNy96lkpfDSw,219000,False,2026-06-21T19:29:59.984986+00:00
UCQN8LYY5hgOm7eYEz4YdwAQ,276000,False,2026-06-21T19:29:59.984989+00:00
UC6VSFaHYbR-bhNer7DXxGNQ,2840000,False,2026-06-21T19:29:59.984992+00:00
UCLapF_KiSMKFWcVdXytOLgA,81900,False,2026-06-21T19:29:59.984995+00:00
UCX1xppLvuj03ubLio8jslyA,6630000,False,2026-06-21T19:29:59.985035+00:00
UCV4KlwQA-H7XnT3or0m53Hg,690000,False,2026-06-21T19:29:59.985038+00:00
UC6OHCySp4R4_LsyKva1EcMA,30200,False,2026-06-21T19:29:59.985041+00:00
UC9d_g8p4e1T9tEhTppMRdBA,761000,False,2026-06-21T19:29:59.985044+00:00
UCdqmGeaJIczU3-ZTdBv7JaQ,2130000,False,2026-06-21T19:29:59.985048+00:00
UC3y2J3W87lyCSNSaV-kD3IA,65900,False,2026-06-21T19:29:59.985051+00:00
UCDXKEmr_kTXrj6L2uDPYrtg,407000,False,2026-06-21T19:29:59.985054+00:00
UCIoTgYjd_F9cD3gxgE7Lk8A,630000,False,2026-06-21T19:29:59.985057+00:00
UC2kM-GuFyvSk2wpxs3OtPag,35100,False,2026-06-21T19:29:59.985059+00:00
UCDXEWLD4dnsNWAULablPCQw,1030000,False,2026-06-21T19:29:59.985062+00:00
UCMLp_VU6PBaHT8pg5bQnuOQ,322000,False,2026-06-21T19:30:00.027100+00:00
UCTDMT3aL30noTVFgNPA9XtQ,1850000,False,2026-06-21T19:30:00.027129+00:00
UCEc3FR91L7Z2z6Rm2KSQ56w,72100,False,2026-06-21T19:30:00.027137+00:00
UCRQX-dpFt_osBpH71ItuuvA,1380000,False,2026-06-21T19:30:00.027143+00:00
UCU6544d9A3zHmaUFHetldlg,48800,False,2026-06-21T19:30:00.027148+00:00
UCdzrXxMHyQ9ZbZhgS5y9thg,351000,False,2026-06-21T19:30:00.027155+00:00
UCBy-BFf7XO7wCfwVAC_tBig,136000,False,2026-06-21T19:30:00.027160+00:00
UC-ZjhJ0IBqWKbk3ENOE32Dw,185000,False,2026-06-21T19:30:00.027166+00:00
UCH9xNLO6ui5EEfwi4iJ7IqA,41900,False,2026-06-21T19:30:00.027172+00:00
UCxkjgt_ePhbOoCRPr0szT8Q,1630000,False,2026-06-21T19:30:00.027177+00:00
UCMi9r1nHusrJRq5gFdndcOw,111000,False,2026-06-21T19:30:00.027183+00:00
UC1ahId_-0jdVG0zrgbEIAzQ,19600,False,2026-06-21T19:30:00.027188+00:00
UC54sClWiSScAfSfts9Cmk0Q,236000,False,2026-06-21T19:30:00.027194+00:00
UC-AEBG91PCbcrMj8AMAUDmA,308000,False,2026-06-21T19:30:00.027199+00:00
UCZAiA9mv3m-dgWhfJ9aNAbQ,558000,False,2026-06-21T19:30:00.027205+00:00
UC4xD9wgkE7cUk85abrvQ5rw,195000,False,2026-06-21T19:30:00.027211+00:00
UCGRqql4D56uvMAo2uPbGEJA,328000,False,2026-06-21T19:30:00.027216+00:00
UC-OV5Egso9fMqc1YuAxGkHw,52500,False,2026-06-21T19:30:00.027222+00:00
UCIJPUOgFIBu8TiXUa9hRWYw,1450000,False,2026-06-21T19:30:00.027227+00:00
UC6nW5kYg0DYrvKXjO3RNnjA,189000,False,2026-06-21T19:30:00.027233+00:00
UCjvWHjhiY-Pj4-5dLSw7-tQ,567000,False,2026-06-21T19:30:00.027238+00:00
UC2bsoNS_qXR8wliJXHc3iHg,19900,False,2026-06-21T19:30:00.027244+00:00
UC0K-L3dioNK9vi11wR_nCBQ,291000,False,2026-06-21T19:30:00.027249+00:00
UCSBMQycqu57YO_pDInNhU3A,312000,False,2026-06-21T19:30:00.027255+00:00
UCGkxhoVGXHXxHx-TKkacb2Q,678000,False,2026-06-21T19:30:00.027261+00:00
UCWdFb_w3JI1BPTiBCXERg2Q,501000,False,2026-06-21T19:30:00.027266+00:00
UCYTximhpSat0HHFPAI0UpUA,869000,False,2026-06-21T19:30:00.027271+00:00
UC4HOY-3PwLSV9c-Xoe3xQrQ,124000,False,2026-06-21T19:30:00.027276+00:00
UC3oVeet7Jd3YF4gmrmvTo9w,133000,False,2026-06-21T19:30:00.027282+00:00
UCELkU9QDaeb46TX-5m40BqQ,85200,False,2026-06-21T19:30:00.027287+00:00
UCKGeikF2winxse8FNjWKOqA,410000,False,2026-06-21T19:30:00.027293+00:00
UC4IMXIZ-7yyra4G5mc6pdNw,139000,False,2026-06-21T19:30:00.027298+00:00
UCK9Pl6bbWqMC_x7IDca2tIg,228000,False,2026-06-21T19:30:00.027303+00:00
UCZLuJJeUVgnc8K6iLWHzC1w,107000,False,2026-06-21T19:30:00.027308+00:00
UCnoWMgsjnqk0kW8CbGNEPvA,169000,False,2026-06-21T19:30:00.027314+00:00
UC12S2ItsGX5UXNyg9tk2dfA,499000,False,2026-06-21T19:30:00.027320+00:00
UCAmfstWXkAnAVBdfAci4bzA,76900,False,2026-06-21T19:30:00.027325+00:00
UC1GsBI4yJhQmW-Zp-NuXDNg,419000,False,2026-06-21T19:30:00.027331+00:00
UC6J480LMInclicVxIUHp27g,20500,False,2026-06-21T19:30:00.027336+00:00
UCJI7vQJbcRn8KkVr-DU6g4w,119000,False,2026-06-21T19:30:00.027341+00:00
UC01Ng5lwle6eRSl3rUrbBXg,335000,False,2026-06-21T19:30:00.027347+00:00
UCZK97NhD-963i5lfPj6Twww,164000,False,2026-06-21T19:30:00.027352+00:00
UC-jwpAXw3_HjHqb2zo_k34g,56900,False,2026-06-21T19:30:00.027358+00:00
UCdB5vhQORw9HeiF82IYLnjw,4470000,False,2026-06-21T19:30:00.027363+00:00
UC7lp6-PeAHaeHLSVGj1LPmw,510000,False,2026-06-21T19:30:00.027369+00:00
UCfVJ_-zdASq6HR-ocI8yTww,4580000,False,2026-06-21T19:30:00.027374+00:00
UCFf21op6Q2OG_H7-pQmCc_Q,378000,False,2026-06-21T19:30:00.027379+00:00
UC21f1t3X_sYMD28XclLNpUw,243000,False,2026-06-21T19:30:00.027385+00:00
UC5qdpFDdzySFubUaDgCDoHQ,38100,False,2026-06-21T19:30:00.027390+00:00
UCoKRTudLOqjgdIFpCZIkW4w,644000,False,2026-06-21T19:30:00.027395+00:00
UCE76DwRLDd0a81qEprE1ERA,312000,False,2026-06-21T19:30:00.072932+00:00
UCC-KuyRS_lc1-0kCTOCesfw,111000,False,2026-06-21T19:30:00.072960+00:00
UCRzGIQkOmFBIuMElAhVfAcA,775000,False,2026-06-21T19:30:00.072967+00:00
UCAli6feLI_lHzdCWjjqydZA,57400,False,2026-06-21T19:30:00.072973+00:00
UC7m7oo-Xkm4yKUhXchMK8CQ,38500,False,2026-06-21T19:30:00.072979+00:00
UC32npfnFmloPy1dm-k7wxhw,8100,False,2026-06-21T19:30:00.072986+00:00
UCKzqTb9ngmSgZxd9P0NYI6A,23400,False,2026-06-21T19:30:00.072991+00:00
UC6jrifjIAQ2hSoe9I7BwftQ,67300,False,2026-06-21T19:30:00.073022+00:00
UC9tHbB4m6BV70PSoxq1szjA,8110,False,2026-06-21T19:30:00.073029+00:00
UCIzrjVw3rZfaoorzW75JOCA,1060000,False,2026-06-21T19:30:00.073034+00:00
UCVdr-eRqzvzKHMpiU4YuNIQ,766000,False,2026-06-21T19:30:00.073040+00:00
UC8i7FuzvmbaQI-93WE92jQg,93800,False,2026-06-21T19:30:00.073045+00:00
UC1h483R01zEPVlMxAE2BOow,888000,False,2026-06-21T19:30:00.073051+00:00
UCANN6knNbmdr4S5DTNXc6Uw,147000,False,2026-06-21T19:30:00.073056+00:00
UC_mLVLo7ouvrgcLzkMvN_Cg,54500,False,2026-06-21T19:30:00.073062+00:00
UCvSAywQ-c2kNmKCs0bmu2SA,422000,False,2026-06-21T19:30:00.073067+00:00
UCLDd9p6Rff_uN2SzKnFMFow,81100,False,2026-06-21T19:30:00.073072+00:00
UCmwgWWVJPuQqWr91bUY3RHw,1710000,False,2026-06-21T19:30:00.073078+00:00
UC9DEl3jyY763VXco_s-LFJQ,63600,False,2026-06-21T19:30:00.073083+00:00
UCLBSvdw634pOdp3yKHZoqog,252000,False,2026-06-21T19:30:00.073090+00:00
UCvpredjG93ifbCP1Y77JyFA,7400000,False,2026-06-21T19:30:00.073095+00:00
UC3QGwTAl02IeQftn5C2bKkg,91800,False,2026-06-21T19:30:00.073101+00:00
UC2iHI3kGrPcXeluLZ8H1CEA,526000,False,2026-06-21T19:30:00.073106+00:00
UCIPm5o4QMXp8Cbgf7ZLbhow,845000,False,2026-06-21T19:30:00.073112+00:00
UCFbUzdwR6xgnaCZBUTmyoEQ,218000,False,2026-06-21T19:30:00.073117+00:00
UC7X4DPyFfrnIEBor1MbX7Aw,190000,False,2026-06-21T19:30:00.073123+00:00
UCHpFyLQgg4h9VZuFyby7RbQ,623000,False,2026-06-21T19:30:00.073128+00:00
UCpJ3wB9cRqF_kDzffSTICVg,248000,False,2026-06-21T19:30:00.073134+00:00
UC2k65hImlOq8bj1cUh5exMA,42000,False,2026-06-21T19:30:00.073146+00:00
UC0maaIVfCFgN_nJNdagpskA,160000,False,2026-06-21T19:30:00.073151+00:00
UC1ax6Oh62fiv2Q7L51bSvYQ,263000,False,2026-06-21T19:30:00.073156+00:00
UCBV-qJu74HyGnatEgBXXwXw,90600,False,2026-06-21T19:30:00.073162+00:00
UCHngf89ISYnpfcMNlXOlFag,328000,False,2026-06-21T19:30:00.073167+00:00
UCbXUEjBdbrn4BEbLSKJuSpw,1600000,False,2026-06-21T19:30:00.073172+00:00
UC5oLRA4CAPwZdZ-o0yLF-Tg,166000,False,2026-06-21T19:30:00.073178+00:00
UC2v3r3SQZy1s9jLHC4hX9jQ,18700,False,2026-06-21T19:30:00.073183+00:00
UC9CoOnJkIBMdeijd9qYoT_g,57500000,False,2026-06-21T19:30:00.073189+00:00
UC9D8vopYTSvGIdzyH6e_3oA,194000,False,2026-06-21T19:30:00.073195+00:00
UC8JJPejpW-jkj4ItGNyarTw,52300,False,2026-06-21T19:30:00.073200+00:00
UCy5A4S8tY0pxvzRhYrxodwg,1050000,False,2026-06-21T19:30:00.073206+00:00
UC7OZ8V7plonTU229Io2myIg,69300,False,2026-06-21T19:30:00.073211+00:00
UCNf0XsNjCWkP9LztpfL6g3g,43900,False,2026-06-21T19:30:00.073216+00:00
UC1YI9PkfUYmY7FYbfuxcFKg,417000,False,2026-06-21T19:30:00.073222+00:00
UCw2lRr9C-KTpoNlYK-oH93g,1540000,False,2026-06-21T19:30:00.073227+00:00
UCAOAkf2hZ7vJQtZeZreYNxQ,112000,False,2026-06-21T19:30:00.073233+00:00
UCCiOsYX3Q3wtgvtep-x_yjA,825000,False,2026-06-21T19:30:00.073238+00:00
UCNsyrhaGbUUJQVln2KgvJ5A,150000,False,2026-06-21T19:30:00.073244+00:00
UCywiirCAHLPix_jHNyPpkkg,1380000,False,2026-06-21T19:30:00.073249+00:00
UCPNd7xHDFhsbGwL-bqwQKMQ,327000,False,2026-06-21T19:30:00.073255+00:00
UCYDrghzK8H3dEbIQKyUKDlQ,613000,False,2026-06-21T19:30:00.073260+00:00
UCLkAepWjdylmXSltofFvsYQ,84900000,False,2026-06-21T19:30:00.115976+00:00
UC5Y35HzjHnxi2Dk8Xk8Cllw,1400000,False,2026-06-21T19:30:00.116029+00:00
UC-_JkCD8cRwUV5Z4MLAF7wg,54400,False,2026-06-21T19:30:00.116038+00:00
UCTQPGjjU96ssSm-URMG4Xhw,74000,False,2026-06-21T19:30:00.116044+00:00
UCLiQ89g4VP1kQbX10jUaOIQ,46400,False,2026-06-21T19:30:00.116050+00:00
UCecSTcJr0y8JUSCkPItjWwg,87800,False,2026-06-21T19:30:00.116057+00:00
UC77fE-CthS26aesRDL6PMqA,56000,False,2026-06-21T19:30:00.116062+00:00
UC1EVRR14B8PtgszWOwu1opA,236000,False,2026-06-21T19:30:00.116068+00:00
UCQgtvEFaIW150UlAyBzMkXg,732000,False,2026-06-21T19:30:00.116073+00:00
UCM2lyz-r88z3073oKf10TcA,737000,False,2026-06-21T19:30:00.116080+00:00
UCwcqq3V2BGQQh48cO1lkesQ,370000,False,2026-06-21T19:30:00.116086+00:00
UCROeL9j9VBL7eCzmqWqcD5A,54600,False,2026-06-21T19:30:00.116092+00:00
UCCieB5QMiWjKeiCEO1WAKJw,203000,False,2026-06-21T19:30:00.116097+00:00
UCTNUzGFfCdUldW6SL_3fAVA,582000,False,2026-06-21T19:30:00.116102+00:00
UC59gHK7pW5W245V6ES9jQEQ,294000,False,2026-06-21T19:30:00.116108+00:00
UC1uVJSclfUKr6RNa5C5zluw,316000,False,2026-06-21T19:30:00.116113+00:00
UCMvIgjeVXKAFP0mC1cYpiEA,594000,False,2026-06-21T19:30:00.116118+00:00
UCjDjH1KH-X-tDmcBpuesTHA,103000,False,2026-06-21T19:30:00.116124+00:00
UC4LPZMM2cZGkUBAZpBMU2_g,441000,False,2026-06-21T19:30:00.116129+00:00
UCz6A-bktEcKGLil_do4Vqzw,637000,False,2026-06-21T19:30:00.116135+00:00
UC49K1-mmgbAhYVL1fWGNsAw,8410,False,2026-06-21T19:30:00.116141+00:00
UC-QzGqCGi0ny2fZC3v5s5Cw,26600,False,2026-06-21T19:30:00.116146+00:00
UCVmHbp7L5_SY7WkG0hSwh0g,34400,False,2026-06-21T19:30:00.116152+00:00
UCXo1SsIDZ_dke2Nr1r3qk6w,53800,False,2026-06-21T19:30:00.116157+00:00
UCgJXFYJLje22iue3YrgsM-Q,5910,False,2026-06-21T19:30:00.116163+00:00
UCb4oa4Kbso4s6uMw7NDuunQ,26100,False,2026-06-21T19:30:00.116168+00:00
UCBevyiJ2ierZY-0yZhfLrmQ,276000,False,2026-06-21T19:30:00.116174+00:00
UCPFBm_DrKHW9Rw98FYpxgxw,673000,False,2026-06-21T19:30:00.116180+00:00
UC3u1lQRR5MKOWH8erkGn3zw,176000,False,2026-06-21T19:30:00.116185+00:00
UCP7Gw_YZAuh4Yg2fcdcuumQ,3860000,False,2026-06-21T19:30:00.116191+00:00
UC8FwuifT73FtnO93ZUNSoLg,30600,False,2026-06-21T19:30:00.116198+00:00
UC5DBMPZZC31Y3YfWNQfZTMA,129000,False,2026-06-21T19:30:00.116204+00:00
UC5lJz69qiFu-F_0t-FXFg6w,1100000,False,2026-06-21T19:30:00.116207+00:00
UCZGcthFzJyZXOh-ueTnLrMg,140000,False,2026-06-21T19:30:00.116210+00:00
UC1qf8_Vt6zIW2XP0j_FLtqA,114000,False,2026-06-21T19:30:00.116213+00:00
UC8UXXTaoP6Xf-zGRLf0R46w,420000,False,2026-06-21T19:30:00.116216+00:00
UCLqCmbd6bgcLaBVz3aA-68A,3170000,False,2026-06-21T19:30:00.116218+00:00
UCGDdU23g7xjolfoq486JOyQ,367000,False,2026-06-21T19:30:00.116221+00:00
UCeeLf1P55LuUreLI5Ibk1yg,312000,False,2026-06-21T19:30:00.116224+00:00
UCAxiJ4ZUbRrQhwYHLd5pWhA,39600,False,2026-06-21T19:30:00.116227+00:00
UC4QcbLJWP6PEQu0eZ_AYWkw,36000,False,2026-06-21T19:30:00.116229+00:00
UCGR4XmPflBNfK14-H3UD0eg,135000,False,2026-06-21T19:30:00.116232+00:00
UC9Yva5b_FCTXHWHtLuvT7cw,86500,False,2026-06-21T19:30:00.116235+00:00
UCEBZSg72CyeB4T_8rqfYUsA,257000,False,2026-06-21T19:30:00.116238+00:00
UCI7ktPB6toqucpkkCiolwLg,3790000,False,2026-06-21T19:30:00.116240+00:00
UCopTsucSPUP_N5n4fcLQtXQ,79500,False,2026-06-21T19:30:00.116245+00:00
UCbZvkG2uAgr6Oiva4FytscQ,2500000,False,2026-06-21T19:30:00.116247+00:00
UCGLpJ_PfKTa2nLg7kTxsnjA,613000,False,2026-06-21T19:30:00.116250+00:00
UCByJqadfmjlA7gmUBAWc-zg,34300,False,2026-06-21T19:30:00.116253+00:00
UCl8E6NsjN979gbMBdztF48g,1760000,False,2026-06-21T19:30:00.116256+00:00
UCdchCQQ8SZcMTi3xeDf62Iw,357000,False,2026-06-21T19:30:00.162546+00:00
UCY9KXoezyo6cp-YwguOOCcg,370000,False,2026-06-21T19:30:00.162570+00:00
UC5Qgc-tEFmm5iQX5tUy6TyA,284000,False,2026-06-21T19:30:00.162577+00:00
UC-3TbnHMwGVKvENnYgVhVmA,22600,False,2026-06-21T19:30:00.162582+00:00
UCS4Rrb_cE8F_Jo1XI4bNQdA,516000,False,2026-06-21T19:30:00.162587+00:00
UCDPjpWErZOYsoqfeCxYTd_Q,820000,False,2026-06-21T19:30:00.162593+00:00
UCEP01drI9OP_eGEs1JJVfug,26700,False,2026-06-21T19:30:00.162598+00:00
UCIOk-Q5kyDtSRaTIW7hIsng,3720000,False,2026-06-21T19:30:00.162603+00:00
UC0nFKe_NyHM5UUQ5J40ktHA,51900,False,2026-06-21T19:30:00.162607+00:00
UCRaaCxSF8nEpfG3ZHesXKxw,1740000,False,2026-06-21T19:30:00.162612+00:00
UC1wu3wlRdRzCFLCO5vKp_nQ,525000,False,2026-06-21T19:30:00.162616+00:00
UCMHTRS4OMqiDb4beWFZ0MHg,86200,False,2026-06-21T19:30:00.162621+00:00
UCGgC9pl9VumPmAw7MqWeCeg,22900,False,2026-06-21T19:30:00.162626+00:00
UC1AtOYBE-rrvc2NytR1q_5A,44800,False,2026-06-21T19:30:00.162631+00:00
UCTx_XX35OFPYWxc1qQnXypQ,703000,False,2026-06-21T19:30:00.162636+00:00
UCGhikPUeW2ITXvbdpjtEbkw,732000,False,2026-06-21T19:30:00.162641+00:00
UCKeb1zCZ8mGNtQT1fYQGigA,424000,False,2026-06-21T19:30:00.162646+00:00
UCU2xF5_jjTdl8pGdQ4bwXBw,168000,False,2026-06-21T19:30:00.162650+00:00
UC0M8YI6T69ZgGxWERk681tQ,581000,False,2026-06-21T19:30:00.162655+00:00
UCNx5GsqVUUcLkgp6wRoB7CA,721000,False,2026-06-21T19:30:00.162661+00:00
UC9WAl5lH9s-5gBPFfErGHrQ,7200,False,2026-06-21T19:30:00.162666+00:00
UCBNVZPlWoR7oArfzJNrK9yw,1240000,False,2026-06-21T19:30:00.162671+00:00
UC9Pu5ypBaqckQb0awcJ86wQ,201000,False,2026-06-21T19:30:00.162676+00:00
UCP4RU_3ydXCuXHmoiGln9Nw,67700,False,2026-06-21T19:30:00.162681+00:00
UC4925c_l26RDiNvwgjlCXzQ,49700,False,2026-06-21T19:30:00.162685+00:00
UCPlTtgZkoZIl5TorUei3iXg,62300,False,2026-06-21T19:30:00.162690+00:00
UCO42Na11xD-n6SStAVENj7Q,93600,False,2026-06-21T19:30:00.162695+00:00
UCRkCaYP3MNUncVXP5b5zOIw,29500,False,2026-06-21T19:30:00.162699+00:00
UC7BLsnWEPZwIMN5c8maF_nA,631000,False,2026-06-21T19:30:00.162704+00:00
UCMDJ0S8xvn4tv89ShMooYzg,62700,False,2026-06-21T19:30:00.162709+00:00
UC438NzuH3byhVc9KSXKc8ZA,1250000,False,2026-06-21T19:30:00.162714+00:00
UCjtbVDyPK5KzU4OlhrM8i9A,137000,False,2026-06-21T19:30:00.162718+00:00
UCN1LT_sxN2A-aZU-9YdblYg,305000,False,2026-06-21T19:30:00.162723+00:00
UCZmJlJEshBDGpEqa30i6ltw,71400,False,2026-06-21T19:30:00.162728+00:00
UCKgpamMlm872zkGDcBJHYDg,11400000,False,2026-06-21T19:30:00.162733+00:00
UCYAeIKiHaK9_1YsR_7dNLSg,241000,False,2026-06-21T19:30:00.162738+00:00
UC137dAgXEQc0QfRqBoDPNng,264000,False,2026-06-21T19:30:00.162743+00:00
UCEf_Bc-KVd7onSeifS3py9g,33700000,False,2026-06-21T19:30:00.162748+00:00
UC-2hOA2I3ZNlNypmhAc47Ng,109000,False,2026-06-21T19:30:00.162753+00:00
UC1DCedRgGHBdm81E1llLhOQ,2780000,False,2026-06-21T19:30:00.162758+00:00
UCQgF1mWFKBRFWhQoAydUSlA,178000,False,2026-06-21T19:30:00.162763+00:00
UC37so-pB6Lhmertb39NulOQ,16500,False,2026-06-21T19:30:00.162768+00:00
UC5IT9uQwZiWWIQanS2bIkGw,522000,False,2026-06-21T19:30:00.162772+00:00
UCgIeUSV91-FfmCayG4lSBcw,913000,False,2026-06-21T19:30:00.162777+00:00
UCSZZl1jaQ3Z3Or2yzohWKoA,1470000,False,2026-06-21T19:30:00.162782+00:00
UCIwFjwMjI0y7PDBVEO9-bkQ,78700000,False,2026-06-21T19:30:00.162787+00:00
UCWd6SVIeuxSsSUKc7H237ow,94000,False,2026-06-21T19:30:00.162792+00:00
UC5FCURSdp8ob8NoOG_iB4dg,707000,False,2026-06-21T19:30:00.162797+00:00
UCN8PJZmGDTymErQF7Pl-Lqg,56200,False,2026-06-21T19:30:00.162801+00:00
UCcxOVZZaHJzvNL_1CbuNX-Q,410000,False,2026-06-21T19:30:00.162806+00:00
UCSDhQ6wHevnQSlbDjhZA5Pw,55600,False,2026-06-21T19:30:00.204506+00:00
UC_nqXcloYTcQgc-nQrzYpyA,71800,False,2026-06-21T19:30:00.204528+00:00
UCBiJhpVPD1jA6V4o7r2rQog,192000,False,2026-06-21T19:30:00.204532+00:00
UCF43QEv-vpOlmgODcgdyWrA,181000,False,2026-06-21T19:30:00.204536+00:00
UCR5r-ZjTy9w-fdJ5UfXXelA,48000,False,2026-06-21T19:30:00.204539+00:00
UCR6eJ--N6B1pMtXeqltVE_g,451000,False,2026-06-21T19:30:00.204543+00:00
UCfQgDo4XidXGKq5nXlC1qpw,991000,False,2026-06-21T19:30:00.204546+00:00
UCSC4jWZXjX2EjEHQnqGEmVg,1700000,False,2026-06-21T19:30:00.204549+00:00
UCRCC0EqWl4lZNNfNQ9WUd3g,341000,False,2026-06-21T19:30:00.204552+00:00
UCJDNw51SC2sRlmfQtjNpUog,23400,False,2026-06-21T19:30:00.204555+00:00
UC4Cm8mh5_OlQlj5kJh0zY9A,108000,False,2026-06-21T19:30:00.204558+00:00
UC6VMAKzjWKDzeI4iJkY0knw,237000,False,2026-06-21T19:30:00.204561+00:00
UC92a6JHDZ6VqI-XPOAOWa1w,282000,False,2026-06-21T19:30:00.204564+00:00
UCKCSbSJtNTo9r-HMEwvIc4w,347000,False,2026-06-21T19:30:00.204567+00:00
UC3JTWItzDfl41i2B6BFl9ZA,214000,False,2026-06-21T19:30:00.204569+00:00
UC4PJ_OncfmJ1IEeqroBqOAg,68700,False,2026-06-21T19:30:00.204572+00:00
UC9zvmoZU_THNz6poFiukxcA,269000,False,2026-06-21T19:30:00.204575+00:00
UC5450Xkqz8wdaRYJh7HTGBg,2940,False,2026-06-21T19:30:00.204578+00:00
UCHyYUv384bv9eMOC1UoG9PQ,1190000,False,2026-06-21T19:30:00.204581+00:00
UCNcQkRqY3_Ozcnlo6STqlAQ,132000,False,2026-06-21T19:30:00.204584+00:00
UCfQqKwY2VNJx_g0JimDVYJg,166000,False,2026-06-21T19:30:00.204587+00:00
UC9UAxVR4Tym2PIICVfLTZUw,3010000,False,2026-06-21T19:30:00.204590+00:00
UCEInr2OIWVwRDjpl10GpJvw,766000,False,2026-06-21T19:30:00.204593+00:00
UC7m7s9RJNaw_ApQwajkY1sQ,12100,False,2026-06-21T19:30:00.204596+00:00
UCwZ5GUBnp82m6mpUwk-3ZGw,1020000,False,2026-06-21T19:30:00.204598+00:00
UCF4c7UkIusFsfgdxcK3L_Aw,149000,False,2026-06-21T19:30:00.204601+00:00
UCaZ17KNeiVkQkeG7i2WDOnQ,761000,False,2026-06-21T19:30:00.204604+00:00
UC-Zrs1kNTReEUfKWnDO_X4g,111000,False,2026-06-21T19:30:00.204607+00:00
UC7r0AqZWg-PZHMTI2scpYWQ,202000,False,2026-06-21T19:30:00.204609+00:00
UC67x7_KT2NZEjzJle5ZoqnA,154000,False,2026-06-21T19:30:00.204612+00:00
UCYdbKlKigcmLryVWYlLbjTQ,195000,False,2026-06-21T19:30:00.204615+00:00
UCYkW8AbG82KUsh8zGWARriA,424000,False,2026-06-21T19:30:00.204618+00:00
UCVXO1_7BI7cCJFdIqXKGhuA,2220000,False,2026-06-21T19:30:00.204620+00:00
UCLiPbjTEuGto_iRasBrfu7w,749000,False,2026-06-21T19:30:00.204623+00:00
UCpoShWHs1wgk2G6j2rnygFA,331000,False,2026-06-21T19:30:00.204626+00:00
UCE0UZVTfvQ8jiNxdIlLeWeA,3060000,False,2026-06-21T19:30:00.204629+00:00
UCbk8Yl5j0MN2Ex8o0rnSYKA,1020000,False,2026-06-21T19:30:00.204632+00:00
UC1LF4Ti3XIB8yaL5_DP_azQ,58200,False,2026-06-21T19:30:00.204634+00:00
UCjjGQ1lHXd13dFfTpYqCYRw,256000,False,2026-06-21T19:30:00.204637+00:00
UCCWLJImQvwHTXTe5Z_88zmw,420000,False,2026-06-21T19:30:00.204640+00:00
UCfpEDJ5UHn3TlJiE1RD7X6g,234000,False,2026-06-21T19:30:00.204643+00:00
UCxgAuX3XZROujMmGphN_scA,8530000,False,2026-06-21T19:30:00.204645+00:00
UC5laBQe3nqbrAnwNTabchhQ,81500,False,2026-06-21T19:30:00.204648+00:00
UCHp2q2i85qt_9nn2H7AvGOw,2310000,False,2026-06-21T19:30:00.204651+00:00
UCAsGN3duhpN_M1SbB4tEFtQ,460000,False,2026-06-21T19:30:00.204654+00:00
UCo2UDFzGDSi9SR7m280sNKQ,434000,False,2026-06-21T19:30:00.204656+00:00
UCWXd_NoLb-QpsMYt9UlDllw,75300,False,2026-06-21T19:30:00.204659+00:00
UCGAIqZ8k3B8AviHkomNZ3aw,69600,False,2026-06-21T19:30:00.204662+00:00
UC2ghxrGPzvBMy-GAg2q7BAQ,318000,False,2026-06-21T19:30:00.204665+00:00
UC2_729TkAGJrT3iMWs-tndA,312000,False,2026-06-21T19:30:00.204668+00:00
UC_rEwKM5zrQcweEHcbQdMJA,488000,False,2026-06-21T19:30:00.240862+00:00
UC9CR9ZDPfBrE4jllwsxoMTw,227000,False,2026-06-21T19:30:00.240890+00:00
UC8GgWCXNsrKkCeN5xt30Euw,31000,False,2026-06-21T19:30:00.240898+00:00
UCFQEO_c41E-8VtQTSX7rKMw,23800,False,2026-06-21T19:30:00.240904+00:00
UC6ID-aYVgXMaxn23_31_u8A,290000,False,2026-06-21T19:30:00.240910+00:00
UCIu9bc_ZLLmIZ1r_3UXi4PA,218000,False,2026-06-21T19:30:00.240925+00:00
UCYsLDIlQeS4NpEbKjyzTGhg,108000,False,2026-06-21T19:30:00.240932+00:00
UC2NOk8DQ-KLc9ticdLPiOXQ,50600,False,2026-06-21T19:30:00.240937+00:00
UC16niRr50-MSBwiO3YDb3RA,19800000,False,2026-06-21T19:30:00.240944+00:00
UC8sHCoAfxXsEo6_p_HVcqTQ,81600,False,2026-06-21T19:30:00.240949+00:00
UChZKoKBZKnoOXZhT6laQJ1w,132000,False,2026-06-21T19:30:00.240955+00:00
UCpZnHxjKCAOm-FKPrYYi-LA,3080000,False,2026-06-21T19:30:00.240961+00:00
UCCnpddpO0f-llNaC8av-EhQ,125000,False,2026-06-21T19:30:00.240967+00:00
UCUUxKULnB5rfH-sRXH6I7QQ,836000,False,2026-06-21T19:30:00.240973+00:00
UCUXc-JwLAU7ktxtLsJNnwqA,533000,False,2026-06-21T19:30:00.240979+00:00
UC3SMMsAG5lFTBlvgsTH5Z_Q,165000,False,2026-06-21T19:30:00.240985+00:00
UCIpm0Hlz5r8IgBYYINEI3cQ,7050,False,2026-06-21T19:30:00.240990+00:00
UCFKrS1Olh9kB8JRyIXROfEg,60200,False,2026-06-21T19:30:00.240996+00:00
UCHcqA3nQ5JYkZJcUH_D0A1w,502000,False,2026-06-21T19:30:00.241028+00:00
UC7LnadOwPEGqGnIuwVGfjow,239000,False,2026-06-21T19:30:00.241036+00:00
UC1bLY6ldt_HTHE-kV3yqO3w,287000,False,2026-06-21T19:30:00.241042+00:00
UCLKNp-ua37bAXkkPJRD-mfQ,583000,False,2026-06-21T19:30:00.241048+00:00
UC-hVOGj2apTeEvc49CrjQlg,1360000,False,2026-06-21T19:30:00.241054+00:00
UCQN0dE15bLy5FyGbEVWC2Qw,704000,False,2026-06-21T19:30:00.241060+00:00
UCXzU-b8I0Y_fhMkLQMYt3vA,1620000,False,2026-06-21T19:30:00.241067+00:00
UCJkU-l72lopFdUuK7MeS1sw,70600,False,2026-06-21T19:30:00.241073+00:00
UC271ED-UDlMVQlJfJyeVr4w,26200,False,2026-06-21T19:30:00.241079+00:00
UCUVWoy_rGPdZeUp7jjRHOaQ,613000,False,2026-06-21T19:30:00.241085+00:00
UCdT0zrTZB7zIKwnuBJ2BGhQ,160000,False,2026-06-21T19:30:00.241090+00:00
UC4Z1X8kxKaHrcRVbNK--5QQ,457000,False,2026-06-21T19:30:00.241095+00:00
UCgQgMOBZOJ1ZDtCZ4hwP1uQ,1680000,False,2026-06-21T19:30:00.241100+00:00
UC9OXNkUKmf3bUx8N9l8jM2w,506000,False,2026-06-21T19:30:00.241106+00:00
UCftLOohXnznK4tDXqT-Yt_w,550000,False,2026-06-21T19:30:00.241112+00:00
UCRV0biiLdsSV1Zd3Qi6ID7w,181000,False,2026-06-21T19:30:00.241117+00:00
UC5f7RjfZfamzfmOv5jXKKSA,14700,False,2026-06-21T19:30:00.241123+00:00
UCMlS2_GV_87x-teiBnlf85A,9370,False,2026-06-21T19:30:00.241129+00:00
UCzgD13zxZyY-C5dVVOfsWww,781000,False,2026-06-21T19:30:00.241135+00:00
UCPAnutz2SJBYfaUMl95ng3g,139000,False,2026-06-21T19:30:00.241140+00:00
UCqZVcdQYqngzxBOU9bI4o5g,137000,False,2026-06-21T19:30:00.241146+00:00
UC9Lx-zRFGfpuls27tNAOIqA,2070000,False,2026-06-21T19:30:00.241152+00:00
UCxrz4kzROyQjuAIvd2cIx5A,251000,False,2026-06-21T19:30:00.241158+00:00
UCrw14X80t_iKsOJlKlh8q4Q,531000,False,2026-06-21T19:30:00.241164+00:00
UCNlA_JiwrTZ1NxsryTRc_pg,15200,False,2026-06-21T19:30:00.241170+00:00
UCXtEc7Q8XeRK9SO10jdyinw,10500,False,2026-06-21T19:30:00.241176+00:00
UC_wNS0BlPQaH4HCgxbhayUQ,280000,False,2026-06-21T19:30:00.241182+00:00
UCDYmlWxY97dc_PpNE9I1zXw,143000,False,2026-06-21T19:30:00.241187+00:00
UCZZ0UGjWsRdM8_5bsqtxYaQ,1430000,False,2026-06-21T19:30:00.241192+00:00
UCFO5v1aSGEiCBa1J1_A7rtg,28800,False,2026-06-21T19:30:00.241197+00:00
UCPJMlD3I7bAPQnoisLwiUAQ,14600,False,2026-06-21T19:30:00.241203+00:00
UC16oMU-Ykq7Zm8JcgLWjzew,53400,False,2026-06-21T19:30:00.241208+00:00
UC01kcYpT2NKrrJWkC-h90YQ,65200,False,2026-06-21T19:30:00.283053+00:00
UC7IoYYcmNrSg5GP31UCSsZA,283000,False,2026-06-21T19:30:00.283075+00:00
UCibEhpu5HP45-w7Bq1ZIulw,9070000,False,2026-06-21T19:30:00.283079+00:00
UC2FmqYe0DgxgKVHfzcTl0vQ,28100,False,2026-06-21T19:30:00.283083+00:00
UCBFKWpFK-8txGnT60Xw_Usw,81500,False,2026-06-21T19:30:00.283086+00:00
UCNL1ZadSjHpjm4q9j2sVtOA,30600000,False,2026-06-21T19:30:00.283091+00:00
UC9BD3vH_5uBIS2jjVgXD0kg,441000,False,2026-06-21T19:30:00.283094+00:00
UCSEoj94-efoQhREyRWRySKA,1330000,False,2026-06-21T19:30:00.283097+00:00
UC-wJmWixKoDH3ycRrCRvPAQ,192000,False,2026-06-21T19:30:00.283100+00:00
UCHe-IopvzUf0sBEYL5dybnA,188000,False,2026-06-21T19:30:00.283103+00:00
UC4eYXhJI4-7wSWc8UNRwD4A,12700000,False,2026-06-21T19:30:00.283106+00:00
UCK55Bpht6fHaAybg32khEnQ,832000,False,2026-06-21T19:30:00.283108+00:00
UCJm60FFiYSH2mJONr6vnV_A,437000,False,2026-06-21T19:30:00.283111+00:00
UCuQIIVGEZ1emfJNuQLP5iKg,175000,False,2026-06-21T19:30:00.283114+00:00
UCHZAl_56UnVcOZFy8dmI86g,73400,False,2026-06-21T19:30:00.283117+00:00
UCDnUkOjKd0ggqHBaexWDatw,227000,False,2026-06-21T19:30:00.283119+00:00
UCg621ZS-iKFLWLbXcSBG5mw,794000,False,2026-06-21T19:30:00.283122+00:00
UCfx9nY1DIwd3p0zbtdG4FOQ,239000,False,2026-06-21T19:30:00.283125+00:00
UCxNqppp-Z4ABFeaqIljZRzw,109000,False,2026-06-21T19:30:00.283128+00:00
UC1ees-fSpiNAIy7O7idjLuA,191000,False,2026-06-21T19:30:00.283131+00:00
UC_x_e-SGSU-basLUFOQ6FJA,235000,False,2026-06-21T19:30:00.283134+00:00
UC4gtGRAiS5msZfhEhdZO6hw,1720000,False,2026-06-21T19:30:00.283137+00:00
UC8w3bNlsLkSbd9AnpHWPLrw,60800,False,2026-06-21T19:30:00.283140+00:00
UCgTDck8fPsLGQcJIYhdUCvw,1080000,False,2026-06-21T19:30:00.283142+00:00
UCKW8-HKiFj1Y5HwH2TxgMNQ,76100,False,2026-06-21T19:30:00.283145+00:00
UCRIgIJQWuBJ0Cv_VlU3USNA,3990000,False,2026-06-21T19:30:00.283148+00:00
UCiuOgrYjhB4D-ow-UjP9B5Q,235000,False,2026-06-21T19:30:00.283151+00:00
UCn_PTP4I-L8yB_T0ao8z1eA,84000,False,2026-06-21T19:30:00.283153+00:00
UC8oDE6oMo52OlGAUrXWRpvQ,84400,False,2026-06-21T19:30:00.283156+00:00
UC1gHtxTKm_6ZE2_n__vRlwA,16900,False,2026-06-21T19:30:00.283159+00:00
UCIzzH3m7wKDe-zrbg5RPBtw,149000,False,2026-06-21T19:30:00.283162+00:00
UCbMypC19BkBusvsLbf8dAkQ,105000,False,2026-06-21T19:30:00.283165+00:00
UC18A5-KezRSqS9mV4TX4OlQ,119000,False,2026-06-21T19:30:00.283167+00:00
UC3Z8Tf-ponSKcr2p7Z8N09A,430000,False,2026-06-21T19:30:00.283170+00:00
UCjMASagD3wrOX53A32Cqb7Q,151000,False,2026-06-21T19:30:00.283173+00:00
UCHQw8yGouhHGLUdLz-scUjQ,97200,False,2026-06-21T19:30:00.283176+00:00
UCVLCO4X98gheatdmQd_0ZhA,28300,False,2026-06-21T19:30:00.283178+00:00
UC9buL3Iph_f7AZxdzmiBL8Q,50000,False,2026-06-21T19:30:00.283181+00:00
UCC3840XpFQIuewAcIni-CnQ,157000,False,2026-06-21T19:30:00.283184+00:00
UCsyzKL2_be8U8ns5gfr1y5Q,97600,False,2026-06-21T19:30:00.283187+00:00
UCRKx3Kj_LGlk3Qyk6FRc4Mg,470000,False,2026-06-21T19:30:00.283189+00:00
UC15oAZnbkwc0NFn-20kY4OQ,89800,False,2026-06-21T19:30:00.283192+00:00
UCg9XCwhgMGo8sKtu0qsReYA,78600,False,2026-06-21T19:30:00.283195+00:00
UC8CQ1dyYT4p8kdI7ApaN64g,299000,False,2026-06-21T19:30:00.283198+00:00
UCBCPSOtwTWuDjS-b-GyVUGw,121000,False,2026-06-21T19:30:00.283200+00:00
UCzqfd1l8YLkhCrl_4GNGMig,78300,False,2026-06-21T19:30:00.283203+00:00
UC3guHRx3Vrq05UuHlNVh_bw,31900,False,2026-06-21T19:30:00.283206+00:00
UCla3VSgIihcMKNYEitixgWg,241000,False,2026-06-21T19:30:00.283209+00:00
UCBBY5m4G2N8iipjHq0UQoMQ,75700,False,2026-06-21T19:30:00.283212+00:00
UC0dXZdPnEK8XOa-uiQyXeTw,291000,False,2026-06-21T19:30:00.283214+00:00
UCXVW9P_uDdOtWA1DeeliNTA,208000,False,2026-06-21T19:30:00.320517+00:00
UCDhjThxt99rkGcjcEreyOQg,393000,False,2026-06-21T19:30:00.320541+00:00
UC6cJPKVcHh31efgzk4W2_EA,190000,False,2026-06-21T19:30:00.320547+00:00
UCMtyb2Cl-zJpP3jpPgnmrGQ,147000,False,2026-06-21T19:30:00.320552+00:00
UCH9oscRsKRFmVV2ASa_rVHg,974000,False,2026-06-21T19:30:00.320557+00:00
UCSVqU8FWv3U8trsE9MzMp2A,155000,False,2026-06-21T19:30:00.320563+00:00
UChnOj8TAZHyB0OwTGYCqsfg,82700,False,2026-06-21T19:30:00.320567+00:00
UCAnYwNNz9wCvOri3qcNCscw,317000,False,2026-06-21T19:30:00.320572+00:00
UCL-KvYmTuKW4apbb9PryLVQ,146000,False,2026-06-21T19:30:00.320578+00:00
UC4R8DWoMoI7CAwX8_LjQHig,15800000,False,2026-06-21T19:30:00.320582+00:00
UCiAsvcDwwhuK_iOiwG4O3-g,63400,False,2026-06-21T19:30:00.320587+00:00
UC-HuiLFNaJ9yELFLHAPEnOQ,161000,False,2026-06-21T19:30:00.320591+00:00
UCAIDFVWA8Lj-YLK2guq8t5A,15300,False,2026-06-21T19:30:00.320596+00:00
UCI0xPNkgivK-FCcaCYDC8Yg,1720000,False,2026-06-21T19:30:00.320601+00:00
UCH3ITyGlEEDUq2t5WW4YToA,175000,False,2026-06-21T19:30:00.320605+00:00
UCueFlCvu9XJI3EbK5s5ocWA,690000,False,2026-06-21T19:30:00.320611+00:00
UC1s2W6VK-34ZXehFgnNMwoA,487000,False,2026-06-21T19:30:00.320616+00:00
UCSRGk4AtN7iyS1YOu79EG8Q,654000,False,2026-06-21T19:30:00.320620+00:00
UCLalk9T_6MeFtiMrhxN48fA,441000,False,2026-06-21T19:30:00.320626+00:00
UCHoOFVQAhK-QyoXgf0iaZIg,435000,False,2026-06-21T19:30:00.320632+00:00
UCHG6mjcrcdSmW6d5163rIAw,14100,False,2026-06-21T19:30:00.320636+00:00
UCKudwfXQgNM7Gkjv95qRI9w,2150000,False,2026-06-21T19:30:00.320642+00:00
UC_39VhpzPZyOVrXUeWv04Zg,515000,False,2026-06-21T19:30:00.320646+00:00
UC4iYZ05Xu5bYmFXz3gLjXrw,118000,False,2026-06-21T19:30:00.320652+00:00
UCuhPVNbY5AATKsU5RSEhbCQ,1130000,False,2026-06-21T19:30:00.320657+00:00
UC1Z82r17ow4o7cdMUEm1MQQ,36900,False,2026-06-21T19:30:00.320661+00:00
UC4wKG5KyK_jstc2g01PZBcg,500000,False,2026-06-21T19:30:00.320666+00:00
UCVh1FLIJi0GxI_nLQcz1sNQ,524000,False,2026-06-21T19:30:00.320671+00:00
UC-hM6YJuNYVAmUWxeIr9FeA,2440000,False,2026-06-21T19:30:00.320676+00:00
UCQGwzONVogFLr4FIY5jvSbw,57200,False,2026-06-21T19:30:00.320681+00:00
UCL0gzRWUnLTapo5IunXAngA,86600,False,2026-06-21T19:30:00.320686+00:00
UC-lHJZR3Gqxm24_Vd_AJ5Yw,110000000,False,2026-06-21T19:30:00.320691+00:00
UC93Jre2TBI_9dzzYhQFFzXg,516000,False,2026-06-21T19:30:00.320696+00:00
UCI-_lpDZ6fsRbNjo-FzxBuA,247000,False,2026-06-21T19:30:00.320701+00:00
UCD0yNT_-zIMGwVuJnLB5i8A,29100,False,2026-06-21T19:30:00.320706+00:00
UCXIbbUPWKPxzGyfdbAG8mLg,748000,False,2026-06-21T19:30:00.320711+00:00
UC_SrKP4BqpnA_Ct41B3O4TQ,171000,False,2026-06-21T19:30:00.320716+00:00
UC4SNi60xOVsj4ZXQ1en6kGQ,32700,False,2026-06-21T19:30:00.320720+00:00
UCNxyWUfEIBTV4I1C9E4OyCg,369000,False,2026-06-21T19:30:00.320726+00:00
UCkB8HnJSDSJ2hkLQFUc-YrQ,2970000,False,2026-06-21T19:30:00.320731+00:00
UCW3T7nRjB-fzZ828xjDf_EQ,518000,False,2026-06-21T19:30:00.320735+00:00
UC4h3X7qMLKpLT0yzbyYHj7Q,297000,False,2026-06-21T19:30:00.320740+00:00
UCKKVCgly-wAgMbU3eAUhM0g,122000,False,2026-06-21T19:30:00.320745+00:00
UC4l_Xj42vdPjuQTj4UY2o1Q,34900,False,2026-06-21T19:30:00.320750+00:00
UC1_4Dgxm7gwcs7TPXPjcNwg,196000,False,2026-06-21T19:30:00.320755+00:00
UCgIIlSmbGB5Tn9_zzYMCuNQ,396000,False,2026-06-21T19:30:00.320760+00:00
UCQVhrypJhw1HxuRV4gX6hoQ,2290000,False,2026-06-21T19:30:00.320765+00:00
UCMXjwK6-rRw-la5SN5j0M6g,603000,False,2026-06-21T19:30:00.320770+00:00
UCL_4-AMtK1q3plz7UGmXTfA,32500,False,2026-06-21T19:30:00.320775+00:00
UC9U5fM7JcXt3jQlKyw9iOdA,28900,False,2026-06-21T19:30:00.320779+00:00
UCoFLB_Gw_AoxUuuzKjXrc_Q,1510000,False,2026-06-21T19:30:00.354868+00:00
UC2boXfwHHmiu_qCJItGjvvQ,139000,False,2026-06-21T19:30:00.354897+00:00
UC8OfLJFs58s5ckNL9U4pytw,192000,False,2026-06-21T19:30:00.354904+00:00
UCDbQblY1XASbgqOXmy6FOFQ,3080000,False,2026-06-21T19:30:00.354910+00:00
UC10Z3uA6Rs1pwAY0oBCG0FA,31800,False,2026-06-21T19:30:00.354916+00:00
UCBfRS5pGUUDXFPuiiobW_LQ,257000,False,2026-06-21T19:30:00.354922+00:00
UCGkctuF55veBi7xDGCgcYkw,143000,False,2026-06-21T19:30:00.354927+00:00
UCb3AXdX2Xb44MmkpGwQQ25g,25400,False,2026-06-21T19:30:00.354932+00:00
UCqHw8AA-_LNisY1QgBV1G1Q,33600,False,2026-06-21T19:30:00.354938+00:00
UCV7WQE6d1_Ddd78oIyXsC1Q,14200,False,2026-06-21T19:30:00.354944+00:00
UCSbe4o0yCVbo9cUxAPT9t_g,502000,False,2026-06-21T19:30:00.354950+00:00
UCmBVCXTZCHm-cOvukkFvu_g,512000,False,2026-06-21T19:30:00.354956+00:00
UC8W63lHIHXef2fBszqrVdyA,79400,False,2026-06-21T19:30:00.354961+00:00
UCP5HbJczhcl-UnbIkS67RGQ,228000,False,2026-06-21T19:30:00.354967+00:00
UCfPBVNEvh_z6rbBvtuYB64Q,61200,False,2026-06-21T19:30:00.354973+00:00
UCCb4Vivka5F45u1MfO07nZQ,183000,False,2026-06-21T19:30:00.354979+00:00
UCacmUS5IWcTzpI3b4ZkkSgw,1080000,False,2026-06-21T19:30:00.354985+00:00
UCZODe3JME_a-bp5FCu0oOdQ,112000,False,2026-06-21T19:30:00.354991+00:00
UCNNmRwe7h2dgl-nIUk1toCg,236000,False,2026-06-21T19:30:00.355024+00:00
UC8aIZF5U67Ght05GaCSGuMw,134000,False,2026-06-21T19:30:00.355032+00:00
UC5RSMeHeKiUSm5A87pDFdtQ,46700,False,2026-06-21T19:30:00.355038+00:00
UC6-MaImY4vEpNqmEtfLZhOA,100000,False,2026-06-21T19:30:00.355043+00:00
UCOtfar4tXva6a1JguzHWkmw,48500,False,2026-06-21T19:30:00.355050+00:00
UCRgKqNuGk_pChdsfRQyxxgg,27800,False,2026-06-21T19:30:00.355056+00:00
UC7FdbGVb7oIUNtk2EoBNhNg,169000,False,2026-06-21T19:30:00.355063+00:00
UCQ4FNww3XoNgqIlkBqEAVCg,5960000,False,2026-06-21T19:30:00.355069+00:00
UC4DPIiALcbRu6yXxQTkW98g,142000,False,2026-06-21T19:30:00.355075+00:00
UC8U1K9UvGQTP9E-ORB0fEqg,56800,False,2026-06-21T19:30:00.355081+00:00
UC8eSkVQy5lBj-tEu5Ny_org,55400,False,2026-06-21T19:30:00.355088+00:00
UCGbOTPDlBwkN-4N85dK6U7Q,386000,False,2026-06-21T19:30:00.355094+00:00
UC8T8_deSUS97DWZeKO_TL9Q,730000,False,2026-06-21T19:30:00.355099+00:00
UCmCcoVD8ya5ie59lfrbWkWg,220000,False,2026-06-21T19:30:00.355105+00:00
UChEnyMyS7RSUDTbpa50xZNQ,135000,False,2026-06-21T19:30:00.355111+00:00
UC5uDVXCTLx1RUgWItSTb57A,71600,False,2026-06-21T19:30:00.355117+00:00
UCdEXr0eRN5bXFu8u08RZ8mA,15400,False,2026-06-21T19:30:00.355123+00:00
UCNG0oQyGV5zPWEylPf164LA,23600,False,2026-06-21T19:30:00.355128+00:00
UCCVtmC1XwIOREVGQMLG8PfQ,251000,False,2026-06-21T19:30:00.355134+00:00
UC6gk_AxbHDT4uLA8SOzZeFg,24000,False,2026-06-21T19:30:00.355140+00:00
UCB3scYIDyM-f9h8OhdLI8jg,10000,False,2026-06-21T19:30:00.355145+00:00
UCECF9yRiWFmHywTSUiPIeaA,81400,False,2026-06-21T19:30:00.355150+00:00
UCJ9tRxw6IHib7VlEV-Q7FBQ,135000,False,2026-06-21T19:30:00.355156+00:00
UCGUUQAIHZpCVbQbbt9oTODg,717000,False,2026-06-21T19:30:00.355161+00:00
UChRDcw0J-_x1kEql9tDYaGA,21800,False,2026-06-21T19:30:00.355166+00:00
UCbf6IAYfPy8CwHVgcHbxmNw,1030000,False,2026-06-21T19:30:00.355172+00:00
UCeWgkShxNBKYFUbGxQepRhg,68200,False,2026-06-21T19:30:00.355177+00:00
UC452hry4DI_pDn_CVT9ZKhQ,127000,False,2026-06-21T19:30:00.355183+00:00
UCEdcHrftcFX_m1ntPoJ7jgg,277000,False,2026-06-21T19:30:00.355188+00:00
UC39k3ok2M6ewPaA-IKEfazQ,93300,False,2026-06-21T19:30:00.355194+00:00
UC3C3YOGFjn7Pq3lOCeUFHfg,2190000,False,2026-06-21T19:30:00.355199+00:00
UCdzXXjd28tQJ2cwnJKquiqg,393000,False,2026-06-21T19:30:00.355204+00:00
UC9PYiD73q11jIMvaeBsqMvQ,63800,False,2026-06-21T19:30:00.395085+00:00
UC1z2nYFeSleV9iKSSlc-afQ,301000,False,2026-06-21T19:30:00.395106+00:00
UCzocv7nCk2DyNCYSinYH_HA,251000,False,2026-06-21T19:30:00.395110+00:00
UC5FHro6XfWMGHafWWavzXaQ,582000,False,2026-06-21T19:30:00.395113+00:00
UCGiEIACoA-INiZuSFhoksYA,413000,False,2026-06-21T19:30:00.395116+00:00
UC3wbcGnKGUQjSf38n2rDoog,38500,False,2026-06-21T19:30:00.395120+00:00
UCVO3uEt9XKvf3WiUzMfm1Gw,142000,False,2026-06-21T19:30:00.395123+00:00
UCNAHgqpOLF1hBJaDFwVGggg,182000,False,2026-06-21T19:30:00.395126+00:00
UC-5-qpAHBNIbRcBH5n7Achg,69200,False,2026-06-21T19:30:00.395129+00:00
UCGk3jiKD4ZULaFggKMbvtQg,24000,False,2026-06-21T19:30:00.395131+00:00
UClb7Z9Bc3nBpawctMmJqfvw,101000,False,2026-06-21T19:30:00.395134+00:00
UCbz9DRg2pfeTEuz7CgxPM9g,184000,False,2026-06-21T19:30:00.395137+00:00
UCGa_p1LrXcsN9e2Q4y_yAcQ,22200,False,2026-06-21T19:30:00.395140+00:00
UCatoKxr9nG1d230Gr3iUbSw,16400,False,2026-06-21T19:30:00.395143+00:00
UCqwrDlJFP7pPCZ9wifqQXVw,294000,False,2026-06-21T19:30:00.395146+00:00
UC2sPmTrh7AGSPi59pb80Zdw,14700,False,2026-06-21T19:30:00.395149+00:00
UCoR01KQRDnox6FBIn5Nc-YQ,304000,False,2026-06-21T19:30:00.395151+00:00
UCIOcwCsKnLhEaPXJD9LlnMA,51800,False,2026-06-21T19:30:00.395154+00:00
UCbTpa2c-Q05uRPtLm0MJgpw,108000,False,2026-06-21T19:30:00.395157+00:00
UCMlyjv59rW7nbK09UsonA-w,314000,False,2026-06-21T19:30:00.395160+00:00
UC9FTrf3ryoNxs01o_a2FE6g,216000,False,2026-06-21T19:30:00.395163+00:00
UC5kHH4Bq46XCAcahuFsm7-w,175000,False,2026-06-21T19:30:00.395166+00:00
UCuDdJRJ6qR-wGILbpq-FXCw,1200000,False,2026-06-21T19:30:00.395169+00:00
UCDJ0AMdC4GB1ndVKsCknyCg,35900,False,2026-06-21T19:30:00.395172+00:00
UCUH_SzFp9YT2r3msqYjqiWw,143000,False,2026-06-21T19:30:00.395175+00:00
UCWnSPLDV_Ya4aYTKf1bNoMg,120000,False,2026-06-21T19:30:00.395178+00:00
UC5Kgc_HNzx4GJ-w4QMeeKiQ,162000,False,2026-06-21T19:30:00.395180+00:00
UC0iQwTs59wwDHnyDI9LYGBw,55900,False,2026-06-21T19:30:00.395183+00:00
UC4AsqJ682wdqoqb0XA8H07A,43800,False,2026-06-21T19:30:00.395186+00:00
UCAbl86oHLjWauHGqnRSf67Q,214000,False,2026-06-21T19:30:00.395189+00:00
UCVPmy1wH6M14lIIQmyafwWw,96500,False,2026-06-21T19:30:00.395191+00:00
UCIcHiv09TJEc8IfWtQgFqgQ,56500,False,2026-06-21T19:30:00.395194+00:00
UCBA9uUGktmChypQe1Yb4TYw,161000,False,2026-06-21T19:30:00.395197+00:00
UCzmxo1Zj4KkM32FlObFWdeA,505000,False,2026-06-21T19:30:00.395200+00:00
UC-2itvFKzZI10GpvMy9bUgg,50300,False,2026-06-21T19:30:00.395202+00:00
UCOMYAbKijxYPQsg-iQfBXlA,126000,False,2026-06-21T19:30:00.395207+00:00
UC1xI5CdPneTWx0Tpc-0Gb5Q,383000,False,2026-06-21T19:30:00.395210+00:00
UCocXVYUfcC79osgM02JpiPg,413000,False,2026-06-21T19:30:00.395213+00:00
UCPsz6ZAc_5qoypNyvVZL4cw,77300,False,2026-06-21T19:30:00.395215+00:00
UC664AyktJeZAEWiE4xYGXMA,48300,False,2026-06-21T19:30:00.395218+00:00
UCxaV0A3RjIneBQQExFeZ9rQ,141000,False,2026-06-21T19:30:00.395221+00:00
UCRiAJrsunDC_MLkMgAU1Psg,171000,False,2026-06-21T19:30:00.395224+00:00
UCeUpwmP1xKY2Tgc8qH-I0Tw,35500,False,2026-06-21T19:30:00.395227+00:00
UCBC9F0IokoWtGV4hX_1ueTw,80800,False,2026-06-21T19:30:00.395229+00:00
UC3-G_k3qv0vsK9iBCldVd8Q,879000,False,2026-06-21T19:30:00.395232+00:00
UCT_ByvEol9W0T6MwdL0j0Dw,180000,False,2026-06-21T19:30:00.395235+00:00
UC22GM7rXPl0G1Bn-5kfppPg,118000,False,2026-06-21T19:30:00.395238+00:00
UCBHu34kUlAAmQG5LsOKHlIw,195000,False,2026-06-21T19:30:00.395240+00:00
UCKWBujF9RUi-5qjEzGYUgpQ,20000,False,2026-06-21T19:30:00.395243+00:00
UCoQBJMzcwmXrRSHBFAlTsIw,2340000,False,2026-06-21T19:30:00.395246+00:00
UCUz2jRRS1QTgrFAlYuKU5aQ,320000,False,2026-06-21T19:30:00.434740+00:00
UC0zpHW7uASrLjsGYHx7aT4A,15100,False,2026-06-21T19:30:00.435304+00:00
UC5ek7CK6fI6avcM6OONuNAA,200000,False,2026-06-21T19:30:00.435314+00:00
UCEF2wJvLekiWk6p9Nd5tyYA,530000,False,2026-06-21T19:30:00.435321+00:00
UCE5AyzK4_rIgOyKj0T7-aYw,23500,False,2026-06-21T19:30:00.435327+00:00
UCWtLzcASRAjlVhKibLUCuEw,1310000,False,2026-06-21T19:30:00.435334+00:00
UCo19nctPePk3I5NQ67o2RBw,350000,False,2026-06-21T19:30:00.435339+00:00
UCFzvpx6yQ3rp35Z9sh4u9Xg,82700,False,2026-06-21T19:30:00.435345+00:00
UCo72rUcAcuJO4MLlPXCZxaQ,434000,False,2026-06-21T19:30:00.435351+00:00
UC00rnQH4OeToDAK93dD3fmQ,325000,False,2026-06-21T19:30:00.435357+00:00
UCPXmsBz7MGHcQmyYipFfNdw,482000,False,2026-06-21T19:30:00.435362+00:00
UCslv6DEgRybnHvcw6ZNxrVQ,83400,False,2026-06-21T19:30:00.435368+00:00
UChn5TjkeEqd-JxzizMVSkOw,1580000,False,2026-06-21T19:30:00.435374+00:00
UCKmkpoEqg1sOMGEiIysP8Tw,4570000,False,2026-06-21T19:30:00.435379+00:00
UCTp9YSJ-eDvZjEC5sC3kBHw,224000,False,2026-06-21T19:30:00.435385+00:00
UCMK0Ua9KV5zGjB2IIh6DTUw,36400,False,2026-06-21T19:30:00.435390+00:00
UCkRRvXs-Msk8elFSpMrhRRw,1960000,False,2026-06-21T19:30:00.435395+00:00
UCkmJlNLn-_hHIhXCL6P0ilg,153000,False,2026-06-21T19:30:00.435401+00:00
UC14OtQ0hkT3BReOs6C1RKDA,7390,False,2026-06-21T19:30:00.435406+00:00
UC69_6DX--kdRjq9XiOsaDyg,32500,False,2026-06-21T19:30:00.435413+00:00
UCuTspSguFRmu_AxTFmf7LrA,104000,False,2026-06-21T19:30:00.435419+00:00
UCN_D8TNbHKJOcWmnly5cBBQ,317000,False,2026-06-21T19:30:00.435425+00:00
UC2C_vqkHwCWI3NsjxH1j4Gw,21100,False,2026-06-21T19:30:00.435431+00:00
UCKGbR0kmfo_E78lCqOPPTOw,64200,False,2026-06-21T19:30:00.435436+00:00
UCu_O4Ng16iHC4ixdPtkk8pw,576000,False,2026-06-21T19:30:00.435442+00:00
UCNTX3CiA7pt6skg-hQO0kng,364000,False,2026-06-21T19:30:00.435447+00:00
UCWYLJZrK29OBQIkASbNRcHg,495000,False,2026-06-21T19:30:00.435452+00:00
UCe6tWL2GoemBsKFLyn5ZpgA,314000,False,2026-06-21T19:30:00.435458+00:00
UC33TRheKFRadCN8wnkZh7PA,91500,False,2026-06-21T19:30:00.435463+00:00
UC37tdXvFfQ-gAtxkGy4VdVg,168000,False,2026-06-21T19:30:00.435469+00:00
UC15ebOqdhmvl1eb0s0jk5aw,849000,False,2026-06-21T19:30:00.435475+00:00
UCf-wG6PlxW7rpixx1tmODJw,1740000,False,2026-06-21T19:30:00.435480+00:00
UCeyC9t-tByuko20fzMwXr4w,590000,False,2026-06-21T19:30:00.435485+00:00
UC_226ocwA3qmdpY2umXy9bA,1560000,False,2026-06-21T19:30:00.435491+00:00
UCG7FPicHPJXg6romhe0t92g,57300,False,2026-06-21T19:30:00.435496+00:00
UC2fqv_q3S4cGJa7wAtk3Rcw,101000,False,2026-06-21T19:30:00.435502+00:00
UCDE_gujqIP9wEBZy0lVH_8Q,1520000,False,2026-06-21T19:30:00.435508+00:00
UCKINkSkNR99vkm9uvhXGrcg,51900,False,2026-06-21T19:30:00.435513+00:00
UCH3XbkzQgQQ13R_FD9_hHYA,256000,False,2026-06-21T19:30:00.435518+00:00
UCFs7dAGRjpvLEjMPi2vkslg,2370000,False,2026-06-21T19:30:00.435524+00:00
UC10Cp6r98mQjtEB_G7jwFjQ,15700,False,2026-06-21T19:30:00.435530+00:00
UC2dzekIER9onv3YZq2ehCbA,32400,False,2026-06-21T19:30:00.435535+00:00
UCTavo_qPc-kP3gFrXEovdog,385000,False,2026-06-21T19:30:00.435541+00:00
UCIPKo-3YgwWFFEeagS-j30A,956000,False,2026-06-21T19:30:00.435546+00:00
UC7N348fUF5Sh-N4m1y578zg,1050000,False,2026-06-21T19:30:00.435552+00:00
UCkVvAm5jb62IMIJQj4wPVGA,952000,False,2026-06-21T19:30:00.435557+00:00
UC37xmcTGYR8W31vUN6l4JHA,247000,False,2026-06-21T19:30:00.435563+00:00
UC-IgiloHdns1NIRZ4KcQXQw,57400,False,2026-06-21T19:30:00.435568+00:00
UCGzjuQnhnZk8oSv_7Knq_Jw,39600,False,2026-06-21T19:30:00.435574+00:00
UCNMG8dXjgqxS94dHljP9duQ,1650000,False,2026-06-21T19:30:00.435579+00:00
UC7Gpp9AXsyBns4oPt0rd82A,344000,False,2026-06-21T19:30:00.477962+00:00
UChXOIsxtfbYbnKnv8wShIYA,730000,False,2026-06-21T19:30:00.477990+00:00
UCFdWZBIzt-7tXsJ49chLRsA,13900,False,2026-06-21T19:30:00.478048+00:00
UC3CN-6HD65mLjZe_nO0KcCg,379000,False,2026-06-21T19:30:00.478055+00:00
UCCtgcc6syCScSqe_C6hP2fw,50400,False,2026-06-21T19:30:00.478061+00:00
UCUnLtMTXZfrSeTJfO-N5NfA,1680000,False,2026-06-21T19:30:00.478068+00:00
UC7A9FqZiaNRE3xoIlU5Kifg,242000,False,2026-06-21T19:30:00.478073+00:00
UC4fJmw546DjVql_besPQ1TQ,40900,False,2026-06-21T19:30:00.478079+00:00
UCanLQb41iFMmOEzas1LbjHA,804000,False,2026-06-21T19:30:00.478084+00:00
UCwkB-Z-Lxz60B4da1Buq09w,154000,False,2026-06-21T19:30:00.478090+00:00
UC6VjNLslXbb6Stl0I2MkQWA,1120000,False,2026-06-21T19:30:00.478096+00:00
UC9oa-NEJhRpDPF7wFWzjBoA,67200,False,2026-06-21T19:30:00.478101+00:00
UCFOJpkZwE2xEgjNDzM7I8Mg,99200,False,2026-06-21T19:30:00.478107+00:00
UCP9xzam22gMerjK60EhwJ1Q,52000,False,2026-06-21T19:30:00.478113+00:00
UC1Tlje8tyV0fejlnbNdrvsA,1040000,False,2026-06-21T19:30:00.478118+00:00
UC9eKha91yNaPjjMVv3--znA,55600,False,2026-06-21T19:30:00.478124+00:00
UC5DZScJo6DRZpdPNClgKYSA,121000,False,2026-06-21T19:30:00.478130+00:00
UCmVQGLgjuOa4oi1LUY4Q4gg,440000,False,2026-06-21T19:30:00.478135+00:00
UCJsxAriYBUnKZVdMXZnGDoA,3760000,False,2026-06-21T19:30:00.478141+00:00
UCRCqCthJOlTn5NscSjKhHWA,35200,False,2026-06-21T19:30:00.478147+00:00
UCnRN9necDUsdYpx9KOpeIlQ,315000,False,2026-06-21T19:30:00.478152+00:00
UC5QlcVQRgygvOaBN0O5__Og,680000,False,2026-06-21T19:30:00.478158+00:00
UCg8q6vRYGoQ9TxZR5ARv3mA,148000,False,2026-06-21T19:30:00.478163+00:00
UCLSyez-Jurmgoj-MlUuPYVg,414000,False,2026-06-21T19:30:00.478169+00:00
UCWD6vzqQOCEYCvio9cDlDBQ,29200,False,2026-06-21T19:30:00.478174+00:00
UCUoyF-9bB6SC4pvEZ3ZNL4Q,286000,False,2026-06-21T19:30:00.478180+00:00
UC-bQwtI1nN6t2R7Eb5aa3cA,116000,False,2026-06-21T19:30:00.478185+00:00
UCJ7zf-ZVOVR3c2swL4qajGg,702000,False,2026-06-21T19:30:00.478191+00:00
UC9s5obQcNlZzuBTKqmRqHag,792000,False,2026-06-21T19:30:00.478196+00:00
UChe1pHb029mE9PKt8IOTpMA,107000,False,2026-06-21T19:30:00.478201+00:00
UC8t1qjKXx5Cu4NquSrfYmkA,264000,False,2026-06-21T19:30:00.478207+00:00
UCj2_LntVY6HPTTSXKbtC5ww,11200,False,2026-06-21T19:30:00.478212+00:00
UC4ZMxjJYNiR0MnvwBdquEAA,308000,False,2026-06-21T19:30:00.478217+00:00
UCt5c4LQbItQhFDyYUP2RfEQ,238000,False,2026-06-21T19:30:00.478223+00:00
UC7-XlNDMKDmEE6J7sipqggA,23600,False,2026-06-21T19:30:00.478228+00:00
UC736dhe2nTr0mAsvEnz7IWA,169000,False,2026-06-21T19:30:00.478234+00:00
UCuH86yHxc288QnX4MuGSCOw,744000,False,2026-06-21T19:30:00.478239+00:00
UChiK9UAq1aaJZSu4SMxWKbg,1250000,False,2026-06-21T19:30:00.478244+00:00
UC-HNwUxGklhKSe67EitgqgA,204000,False,2026-06-21T19:30:00.478250+00:00
UCgm5JFYUWqVTQKH15D8eqFg,531000,False,2026-06-21T19:30:00.478255+00:00
UCHFHbnObUly48I9cM66xVSw,156000,False,2026-06-21T19:30:00.478260+00:00
UC8HIQJyMpEveMjxQbxH135Q,263000,False,2026-06-21T19:30:00.478266+00:00
UC0DsmFzmHGq_jRwMOaPEh4w,36600,False,2026-06-21T19:30:00.478271+00:00
UC8shaJWUb4njJ-ffmThvmGA,36300,False,2026-06-21T19:30:00.478277+00:00
UCU8PehMcj6-lj0UGMdpsDWA,83400,False,2026-06-21T19:30:00.478282+00:00
UC-gVzqx-OqiA7YMx4yRkY8g,173000,False,2026-06-21T19:30:00.478288+00:00
UC9mi6fiDSiF4W4kbzzLu9XQ,64700,False,2026-06-21T19:30:00.478294+00:00
UCgt3HMUndtqFg6BvxVq6Njg,91100,False,2026-06-21T19:30:00.478300+00:00
UCdrVc2ByfvnNW14R6o_WpkA,881000,False,2026-06-21T19:30:00.478304+00:00
UC6LjoShjVTW0Y7RPHIUnyvw,58700,False,2026-06-21T19:30:00.478307+00:00
UC1NoyV5DKqt8J1TeHib8bUg,39800,False,2026-06-21T19:30:00.513743+00:00
UCUJjpiRm4NYM97zGsqt-bfw,71700,False,2026-06-21T19:30:00.513770+00:00
UCQSh7t_twmAB38EgATqdvTQ,38400,False,2026-06-21T19:30:00.513777+00:00
UC4zNRgdhLb7wczrMcfdrsVQ,541000,False,2026-06-21T19:30:00.513783+00:00
UCF7k8BrfIwPSennLMByxyuQ,22700,False,2026-06-21T19:30:00.513788+00:00
UCCUDI6EtG-Y0w8Nc-hTpsYg,394000,False,2026-06-21T19:30:00.513795+00:00
UC1Q_aQ3PCjpuuKYeVq4lKAQ,179000,False,2026-06-21T19:30:00.513800+00:00
UCCYejcSq_WlblJgZ3i8g7ZA,554000,False,2026-06-21T19:30:00.513806+00:00
UC4tVPl8hCZXK7D-L5YPsxnQ,166000,False,2026-06-21T19:30:00.513812+00:00
UCyV4EOUjukitikM1OyzoBDw,85900,False,2026-06-21T19:30:00.513817+00:00
UC4u5LLRLnUt-BYEDpDiOxIA,34000,False,2026-06-21T19:30:00.513824+00:00
UCJpPgdikt96BMffCHDd9Wtw,12600,False,2026-06-21T19:30:00.513830+00:00
UCA05MUctSw51GcDzxF3iDAg,107000,False,2026-06-21T19:30:00.513835+00:00
UCEgdi0XIXXZ-qJOFPf4JSKw,74300000,False,2026-06-21T19:30:00.513841+00:00
UCaBDaXFGqf2hcn54MHQD3Yw,191000,False,2026-06-21T19:30:00.513847+00:00
UCHiFBvAAjs3fVm9aRuGL8Gw,36900,False,2026-06-21T19:30:00.513853+00:00
UC1JBJvZYuTbW0qvSBq-PZeQ,287000,False,2026-06-21T19:30:00.513859+00:00
UCQSShlZBTpZX6e3r2Kep7Zw,156000,False,2026-06-21T19:30:00.513864+00:00
UCdPCarwi28K5Z7s5l2nMiLw,1230000,False,2026-06-21T19:30:00.513869+00:00
UCQoRKPJOxxHfpBjObzGuI9w,26800,False,2026-06-21T19:30:00.513876+00:00
UC57B9xk6laSCfacAwZsMmOg,177000,False,2026-06-21T19:30:00.513883+00:00
UCySNyY7ZlIyIeQ0T_8ah4Vg,1770000,False,2026-06-21T19:30:00.513889+00:00
UC4ub9NlUukmUW_H4eJ6etdA,120000,False,2026-06-21T19:30:00.513895+00:00
UCn1qbwd476aiRH9d8RT5D0Q,1290000,False,2026-06-21T19:30:00.513901+00:00
UCyLlbdMFh-UQvaPillqsVyw,56900,False,2026-06-21T19:30:00.513907+00:00
UC6dvyIhDcHROKLuNaQyRk7g,103000,False,2026-06-21T19:30:00.513913+00:00
UC3TedlV9Hpleju2y0Kyb47A,23200,False,2026-06-21T19:30:00.513920+00:00
UCYfdidRxbB8Qhf0Nx7ioOYw,35600000,False,2026-06-21T19:30:00.513926+00:00
UCdFpTpMIGq2sX4u98e1UI0w,200000,False,2026-06-21T19:30:00.513932+00:00
UCLnac6g3R8YcGOisZxsVIpw,1170000,False,2026-06-21T19:30:00.513939+00:00
UC6jGyRpWp7Q_EWKoQwWNjPQ,42200,False,2026-06-21T19:30:00.513945+00:00
UCHgmn654dSJaE6cSWzwYMDw,318000,False,2026-06-21T19:30:00.513951+00:00
UCSmIO01FO8IxQo-6yL63BzA,3110000,False,2026-06-21T19:30:00.513957+00:00
UCaO6TYtlC8U5ttz62hTrZgg,32000000,False,2026-06-21T19:30:00.513964+00:00
UCQl3McRMLtGBKvma3Z2ANig,14100,False,2026-06-21T19:30:00.513969+00:00
UCyach7GHJDlXTv6h3fcNwqg,485000,False,2026-06-21T19:30:00.513975+00:00
UCHgtBEDxjLUKABQrbv0asmw,98000,False,2026-06-21T19:30:00.513980+00:00
UCd99nqHiRSDA-2gGLEJ3tiw,352000,False,2026-06-21T19:30:00.513986+00:00
UCwd2zT96e5aquA99cad1HXA,104000,False,2026-06-21T19:30:00.513992+00:00
UC4ncQuk56I8SK6lJGZcGwJQ,89200,False,2026-06-21T19:30:00.514024+00:00
UCQlZJcKLymLngMlnSOv9k7g,216000,False,2026-06-21T19:30:00.514031+00:00
UC6knnPyaxJoPWdH_G-0P08w,188000,False,2026-06-21T19:30:00.514037+00:00
UCHTAtqhbj8kqAHvE2gJmFIg,164000,False,2026-06-21T19:30:00.514042+00:00
UCW0D00jxNbKLS1zV5HWSjdA,81700,False,2026-06-21T19:30:00.514048+00:00
UCYkwUGudVESUhUt8OBs2u9Q,52800,False,2026-06-21T19:30:00.514053+00:00
UCFDL0NuxUBAvvu1PnIwW2ww,2490000,False,2026-06-21T19:30:00.514059+00:00
UCw7qs_P5EnsBv-HXHhQ408g,53700,False,2026-06-21T19:30:00.514064+00:00
UCtubooLn_qgqoWsWS-UWuHw,1220000,False,2026-06-21T19:30:00.514070+00:00
UCFF4f1oJefeFTpygfJnKvgg,141000,False,2026-06-21T19:30:00.514075+00:00
UCJk8dZsM8SIGzIBJ-rDcB3Q,1060000,False,2026-06-21T19:30:00.514081+00:00
UCORkfJ2OIpU0LugfQSlPQKw,53900,False,2026-06-21T19:30:00.551823+00:00
UCLmF8nkHDUap8ztsGnROWqg,361000,False,2026-06-21T19:30:00.551844+00:00
UC6lVC0afS_ZrbKiagKm1SNQ,137000,False,2026-06-21T19:30:00.551849+00:00
UCvFmfkUQWU9w9Fd2xDQbzqQ,61100,False,2026-06-21T19:30:00.551852+00:00
UCHbeUlRvnF0Uh3nxYOX0xEg,55500,False,2026-06-21T19:30:00.551855+00:00
UChHDspjk1RSMWXe36OyV5rg,159000,False,2026-06-21T19:30:00.551858+00:00
UCIqJDM2M8EVf7wpS4SzdyFw,506000,False,2026-06-21T19:30:00.551861+00:00
UCph76YzMKEXbVem2zqCM3BA,847000,False,2026-06-21T19:30:00.551864+00:00
UCQ3Kgx1G1NkELoJ8tJ3uelg,731000,False,2026-06-21T19:30:00.551866+00:00
UCbmlTXqrM45SvrkTbgi2hoA,26500,False,2026-06-21T19:30:00.551869+00:00
UCdAHaWcKdpbT5XkN2Er6BUQ,2940000,False,2026-06-21T19:30:00.551872+00:00
UCMyKJf1YPXkCfBvwT6K0g8w,201000,False,2026-06-21T19:30:00.551875+00:00
UCDg1Fw-DPVgDsbN6IpWi6FQ,11100,False,2026-06-21T19:30:00.551878+00:00
UC2sBUignRWMrKJtIztlq_VA,35700,False,2026-06-21T19:30:00.551880+00:00
UC51rrWJggvhah7lK0bD-7Wg,213000,False,2026-06-21T19:30:00.551883+00:00
UC0jwY5fVb-KGCsI3_wR2eMQ,200000,False,2026-06-21T19:30:00.551886+00:00
UCJjIXFZBtSFjKu5n7rs0E4A,88000,False,2026-06-21T19:30:00.551889+00:00
UCDeIwjVFvlSNpnPCatrXAnw,310000,False,2026-06-21T19:30:00.551892+00:00
UCl9njYV9OgdE1IOqVlfs44w,994000,False,2026-06-21T19:30:00.551895+00:00
UC2qbc9D3CcDRi_r394bGuLA,116000,False,2026-06-21T19:30:00.551898+00:00
UC6l2fcqKcv-5pUz3ESJ6BmQ,150000,False,2026-06-21T19:30:00.551906+00:00
UC5vwQRngGPrqgt7W455A7Bg,279000,False,2026-06-21T19:30:00.551909+00:00
UCRvM4zFmDz2cEiuk7d9C-3w,671000,False,2026-06-21T19:30:00.551912+00:00
UCN7fvzY4rUnFpBsN6ep1NTw,144000,False,2026-06-21T19:30:00.551915+00:00
UCLeEyY1ggHnJ-QKuC9vaYKg,1110000,False,2026-06-21T19:30:00.551918+00:00
UCzZc73wPjzMBLTXnOw582LA,170000,False,2026-06-21T19:30:00.551921+00:00
UC43FscF1gzzgS1H60vbiQPQ,18200,False,2026-06-21T19:30:00.551923+00:00
UC-1RMDK_jTIYocxoxfOJNfg,48300,False,2026-06-21T19:30:00.551926+00:00
UCRxPrFmRHsXGWfAyE6oqrPQ,4250000,False,2026-06-21T19:30:00.551929+00:00
UCqs2H8Yafu4hdUZclYGch4g,149000,False,2026-06-21T19:30:00.551932+00:00
UCTJh2CW0v9MvqXAEC2mpsSQ,683000,False,2026-06-21T19:30:00.551934+00:00
UCCJNEq3X1hdUH3RLRzyEMVQ,15900,False,2026-06-21T19:30:00.551937+00:00
UCRxDTCmIjgli-Xgh2KPE9dA,2610000,False,2026-06-21T19:30:00.551940+00:00
UCDampMTmVkf0D3rCvQP2R7A,757000,False,2026-06-21T19:30:00.551943+00:00
UC-2AcmcgfQAAOuJt72vON2w,323000,False,2026-06-21T19:30:00.551946+00:00
UC2tT2TQ8TDjX6ZVd12N_n5w,175000,False,2026-06-21T19:30:00.551948+00:00
UCHazKLThRbMyMFu2bVAKhng,3210000,False,2026-06-21T19:30:00.551951+00:00
UCmpkIzF3xFzhPez7gXOyhVg,535000,False,2026-06-21T19:30:00.551954+00:00
UCoauAvsIBZfj_PzCgwSBKcQ,58400,False,2026-06-21T19:30:00.551957+00:00
UCIpyFiu1_gYkd47EPM38gfA,220000,False,2026-06-21T19:30:00.551961+00:00
UCDT70KIrubMvV54_KXTkWpQ,147000,False,2026-06-21T19:30:00.551964+00:00
UCHiE4MfQDvObTg3NZRqhtrg,53600,False,2026-06-21T19:30:00.551966+00:00
UCgSdaaGs4wpnttFTMGcfpjw,208000,False,2026-06-21T19:30:00.551969+00:00
UCVFqasfeK_QcMGJL4NmwBVQ,256000,False,2026-06-21T19:30:00.551972+00:00
UCHZ5rawTetYQGSMMj9CBlrQ,16000,False,2026-06-21T19:30:00.551975+00:00
UC2vM8cLoKmnbryMz4Uknatw,67900,False,2026-06-21T19:30:00.551977+00:00
UCEpMHWnYOf6aBfArnKkTf4g,10900,False,2026-06-21T19:30:00.551980+00:00
UCS7mhd3FSyeKAmPdZl1PbDw,21400,False,2026-06-21T19:30:00.551983+00:00
UC6pHj6SQA3eDKgR7dc5PV0A,104000,False,2026-06-21T19:30:00.551986+00:00
UCY1MFNLgRDq2SBx8Bg51xnQ,37600,False,2026-06-21T19:30:00.551989+00:00
UCfCV9rFg6MxvaXxY1Oy_EgQ,156000,False,2026-06-21T19:30:00.592241+00:00
UCmZkxD6Tq9mL_pMT-UNS-GA,1290000,False,2026-06-21T19:30:00.592262+00:00
UC8V92pCCmcPd4SD_dFa2Q4A,45800,False,2026-06-21T19:30:00.592267+00:00
UCOfESRUR5duQ2hMnTQ4oqhA,1670000,False,2026-06-21T19:30:00.592270+00:00
UCwKNfdT49VN0fDNZFw7XEOQ,1030000,False,2026-06-21T19:30:00.592273+00:00
UCJ_12htuuUT4-yuRS21zMZA,473000,False,2026-06-21T19:30:00.592277+00:00
UC6u8ORphzv5O7QJn3AAwzFg,50000,False,2026-06-21T19:30:00.592280+00:00
UCR1zT1s524Hbc85bdvno_8w,2240000,False,2026-06-21T19:30:00.592283+00:00
UC3W5V8xydOw7HlgKA9r6KRg,246000,False,2026-06-21T19:30:00.592286+00:00
UC0WMYbByyUKdOytIyEoR-7Q,13000,False,2026-06-21T19:30:00.592289+00:00
UCJZgsdInfXx_ewrmXrpioJQ,109000,False,2026-06-21T19:30:00.592292+00:00
UC9zwG9Q30cX20gWQorSVr3w,178000,False,2026-06-21T19:30:00.592295+00:00
UCa_nIrYyYyE4i01TAlY7JVw,451000,False,2026-06-21T19:30:00.592298+00:00
UC6iLWL7DEISR2tuvM3yEaWQ,153000,False,2026-06-21T19:30:00.592302+00:00
UCcwh0T2Fqxo9NHrpqKBrwIw,957000,False,2026-06-21T19:30:00.592305+00:00
UCSey5Dv0VjppXozC7uKdlrQ,119000,False,2026-06-21T19:30:00.592308+00:00
UCOb2mSJVXt_Aw2pAyj3Glgw,392000,False,2026-06-21T19:30:00.592311+00:00
UCFBkdFQ3iYvh882EjPnreYw,652000,False,2026-06-21T19:30:00.592314+00:00
UCUGHfJwImyFsWwwqWwscBlw,18600,False,2026-06-21T19:30:00.592317+00:00
UCCSj64W5_FtW3ZJMWfyH29g,44800,False,2026-06-21T19:30:00.592320+00:00
UC1Q990j5wBf8DsUAmFHHogg,340000,False,2026-06-21T19:30:00.592323+00:00
UCSVynEZ9j-hFFukL4amIf5A,71400,False,2026-06-21T19:30:00.592327+00:00
UC6fx7wWeicJDdS8DNNYN9fQ,103000,False,2026-06-21T19:30:00.592330+00:00
UCwXX4A_D6T1hSiZ6WSd5rEw,388000,False,2026-06-21T19:30:00.592333+00:00
UCHumJnq1eYXd2kYWE1w3Pwg,124000,False,2026-06-21T19:30:00.592336+00:00
UCHTWjXIgA8A_jZxqDasNZTA,451000,False,2026-06-21T19:30:00.592339+00:00
UCEkwfBCUsHZmtmYMCAJFgaw,116000,False,2026-06-21T19:30:00.592342+00:00
UCahWm4NUU8ccUPdw0VA0DCQ,286000,False,2026-06-21T19:30:00.592345+00:00
UC_ocMvvwv3JP9JQtoWbbTxA,302000,False,2026-06-21T19:30:00.592348+00:00
UC6eEt2sskiqP66clB2IAbzw,189000,False,2026-06-21T19:30:00.592351+00:00
UC3Xpo5a0fRecHkCjEsnlgWQ,156000,False,2026-06-21T19:30:00.592354+00:00
UCVx4SuP1joFQXoqK5JFUmsg,772000,False,2026-06-21T19:30:00.592357+00:00
UCfJEDCUlzQl4-atLp6Z9DcQ,139000,False,2026-06-21T19:30:00.592360+00:00
UCF6wuHiDCITXvafXYP93TMw,145000,False,2026-06-21T19:30:00.592363+00:00
UC4kUV8uGKmoQUs1HLzf7jsg,432000,False,2026-06-21T19:30:00.592366+00:00
UC3LAEwEhZ0Yn3l4-WatZo2Q,749000,False,2026-06-21T19:30:00.592369+00:00
UCHu48EkcUs0JTtL1naq3-3Q,9070,False,2026-06-21T19:30:00.592372+00:00
UCrPCzN6HOfK7FY2NJmKBeWg,158000,False,2026-06-21T19:30:00.592375+00:00
UC1VghyKU1Nb-Gs8Hv1xmaJw,103000,False,2026-06-21T19:30:00.592378+00:00
UC4jbh3S-f3vBja8a8EAXnWw,22400,False,2026-06-21T19:30:00.592381+00:00
UC1RG7m8FwFKgB3IpfN3ccew,1600000,False,2026-06-21T19:30:00.592385+00:00
UCaXeLPKokES2rhlaKqiw3Uw,16400,False,2026-06-21T19:30:00.592388+00:00
UCQkweblNSECVohatSyswCjQ,118000,False,2026-06-21T19:30:00.592391+00:00
UCXW8Gzedlu2p6uqG3Wqm9pQ,242000,False,2026-06-21T19:30:00.592394+00:00
UCJgEsfCKQTSljmR-PAMeTbw,126000,False,2026-06-21T19:30:00.592397+00:00
UChVUBqUVCxaVkgaGL4bQ86A,377000,False,2026-06-21T19:30:00.592400+00:00
UCLdPd6xVWQpoUmcKW80EynA,110000,False,2026-06-21T19:30:00.592403+00:00
UC3eadaBk_BNK_kjurO7hitA,414000,False,2026-06-21T19:30:00.592406+00:00
UCEhR8SgFYDC_pWPjHIOLnjA,130000,False,2026-06-21T19:30:00.592409+00:00
UCwCW-u-OMB_nyVUulSWndmg,54600,False,2026-06-21T19:30:00.592412+00:00
UCnVERvtm7EFP3KQLIjecDIw,124000,False,2026-06-21T19:30:00.635265+00:00
UCLKxxvYLzkqTGjMNRiIRLSg,37700,False,2026-06-21T19:30:00.635293+00:00
UCQIoREcxWRQbi-0txlIGQtg,98200,False,2026-06-21T19:30:00.635300+00:00
UC1FB7SPHoJOIfRrrqHbrhEQ,62900,False,2026-06-21T19:30:00.635306+00:00
UC3gb9I2UQ_l8HEzxvewAyPg,20800,False,2026-06-21T19:30:00.635312+00:00
UCFPb0Vc0Cjd3MpDOlHPQoPQ,737000,False,2026-06-21T19:30:00.635318+00:00
UCAQmpF0Q5XGu6yyPfJNY_Hw,136000,False,2026-06-21T19:30:00.635324+00:00
UC1B51m7HSWGpm_qDDgoIeqA,1030000,False,2026-06-21T19:30:00.635329+00:00
UCASv6OgFsfqV03b7TDOrsDA,246000,False,2026-06-21T19:30:00.635334+00:00
UCnfnT_SxzckeFmXWhMhpUMw,1330000,False,2026-06-21T19:30:00.635340+00:00
UCBi2mrWuNuyYy4gbM6fU18Q,19600000,False,2026-06-21T19:30:00.635345+00:00
UC6YvcKQ4Ydffc23SQ1_2KTg,153000,False,2026-06-21T19:30:00.635351+00:00
UCE_TenNAOPldB0ausxN2YuQ,89100,False,2026-06-21T19:30:00.635356+00:00
UC8JGYLk_zRF1b2MGa9__G5w,269000,False,2026-06-21T19:30:00.635361+00:00
UCqECaJ8Gagnn7YCbPEzWH6g,63200000,False,2026-06-21T19:30:00.635366+00:00
UC8Ah27TJstSmttkq6X17kfQ,271000,False,2026-06-21T19:30:00.635372+00:00
UCH5tZZ41JjgxuF63VqDqfwA,10600,False,2026-06-21T19:30:00.635377+00:00
UCZ0QaEMTbW2wPaPQEgL4Jmg,136000,False,2026-06-21T19:30:00.635382+00:00
UC8oXG8JJIN17RkEwsN1SurA,50300,False,2026-06-21T19:30:00.635388+00:00
UC6_LJzAnhSItVsJzH3C5l4w,42500,False,2026-06-21T19:30:00.635394+00:00
UC7AnBGoQKgUAuCyxgaG9FxA,154000,False,2026-06-21T19:30:00.635399+00:00
UCdkKe0fxRbian8kqqXv6Mvg,7980,False,2026-06-21T19:30:00.635405+00:00
UCQPINeT6UB_gynT7DLR_uSA,21900,False,2026-06-21T19:30:00.635410+00:00
UC899MXB8_df7O5HzedKBzaA,7500000,False,2026-06-21T19:30:00.635416+00:00
UCBtuFiLjcevA5gLfWgeiRzw,816000,False,2026-06-21T19:30:00.635421+00:00
UCCjujlHrjo3OUFhTwgu56cA,10700,False,2026-06-21T19:30:00.635427+00:00
UCj6AKkCWS6FJqf0o5wP45eQ,1170000,False,2026-06-21T19:30:00.635432+00:00
UCdYD7r_-oIprsFawmSoS7zg,99500,False,2026-06-21T19:30:00.635437+00:00
UC4dHG5n-zjvEmWlLua2p5hw,46700,False,2026-06-21T19:30:00.635442+00:00
UC0bSCu9Ok99CHKOHpUyhCoA,90100,False,2026-06-21T19:30:00.635448+00:00
UC785cdGT0K2Xj5LYXQlNSgQ,117000,False,2026-06-21T19:30:00.635453+00:00
UCotwNXfqRFO6dC5aKYzxNjA,27300,False,2026-06-21T19:30:00.635458+00:00
UC1CJfkyVslTkE9yAAnHRRrA,214000,False,2026-06-21T19:30:00.635464+00:00
UC7EQCg3cauXvBc2OTQZ_Otw,223000,False,2026-06-21T19:30:00.635469+00:00
UC2b1DGGaKy4e1LqbZYVqRqQ,131000,False,2026-06-21T19:30:00.635475+00:00
UC1fU17Mv-07UYfQYNE6CMAQ,117000,False,2026-06-21T19:30:00.635480+00:00
UC6XufPOPYUXtBKJCFgkPkVA,461000,False,2026-06-21T19:30:00.635486+00:00
UCEOnMHeEy33wYE-yffgY1mQ,323000,False,2026-06-21T19:30:00.635490+00:00
UC6v2P2MlDFdIrspuTnvFTfg,254000,False,2026-06-21T19:30:00.635495+00:00
UCP2_5Bly1OKUdptPq1dvheQ,215000,False,2026-06-21T19:30:00.635500+00:00
UCHyTzbWXI67gm3RxSxnclfA,513000,False,2026-06-21T19:30:00.635506+00:00
UCozHSCJikNZC24-W-LpPVDA,398000,False,2026-06-21T19:30:00.635511+00:00
UC0D3mF1sUXy6FGE9zelfHJg,157000,False,2026-06-21T19:30:00.635516+00:00
UCgwbUfRPiOIif9Rj1wKIN-g,80800,False,2026-06-21T19:30:00.635521+00:00
UC0EC1ynCksmUhQI8rnGAXvQ,492000,False,2026-06-21T19:30:00.635527+00:00
UC0XtwfHlHgZHPAcUaNaUuLw,12600,False,2026-06-21T19:30:00.635532+00:00
UCBl88cQQm3J8ltui9PGoDDA,100000,False,2026-06-21T19:30:00.635537+00:00
UCWNoEgGbV2j9WyDE5R4yw9w,67900,False,2026-06-21T19:30:00.635543+00:00
UC2bXo5ROWI6LY6m1jTaKNsg,177000,False,2026-06-21T19:30:00.635548+00:00
UCU1C6q8AhguoGqkhi2xUlnw,215000,False,2026-06-21T19:30:00.635554+00:00
UCPB26zyC0o8XNaNi0dN0u8Q,44100,False,2026-06-21T19:30:00.677613+00:00
UCUv79JGy_1tGTINpEkjx_TA,41100,False,2026-06-21T19:30:00.677635+00:00
UCgBiouoPdC9HvS2SJEpanHg,221000,False,2026-06-21T19:30:00.677639+00:00
UCK6UcpNmgAV49wvRNf6Sm_w,360000,False,2026-06-21T19:30:00.677643+00:00
UChxyO2t2AanExNEPE6JinHw,250000,False,2026-06-21T19:30:00.677646+00:00
UCc4K7bAqpdBP8jh1j9XZAww,9560000,False,2026-06-21T19:30:00.677649+00:00
UC_KS1tdjPXW6SXQyreWLG6w,484000,False,2026-06-21T19:30:00.677652+00:00
UCWtOKMY2FKxyqBKDEfRAB5g,336000,False,2026-06-21T19:30:00.677655+00:00
UCIIm28HWOIqCeqhCGJ1zMKw,71200,False,2026-06-21T19:30:00.677658+00:00
UC1kZTLuxcZ1ICgKg4YnLLcA,57500,False,2026-06-21T19:30:00.677660+00:00
UC5QthuOAVq9UH8n4X9a9ASg,310000,False,2026-06-21T19:30:00.677663+00:00
UCUxgdP02xhhCv4xaKiloThw,133000,False,2026-06-21T19:30:00.677666+00:00
UChmEixJeXYHpboT5ZuXzP-A,908000,False,2026-06-21T19:30:00.677669+00:00
UCL4QAojeGy6CJ9R2PwmlmJQ,182000,False,2026-06-21T19:30:00.677672+00:00
UCEH0dwKUzjCGNfkbCGpoZCg,19000,False,2026-06-21T19:30:00.677674+00:00
UCENoC6MLc4pL-vehJyzSWmg,1600000,False,2026-06-21T19:30:00.677677+00:00
UCCrdU22bSw_r2k2lYJDe95w,207000,False,2026-06-21T19:30:00.677680+00:00
UC-fF5jc4VLBIxZMiGpHSQAg,73500,False,2026-06-21T19:30:00.677683+00:00
UCBKqbSl9bK_ln9zZ-C5rP0Q,2770000,False,2026-06-21T19:30:00.677686+00:00
UCMIWtc0uU6tBUlYZKL2D-gA,36600,False,2026-06-21T19:30:00.677689+00:00
UCMNjTg2ihpmNWvpdg_0WT8g,38300,False,2026-06-21T19:30:00.677692+00:00
UCx2HEX7jkwrRsKXNgmIUMeA,747000,False,2026-06-21T19:30:00.677694+00:00
UCb95HsjFs3cPqDsiSIiZaRg,412000,False,2026-06-21T19:30:00.677697+00:00
UC2jWVnS98M7FyX5mkeKfz_Q,14700,False,2026-06-21T19:30:00.677700+00:00
UC7WFuzFWq-1IPJiS24yreEQ,120000,False,2026-06-21T19:30:00.677703+00:00
UCBXmzsEMl6mgNPenwOqfT3A,73200,False,2026-06-21T19:30:00.677706+00:00
UCb9iWTA-E94gXx6VfHry8Aw,367000,False,2026-06-21T19:30:00.677709+00:00
UC-yqf8zufdTNd-3OwuSnoUg,281000,False,2026-06-21T19:30:00.677712+00:00
UC1sCj2fgOEphRa5H0ZaEjeg,238000,False,2026-06-21T19:30:00.677714+00:00
UCcD89sg8P2miam7RWKz8eqQ,196000,False,2026-06-21T19:30:00.677717+00:00
UC7QNTYluvd9JZs6wPcJk3PQ,98800,False,2026-06-21T19:30:00.677720+00:00
UCBVjMGOIkavEAhyqpxJ73Dw,38000000,False,2026-06-21T19:30:00.677723+00:00
UC6I6V7rxTngQ7D9xSP64NLQ,173000,False,2026-06-21T19:30:00.677725+00:00
UCTjgi0jyRr71cyQy30Sc4qA,228000,False,2026-06-21T19:30:00.677728+00:00
UC1pMU0_rKL0NrxZ6yi3FJ6Q,85700,False,2026-06-21T19:30:00.677731+00:00
UCNYpHNhrWKVZyjZGNVUQQ9Q,147000,False,2026-06-21T19:30:00.677734+00:00
UC8xQA4VE191QRBeVgKI7SLQ,7660,False,2026-06-21T19:30:00.677737+00:00
UChwgNUWPM-ksOP3BbfQHS5Q,1690000,False,2026-06-21T19:30:00.677739+00:00
UC00lzukQcBYz0gMCvlmM5_g,35700,False,2026-06-21T19:30:00.677742+00:00
UC9fcd5KCJfOeRsdRJZdSaGQ,67200,False,2026-06-21T19:30:00.677745+00:00
UCe1D27KKKc9QHHIwNPSYEHA,118000,False,2026-06-21T19:30:00.677748+00:00
UCNdhTKY9QYzeVQGF2xtaHKQ,640000,False,2026-06-21T19:30:00.677750+00:00
UCzDd3Byvt91oyf3ggRlTb3A,2230000,False,2026-06-21T19:30:00.677753+00:00
UC8-kmIZowlGKYNuJUSgzfpg,408000,False,2026-06-21T19:30:00.677756+00:00
UCZNPhly4k_to__wfbTp6GVg,69600,False,2026-06-21T19:30:00.677759+00:00
UCRNYfIK7BV_DCoR7KqdhBhQ,322000,False,2026-06-21T19:30:00.677761+00:00
UCPByqQHYwQ-EfJ5IQDUlE0A,417000,False,2026-06-21T19:30:00.677764+00:00
UCWxwS2QpNRMgPhoLHOYZ2-w,19300,False,2026-06-21T19:30:00.677767+00:00
UCPPAvJzhsjdYScYGsSk7BCw,7770,False,2026-06-21T19:30:00.677770+00:00
UC0eKvieg5gnnbNfo5QsinOA,200000,False,2026-06-21T19:30:00.677772+00:00
UCVA3f9QFaZhBX6hyqUAPMIA,171000,False,2026-06-21T19:30:00.717490+00:00
UCTUHN-d0rujv4DZI-sEY53A,604000,False,2026-06-21T19:30:00.717517+00:00
UCeVfNbOctl0EXPZNXt4aRzw,368000,False,2026-06-21T19:30:00.717524+00:00
UCIWEO42BPJGHr5mubE13giQ,20600,False,2026-06-21T19:30:00.717530+00:00
UCeu0G1rICr5H41aBte2Sdgw,496000,False,2026-06-21T19:30:00.717535+00:00
UCDMKk3oodt-LBkO-xcdsT3g,175000,False,2026-06-21T19:30:00.717541+00:00
UCPkjL7jAJhrZ3e4-NlsGt-Q,454000,False,2026-06-21T19:30:00.717546+00:00
UCsAr67MGj880GrCpX6gn9jg,117000,False,2026-06-21T19:30:00.717551+00:00
UCge8FTPPoGnwgfYxPvbdCKg,646000,False,2026-06-21T19:30:00.717556+00:00
UC7ZJE6US_DjsgVKF55fimgg,18100,False,2026-06-21T19:30:00.717561+00:00
UCB48i-3A65IN7bIY0LhhTbw,350000,False,2026-06-21T19:30:00.717565+00:00
UCJ-RBGBDNvD734OitiyWFcQ,69100,False,2026-06-21T19:30:00.717570+00:00
UCIWtoNkliCKDmmW5HafXAvg,462000,False,2026-06-21T19:30:00.717575+00:00
UCGMG8BNfA8gsH9Rn_d_yW2A,1260000,False,2026-06-21T19:30:00.717580+00:00
UCGnadkx8UNGjc3W_NTf5Keg,152000,False,2026-06-21T19:30:00.717585+00:00
UC9ABQZ9kvD8rg37VdOMV5UQ,44900,False,2026-06-21T19:30:00.717590+00:00
UC4D2dyCRiSOJJQq87-bhtgg,46700,False,2026-06-21T19:30:00.717595+00:00
UC2oltT8x0Su-XR0JolJXqIw,137000,False,2026-06-21T19:30:00.717600+00:00
UCxkiN35K-JNZKV9m0fEzN2w,375000,False,2026-06-21T19:30:00.717605+00:00
UCGQ4RBrN9wZJ1j6oOJ2KTFw,709000,False,2026-06-21T19:30:00.717611+00:00
UClJSxYCkw4_a4J7ECkKubwA,154000,False,2026-06-21T19:30:00.717615+00:00
UC3w1YwbdVpEy-uzv12xQiMA,257000,False,2026-06-21T19:30:00.717620+00:00
UC7ziq_cjJO0KJ1NtVCObX8Q,78000,False,2026-06-21T19:30:00.717625+00:00
UCDu3QOdnvOt7W6JvovL5QFg,85400,False,2026-06-21T19:30:00.717631+00:00
UC2fHPR-NxuYGd1oMOGXLwFA,52900,False,2026-06-21T19:30:00.717636+00:00
UC2n1IMilrQjKlokyBop1Tyw,456000,False,2026-06-21T19:30:00.717641+00:00
UCboaqA4fwGpljEKeUjO1iVQ,65600,False,2026-06-21T19:30:00.717646+00:00
UC-CA4ND0DqLWio_i_RMOngg,231000,False,2026-06-21T19:30:00.717650+00:00
UCVPz_nauEJpqPxxvYiOpCHQ,1840000,False,2026-06-21T19:30:00.717655+00:00
UC464r66lcf6absw_jSqzXpA,262000,False,2026-06-21T19:30:00.717660+00:00
UCZm3dECbQU33IWG5MQ-NAdw,907000,False,2026-06-21T19:30:00.717665+00:00
UC9A4-yrUWjjMRSDEa6eCw3w,42200,False,2026-06-21T19:30:00.717670+00:00
UCTJt_EpPa5Jylw2niq1R-PQ,375000,False,2026-06-21T19:30:00.717675+00:00
UCTcJVDgfw411rqWCHb-16lg,727000,False,2026-06-21T19:30:00.717680+00:00
UCDeSu8g3j-IxUG8iuxpZJug,15800,False,2026-06-21T19:30:00.717685+00:00
UC7ly4Q6oT3rcdOKQcQVvMgg,802000,False,2026-06-21T19:30:00.717689+00:00
UCli_j3KPGhsF1Mv1AK17UPA,1400000,False,2026-06-21T19:30:00.717694+00:00
UCDQspYUOJRNpWBWcPUmvqNg,125000,False,2026-06-21T19:30:00.717699+00:00
UCxbMSNEellw7sPcFAHAyQXw,345000,False,2026-06-21T19:30:00.717704+00:00
UC3xd9YtthN6JEKEiRxdgJVQ,276000,False,2026-06-21T19:30:00.717709+00:00
UCE2cANvPX1ZS1f1hHNBvwFA,150000,False,2026-06-21T19:30:00.717714+00:00
UC31M0CSqyr5HLOEukpLe6Cw,17000,False,2026-06-21T19:30:00.717719+00:00
UCPkGtVV0qMtD1b3K2kKm-jw,10800,False,2026-06-21T19:30:00.717724+00:00
UC2kmAJVx75W3ZYm98-yg5gQ,41200,False,2026-06-21T19:30:00.717728+00:00
UCDJ_L7aJsijdUKXQgy7GXhA,560000,False,2026-06-21T19:30:00.717733+00:00
UCWhemq3KH46mgbPfUOg4Brg,57600,False,2026-06-21T19:30:00.717738+00:00
UCzHIFpC_Sx4enbniPNW2idg,591000,False,2026-06-21T19:30:00.717743+00:00
UC3zuCTNN8RcMRpBuHUy8L4g,114000,False,2026-06-21T19:30:00.717748+00:00
UCDuoi35_RLZ2PPIL7VkxIYQ,120000,False,2026-06-21T19:30:00.717753+00:00
UC3qLKsWOOXgPrVGabFX-Vvg,140000,False,2026-06-21T19:30:00.717758+00:00
UC7q0T--7aki86kABeZMiHjg,108000,False,2026-06-21T19:30:00.757166+00:00
UCl2aT0nRejTCQO_LHZAftBw,4750000,False,2026-06-21T19:30:00.757194+00:00
UC5iOuqUPyR4dBLYnrD0tB9A,46300,False,2026-06-21T19:30:00.757201+00:00
UCT7jpl5JrcqAnBelQniN-ug,296000,False,2026-06-21T19:30:00.757206+00:00
UC0jNEDGSBcLnfQ8PDhkuYtA,29600,False,2026-06-21T19:30:00.757212+00:00
UCYAPVqVW8hDn9K0zgpL0foQ,385000,False,2026-06-21T19:30:00.757218+00:00
UC2614WayZYvnmsAiKZRMYPw,155000,False,2026-06-21T19:30:00.757224+00:00
UC5rCR7sm9m_uUrY6EVmi7Kg,34000,False,2026-06-21T19:30:00.757230+00:00
UCAm21bybwFxjw3wb-oe-J2A,1060000,False,2026-06-21T19:30:00.757236+00:00
UC-ESQDCjT-CkOfEB_uk5C_A,13000,False,2026-06-21T19:30:00.757241+00:00
UCGSXwlnTWgcf6wHoekOlq-Q,238000,False,2026-06-21T19:30:00.757246+00:00
UCbnB55z6h-cXlD5_pNrA9QQ,164000,False,2026-06-21T19:30:00.757251+00:00
UCNJG9cFS3hHZtp4JXtnpc5A,71600,False,2026-06-21T19:30:00.757256+00:00
UCZW4d9ngMkJB6s4YJoSK2Xw,9050,False,2026-06-21T19:30:00.757260+00:00
UC9UBQTRpsgxcH4mM2kkmlFA,156000,False,2026-06-21T19:30:00.757265+00:00
UC-8-cxyElvXiW9SPBAkZgag,300000,False,2026-06-21T19:30:00.757271+00:00
UCIZ6V0k88rJ_dP-9Ux-M3PQ,300000,False,2026-06-21T19:30:00.757276+00:00
UCTMQ1_RyY5FAnUQ1W2p7KIg,98600,False,2026-06-21T19:30:00.757283+00:00
UCRfvvN--iV8kXJYqhVTn10g,155000,False,2026-06-21T19:30:00.757289+00:00
UC5jLCyltbnart3k4iLFQvZg,951000,False,2026-06-21T19:30:00.757295+00:00
UC7kOT7mhjBzHv0hxDsDPUhA,489000,False,2026-06-21T19:30:00.757300+00:00
UCKjr6stfZvu4Bpv1OQ2RPdA,77800,False,2026-06-21T19:30:00.757306+00:00
UCVITNlkbLneMV-C9FxzMmEA,268000,False,2026-06-21T19:30:00.757311+00:00
UCsP3bwo92Q7DvMEvUaMcc0A,31600,False,2026-06-21T19:30:00.757316+00:00
UClcCJ8aGAjRC4Sn4XV13pdA,118000,False,2026-06-21T19:30:00.757321+00:00
UC-hy4O_rQitXGoB4JzYHZ2Q,116000,False,2026-06-21T19:30:00.757327+00:00
UCB3pkYGb_ykRHniDx8Jftsw,650000,False,2026-06-21T19:30:00.757331+00:00
UCeB4IXdxGdW_yAhAMrD6Eww,154000,False,2026-06-21T19:30:00.757336+00:00
UC23NNO_TnlG-ToA1Pvv5ekw,139000,False,2026-06-21T19:30:00.757341+00:00
UC9TiDWPi8bVxss_cAO2vBOw,347000,False,2026-06-21T19:30:00.757346+00:00
UCiV5x1E-i-gS5ijT0KX7RFg,42900,False,2026-06-21T19:30:00.757351+00:00
UCGUhj0lwUUkhPr_KyXss_BQ,193000,False,2026-06-21T19:30:00.757356+00:00
UC-F1fSuUHzvUQes0ujTt3BA,18300,False,2026-06-21T19:30:00.757361+00:00
UCutJqz56653xV2wwSvut_hQ,7250000,False,2026-06-21T19:30:00.757366+00:00
UC20XVc_0krhP1WbdAOuDxUg,18800,False,2026-06-21T19:30:00.757371+00:00
UCQGVgqkeAqbadyIpVVHXR_w,6540,False,2026-06-21T19:30:00.757376+00:00
UC0pyyPwW_-1Ug0itc3NCnjQ,244000,False,2026-06-21T19:30:00.757381+00:00
UCBAIZr7BislZ-qqy9iqCDNA,15200,False,2026-06-21T19:30:00.757386+00:00
UC4C37AMho6DRUIYnoc4fiSA,567000,False,2026-06-21T19:30:00.757391+00:00
UCgHt-xgY9nRW8xfCIXn4EFg,36600,False,2026-06-21T19:30:00.757396+00:00
UCqx_xSQPeBPC7Or2XKxls4Q,67400,False,2026-06-21T19:30:00.757401+00:00
UCIix6MklfJFywa_36iDj8Sw,8400000,False,2026-06-21T19:30:00.757406+00:00
UCl4e200EZm7NXq_iaYSXfeg,2110000,False,2026-06-21T19:30:00.757411+00:00
UCIY_X_pUXG7HvIcdBxqr9vg,34000,False,2026-06-21T19:30:00.757416+00:00
UCSB2p17rS1hUYmsWpXlFzeA,170000,False,2026-06-21T19:30:00.757421+00:00
UCeAA1RqTJMMNGKR9yPh9H5Q,368000,False,2026-06-21T19:30:00.757426+00:00
UCMo5MECD5pwhUVLaMqZo5Xg,1100000,False,2026-06-21T19:30:00.757431+00:00
UCIya40KQ7bXQsOVsQybOHVw,54000,False,2026-06-21T19:30:00.757435+00:00
UCRVxf5lU0Vl7CLCCMLkf7eg,65500,False,2026-06-21T19:30:00.757440+00:00
UCXpgQgFjREN95cEgC57ilvw,92200,False,2026-06-21T19:30:00.757444+00:00
UCD20YjJSGIp6x0zNqFGgbcg,36900,False,2026-06-21T19:30:00.801617+00:00
UCKLzQgT6f4kcjSGFq1-Zs2w,167000,False,2026-06-21T19:30:00.801645+00:00
UCRPWgHCptRYqNodDKpg0S9A,12400,False,2026-06-21T19:30:00.801654+00:00
UC0xHBmgiw3O4JuDt_nMkJBg,154000,False,2026-06-21T19:30:00.801661+00:00
UC33M0W_11wa_eIUZd1d0SAQ,87300,False,2026-06-21T19:30:00.801667+00:00
UC2nXAsGbMEluTpBgfLJpl0A,16400,False,2026-06-21T19:30:00.801674+00:00
UC2kLn6SAI4nH7A5Bu8H4YSA,152000,False,2026-06-21T19:30:00.801680+00:00
UC5aerFlSJr2iTybxU_msSpA,328000,False,2026-06-21T19:30:00.801685+00:00
UCIOqVSW3lmQoe-mq15bJn4w,178000,False,2026-06-21T19:30:00.801691+00:00
UC0zArNuGZKdvzSkfHbR9yLA,156000,False,2026-06-21T19:30:00.801696+00:00
UC7sYsbWhhzOPEBAP2A0bsvA,85700,False,2026-06-21T19:30:00.801702+00:00
UC38PdLw9v5LoC5cAGTDmyoQ,60800,False,2026-06-21T19:30:00.801707+00:00
UC3vgmbNt7QW0oaLSod4eBAw,14500,False,2026-06-21T19:30:00.801713+00:00
UC5X3kJorIx55tOJQ9283tkg,204000,False,2026-06-21T19:30:00.801718+00:00
UC-go0IiemkJJuA1gPLm_CoQ,48000,False,2026-06-21T19:30:00.801724+00:00
UCr6LtSoJP0c7VPdNARUdX0Q,72800,False,2026-06-21T19:30:00.801729+00:00
UCumHrA8x93C0EovIicSoTEg,95400,False,2026-06-21T19:30:00.801735+00:00
UCe505brfgZ0UHE6d43SlqhA,322000,False,2026-06-21T19:30:00.801741+00:00
UCMOIg3SvGAcNWORj8LSvhoQ,60000,False,2026-06-21T19:30:00.801747+00:00
UCSFMDMbIaOlts4hRyKXSNMQ,125000,False,2026-06-21T19:30:00.801753+00:00
UCISg6B0UZg0zcUN6jkoDLNw,3990000,False,2026-06-21T19:30:00.801758+00:00
UC7bi_AohDsTpAtMGUiuDBGg,327000,False,2026-06-21T19:30:00.801764+00:00
UC3wH7xOa-ucryv-c7Oy-6Yg,22700,False,2026-06-21T19:30:00.801769+00:00
UC9Wv6SreCwLZow6XqfzTq6g,607000,False,2026-06-21T19:30:00.801774+00:00
UC9aER0bs2IpqTQNKljzzBFQ,489000,False,2026-06-21T19:30:00.801780+00:00
UCe325LAv72VWbmPvFEcZBcA,157000,False,2026-06-21T19:30:00.801786+00:00
UC5U86jie1v46gfdRaEmDoDg,52500,False,2026-06-21T19:30:00.801791+00:00
UC7bX_RrH3zbdp5V4j5umGgw,1480000,False,2026-06-21T19:30:00.801796+00:00
UCWcEgYIOqq1BVr4Qm1sPuVg,2050000,False,2026-06-21T19:30:00.801800+00:00
UC4Au2QrbfaSjHPSdk5tUBeg,1900000,False,2026-06-21T19:30:00.801805+00:00
UCZNDlsZU0StifdExCdRaRFg,778000,False,2026-06-21T19:30:00.801810+00:00
UC-h_pyU0NBIu12JN5u18sOQ,320000,False,2026-06-21T19:30:00.801815+00:00
UC1uj19dZQXa17-SqNGpVNLw,61700,False,2026-06-21T19:30:00.801821+00:00
UCSEgVs6Ja_vdk8qOFnIBlww,110000,False,2026-06-21T19:30:00.801826+00:00
UCkWjVJxPq3yI0h_LgV9A-Xg,139000,False,2026-06-21T19:30:00.801832+00:00
UCeqzO--saSm3FxOYxceZzrA,932000,False,2026-06-21T19:30:00.801838+00:00
UC5YkW-4JvoRFejb2_oKI-Bg,192000,False,2026-06-21T19:30:00.801844+00:00
UC7ulLZIbQvWE_4SJmeOqE_Q,214000,False,2026-06-21T19:30:00.801849+00:00
UCVXka7buS_WptsAzSE0LcKg,138000,False,2026-06-21T19:30:00.801855+00:00
UCc0haAzUsjvL9BL72PlAGSQ,25500,False,2026-06-21T19:30:00.801861+00:00
UCIDW0hG5_C7wfuksYOAMiEw,20800,False,2026-06-21T19:30:00.801867+00:00
UC1wewJ2jIxb65MjTlPdxpIA,171000,False,2026-06-21T19:30:00.801873+00:00
UCDFUIHM-_G3GRwUlo6r7KxA,524000,False,2026-06-21T19:30:00.801878+00:00
UCc-QmIRSECP8Nm-P5ycue8Q,423000,False,2026-06-21T19:30:00.801883+00:00
UC7WHt6e6SnAAeCrSyNDZ5Iw,37000,False,2026-06-21T19:30:00.801888+00:00
UCYPZb4-QJ7jeG7TKkvNip4A,62500,False,2026-06-21T19:30:00.801893+00:00
UCMg-WM5AVGdmbU5R8amIyrw,126000,False,2026-06-21T19:30:00.801898+00:00
UCoBuFNBnXadVKDyWKFXxE5Q,248000,False,2026-06-21T19:30:00.801904+00:00
UC13uqFOdIrsRdl63n4OGOnw,37900,False,2026-06-21T19:30:00.801911+00:00
UCIIhko3gMRId9cCteX1eu-Q,268000,False,2026-06-21T19:30:00.801916+00:00
UCTj4HCD5jWGMNUJhv1RIweQ,228000,False,2026-06-21T19:30:00.843397+00:00
UC8sqFN_BPTa-m0sO_mpnVhg,132000,False,2026-06-21T19:30:00.843425+00:00
UC3okDWB1iS-veVGvU0ZwOrw,54200,False,2026-06-21T19:30:00.843434+00:00
UCxrUZ6ASZWCHN8zWRT_GctQ,22300,False,2026-06-21T19:30:00.843440+00:00
UCcLDPsTg7cMSwbqK9KSgZCw,204000,False,2026-06-21T19:30:00.843445+00:00
UC8vf-BGaUJntN1LxjfjGFmw,865000,False,2026-06-21T19:30:00.843452+00:00
UCBPlelKqrYlM9gqoLC1R9Lg,1050000,False,2026-06-21T19:30:00.843457+00:00
UC1qOSES4sqEySqc-PFmov1g,123000,False,2026-06-21T19:30:00.843462+00:00
UCMFWimW4RkhxrAbZADNGhsQ,40800,False,2026-06-21T19:30:00.843467+00:00
UCxtCPJ2Qb5kkSvV5my5scTQ,35300,False,2026-06-21T19:30:00.843473+00:00
UC-f2WBfSCZiu0bOBydjot3w,3100000,False,2026-06-21T19:30:00.843478+00:00
UC5UvWEDpPVe8uA8AroD1G_A,72600,False,2026-06-21T19:30:00.843483+00:00
UCKuaIxNnzmvtjcWraz1kjiw,131000,False,2026-06-21T19:30:00.843488+00:00
UC04hG7RZA8iPqvyrAyL4BFg,327000,False,2026-06-21T19:30:00.843494+00:00
UC6IMGCz0Pjwt2icerqPIuZg,372000,False,2026-06-21T19:30:00.843499+00:00
UCCqjcd5OLpNibOGfHhNl3Yw,104000,False,2026-06-21T19:30:00.843505+00:00
UCETjSSYWFly4vS0YkzcKTBA,11900,False,2026-06-21T19:30:00.843511+00:00
UCgjblCwQBAUc7F0YYhRCFVQ,719000,False,2026-06-21T19:30:00.843516+00:00
UC03xL_ToxDESN8icNsPyHeA,19500,False,2026-06-21T19:30:00.843521+00:00
UC7OX9yGXLSJhSocOEVC6SQg,25700,False,2026-06-21T19:30:00.843527+00:00
UC4JkVuxindQ6PI_A9C7b-Lw,74200,False,2026-06-21T19:30:00.843532+00:00
UCJC-sSXGjIc8bPP-A_bhG5A,135000,False,2026-06-21T19:30:00.843537+00:00
UCNiurMpWExWgio2lqldycbA,2050000,False,2026-06-21T19:30:00.843543+00:00
UC6QTbaBZPQQfj63BvtQNKrQ,49900,False,2026-06-21T19:30:00.843549+00:00
UCM4Cxu05XHKE7H530RbWuYA,42000,False,2026-06-21T19:30:00.843555+00:00
UC8uW6oNjwzhEFdauTVyPgVA,283000,False,2026-06-21T19:30:00.843561+00:00
UCVpbmXihea3qPeVtNwyLDGA,556000,False,2026-06-21T19:30:00.843567+00:00
UC7V2tyw22ZYvNr15TTfgrnA,89600,False,2026-06-21T19:30:00.843573+00:00
UC7OmNkV72VwRJ7ST7-PzZUw,222000,False,2026-06-21T19:30:00.843578+00:00
UCM3yhFc0-fBFuvqx1Vg2YNQ,3250000,False,2026-06-21T19:30:00.843584+00:00
UC7RMi15o0aQacJhxOc6LLmw,748000,False,2026-06-21T19:30:00.843588+00:00
UC3swo6utVXOSYwxazwoKWBQ,1480000,False,2026-06-21T19:30:00.843593+00:00
UCFstoZogjPSvpaGQamdYEcw,677000,False,2026-06-21T19:30:00.843598+00:00
UCH-YtSMJGW45FAp5DSYyi_w,29100,False,2026-06-21T19:30:00.843603+00:00
UCnucNrqBIliBl1m_Q90Iu9Q,38400,False,2026-06-21T19:30:00.843608+00:00
UC9bZy627A--NKLGtf9LnAJA,2570000,False,2026-06-21T19:30:00.843613+00:00
UCCye9NZj5uKmFTFeUW5shSQ,101000,False,2026-06-21T19:30:00.843618+00:00
UCcLfcIIfnP-AOPlJ1ljPx_A,20500,False,2026-06-21T19:30:00.843622+00:00
UCWxMjF2z-UwnfplygdwYY5Q,22600,False,2026-06-21T19:30:00.843627+00:00
UCZAkLpweTqYZN09diNMWFPA,371000,False,2026-06-21T19:30:00.843632+00:00
UCCqQcLx_lIz70zeWzlB6fmQ,676000,False,2026-06-21T19:30:00.843637+00:00
UCCzUftO8KOVkV4wQG1vkUvg,4370000,False,2026-06-21T19:30:00.843642+00:00
UCm06Q8x712lFQntah8O1P_A,173000,False,2026-06-21T19:30:00.843646+00:00
UCVpGiJmXoTpjrpkVEAfbpHg,832000,False,2026-06-21T19:30:00.843651+00:00
UCEXsqnimYzYnv9ufUT_B-yQ,115000,False,2026-06-21T19:30:00.843656+00:00
UCRKutOrnx5S0tTxUR_wNYqA,284000,False,2026-06-21T19:30:00.843661+00:00
UC9-z_KulIaSmEc34Thm0sBg,15000,False,2026-06-21T19:30:00.843666+00:00
UCb-cMiVs0yGmi2IPmowLC5Q,1070000,False,2026-06-21T19:30:00.843671+00:00
UCG4PIPvmm838XWIJgKFKisw,294000,False,2026-06-21T19:30:00.843675+00:00
UCgipy6-EqjT-1BCDndXX1PA,2110000,False,2026-06-21T19:30:00.843680+00:00
UC88peYfCbtZD_J1DnkV57Rw,105000,False,2026-06-21T19:30:00.886544+00:00
UC-XcLyfIh3bfc6GikZAcWjw,62100,False,2026-06-21T19:30:00.886570+00:00
UC7B4E6SH2tjdEyGMW39FfXg,71900,False,2026-06-21T19:30:00.886576+00:00
UCLrZExA734sj0fqj0enKkXA,28900,False,2026-06-21T19:30:00.886582+00:00
UCgwv7JsLDvGTtRdFI4TVRQw,32000,False,2026-06-21T19:30:00.886587+00:00
UCCh0PGLIYi8W1tXhWBakFaA,56400,False,2026-06-21T19:30:00.886593+00:00
UCA-8EhdVnGL3Ig9MsceW9Fw,87000,False,2026-06-21T19:30:00.886598+00:00
UC6agKBePA9Ht4UT_LnxlEwQ,120000,False,2026-06-21T19:30:00.886603+00:00
UCHxtdy-q7xyWSYDcsoSXi3A,417000,False,2026-06-21T19:30:00.886608+00:00
UCSdMtfw8Zl3knWN3XI9vn_A,250000,False,2026-06-21T19:30:00.886612+00:00
UC4XY_5Rk4XF5TBH8D1xEoGw,82500,False,2026-06-21T19:30:00.886618+00:00
UC9wJ6QjXK9kmESZG3aBpCCg,30300,False,2026-06-21T19:30:00.886623+00:00
UCdi_Vao6iFMeq8t4d_C3d5Q,85200,False,2026-06-21T19:30:00.886628+00:00
UC9jWMeb8GhMqO3fGAB-XbiQ,142000,False,2026-06-21T19:30:00.886632+00:00
UCRCPGhQEEYzu2P_jdVZgtPg,35800,False,2026-06-21T19:30:00.886637+00:00
UC3gIFrMEpEMhDziMRoNBIDg,47600,False,2026-06-21T19:30:00.886642+00:00
UCNx5Q9xTjgprA216Zy-Y8sg,635000,False,2026-06-21T19:30:00.886647+00:00
UCAVmlHjp-0ARZ7JwJOcWvpQ,298000,False,2026-06-21T19:30:00.886652+00:00
UC1Hke7eX7zHfRO3sOK_bg7g,105000,False,2026-06-21T19:30:00.886657+00:00
UCSOzhQ44NbIFH7N2CE_n9FQ,104000,False,2026-06-21T19:30:00.886663+00:00
UCVtWXeU803gEWIsApRi-Wvw,23400,False,2026-06-21T19:30:00.886668+00:00
UCIAtdpYsrtTrwGPvAQzVzxg,128000,False,2026-06-21T19:30:00.886672+00:00
UC0YewJU_GkRsZNdkOZz-h3g,189000,False,2026-06-21T19:30:00.886677+00:00
UCZ8HFEKYXxVwjaQ7VIK69jg,261000,False,2026-06-21T19:30:00.886683+00:00
UCt72ppsrAi2PWTLMA7P3LiA,195000,False,2026-06-21T19:30:00.886687+00:00
UC_MbGNpd7ldQAHdBTQ2Ke1w,354000,False,2026-06-21T19:30:00.886692+00:00
UC7D0IpXFVYkW0umjn7YjpQg,161000,False,2026-06-21T19:30:00.886698+00:00
UCFo0lxdqPGgr27LwMqyONfg,21900,False,2026-06-21T19:30:00.886703+00:00
UC4YUA_Pnk2TfihuuauGzjPw,116000,False,2026-06-21T19:30:00.886708+00:00
UC5LiCoPtOS5Tr_fZ5qLc4eA,939000,False,2026-06-21T19:30:00.886713+00:00
UCNtPeAI-agzpveYDx0ACvKg,25300,False,2026-06-21T19:30:00.886718+00:00
UCCZuWE7lIoqX8_HwwNfcErA,124000,False,2026-06-21T19:30:00.886723+00:00
UCQL2-4yB7ykCs7lZJbqegPg,342000,False,2026-06-21T19:30:00.886728+00:00
UCEhtSz2_m12bI-Yn3Hj5qOw,59400,False,2026-06-21T19:30:00.886733+00:00
UCO7FMrzELE07mfCMZuoWSog,85200,False,2026-06-21T19:30:00.886738+00:00
UCCXIOVYuyhCV2lxXQlR-D6Q,3960,False,2026-06-21T19:30:00.886743+00:00
UCBcEvLQYPgVy_yo2HTUZZXA,612000,False,2026-06-21T19:30:00.886748+00:00
UCCVBPDxDb8Yw5-8_OwrqsIg,397000,False,2026-06-21T19:30:00.886752+00:00
UCk5qA4dVD1vipi6veZ9hewQ,682000,False,2026-06-21T19:30:00.886757+00:00
UCfsj73HN4EuJjXTbXQOEGtQ,31300,False,2026-06-21T19:30:00.886763+00:00
UCI5pX--ky1-KE8xu5ybTq2Q,377000,False,2026-06-21T19:30:00.886767+00:00
UC77ZfLyTydI70dfjDZONsIA,293000,False,2026-06-21T19:30:00.886772+00:00
UCUdfmA-b-UKVXlTRckzXntw,38500,False,2026-06-21T19:30:00.886777+00:00
UCJMAkFaXk7pdLf4xtCJjRAA,167000,False,2026-06-21T19:30:00.886782+00:00
UCmEAqouh-fckK_Aw1SVvYmA,53500,False,2026-06-21T19:30:00.886787+00:00
UC9y1pmCh89IkpeYcAfCG9rg,397000,False,2026-06-21T19:30:00.886791+00:00
UC9p8D399KudRSP7MrviSbFg,17700,False,2026-06-21T19:30:00.886796+00:00
UCk12t4otD01-oY0f2lIRcHA,242000,False,2026-06-21T19:30:00.886801+00:00
UCAUGjq16HfA97h4JhD85zWA,21900,False,2026-06-21T19:30:00.886807+00:00
UCATC7a3C7maWUe_uymIoq-g,989000,False,2026-06-21T19:30:00.886811+00:00
UC-Yt1IpLEnzGRYz9uxRAOZQ,7360,False,2026-06-21T19:30:00.927843+00:00
UCOaCBG0fGtSncQGsFPNWpaQ,130000,False,2026-06-21T19:30:00.927868+00:00
UCOTR1tcOAhjgi6YukrPpZxg,3620000,False,2026-06-21T19:30:00.927874+00:00
UCCKpgUH53J2Qg1x48oFKM2Q,27800,False,2026-06-21T19:30:00.927879+00:00
UCH_eUtqQCF2m8FFsh-xyXYg,122000,False,2026-06-21T19:30:00.927884+00:00
UCrUdiKv9LERZmG_MKh63Xgg,705000,False,2026-06-21T19:30:00.927889+00:00
UCrMSLF2G2STOER6ccg9eERw,172000,False,2026-06-21T19:30:00.927894+00:00
UCJsUvAqDzczYv2UpFmu4PcA,14000000,False,2026-06-21T19:30:00.927899+00:00
UC2JJiHkY6PHLm3b4PVUOZmw,149000,False,2026-06-21T19:30:00.927903+00:00
UC4wVi7k8qF3JVsNzG7z92ag,61900,False,2026-06-21T19:30:00.927908+00:00
UCHaHD477h-FeBbVh9Sh7syA,10300000,False,2026-06-21T19:30:00.927913+00:00
UCEz6Z7EgtSi-rPes-SIKJEg,955000,False,2026-06-21T19:30:00.927917+00:00
UC0EJaFtv2zgCblEv8joRKuQ,131000,False,2026-06-21T19:30:00.927922+00:00
UC4ZkIWuPJJsA3-GWcslvaow,267000,False,2026-06-21T19:30:00.927927+00:00
UCjFLByL3JGp7qwGSV4zoQNA,348000,False,2026-06-21T19:30:00.927932+00:00
UCBw4OdGkD72f-7ifF8geKAA,10900,False,2026-06-21T19:30:00.927937+00:00
UCO_zIRIcbIeV9jC2CJ2OAMQ,460000,False,2026-06-21T19:30:00.927943+00:00
UC3dta71v5aSS7Qk0Xm0ZTtw,21100,False,2026-06-21T19:30:00.927948+00:00
UC0MfjLaktBisOTKO9Xgj0ng,135000,False,2026-06-21T19:30:00.927954+00:00
UCHjXXe0GXPWGTgRendA_BRg,568000,False,2026-06-21T19:30:00.927960+00:00
UCwiw2jEsTKU4Oig1u3w_qkw,80100,False,2026-06-21T19:30:00.927965+00:00
UC3dIX91y-gu-PkXNx0qbszA,191000,False,2026-06-21T19:30:00.927969+00:00
UC_aBYQ3phPsrkSXkpnZeDZw,307000,False,2026-06-21T19:30:00.927974+00:00
UC4v0hpO933h8cdjemR-q7gQ,81100,False,2026-06-21T19:30:00.927980+00:00
UCHJ6S0PgpOOExJOTz9nxKsA,5590,False,2026-06-21T19:30:00.927985+00:00
UCQMzqW7LdjDEJ7uDrwM1P6w,465000,False,2026-06-21T19:30:00.927990+00:00
UC1_zDNVepGryK16CSOM42fg,25600,False,2026-06-21T19:30:00.928020+00:00
UCFU_oYKmxNI_8mYNQMhmLvA,1180000,False,2026-06-21T19:30:00.928026+00:00
UC-c-_R1XjcAMsu0JJ9RpnUg,99900,False,2026-06-21T19:30:00.928031+00:00
UCOG4XvZAWQYDfv6ZYUc2udA,9810,False,2026-06-21T19:30:00.928035+00:00
UC3MIZel02-i-7JQFq1Xr-IQ,137000,False,2026-06-21T19:30:00.928040+00:00
UCt8oGxc3GJUqFvBTygzTr4A,548000,False,2026-06-21T19:30:00.928044+00:00
UCj7GlCaRHw0JD0kx7TGIp2w,104000,False,2026-06-21T19:30:00.928049+00:00
UC0OskCvXSgVsle9WVLbO9lA,198000,False,2026-06-21T19:30:00.928054+00:00
UCaS1Q3X2u1rjCMCS1_bB-Tw,109000,False,2026-06-21T19:30:00.928058+00:00
UCJeCKqR6uqrdCw6021WuWlA,699000,False,2026-06-21T19:30:00.928063+00:00
UCH_QLndqhJTjQkWLlTY1blA,427000,False,2026-06-21T19:30:00.928067+00:00
UCdaFyOoPLyKwW8kvEvbHCwg,1310000,False,2026-06-21T19:30:00.928072+00:00
UCSo8I1XMIdfGJXQ6lvaeHdQ,214000,False,2026-06-21T19:30:00.928077+00:00
UCQLwzS9sAar_IEpI-kggjiQ,109000,False,2026-06-21T19:30:00.928081+00:00
UC_iyfnSmONeQWFaiCKt5cpg,127000,False,2026-06-21T19:30:00.928086+00:00
UCASImesU6F41MU1JSdK2iIQ,44600,False,2026-06-21T19:30:00.928090+00:00
UC0EA20nvW9PmBCA4iIrAYvw,150000,False,2026-06-21T19:30:00.928095+00:00
UCBx1HTYl00sz7CdZ_U4nDQg,16900,False,2026-06-21T19:30:00.928099+00:00
UCLfIAoXvqdV5vMPGfnRmUWw,66500,False,2026-06-21T19:30:00.928104+00:00
UCK5Ho4RIsOYFKUWZbzBc07Q,85800,False,2026-06-21T19:30:00.928108+00:00
UCFQe6g5vk-LF8O771Ih09rQ,515000,False,2026-06-21T19:30:00.928113+00:00
UC1P6fv0uCNNTBQIWlhUVvaw,197000,False,2026-06-21T19:30:00.928118+00:00
UC6uX1CLi8Z3Ruo85uF1x-3Q,85500,False,2026-06-21T19:30:00.928122+00:00
UC-V5up_YoHqFArkXE9ixJvQ,16300,False,2026-06-21T19:30:00.928127+00:00
UCAF4LEUEsdFUSoJKCAFXjng,24400,False,2026-06-21T19:30:00.981320+00:00
UC27e9lK-KS5EGvhx-DM0ShQ,247000,False,2026-06-21T19:30:00.981347+00:00
UCFHl-NvbOY_EBCrz9iy984w,1590000,False,2026-06-21T19:30:00.981354+00:00
UCFDQ_F-K8ep7aaE5-T9gp3A,49000,False,2026-06-21T19:30:00.981360+00:00
UCXD5JFCn8eaGgj55nZLubcQ,1500000,False,2026-06-21T19:30:00.981365+00:00
UC2rZGQZjyIeWLjjTJI5p3DA,35800,False,2026-06-21T19:30:00.981372+00:00
UCHXgFLFyqR-XqtxfTH3qiYA,400000,False,2026-06-21T19:30:00.981378+00:00
UC9OoUYKsl6lgyLqLeN94mnQ,93500,False,2026-06-21T19:30:00.981384+00:00
UC6uLYhQE3WixpcWa5z-As6A,51500,False,2026-06-21T19:30:00.981390+00:00
UCIg4JZi3ZSVcqjVMFcOHiOw,375000,False,2026-06-21T19:30:00.981395+00:00
UCTKZagZIQGQrmSuvjmbxPZg,34600,False,2026-06-21T19:30:00.981401+00:00
UC9Oc6YThD0r7dhG6Z_0qMTg,136000,False,2026-06-21T19:30:00.981407+00:00
UC2M-72jG8rauIKm6OSUnZoA,21100,False,2026-06-21T19:30:00.981413+00:00
UCfHXFGSfNcicGJ46Jra3EPg,50700,False,2026-06-21T19:30:00.981418+00:00
UC3YY00RWt4SPf68afhqHW-Q,11800,False,2026-06-21T19:30:00.981424+00:00
UC0rzYB5Cr7cV1AO959n_IGg,23000,False,2026-06-21T19:30:00.981429+00:00
UCLRl3pRdZrVuA9pGEdUxc2w,959000,False,2026-06-21T19:30:00.981435+00:00
UCA9zIXK8lH3k2G-8AFDYWJQ,74700,False,2026-06-21T19:30:00.981440+00:00
UC9GNcWzLq0k7io20AHjN4qQ,60400,False,2026-06-21T19:30:00.981447+00:00
UCv7_krlrre3GQi79d4guxHQ,978000,False,2026-06-21T19:30:00.981454+00:00
UC_yZ9_c9mRjp8IvUjszlDmw,278000,False,2026-06-21T19:30:00.981460+00:00
UCoUM-UJ7rirJYP8CQ0EIaHA,43900000,False,2026-06-21T19:30:00.981466+00:00
UCMvaNVWBGbEPuZllYZETjfQ,249000,False,2026-06-21T19:30:00.981471+00:00
UCpHyc0WYE_tN0IznyjnGL3A,161000,False,2026-06-21T19:30:00.981478+00:00
UC2svCyhzrmkDHzE8yTyid-w,68800,False,2026-06-21T19:30:00.981483+00:00
UCMx60HYcw1ieiPlZZagfqXQ,504000,False,2026-06-21T19:30:00.981488+00:00
UCSyJun_VTW5iArnfGBXg0DQ,85200,False,2026-06-21T19:30:00.981492+00:00
UC40MXYe9jrs-hNPF1HyA7CA,15800,False,2026-06-21T19:30:00.981497+00:00
UC_omWMGR4j5nANWiDUiX2bw,185000,False,2026-06-21T19:30:00.981503+00:00
UCXzDMJq4qJ3rjd5gzXVY0fw,174000,False,2026-06-21T19:30:00.981508+00:00
UC2tN8yIRVdZ8-Ig2REhPPWg,660000,False,2026-06-21T19:30:00.981513+00:00
UC0K9cia9k4eN8cNoi1hXjlw,10300,False,2026-06-21T19:30:00.981519+00:00
UC26H3H7aEUnMwF7hztP07Og,242000,False,2026-06-21T19:30:00.981524+00:00
UCGiWuuh_5tDBungT7NES9Rg,35200,False,2026-06-21T19:30:00.981530+00:00
UC2vvNviMCmRBDs0w4neGZIw,54600,False,2026-06-21T19:30:00.981535+00:00
UC0I_4R0GPWnUnM-b4-KXnLw,88600,False,2026-06-21T19:30:00.981540+00:00
UCVEvXfblll0OjxBE_I9YeOw,14900000,False,2026-06-21T19:30:00.981545+00:00
UCt_t4rAr9eJeFwaMlc7Mzag,830000,False,2026-06-21T19:30:00.981551+00:00
UC1XJ01wgexiFH4fmXDmK_pw,95300,False,2026-06-21T19:30:00.981557+00:00
UCC1boqoA6w7PhggpnejsIKw,205000,False,2026-06-21T19:30:00.981563+00:00
UCzThCdH5WNBlJrfYdCaZ4nQ,17300,False,2026-06-21T19:30:00.981569+00:00
UC4hQbfN_ZRy4lSngWxuhHxA,663000,False,2026-06-21T19:30:00.981574+00:00
UCRwOeApFFyIoyEulSOmONBw,130000,False,2026-06-21T19:30:00.981580+00:00
UC8LyhlRFzh7h_w_eP081rpA,80700,False,2026-06-21T19:30:00.981586+00:00
UCAxUzEKUVWvrM4nRL1trxmg,107000,False,2026-06-21T19:30:00.981591+00:00
UC5qXwHPFT6kzlbgxmZG9oug,38400,False,2026-06-21T19:30:00.981597+00:00
UC3a1VGD3D8wSpFT9WsruDZQ,86000,False,2026-06-21T19:30:00.981602+00:00
UC1X8VrX-c3i33XDrE7vIVOw,75400,False,2026-06-21T19:30:00.981608+00:00
UCtLo4nwb3ObCDZ4m8b8u7fA,611000,False,2026-06-21T19:30:00.981614+00:00
UCDaTEkMWGyHXh83KZ-vFf9A,191000,False,2026-06-21T19:30:00.981619+00:00
UCTGEpK4QW14v7C1tPG306Pw,700000,False,2026-06-21T19:30:01.025563+00:00
UC-sb7kM8fmYhlRrXEm7W18Q,37700,False,2026-06-21T19:30:01.025590+00:00
UC8Kzy9gIkbdR6cZsnqP1Lqw,357000,False,2026-06-21T19:30:01.025597+00:00
UCHL12woHGeiqAqLrK-pJe7g,247000,False,2026-06-21T19:30:01.025603+00:00
UCQWT87turiWSi2zHAS5Q-Lw,274000,False,2026-06-21T19:30:01.025609+00:00
UCFTdxblQArEr7f61WXfEQig,371000,False,2026-06-21T19:30:01.025616+00:00
UCj9RqrqHMyiRTBhKJ3aiz4A,233000,False,2026-06-21T19:30:01.025622+00:00
UClVHRbIuX3K2Xw3Wx8MdbBA,86900,False,2026-06-21T19:30:01.025629+00:00
UCJrOtniJ0-NWz37R30urifQ,47600000,False,2026-06-21T19:30:01.025634+00:00
UCX31gNILo4oM_hA9FohhbPQ,67800,False,2026-06-21T19:30:01.025640+00:00
UCjEa-tDIQIJ-rLslyEGLZdA,39200,False,2026-06-21T19:30:01.025645+00:00
UCWFRCZp5L_SZnjHAA52l1HA,209000,False,2026-06-21T19:30:01.025652+00:00
UCQO3qJmwQEkpeRdK0Xna0cQ,101000,False,2026-06-21T19:30:01.025657+00:00
UC0J7Yk_O3g1-x-xD7xxAE8Q,64700,False,2026-06-21T19:30:01.025663+00:00
UC0JR9ZTJIvB9VX8xz7LyujA,539000,False,2026-06-21T19:30:01.025669+00:00
UCxT_1qcezF0OBzliMxan-8A,88200,False,2026-06-21T19:30:01.025675+00:00
UCdSyQIiN9JOiRlqGfds8O_Q,138000,False,2026-06-21T19:30:01.025681+00:00
UCdOFJTdqeytxPttqDnWfS_A,1430000,False,2026-06-21T19:30:01.025687+00:00
UC-auJhWla6MpfOFNdEOmAPA,91300,False,2026-06-21T19:30:01.025693+00:00
UCHVfoFF2e09h2IVmP1Opang,62000,False,2026-06-21T19:30:01.025699+00:00
UCByHWpYv2uF2Iu8XdNOgKCQ,100000,False,2026-06-21T19:30:01.025705+00:00
UC0GgO2x6jsXWnJw3ZVxCk-g,125000,False,2026-06-21T19:30:01.025710+00:00
UC8JKiHYxBHGBll_W7zCAG4Q,498000,False,2026-06-21T19:30:01.025715+00:00
UCQXwvYkiHyEfzV66-fols3w,703000,False,2026-06-21T19:30:01.025721+00:00
UCHTv_nAJHP4xuMl3xnrCqmQ,35000,False,2026-06-21T19:30:01.025726+00:00
UC2Ku8de18zPkAAdguvdKCiQ,650000,False,2026-06-21T19:30:01.025732+00:00
UCHa3UJNx_EKLOEbzTuNI9uA,28000,False,2026-06-21T19:30:01.025737+00:00
UCiSUb_Zr3oiWcQHoDuzlRGw,40600,False,2026-06-21T19:30:01.025743+00:00
UC4q1-TnEB-jl0c7q5KrBxtw,46600,False,2026-06-21T19:30:01.025750+00:00
UCOVLrBaOiMH5QDKXTycZ8Pw,352000,False,2026-06-21T19:30:01.025756+00:00
UC5jWlsc9SBpoa8PFS80uMRg,293000,False,2026-06-21T19:30:01.025762+00:00
UC72A_x2FKHkJ8Nc2eIzqj8Q,87200,False,2026-06-21T19:30:01.025768+00:00
UC5jLzUQiTIk8CWiShdqQfDQ,654000,False,2026-06-21T19:30:01.025774+00:00
UCFEF5lVqJGV190y_U5GOKAw,211000,False,2026-06-21T19:30:01.025780+00:00
UCUApURCve0BEqv6Sa9x_OJg,1340000,False,2026-06-21T19:30:01.025786+00:00
UCBxq5sx6EvfnUvP3-afmbHw,640000,False,2026-06-21T19:30:01.025791+00:00
UC1ZnBCHfNVlHjmGu83SmofQ,612000,False,2026-06-21T19:30:01.025796+00:00
UCdSPo9Iefw1REMBTPqm7DwQ,375000,False,2026-06-21T19:30:01.025801+00:00
UCFCikbpjC-mfc_NDBKkWdaw,10900,False,2026-06-21T19:30:01.025806+00:00
UCDle48LE50N0SDq2EcM3nhw,153000,False,2026-06-21T19:30:01.025812+00:00
UC1T_pR-Rt-NdHgytn2GkTeA,309000,False,2026-06-21T19:30:01.025818+00:00
UCJsEBx7hV04Q02Yz9iAgXuQ,44500,False,2026-06-21T19:30:01.025823+00:00
UCrd0NQ_WdJFzb6-hGkyGtVg,412000,False,2026-06-21T19:30:01.025830+00:00
UCAIgyiRdZDCArJCs3vYcMHA,73900,False,2026-06-21T19:30:01.025836+00:00
UCp60qNFmqRy7Q5ymP20dsGw,84000,False,2026-06-21T19:30:01.025842+00:00
UC4jXkx1hMl-94FVwquYcPVA,151000,False,2026-06-21T19:30:01.025848+00:00
UCHWi2nW8_UVZibU5nBoQrRw,25500,False,2026-06-21T19:30:01.025854+00:00
UC2z5HWE11alcAT0bmiyuYrA,159000,False,2026-06-21T19:30:01.025860+00:00
UCtKvqtgwAkfyDCAQEIaRbig,1050000,False,2026-06-21T19:30:01.025865+00:00
UC2NXLCH1PZO423_7xMf-Lrw,65700,False,2026-06-21T19:30:01.025870+00:00
UCEyoEzofIPXqYMzl0JdoRBw,34100,False,2026-06-21T19:30:01.067493+00:00
UCfMgDw34gQ2cu2GfLAjMUjA,200000,False,2026-06-21T19:30:01.067514+00:00
UC6raUGFw3O3yK2-XzcZsOVw,80400,False,2026-06-21T19:30:01.067519+00:00
UC4akeHUneE-Q6h8ZL0GcE8Q,105000,False,2026-06-21T19:30:01.067522+00:00
UC2DLYvRf5PZHytTEb137nvw,115000,False,2026-06-21T19:30:01.067525+00:00
UCQhaZjODkIjuv38d-i5TVRw,826000,False,2026-06-21T19:30:01.067528+00:00
UCAOxdxaCQFNV9UjDbZ7EHMA,64800,False,2026-06-21T19:30:01.067531+00:00
UC79wHRs0_beJE0MXU-4P1Rw,28100,False,2026-06-21T19:30:01.067534+00:00
UC6nbBHKbr13G0JOpDUS_3ew,29400,False,2026-06-21T19:30:01.067537+00:00
UCFZo_KmSoS84X4QB6NEkLGg,101000,False,2026-06-21T19:30:01.067557+00:00
UC_aEa8K-EOJ3D6gOs7HcyNg,34300000,False,2026-06-21T19:30:01.067560+00:00
UCFVM_PZ8A-gUcs5yFa3M--Q,453000,False,2026-06-21T19:30:01.067563+00:00
UC6uo7Swuhid4KcK97n2l7_Q,1310000,False,2026-06-21T19:30:01.067565+00:00
UC53UUqtuAh5KE_RR3XApJdg,16000,False,2026-06-21T19:30:01.067568+00:00
UCpacNz-eu6q9kHhlFKrpzgA,191000,False,2026-06-21T19:30:01.067571+00:00
UCShZ7YlAqC4LznPnr4arBcw,128000,False,2026-06-21T19:30:01.067574+00:00
UCSm96O5W1x1lK5kTvPusMHA,268000,False,2026-06-21T19:30:01.067577+00:00
UC74GHh4GkKoTHzssH9vlp1w,63600,False,2026-06-21T19:30:01.067580+00:00
UC8SHb2zOrVZOGYNeOOLX02A,32600,False,2026-06-21T19:30:01.067583+00:00
UCF-ELGbzi_r-VdJAb_Gh32Q,393000,False,2026-06-21T19:30:01.067586+00:00
UC0L9kkdJ2N6uMdhkEKaBg9A,101000,False,2026-06-21T19:30:01.067589+00:00
UCOX9y_sgmfcA0cZtlou0l_Q,30700,False,2026-06-21T19:30:01.067592+00:00
UC6pAU449vK_UYQOYJ1JgLaQ,31400,False,2026-06-21T19:30:01.067595+00:00
UC4yqcgz49APdbgj0OMv7jpA,2460000,False,2026-06-21T19:30:01.067598+00:00
UCYrs1valn_PRmWul0zmmDoQ,14500,False,2026-06-21T19:30:01.067600+00:00
UCfY8cCh-KkzdgPyVjjkzTNA,193000,False,2026-06-21T19:30:01.067603+00:00
UCjeZF-Cl42eerVoZ3wpc5vA,437000,False,2026-06-21T19:30:01.067606+00:00
UCCFk9HYF9ZdyijD-NNFZMtQ,132000,False,2026-06-21T19:30:01.067609+00:00
UCQHZXj_ZXCHuwWLiHHahetQ,208000,False,2026-06-21T19:30:01.067612+00:00
UCOomeh_-pOebfvODYNgl-iQ,67300,False,2026-06-21T19:30:01.067615+00:00
UCmqDWOTrx0ytAOMB1m4Xf4Q,219000,False,2026-06-21T19:30:01.067617+00:00
UC8Wi0RcjvIy5z7V4Eypmzww,223000,False,2026-06-21T19:30:01.067620+00:00
UCA7zzJ3G12UZqAIBGwtYG2A,948000,False,2026-06-21T19:30:01.067623+00:00
UChN700y3HeGE_gLnUy_9yug,208000,False,2026-06-21T19:30:01.067626+00:00
UC0BCfHbNORhd7dsw1R5rw9w,1120000,False,2026-06-21T19:30:01.067628+00:00
UC8RpUZc9jjdxpmtkSMaK3HQ,77200,False,2026-06-21T19:30:01.067631+00:00
UCJcsDmXAGVLGL9FrlxovoMQ,74300,False,2026-06-21T19:30:01.067634+00:00
UCARV0ekChQosB18EDbPyLjw,193000,False,2026-06-21T19:30:01.067637+00:00
UC1a7bmClAeLYrchvRrQFOHw,343000,False,2026-06-21T19:30:01.067640+00:00
UC1T8XKfOYOFO3Wuo4lke9sA,49000,False,2026-06-21T19:30:01.067643+00:00
UCF4gTst879jGCp15ZxoGulg,14000,False,2026-06-21T19:30:01.067645+00:00
UCANLZYMidaCbLQFWXBC95Jg,25200000,False,2026-06-21T19:30:01.067648+00:00
UC2HLW_ZkopBzjnAId04vPxA,142000,False,2026-06-21T19:30:01.067651+00:00
UCaNeANZEi3HAO-0Al-ds-OQ,220000,False,2026-06-21T19:30:01.067654+00:00
UCHG2F6GE3E8-4oT89-Ym5Zg,131000,False,2026-06-21T19:30:01.067657+00:00
UC2DDxcEudeyvMCeVNgk6TgA,88600,False,2026-06-21T19:30:01.067660+00:00
UCFarL62IY4cxKF6YA6Wx-XQ,22500,False,2026-06-21T19:30:01.067662+00:00
UCjb4ZjyNkaWYSEtl2Ii6RNw,270000,False,2026-06-21T19:30:01.067665+00:00
UCYnGkeQBV_l58ITwVYoOnVQ,319000,False,2026-06-21T19:30:01.067668+00:00
UCAO_NuO5nCvrp9avrhYfBqg,45800,False,2026-06-21T19:30:01.067671+00:00
UC7FBLMkempvPEC4Z_y_H7dA,134000,False,2026-06-21T19:30:01.111742+00:00
UC_PUuYmn8e4rZpOHgaTdUrg,46800,False,2026-06-21T19:30:01.111765+00:00
UCCTMMUDmBo6PXc7GmVHPrkw,846000,False,2026-06-21T19:30:01.111770+00:00
UCadjs-Yjosp2uQ8C0MMZNQQ,207000,False,2026-06-21T19:30:01.111774+00:00
UCElRs01iIZ-D-ASLTVgE6Pg,61300,False,2026-06-21T19:30:01.111778+00:00
UCLHnIAcYWnk4AK-Cf6ghuKw,25800,False,2026-06-21T19:30:01.111783+00:00
UCJMzOzrrWb8w5E6l6b7kZ2w,182000,False,2026-06-21T19:30:01.111786+00:00
UCTzFJXMf8Ybh2jqv0TBM-ew,56600,False,2026-06-21T19:30:01.111790+00:00
UCsybS7dqdlGdRdDYA2gfnvA,77800,False,2026-06-21T19:30:01.111793+00:00
UCjzHeG1KWoonmf9d5KBvSiw,12000000,False,2026-06-21T19:30:01.111797+00:00
UCOBgmGlwvvaZnUo_PFM7pRQ,102000,False,2026-06-21T19:30:01.111800+00:00
UC4SY3LD4gOuiXRyEdUw5EQA,1550000,False,2026-06-21T19:30:01.111804+00:00
UCCVuYZ9nW8IPAlRyBml4JOg,815000,False,2026-06-21T19:30:01.111807+00:00
UC57H40XcMcL4Lbp_Uq2MVaQ,111000,False,2026-06-21T19:30:01.111811+00:00
UCQwSBqzlAq-H7GPvv9Hr17A,381000,False,2026-06-21T19:30:01.111814+00:00
UC-U63hTXJs54YNIOECNN33Q,141000,False,2026-06-21T19:30:01.111818+00:00
UC8_wmm5DX9mb4jrLiw8ZYzw,4330000,False,2026-06-21T19:30:01.111821+00:00
UC2GblKtloL9AFi8F223EjRg,106000,False,2026-06-21T19:30:01.111825+00:00
UC3gNmTGu-TTbFPpfSs5kNkg,66200000,False,2026-06-21T19:30:01.111828+00:00
UChGYJiYxIdrBCtYfrgjlnuw,160000,False,2026-06-21T19:30:01.111832+00:00
UC3hb-DiQCVlPLv3kgWVs-MQ,49300,False,2026-06-21T19:30:01.111836+00:00
UC8cvVwHt-AFFUoNaF1dhTYA,27400,False,2026-06-21T19:30:01.111839+00:00
UCLqbWNi8Ym4gb3XbpHu4FMg,142000,False,2026-06-21T19:30:01.111843+00:00
UCnXYQy7XqRgmD5orp7_nD7g,211000,False,2026-06-21T19:30:01.111846+00:00
UCA-uTlDQLuBwwMc5xGS9deQ,283000,False,2026-06-21T19:30:01.111850+00:00
UC7EH_WSlrmV6lXp91KAUPCw,196000,False,2026-06-21T19:30:01.111853+00:00
UCJKKSCy7lzH7p1wC3UrUsOw,44400,False,2026-06-21T19:30:01.111857+00:00
UCLyorWmGdPd4hKNHkymry6A,347000,False,2026-06-21T19:30:01.111860+00:00
UC6dLNfG3yovI7QMJaW9p1Iw,140000,False,2026-06-21T19:30:01.111864+00:00
UC3jFrOriO8aLufC13bsWT3Q,47000,False,2026-06-21T19:30:01.111867+00:00
UCj-RtRpv3C3rnJWApfb6zgg,48200,False,2026-06-21T19:30:01.111871+00:00
UCUNjZrat8tISzZH0kQDroRw,61000,False,2026-06-21T19:30:01.111874+00:00
UCdqcCoXCjur2imt9IMiH5yA,31300,False,2026-06-21T19:30:01.111877+00:00
UC9wZvShnPpCMnnGp03beVEQ,26500,False,2026-06-21T19:30:01.111881+00:00
UCJ_UQa6lOHg941n_wYD3Jbg,53900,False,2026-06-21T19:30:01.111884+00:00
UCrFzsSo-J_ay1M2HnHDCvhg,132000,False,2026-06-21T19:30:01.111888+00:00
UCJaLV9fe2DwvemIPVwWlQzQ,192000,False,2026-06-21T19:30:01.111891+00:00
UCfcL4A2akYa3RTe5C80KHUw,287000,False,2026-06-21T19:30:01.111895+00:00
UC2SNd1hfazwL1ixMsD91c4g,13600,False,2026-06-21T19:30:01.111898+00:00
UC0ZCCCa89PaXRn-7gFE7ksw,24300,False,2026-06-21T19:30:01.111901+00:00
UC-gZc7yRmyb9DInZX2DxhdA,15800,False,2026-06-21T19:30:01.111905+00:00
UCZ4FY044DPGqojon8RSI6ag,16100,False,2026-06-21T19:30:01.111908+00:00
UC0AVyhbJ1kGqVOfX-MEzrxA,321000,False,2026-06-21T19:30:01.111912+00:00
UCW1z3ZPvI9C_a2XXvCZ9GwQ,78200,False,2026-06-21T19:30:01.111915+00:00
UCdhGbKNYGK7dglu2HJf3B3Q,89700,False,2026-06-21T19:30:01.111919+00:00
UC2H-PmX9pw7_AxSZ25RFGTw,12900,False,2026-06-21T19:30:01.111922+00:00
UCOxropmURR9srKw8l-USF_Q,169000,False,2026-06-21T19:30:01.111926+00:00
UCU3BRw1lxx-8JZshKTord7w,91300,False,2026-06-21T19:30:01.111929+00:00
UCCQ2mSHWMRiLlHWMQaQmt0w,230000,False,2026-06-21T19:30:01.111932+00:00
UC8iWfy6X3wRk3Z4RyThcFxw,16000,False,2026-06-21T19:30:01.111936+00:00
UCvwq3Dh6t-TadXEDB3igd_w,285000,False,2026-06-21T19:30:01.150663+00:00
UC5CRHe4xL-hoQclcBzPb_mg,288000,False,2026-06-21T19:30:01.150692+00:00
UCPKlrgZXnnb89nSeITvTdGA,1760000,False,2026-06-21T19:30:01.150700+00:00
UCkH3CcMfqww9RsZvPRPkAJA,3710000,False,2026-06-21T19:30:01.150705+00:00
UC3sM_YxT0oHUAZTr3dOjsAg,107000,False,2026-06-21T19:30:01.150711+00:00
UCW6QJIGCQL_lQ7_dTIe84jw,495000,False,2026-06-21T19:30:01.150719+00:00
UCGznJeBiKeacKMJR2Bx1O5g,67800,False,2026-06-21T19:30:01.150725+00:00
UCf7kkRzEBg0rBE0p2NBhiSA,158000,False,2026-06-21T19:30:01.150732+00:00
UCdt9D1tf6JvESv6CYlEHJUQ,661000,False,2026-06-21T19:30:01.150738+00:00
UCYY1PrUIH_tvpAvoG_HADNA,44300,False,2026-06-21T19:30:01.150744+00:00
UCLyggR_EkNlYxxnu38wAB1Q,51300,False,2026-06-21T19:30:01.150749+00:00
UC1l_qPyQf9Fk3u59PoFe3sg,250000,False,2026-06-21T19:30:01.150754+00:00
UCHy2kC9DmKCU6_QF9YHqpcw,967000,False,2026-06-21T19:30:01.150760+00:00
UCk8HTeS7wRRam6nEKZkH1eA,923000,False,2026-06-21T19:30:01.150765+00:00
UCUn6yznWNNJW9yJ9SiCMGgw,60200,False,2026-06-21T19:30:01.150771+00:00
UCcj-cHmS0uD91MLjtdiN89Q,772000,False,2026-06-21T19:30:01.150777+00:00
UCAcnIP_u8vDfH0_0Z07WbKw,147000,False,2026-06-21T19:30:01.150783+00:00
UC1mv1_wL_UnCqXQEl_z7dUQ,35100,False,2026-06-21T19:30:01.150789+00:00
UChqmJZ7HfR449Foi7hC1Ulg,214000,False,2026-06-21T19:30:01.150795+00:00
UC6YNWTm6zuMFsjqd0PO3G-Q,668000,False,2026-06-21T19:30:01.150801+00:00
UC5MMdyWKFlCIKZGUigWwLOQ,466000,False,2026-06-21T19:30:01.150806+00:00
UCryn4Yq3e-cLf9opJ24pvCg,88600,False,2026-06-21T19:30:01.150812+00:00
UCM7pJKGM7vZjHoxchOhysLw,62800,False,2026-06-21T19:30:01.150817+00:00
UCSOR4Snxp5SPioWjDgOtM-w,181000,False,2026-06-21T19:30:01.150822+00:00
UCNnp0kk4flPtEig7gdie0ZA,51300,False,2026-06-21T19:30:01.150828+00:00
UCFwoRgP3tLngAwyu7uISkCg,14100,False,2026-06-21T19:30:01.150833+00:00
UC9jO_1m8jvu_85q8p52mRzA,234000,False,2026-06-21T19:30:01.150839+00:00
UC59QmljwcLTry65r8d_mllA,20300,False,2026-06-21T19:30:01.150844+00:00
UCcVZn3rx4sO_ccBr6XY-O8g,51800,False,2026-06-21T19:30:01.150850+00:00
UC0-NdXj3Hzcr7EFh5hP00vw,366000,False,2026-06-21T19:30:01.150855+00:00
UC84whx2xxsiA1gXHXXqKGOA,1290000,False,2026-06-21T19:30:01.150861+00:00
UCmXdiKX0ZPOocIMXQG6XJPA,83000,False,2026-06-21T19:30:01.150866+00:00
UCBU2af_xErnn4m-wxEWJXjg,38500,False,2026-06-21T19:30:01.150871+00:00
UC9oiJQJR3MpxFRzv6S5S8ig,32800,False,2026-06-21T19:30:01.150877+00:00
UCNwP0ghb6J-xRSTqM3sXVXA,621000,False,2026-06-21T19:30:01.150883+00:00
UCEWMAZrX2B9EEb_8bD6Jk2A,378000,False,2026-06-21T19:30:01.150889+00:00
UC1GP1tLvu6bp9e69kn53GfA,24000,False,2026-06-21T19:30:01.150894+00:00
UCEWPBgvdKy0w9WRjJazPehQ,12000,False,2026-06-21T19:30:01.150899+00:00
UCL1ExJ29XY4zWozic75hMpw,102000,False,2026-06-21T19:30:01.150904+00:00
UC7JQKVJMCIuVMcrFXSozMCw,841000,False,2026-06-21T19:30:01.150908+00:00
UC6SEj6I-vKEL9tL5aAHHyZg,490000,False,2026-06-21T19:30:01.150913+00:00
UC5CwaMl1eIgY8h02uZw7u8A,2890000,False,2026-06-21T19:30:01.150918+00:00
UCficseUOt7J-GlKVoAWSN6g,797000,False,2026-06-21T19:30:01.150923+00:00
UC4OqUn5DHBYhk9VOHs89lWQ,163000,False,2026-06-21T19:30:01.150928+00:00
UC8tT77f0K9ifKDAi3ppy4TQ,88700,False,2026-06-21T19:30:01.150934+00:00
UCWWEkozYdZZLM-H10-AexqA,805000,False,2026-06-21T19:30:01.150939+00:00
UCAWxPGGuIfWME2KTLUmSCHw,1400000,False,2026-06-21T19:30:01.150944+00:00
UCckSrx_gJHAduUYvZnFGl8A,341000,False,2026-06-21T19:30:01.150950+00:00
UCL4NX3B5v_gYc5XXWSTcpMA,1100000,False,2026-06-21T19:30:01.150956+00:00
UC-JBd3hzV7TmSqwAQItp3AA,70500,False,2026-06-21T19:30:01.150962+00:00
UCGG7ylcrHTSWB_wwrofcpRA,15600,False,2026-06-21T19:30:01.189273+00:00
UC-IJviKGjvsH7EmYYfi1ihQ,11400,False,2026-06-21T19:30:01.189295+00:00
UCD0TQqtvEgVV-Xj9w1qa5Kw,56700,False,2026-06-21T19:30:01.189299+00:00
UCinFRyiWOfzqsYng0EmOiqw,340000,False,2026-06-21T19:30:01.189303+00:00
UCMFkwHT8vezg-06EAgL1QNA,1210000,False,2026-06-21T19:30:01.189306+00:00
UC7NyFmdMwm6cbBKQVx5nfGA,320000,False,2026-06-21T19:30:01.189310+00:00
UC5RmUAcm_w5K9cxtQSj7W7g,452000,False,2026-06-21T19:30:01.189313+00:00
UC3AQFO6FBjONUBleVcPtfcQ,212000,False,2026-06-21T19:30:01.189316+00:00
UCKJ-E3yiFvZF7N4wAsUxn8g,77000,False,2026-06-21T19:30:01.189318+00:00
UC1siOb3YGln2SqwT03jEZZg,9780,False,2026-06-21T19:30:01.189321+00:00
UCIDF68au00WuH4kUiK2Ux7Q,68100,False,2026-06-21T19:30:01.189324+00:00
UCKsZgsxifJpNFLQx52UTcIA,185000,False,2026-06-21T19:30:01.189327+00:00
UC3FqX2adoxzuOwrbRt_c_Gw,126000,False,2026-06-21T19:30:01.189329+00:00
UCGBpxWJr9FNOcFYA5GkKrMg,5180000,False,2026-06-21T19:30:01.189332+00:00
UC6HGjjbF4kmVvhcEuTUxDgw,68400,False,2026-06-21T19:30:01.189335+00:00
UCazMoYkBrsG7pXsAX7erhOA,36700,False,2026-06-21T19:30:01.189338+00:00
UCkJMIYlOR3rIuzTkxF8y6gw,22500,False,2026-06-21T19:30:01.189340+00:00
UCsdpSVn4s0eAhlV144a8lGA,93600,False,2026-06-21T19:30:01.189343+00:00
UCVjR3_8Y4j1_PQ6AzEbk-GA,908000,False,2026-06-21T19:30:01.189346+00:00
UCXnR8M-dJrrldyUJ0UuP1QA,716000,False,2026-06-21T19:30:01.189349+00:00
UCIIwblhvTHysIaUKlESEFZA,28300,False,2026-06-21T19:30:01.189352+00:00
UCG649yuz_0PadkYGKnJ1Tcw,240000,False,2026-06-21T19:30:01.189355+00:00
UC3k3RSFHemW5qjtp-X1TGZg,75100,False,2026-06-21T19:30:01.189358+00:00
UCEWjRHskSiyelIvhhTUjsVA,5530,False,2026-06-21T19:30:01.189361+00:00
UCltDCUVMCVXo8pDzkFUeHOQ,87400,False,2026-06-21T19:30:01.189364+00:00
UC3mm_8VUTwXyHXFkGV_GbYA,44400,False,2026-06-21T19:30:01.189366+00:00
UCBKWF799Ex6qPgEPT6Ai8og,35500,False,2026-06-21T19:30:01.189369+00:00
UCINUH-dYU3qsnH1DdpxXOhQ,9430,False,2026-06-21T19:30:01.189372+00:00
UC4DfUTbVd0dlIsVj3tmIYxA,224000,False,2026-06-21T19:30:01.189375+00:00
UCkMe2cb8H0telQGmksiJ3fg,187000,False,2026-06-21T19:30:01.189378+00:00
UCG3tN8bSqN4sovNgzAS_nOQ,13300,False,2026-06-21T19:30:01.189380+00:00
UC7RnzR1toKpB-FdURqdeMTQ,268000,False,2026-06-21T19:30:01.189383+00:00
UCMFn9jCcPv9MPMZXqEYnlZA,3520,False,2026-06-21T19:30:01.189386+00:00
UC-xyiQg7nnmiybnigfTuakQ,238000,False,2026-06-21T19:30:01.189389+00:00
UCWsJdxm5vcpkcdcNVp5VD-g,28300,False,2026-06-21T19:30:01.189391+00:00
UCuIXjEv-ZBtFn4Sk_q-piFg,200000,False,2026-06-21T19:30:01.189394+00:00
UCEB--MONOk46RCs9VegyBPA,23200,False,2026-06-21T19:30:01.189397+00:00
UC8xkzBruPP96NI22ki4mB_w,829000,False,2026-06-21T19:30:01.189400+00:00
UCIL7Ge3syncYxljvQCKvKvw,46900,False,2026-06-21T19:30:01.189403+00:00
UCWc-XpFHPK1SwGcvpFPZ8NA,999000,False,2026-06-21T19:30:01.189405+00:00
UC2AIhcNB9EOsGaZiG0S7MTA,6540,False,2026-06-21T19:30:01.189408+00:00
UC0cvEna9UC8zeYNXx2niYyg,47600,False,2026-06-21T19:30:01.189411+00:00
UCnuB7s_AnmLVHEw27murNsg,347000,False,2026-06-21T19:30:01.189414+00:00
UC4MN7RAV-KCWzb2-yiUkFAA,79900,False,2026-06-21T19:30:01.189416+00:00
UC2i1WBffS9JVNlHBX6ye8sA,19400,False,2026-06-21T19:30:01.189419+00:00
UCseXzfUOFLaA4lZeyJZPHCg,72000,False,2026-06-21T19:30:01.189422+00:00
UCKKK9zISB9DSgHyEKCoCAAQ,450000,False,2026-06-21T19:30:01.189425+00:00
UC2C-x4yqDaNzp_wYLHga3QQ,98900,False,2026-06-21T19:30:01.189427+00:00
UCUs_0uWRky0vo6-a4yVA60g,10800,False,2026-06-21T19:30:01.189430+00:00
UCr7XbI_K1IPPk4ZrVbZlMDw,564000,False,2026-06-21T19:30:01.189433+00:00
UC-xDRps8JhkrEj1UbuufmjQ,323000,False,2026-06-21T19:30:01.240964+00:00
UCkdHOzX7xdLGIfKIw7LgWHQ,107000,False,2026-06-21T19:30:01.240993+00:00
UCPW-5qfYGNR8XYrvESrqJKA,755000,False,2026-06-21T19:30:01.241028+00:00
UCKqMhdNhw1mB0Rg22t_btYg,146000,False,2026-06-21T19:30:01.241034+00:00
UCqf5lID0M61cIVBy2eATg7A,122000,False,2026-06-21T19:30:01.241039+00:00
UC0hUsLLUfRY5-Q05alte43g,49700,False,2026-06-21T19:30:01.241045+00:00
UCBRvO-H5Wn2Doqzn4w_6xIQ,545000,False,2026-06-21T19:30:01.241050+00:00
UC5U6NY3537bZ4JHfgtRnkqA,57100,False,2026-06-21T19:30:01.241056+00:00
UCKNluwNSkgZkaz1M8PrF09A,154000,False,2026-06-21T19:30:01.241060+00:00
UCBE4xAbWESF5ofPzS9eLhgg,184000,False,2026-06-21T19:30:01.241065+00:00
UC36SyFQ2jdH_YRdoYJx-t2Q,39600,False,2026-06-21T19:30:01.241070+00:00
UCE7zzxNZZXC2gg2sq9HrTLQ,209000,False,2026-06-21T19:30:01.241077+00:00
UC9YNcTF5HzHdq6l6J7JPY0g,771000,False,2026-06-21T19:30:01.241082+00:00
UComrFwKha_ZmEq30Ub7MO4w,143000,False,2026-06-21T19:30:01.241088+00:00
UC0eTlO_yZOPTSnSd5M6FCxA,1180000,False,2026-06-21T19:30:01.241093+00:00
UC-xNVaHIcx28c8MaJdDsxBw,2470,False,2026-06-21T19:30:01.241099+00:00
UCKpkRVkhAYA-wLFBPDB7OMA,665000,False,2026-06-21T19:30:01.241104+00:00
UCulsxDuZ0gU8lzhpPAjUwUg,897000,False,2026-06-21T19:30:01.241110+00:00
UCTbGzD-nKBs7WvZfBL79kcg,1110000,False,2026-06-21T19:30:01.241116+00:00
UCWbStUoGvEfS94S4UE4VEzw,328000,False,2026-06-21T19:30:01.241122+00:00
UCcCl0ZR7omH6pwHEwTqEsoQ,73300,False,2026-06-21T19:30:01.241128+00:00
UC7Yhy9EwOF343ci7O0xpQVw,14900,False,2026-06-21T19:30:01.241134+00:00
UCXeGg0Pv1hAkAUYrhyf0aVg,267000,False,2026-06-21T19:30:01.241141+00:00
UCe6zPHa3Fs8822xUBkECRQw,196000,False,2026-06-21T19:30:01.241147+00:00
UC2dMZ0-RekJkm4dQYnraW7g,428000,False,2026-06-21T19:30:01.241153+00:00
UCBJZQkervvdsOwQc8pDUHAg,82900,False,2026-06-21T19:30:01.241159+00:00
UCvZ2_QT3GHTC8GF5yXhW2Bw,1010000,False,2026-06-21T19:30:01.241164+00:00
UC92TKpIzZFW5ErmayV3poeQ,28300,False,2026-06-21T19:30:01.241170+00:00
UCKUlE6-Ezy7CIe7PfKmIM5Q,505000,False,2026-06-21T19:30:01.241175+00:00
UC0friAXjxjzZhJWgsYCbTWw,5450,False,2026-06-21T19:30:01.241180+00:00
UCMQP-73yK1b5HxEFtSV0C9w,272000,False,2026-06-21T19:30:01.241186+00:00
UC69LHPVPZ0EVf35eJp_m9cQ,668000,False,2026-06-21T19:30:01.241192+00:00
UCVc4d29MB1SwTr3tSqKJZCw,242000,False,2026-06-21T19:30:01.241197+00:00
UCNVVobTBWGmHYm5LEp9WaRg,266000,False,2026-06-21T19:30:01.241203+00:00
UC4AqSsuBfCryDHNt5eHksVg,20200,False,2026-06-21T19:30:01.241209+00:00
UC80kKTL_dNjXjX-NVIL8kzQ,19400,False,2026-06-21T19:30:01.241214+00:00
UC3uODtYvKjb7gPY9EFOlUWw,2110000,False,2026-06-21T19:30:01.241220+00:00
UCE5vCAio4dFydYd3Uf16UkQ,95900,False,2026-06-21T19:30:01.241225+00:00
UC0fBJ4vGh5AtOXv-cR1EIRw,29000,False,2026-06-21T19:30:01.241231+00:00
UCul0ZAB3OOoGw-4jKJz3MPw,65100,False,2026-06-21T19:30:01.241238+00:00
UCPbEcJyVcETaWrubYOg4UTw,1670000,False,2026-06-21T19:30:01.241243+00:00
UCNWAKY1SCCJrsxrvN37IVDg,64100,False,2026-06-21T19:30:01.241249+00:00
UC-GAhNmY6bkuuRPUSaRI_oQ,8960000,False,2026-06-21T19:30:01.241256+00:00
UCr9DOS9ZQvMW4zEtwzNwBIA,588000,False,2026-06-21T19:30:01.241261+00:00
UCXftus7nG4Xw-ByjjaxwzEQ,213000,False,2026-06-21T19:30:01.241267+00:00
UC3pgkL7r8vaO4yWDm0MtDEA,202000,False,2026-06-21T19:30:01.241272+00:00
UC7t6QJ4u8qF8pI-vibX-BUQ,8660000,False,2026-06-21T19:30:01.241277+00:00
UCBE-DSwqUTu82g4Raa5Us3g,62900,False,2026-06-21T19:30:01.241283+00:00
UCBDdSCHTTc90LTrEk4z65yQ,5470,False,2026-06-21T19:30:01.241288+00:00
UCIRwGgVqhpD6cg_ypy5h1kQ,28800,False,2026-06-21T19:30:01.241293+00:00
UC5kYw7NtkEnywLSuftNT7JA,91800,False,2026-06-21T19:30:01.281068+00:00
UCDI4mgH0fgYXUcguVs-ltlA,4780,False,2026-06-21T19:30:01.281099+00:00
UC0mPwepVHMKsMJKfMDs5ezg,136000,False,2026-06-21T19:30:01.281108+00:00
UC66g_QjJbvItZURwqYydOCw,153000,False,2026-06-21T19:30:01.281114+00:00
UCYEfQ8Iv-YlqQdbtUabefxA,76500,False,2026-06-21T19:30:01.281120+00:00
UC2xTGY1xlCgz3PDZkhj2Jhg,28000,False,2026-06-21T19:30:01.281127+00:00
UCKe0ri_Fx7yCAaLqVABZgGA,983000,False,2026-06-21T19:30:01.281133+00:00
UC0jLSh6zOCYjhfBZWLr1-0w,47000,False,2026-06-21T19:30:01.281138+00:00
UCxgYmeLsD4FSUpM-8Uqro7A,129000,False,2026-06-21T19:30:01.281143+00:00
UCsSuev_h2XixlD6FFGADI6w,508000,False,2026-06-21T19:30:01.281149+00:00
UC7diLYdTVp-jYqSIo--SJBA,307000,False,2026-06-21T19:30:01.281154+00:00
UClVxlTdjXCH02L9WtiPu_rg,474000,False,2026-06-21T19:30:01.281159+00:00
UC4A0ZOrruCUJ7Orhx8AeeQg,18800,False,2026-06-21T19:30:01.281165+00:00
UCekrnOmzEHhkkwXf0cV5qvg,56900,False,2026-06-21T19:30:01.281170+00:00
UCXw-7zNPhqafIR0o-vqXX3w,983000,False,2026-06-21T19:30:01.281176+00:00
UC2oQ5573SQ8ouFun0qQw27w,187000,False,2026-06-21T19:30:01.281181+00:00
UC1zDA0fVqjcBUFjDU4hsMzw,40800,False,2026-06-21T19:30:01.281187+00:00
UCGh9gtsi185cmzwjRW1iOrQ,109000,False,2026-06-21T19:30:01.281192+00:00
UC7zx7uOmqXsD153rPSUvxcg,241000,False,2026-06-21T19:30:01.281198+00:00
UCv74Pfa4uD1DC3kAv6vlJlg,145000,False,2026-06-21T19:30:01.281204+00:00
UCT1TEoq1-VFjskTqI91OteQ,230000,False,2026-06-21T19:30:01.281210+00:00
UC-8udhbheRG8eg3s-6AFmXA,111000,False,2026-06-21T19:30:01.281215+00:00
UCDFwTQvplF-awgXcIXWl61g,117000,False,2026-06-21T19:30:01.281221+00:00
UCzPpgCLTBn1EwEbaLiHksgg,113000,False,2026-06-21T19:30:01.281226+00:00
UCN4b-2PRG2CGxMNVv6veRSA,47800,False,2026-06-21T19:30:01.281231+00:00
UCLW3BBiKpFXsEBHq1FDJxsg,62100,False,2026-06-21T19:30:01.281237+00:00
UCY5IdyC_L0WQmascZYB_Fow,536000,False,2026-06-21T19:30:01.281242+00:00
UC5fdAGXUR7VyVnWANUvnANw,2010,False,2026-06-21T19:30:01.281248+00:00
UCJ0uqCI0Vqr2Rrt1HseGirg,28200000,False,2026-06-21T19:30:01.281253+00:00
UCqvaXJ1K3HheTPNjH-KpwXQ,3150000,False,2026-06-21T19:30:01.281258+00:00
UC-1E5_HQLNwmbih1cTM4CJQ,46500,False,2026-06-21T19:30:01.281264+00:00
UC63cb-lg-sLGO5mLan3Z_PQ,30800,False,2026-06-21T19:30:01.281269+00:00
UCDyHKpuBcZNjhZLIDLJldbA,507000,False,2026-06-21T19:30:01.281275+00:00
UC3xSThOZ-ntYfDzTsrPBRLw,61300,False,2026-06-21T19:30:01.281280+00:00
UCVNJfM05KTLi3hfBGFBQRIA,75700,False,2026-06-21T19:30:01.281286+00:00
UCkeE8KNMCelANUoWJNCydLg,17700,False,2026-06-21T19:30:01.281291+00:00
UCAq2gwr8UKE_-H8cYYXUbaQ,51700,False,2026-06-21T19:30:01.281297+00:00
UC4pv0ooIy44xKnDAP1g6-wQ,19400,False,2026-06-21T19:30:01.281302+00:00
UC2yGhvadahttGFIgS_Bzgkg,24500,False,2026-06-21T19:30:01.281307+00:00
UCDg0kweWhUn67bpO4Kmtk_A,32000,False,2026-06-21T19:30:01.281312+00:00
UCDHc9BIX-d2sObpbFzqSyzA,21900,False,2026-06-21T19:30:01.281318+00:00
UCkwBjpcVgnpprGV2qjUdRgA,98300,False,2026-06-21T19:30:01.281323+00:00
UC0rbVMCStY7IYwwTg4z_EjA,3020000,False,2026-06-21T19:30:01.281329+00:00
UCiESty8E9YLs_o_pLiPoY2w,212000,False,2026-06-21T19:30:01.281334+00:00
UCDilaTvjeq7n8xDoN87cpuw,302000,False,2026-06-21T19:30:01.281339+00:00
UCsPT2Yp3zp0QkG8ED2wZosg,44600,False,2026-06-21T19:30:01.281345+00:00
UCDivXwGnX385A4ueQVHR99Q,12400,False,2026-06-21T19:30:01.281350+00:00
UC-Cuw7QXLjJd1lFQzp5AP-w,520000,False,2026-06-21T19:30:01.281355+00:00
UCPnWWJ7fwOuJ_lZHHqvKR_Q,544000,False,2026-06-21T19:30:01.281361+00:00
UCK_SP1RT1ZQMu1OIaPagEkg,347000,False,2026-06-21T19:30:01.281366+00:00
UCV8Rtq-ukAAquY1McB_oJqw,90500,False,2026-06-21T19:30:01.328597+00:00
UC2ocfKoB6IrhAmXh7HAE9Nw,117000,False,2026-06-21T19:30:01.328634+00:00
UCqcH9bQFu_rq8gd4sb4xeLQ,271000,False,2026-06-21T19:30:01.328641+00:00
UCgRYu_jroicOl-J8BP043dg,89200,False,2026-06-21T19:30:01.328646+00:00
UC2p9pSIMYa-asF6C38039gQ,256000,False,2026-06-21T19:30:01.328652+00:00
UC93WhW1_Ppdzi58_mKdWTSg,8300,False,2026-06-21T19:30:01.328658+00:00
UC9Le1DkKHWTw2KVDtS7Y__g,69800,False,2026-06-21T19:30:01.328664+00:00
UCDTPZa_LsA5h5XxTrI9PSlA,102000,False,2026-06-21T19:30:01.328669+00:00
UCMu6ZEcaUIik3iCJl23_ldQ,21600,False,2026-06-21T19:30:01.328674+00:00
UC9Ije5dQVFx9uTGddG_U5XA,230000,False,2026-06-21T19:30:01.328680+00:00
UC-J0pIKmHc6_chLUCch_wNA,402000,False,2026-06-21T19:30:01.328684+00:00
UCgY2btfwKEnklz6nwBcwToQ,237000,False,2026-06-21T19:30:01.328690+00:00
UCb_oJ33zleCwX683QmYj4WA,202000,False,2026-06-21T19:30:01.328695+00:00
UCDpELP7joJGYyQXJMj8cpyQ,108000,False,2026-06-21T19:30:01.328699+00:00
UCgXyMl3Y2kRHkK08F_Ct8Pg,3020000,False,2026-06-21T19:30:01.328705+00:00
UC9Wl5AzCQzp2esQ7uVoQz0g,1400000,False,2026-06-21T19:30:01.328710+00:00
UC5iLPoX7jHrxhjg76eGMCLQ,1190000,False,2026-06-21T19:30:01.328715+00:00
UCIdHGogBsSnFENZMyH0FbyA,317000,False,2026-06-21T19:30:01.328720+00:00
UCz5X9oXlFrMnZF3j58CDVgA,305000,False,2026-06-21T19:30:01.328725+00:00
UCIljccFeDpFj5SmabJrXEzw,225000,False,2026-06-21T19:30:01.328731+00:00
UCId_V8QsdROCiyCWo8oUxkw,12500,False,2026-06-21T19:30:01.328736+00:00
UC-HtWWWFevZy2WSLWDQksgQ,61000,False,2026-06-21T19:30:01.328740+00:00
UCqqNehhz2b-jDnQ-PSNmLoQ,105000,False,2026-06-21T19:30:01.328746+00:00
UC5kLb9knpnjf1bv6hrMc42Q,45600,False,2026-06-21T19:30:01.328750+00:00
UCDgUAAHgsV2fFZQm2fIWBnA,6600000,False,2026-06-21T19:30:01.328756+00:00
UCvPA5InlbO2NCV8uFNMVBew,1520000,False,2026-06-21T19:30:01.328761+00:00
UCzw2KK537iRgsrYnWaEMs8Q,144000,False,2026-06-21T19:30:01.328765+00:00
UCqzmfJtdV4E7itdybS_Di6w,255000,False,2026-06-21T19:30:01.328770+00:00
UC9cD37sXfBNCQpz3vINa3TA,201000,False,2026-06-21T19:30:01.328775+00:00
UC2zM0ulWBixfvs9A-Mozr-Q,88600,False,2026-06-21T19:30:01.328780+00:00
UC5ruajhMHGygJUZ6rCpJ9iQ,511000,False,2026-06-21T19:30:01.328785+00:00
UCzOOOu7_fOcSqXOMzTTpOuw,296000,False,2026-06-21T19:30:01.328790+00:00
UC0pHUMEOtul5NlaT-Rt-34w,436000,False,2026-06-21T19:30:01.328795+00:00
UC99oQMKAPOHYVi4LHvGVZSA,769000,False,2026-06-21T19:30:01.328800+00:00
UCMsuwHzQPFMDtHaoR7_HDxg,984000,False,2026-06-21T19:30:01.328805+00:00
UC-4NAdFIP6h9BmtGUFL94Pg,4360000,False,2026-06-21T19:30:01.328810+00:00
UC-Fnix71vRP64WXeo0ikd0Q,5120000,False,2026-06-21T19:30:01.328815+00:00
UC9LOxIL5xd3_2FA6dPY15Qg,11000,False,2026-06-21T19:30:01.328821+00:00
UCqj_BJ9Zp4CB4OtYWARZSdw,86800,False,2026-06-21T19:30:01.328825+00:00
UC-APJUQWxnTJ3JR1EDUi1wQ,475000,False,2026-06-21T19:30:01.328830+00:00
UCJ64qOuF-buOt_b-A8GM8iQ,23100,False,2026-06-21T19:30:01.328835+00:00
UC-8Z9RmKDF6qEYeMekdC9DA,25900,False,2026-06-21T19:30:01.328841+00:00
UC30oq44rPcvhB_tXJkUiyog,63400,False,2026-06-21T19:30:01.328846+00:00
UCgXN8Xfo3HtrI7RHabObgKw,103000,False,2026-06-21T19:30:01.328850+00:00
UC-BuGM5xGth9UFgYGTbP3Zw,22700,False,2026-06-21T19:30:01.328855+00:00
UCvLxKceh8GeC1u-S1WUUAMQ,52600,False,2026-06-21T19:30:01.328861+00:00
UCRxAgfYexGLlu1WHGIMUDqw,5180000,False,2026-06-21T19:30:01.328866+00:00
UCIat_l-L9fXdmCcQp7Y1hiQ,35100,False,2026-06-21T19:30:01.328871+00:00
UCIgkOTlZiVUbqtiGBU4USeg,30800,False,2026-06-21T19:30:01.328876+00:00
UC-31Es0zqiSFHE7OTiA01Jw,16800,False,2026-06-21T19:30:01.328881+00:00
UC9Zbff5V28xPi8_knRIp2-A,98800,False,2026-06-21T19:30:01.367057+00:00
UCMYwZ2TyibUdz6QSjqjJvxA,414000,False,2026-06-21T19:30:01.367089+00:00
UC5l7m5x9bMEx6eb_6FTq1wQ,46400,False,2026-06-21T19:30:01.367096+00:00
UC5yCJS6UYczej73AZzlBRUA,153000,False,2026-06-21T19:30:01.367102+00:00
UCMJzMXTBAoUqh_K9V206dZg,84000,False,2026-06-21T19:30:01.367107+00:00
UC5h1sKIPpsRdK-8U-862OYw,4540,False,2026-06-21T19:30:01.367114+00:00
UCYZgduUxcRwoD2SAYplJgaQ,41000,False,2026-06-21T19:30:01.367119+00:00
UC3CBHAAwtaoHRQOI8vNGcwg,201000,False,2026-06-21T19:30:01.367124+00:00
UCuWxfXrwYVz-Yv7WVGl0bRA,269000,False,2026-06-21T19:30:01.367130+00:00
UCJ1xfhiJWSsdZaH9IstBImg,129000,False,2026-06-21T19:30:01.367136+00:00
UCSHzI-t58X8STwqjfSzp47w,304000,False,2026-06-21T19:30:01.367141+00:00
UCI8dCgv5cGNE1CQ3TmSWJOg,603000,False,2026-06-21T19:30:01.367146+00:00
UC635Xj-RNtvMDXpYBTOS7QA,49100,False,2026-06-21T19:30:01.367151+00:00
UC8zq4OPX7HUiJ-R_0r5OeZQ,28400,False,2026-06-21T19:30:01.367156+00:00
UC-KK_-m-w-Jr73bvbgQJSzQ,18700,False,2026-06-21T19:30:01.367160+00:00
UCI8bPz6RzZaqecz2mds4dww,274000,False,2026-06-21T19:30:01.367166+00:00
UCqDiOGM65_xyiXRA9s-1LGg,72800,False,2026-06-21T19:30:01.367171+00:00
UC9XtjurSt-vW3MFhxNEzYsA,262000,False,2026-06-21T19:30:01.367176+00:00
UCqNEOVhcKpfdzcp9VgNcm0A,816000,False,2026-06-21T19:30:01.367182+00:00
UCI9MZdto-yAxx-aT8lbcRKg,61800,False,2026-06-21T19:30:01.367188+00:00
UCbOl_T4XGuzGPzyo9vR2gkQ,5070,False,2026-06-21T19:30:01.367193+00:00
UCXculwkEfEcsU2pcEjGIryg,28200,False,2026-06-21T19:30:01.367199+00:00
UCYOK9UT2G_2k2ngLWzxPDcQ,220000,False,2026-06-21T19:30:01.367205+00:00
UCby9CkfDlY8SuFnanp5-l7Q,78000,False,2026-06-21T19:30:01.367211+00:00
UCg5n8A9Kmh_njWmSC7oUYtg,298000,False,2026-06-21T19:30:01.367217+00:00
UCSIpj2vu7Oyhf49EIUBOytQ,249000,False,2026-06-21T19:30:01.367223+00:00
UCDMQF-jsnhf8L0mPNOiuIqA,18200,False,2026-06-21T19:30:01.367228+00:00
UCgDa6dxD3jPElw6eCvL1T2g,82500,False,2026-06-21T19:30:01.367234+00:00
UCv5iVjD-tFfl04V4AB4XRYw,866000,False,2026-06-21T19:30:01.367239+00:00
UCNH2bTxzRd_2Cdoy4K7Ul6A,23000,False,2026-06-21T19:30:01.367245+00:00
UCDNNKXi2FpQa49x8HEuibjg,73600,False,2026-06-21T19:30:01.367250+00:00
UCg4nOl7_gtStrLwF0_xoV0A,5050000,False,2026-06-21T19:30:01.367257+00:00
UCRMTEL6NoI_dhIYMXQ8tpXg,18500,False,2026-06-21T19:30:01.367262+00:00
UCg-YeVzKWiA6Zlpm36-G04A,144000,False,2026-06-21T19:30:01.367268+00:00
UCDuhQ6l_EgLTInETqWbOFgA,85400,False,2026-06-21T19:30:01.367273+00:00
UCUzpZpX2wRYOk3J8QTFGxDg,1740000,False,2026-06-21T19:30:01.367278+00:00
UCDGm4PWxBV187HcoFse91Ew,118000,False,2026-06-21T19:30:01.367284+00:00
UC3D2Id9EjpEiU2eXHe-Izlg,217000,False,2026-06-21T19:30:01.367289+00:00
UC-LDo-K0bca_G1jl5yk5sFA,125000,False,2026-06-21T19:30:01.367294+00:00
UClXDG2vqjCRVMabih9JliBg,71200,False,2026-06-21T19:30:01.367299+00:00
UCJBFfNH7YvGNQry0vEjGRhQ,54900,False,2026-06-21T19:30:01.367305+00:00
UCgC-qcaEMpXL8KsWT3xBJ9A,37600,False,2026-06-21T19:30:01.367310+00:00
UCN9HPn2fq-NL8M5_kp4RWZQ,25000000,False,2026-06-21T19:30:01.367316+00:00
UCg5ZU7dFNu2pmCIBAoaIjAQ,1420000,False,2026-06-21T19:30:01.367321+00:00
UCqRV_ZIQhVKfxG1_WkNiRbg,607000,False,2026-06-21T19:30:01.367325+00:00
UCIDOHrFd4wl8P6pPyPKlG2A,865000,False,2026-06-21T19:30:01.367330+00:00
UCRKKJBr-GxgjWsiz7B5sR5w,33400,False,2026-06-21T19:30:01.367335+00:00
UCDqryKBRB_kh9XJs_uJ_Mtw,272000,False,2026-06-21T19:30:01.367340+00:00
UC0lxqpc2hANi2hjtUXiW8Qw,112000,False,2026-06-21T19:30:01.367346+00:00
UCJ6YL_7YDex0QbceIyKLJEg,134000,False,2026-06-21T19:30:01.367351+00:00
UC0elp2101KAxbaAMzInGerA,1330000,False,2026-06-21T19:30:01.406157+00:00
UCD0IBEnmsLLKLAAtwaH2aTA,144000,False,2026-06-21T19:30:01.406184+00:00
UC9x9tF22N8ghdZJdlb2H3hg,317000,False,2026-06-21T19:30:01.406192+00:00
UCz3r8UgzpDaDFXp55Nb-qAg,193000,False,2026-06-21T19:30:01.406198+00:00
UC8skVaZ15jKDS_dbwhQ_wog,12800,False,2026-06-21T19:30:01.406204+00:00
UC6DqUb5XSRqmq8X0YCv8Haw,30800,False,2026-06-21T19:30:01.406210+00:00
UC9wQC83chNQlCI737UMY5Fg,63100,False,2026-06-21T19:30:01.406215+00:00
UCuMpxl1lnsRosm_2SwKiHmw,35500,False,2026-06-21T19:30:01.406221+00:00
UC13ZBsTf5xPJTVi8DLOrUfQ,64800,False,2026-06-21T19:30:01.406227+00:00
UCJPEq-fDPYkJw_PHTv_zuiA,260000,False,2026-06-21T19:30:01.406232+00:00
UC5TLiFhywxadMYioq9rYihQ,444000,False,2026-06-21T19:30:01.406238+00:00
UC0iJ8CReKfQUKJHmHjhPmXQ,25100,False,2026-06-21T19:30:01.406243+00:00
UC-J6dgFIF8OFf70frRkS8HQ,9110,False,2026-06-21T19:30:01.406248+00:00
UC15k_5OYFByt5wM9ozG2sQg,26000,False,2026-06-21T19:30:01.406254+00:00
UCD7-Ocp4InwPKzwiq_U-Abg,1000000,False,2026-06-21T19:30:01.406260+00:00
UC2Y2xrhzvZnPDsDQ75MG1_w,68500,False,2026-06-21T19:30:01.406266+00:00
UC-U71b403ypwVxAvYeBaR4Q,104000,False,2026-06-21T19:30:01.406271+00:00
UCkMs-Zr9pGixbqm0mhO8J7g,649000,False,2026-06-21T19:30:01.406277+00:00
UCECygK59Zb5zkfPWyV4I5jQ,24800,False,2026-06-21T19:30:01.406282+00:00
UCcHB5qLiH6fUFdO8WMg0yZQ,77700,False,2026-06-21T19:30:01.406288+00:00
UC5bShQfuEBkzo4GQoQOB9TA,54500,False,2026-06-21T19:30:01.406294+00:00
UCh7IsMrygg8X4hEJe8mUcQw,519000,False,2026-06-21T19:30:01.406299+00:00
UCNPhYB4PmWN5Z5CH64mCypA,57300,False,2026-06-21T19:30:01.406305+00:00
UCvTUlYhJ6p_O0SpvNSyEgKQ,1050000,False,2026-06-21T19:30:01.406311+00:00
UCcKJu6bQDknBNM5J8T0qRxw,81600,False,2026-06-21T19:30:01.406316+00:00
UC5X_EosD9VyZYAHSYZ6fb8g,175000,False,2026-06-21T19:30:01.406322+00:00
UC0yOM-GVMLQTy6gDS0UZ1Pg,89200,False,2026-06-21T19:30:01.406327+00:00
UCM4ASMcSi4FQSPBcwZesEtQ,23900,False,2026-06-21T19:30:01.406333+00:00
UCh5mvJtIWycou5b8smpBuxA,393000,False,2026-06-21T19:30:01.406338+00:00
UC8mw3yrgLfoLntTQvkiFIkQ,68200,False,2026-06-21T19:30:01.406344+00:00
UCQnsCgHXnXR4y8fecFCJQcw,408000,False,2026-06-21T19:30:01.406349+00:00
UCJXHtPEdxJyn7TeIJ-1-5sQ,58900,False,2026-06-21T19:30:01.406355+00:00
UC0eYgQRvh_lbrD-VKQA_t6Q,46800,False,2026-06-21T19:30:01.406360+00:00
UCUu1RXivcsExBBDeD7vy3cg,291000,False,2026-06-21T19:30:01.406366+00:00
UC6HuxghfaXb2LQCY2OVx-wQ,13600,False,2026-06-21T19:30:01.406371+00:00
UC0yC436FBaQDOzuSq2imYlw,41100,False,2026-06-21T19:30:01.406376+00:00
UC19y8d6Nm2_tv8aa3vkrtaQ,429000,False,2026-06-21T19:30:01.406382+00:00
UCq0U14WighKpLM2c-AfcrfA,131000,False,2026-06-21T19:30:01.406387+00:00
UCr_d4N1amrUIlPEn-ZitFVw,10900,False,2026-06-21T19:30:01.406393+00:00
UCSOCLKLWET2cPyE0yk4P17g,283000,False,2026-06-21T19:30:01.406398+00:00
UCJJun4qpLbOhNT_uFqQwdWA,113000,False,2026-06-21T19:30:01.406404+00:00
UC6JAYArQIN-PnYP4KjRtF1A,172000,False,2026-06-21T19:30:01.406409+00:00
UC8w2K268lj4iFBieyIYV71Q,78700,False,2026-06-21T19:30:01.406415+00:00
UC5_XVLU_brtDnNSMoBHDHbA,45400,False,2026-06-21T19:30:01.406420+00:00
UC3EDIinQZS_Db8cft_sQ5FQ,256000,False,2026-06-21T19:30:01.406426+00:00
UC12RsAZe2Wmx5D9sCWesyNQ,80900,False,2026-06-21T19:30:01.406431+00:00
UCbL0KjqpRvCR8rkwqy1goKA,463000,False,2026-06-21T19:30:01.406437+00:00
UC2Z7UBL5mvNUvehH6ph4MNw,1110000,False,2026-06-21T19:30:01.406442+00:00
UC6JoXVNP6LzIB9Yh__eXWZA,17000,False,2026-06-21T19:30:01.406447+00:00
UCEG9NDMkhQPQ-RwiySbmeHQ,27400,False,2026-06-21T19:30:01.406453+00:00
UC-YuscBTW_-8VJkxPT-xSDQ,31300,False,2026-06-21T19:30:01.449904+00:00
UC116P3VfoGEmOhRNODetbOA,43700,False,2026-06-21T19:30:01.449925+00:00
UCJn961urNnQfyeXdyosOVpA,23900,False,2026-06-21T19:30:01.449930+00:00
UC9tsK0JJJJKW0zfHzkWhSfw,82500,False,2026-06-21T19:30:01.449933+00:00
UC8bE1G7fu7k9bW7EtqTP3Ng,20100,False,2026-06-21T19:30:01.449936+00:00
UCuC-nZ73zoq4JQt1KmgAotA,157000,False,2026-06-21T19:30:01.449940+00:00
UCHkxn-9n6Z3yQzg5fZgc0tA,475000,False,2026-06-21T19:30:01.449943+00:00
UCEb9L0v_-zwZcm6JSe8e5EQ,321000,False,2026-06-21T19:30:01.449946+00:00
UC6EWynzx1ox4NxA3OCSZnJA,96800,False,2026-06-21T19:30:01.449948+00:00
UCR1ZcZsEbE3ljf1nDKP0cAg,191000,False,2026-06-21T19:30:01.449951+00:00
UC1HdrNDAxCYgAZI8RKGtdSg,60300,False,2026-06-21T19:30:01.449954+00:00
UC8VmndA9EUe_G74uXE28NQg,6560,False,2026-06-21T19:30:01.449957+00:00
UCrXUsMBcfTVqwAS7DKg9C0Q,2060000,False,2026-06-21T19:30:01.449960+00:00
UC8_40d1XNuIZPXRzDhZz8MQ,43700,False,2026-06-21T19:30:01.449963+00:00
UChDx1Op-1LaynTaL2rOdwSw,330000,False,2026-06-21T19:30:01.449966+00:00
UC-VygzWMWKztwNQ4BQh2SjQ,5210,False,2026-06-21T19:30:01.449969+00:00
UCMACnIxXICldIyzgtp1blWw,28700,False,2026-06-21T19:30:01.449972+00:00
UC3MEHVxWH61MlRaJx1LQXbA,197000,False,2026-06-21T19:30:01.449974+00:00
UC8RtCkxfvHaC38ap-NpQssA,693000,False,2026-06-21T19:30:01.449977+00:00
UC1EDjct4lQ4lkFGhxQvUf1w,122000,False,2026-06-21T19:30:01.449981+00:00
UC8cG3p-cAIW6bSx5wvGeZ6g,9940,False,2026-06-21T19:30:01.449983+00:00
UC8YNeFa2xGP1WMKHmsgQPcw,24600,False,2026-06-21T19:30:01.449986+00:00
UCpqY7KjMnMZvSe74n3wYZTQ,522000,False,2026-06-21T19:30:01.449989+00:00
UC-RJloUzsh1DQWGVh0pcrkA,28600,False,2026-06-21T19:30:01.449992+00:00
UC6SUCSk-xgTLNv2tVnYSIcQ,3940,False,2026-06-21T19:30:01.449995+00:00
UCfQg4KKD0sq29KriXg_7SMw,282000,False,2026-06-21T19:30:01.450030+00:00
UCSk3CGdTwYxglyYZvtAEVnQ,139000,False,2026-06-21T19:30:01.450035+00:00
UC8TQaU343vBD6yqov5h-dWQ,69700,False,2026-06-21T19:30:01.450038+00:00
UC-V_W6rIRooNIHFJ-ha9MAA,2360,False,2026-06-21T19:30:01.450041+00:00
UCHdITyqujyX1I71eHZRApgg,192000,False,2026-06-21T19:30:01.450044+00:00
UCMFjwhzuUI49CGu0Z6Q3iQw,28400,False,2026-06-21T19:30:01.450047+00:00
UCA8Myo_LPwq-ED3QhKaSXJw,96800,False,2026-06-21T19:30:01.450050+00:00
UCcW8F31zX47k55Iuh8d-r8w,142000,False,2026-06-21T19:30:01.450053+00:00
UCJpcP-maoF0TZIQvB-1I8Ow,13200,False,2026-06-21T19:30:01.450056+00:00
UCSj94-e9pRHaY_p2LaGiniQ,537000,False,2026-06-21T19:30:01.450058+00:00
UCyb7Xc04p6HMNp7-e-gqk3A,84000,False,2026-06-21T19:30:01.450062+00:00
UCA0cuJmic8yuvd4jeJP56tw,171000,False,2026-06-21T19:30:01.450065+00:00
UCAC2bmK5igWGZ3VWyUfhrJQ,51600,False,2026-06-21T19:30:01.450068+00:00
UCM2jLrrXA11Ju4Xfo4sosmg,80100,False,2026-06-21T19:30:01.450071+00:00
UCSmgxWssl8L45O6JCYb5NQA,117000,False,2026-06-21T19:30:01.450074+00:00
UCA7z8DYFLXeh8nT64uN-82A,18600,False,2026-06-21T19:30:01.450076+00:00
UC17s95XZ2Eow-pB0AudhSeA,75100,False,2026-06-21T19:30:01.450080+00:00
UCM4FwhxLYLHlOSPnfxmxSQw,653000,False,2026-06-21T19:30:01.450082+00:00
UC-Z1TD10QN9CBtcyVYBkjSA,7700,False,2026-06-21T19:30:01.450085+00:00
UCEVY4jg0d1X-JIlSwUodtTQ,203000,False,2026-06-21T19:30:01.450088+00:00
UCA5fJq_6qUxHoN2NkQupCaQ,39800,False,2026-06-21T19:30:01.450091+00:00
UCypYz0HzH-2oL7mdP-JK2yQ,2270000,False,2026-06-21T19:30:01.450093+00:00
UCb4-om3UY151Hu1uCR8Q19Q,2440000,False,2026-06-21T19:30:01.450096+00:00
UC8ejARzApsxcwLvP6CSn0mg,57600,False,2026-06-21T19:30:01.450099+00:00
UC2NLcrj9ny8KnCnQpK9HKXQ,8150,False,2026-06-21T19:30:01.450102+00:00
UC1MxI2VxibHOHVmpzdvmZJQ,643000,False,2026-06-21T19:30:01.487369+00:00
UC1JblLAuGsgpxjQjROHfwzQ,536000,False,2026-06-21T19:30:01.487388+00:00
UCAIUchPdCmUvbRTuWWyY-NA,46600,False,2026-06-21T19:30:01.487394+00:00
UC3ecufGSv_-F8fmeLmvjz6A,64300,False,2026-06-21T19:30:01.487398+00:00
UCCeVBBMeBBnDhuHrPGpqkyA,324000,False,2026-06-21T19:30:01.487402+00:00
UCSuEQyscpAfDBWz6_HGU0eA,48400,False,2026-06-21T19:30:01.487406+00:00
UC8LaxjG_1edMnm6HninrFsg,230000,False,2026-06-21T19:30:01.487409+00:00
UCXE7B45KTRYX-I3XPFDnE4g,399000,False,2026-06-21T19:30:01.487413+00:00
UCCP_E80UuuLj0avFzN9vTPQ,55600,False,2026-06-21T19:30:01.487416+00:00
UCNzRuiDsoh8zZHGCQ9y-ywA,106000,False,2026-06-21T19:30:01.487420+00:00
UC2KyBoTSiW7XvRGw53sNvdQ,29000,False,2026-06-21T19:30:01.487423+00:00
UC58buGQNjsmGyiH2fCrWBCw,3410,False,2026-06-21T19:30:01.487427+00:00
UCfMIdADo6FQayQCOkLYGhrQ,437000,False,2026-06-21T19:30:01.487430+00:00
UC-aug4qxWTqQdgxkh1jgtpw,62300,False,2026-06-21T19:30:01.487434+00:00
UC6hqxl18LzBTgInEqSZ4uEg,13000,False,2026-06-21T19:30:01.487437+00:00
UCLuqpgqBqWga11QfalofG2A,26700,False,2026-06-21T19:30:01.487441+00:00
UC5CTV3JSdrlo5Pa42QkK8SA,916000,False,2026-06-21T19:30:01.487444+00:00
UC-bmHfXtwFnKyJ2uwRvuQiw,94100,False,2026-06-21T19:30:01.487448+00:00
UCChJ7RL6mr2lzHj_S1Y_eIA,1060000,False,2026-06-21T19:30:01.487451+00:00
UCX68fhZSprMneHhjYpWksdA,12400,False,2026-06-21T19:30:01.487455+00:00
UC8PA0QKA7gQxtooT3adBdiw,42900,False,2026-06-21T19:30:01.487459+00:00
UC0U2GG9WNndvt1wK41l9iqg,388000,False,2026-06-21T19:30:01.487462+00:00
UCHKMyQNcxS2gm5uTc88HpgQ,268000,False,2026-06-21T19:30:01.487466+00:00
UCNz9H-XvTBqsigRytWY3QaA,6760,False,2026-06-21T19:30:01.487469+00:00
UCQ_MqAw18jFTlBB-f8BP7dw,2660000,False,2026-06-21T19:30:01.487473+00:00
UCVz2fncv0yOsudjKKgGXqIA,78200,False,2026-06-21T19:30:01.487476+00:00
UC8MS8ai8oNJ07be_hsVAWyw,427000,False,2026-06-21T19:30:01.487480+00:00
UC1NtXVnJ-VffY4fCmI2tLxw,258000,False,2026-06-21T19:30:01.487483+00:00
UCX-ggPggfBsa9Y8gF0G2dvQ,7230,False,2026-06-21T19:30:01.487490+00:00
UCk769Z_Mwz_TYiHLmgA247g,380000,False,2026-06-21T19:30:01.487494+00:00
UCUagoom4F5BBCfjSpYw-SLg,71400,False,2026-06-21T19:30:01.487497+00:00
UC-e9-vYGGXTeKynjhteqZWw,122000,False,2026-06-21T19:30:01.487501+00:00
UC3iLusLK2meeAaswRlxNjdw,27800,False,2026-06-21T19:30:01.487504+00:00
UCQSDReqhok8U5mb4cc77wdQ,45200,False,2026-06-21T19:30:01.487508+00:00
UCHLaNfUVnQZtAR2N5i0uYqg,28900,False,2026-06-21T19:30:01.487511+00:00
UCVtQlPRs85kjnWt8wvMLcfQ,52200,False,2026-06-21T19:30:01.487516+00:00
UCX65aRSQMMpgcVH4dlirwAA,90600,False,2026-06-21T19:30:01.487519+00:00
UC8J8KLLn74Iku7onNa16LzQ,13200,False,2026-06-21T19:30:01.487523+00:00
UC3_3jxzwvz8_6fZ3dglQJ0g,33600,False,2026-06-21T19:30:01.487526+00:00
UCmWVwb1NqEe1PuVf199ii-w,726000,False,2026-06-21T19:30:01.487529+00:00
UC3i7EDSiTalpUh81RUNuxFQ,32100,False,2026-06-21T19:30:01.487533+00:00
UCHSB712SMXG9H60FLXfCTdg,92600,False,2026-06-21T19:30:01.487536+00:00
UCpOjLndjOqMoffA-fr8cbKA,4030000,False,2026-06-21T19:30:01.487540+00:00
UCO92Lqt-eS2O3T2pPQmWyeQ,13000,False,2026-06-21T19:30:01.487543+00:00
UCK6AthYumV0TO49a6fQ-gSg,232000,False,2026-06-21T19:30:01.487547+00:00
UC2PSewd-r11tmn1sZc3TiBQ,22800,False,2026-06-21T19:30:01.487550+00:00
UC1HkjsJ0Ttu7vd5mhbJgd9g,31300,False,2026-06-21T19:30:01.487554+00:00
UCAL3JXZSzSm8AlZyD3nQdBA,11000000,False,2026-06-21T19:30:01.487557+00:00
UCH9YK4B72yMjRPsVgx-EXxw,47800,False,2026-06-21T19:30:01.487561+00:00
UC1J7Kx06xlz0Ed4Z7dT3I6g,128000,False,2026-06-21T19:30:01.487564+00:00
UC0U3SshJ2N0T8Lewn8Kwx1g,32200,False,2026-06-21T19:30:01.526393+00:00
UC0U408SFijimaTqkgvNYmMw,26400,False,2026-06-21T19:30:01.526420+00:00
UC5BMQOsAB8hKUyHu9KI6yig,20500000,False,2026-06-21T19:30:01.526428+00:00
UC53enbRbZACHdAfbLq6AQ_Q,221000,False,2026-06-21T19:30:01.526433+00:00
UC8CaMvVNKdPq1_RYrkxkf1A,260000,False,2026-06-21T19:30:01.526438+00:00
UC3l3c-rtg0Pvgbvu9JrFULw,1150000,False,2026-06-21T19:30:01.526443+00:00
UC0P2khjAMqd-FGkZmpVk1dA,9930,False,2026-06-21T19:30:01.526449+00:00
UCJvgZCU2cPU8OuEg94mZ_1w,17100,False,2026-06-21T19:30:01.526454+00:00
UCCLJicEOjjzQftcy6ICtbgA,78900,False,2026-06-21T19:30:01.526459+00:00
UCLXRvdWoSRxMniZw5OvC7xg,141000,False,2026-06-21T19:30:01.526464+00:00
UC0SG0ourp3Qrt_7bqgxdCeg,19900,False,2026-06-21T19:30:01.526470+00:00
UCwTk9STAIznJprH-jrzcqgw,561000,False,2026-06-21T19:30:01.526475+00:00
UCesnVnIDZYCYGUrh7x5m-jQ,6550,False,2026-06-21T19:30:01.526480+00:00
UCxyzciBLt1Hyw06dlqwAIkw,1470000,False,2026-06-21T19:30:01.526486+00:00
UCwT4OVvxdFOw74PinaSR6rg,303000,False,2026-06-21T19:30:01.526492+00:00
UCK90sYfYejlHEYlqRCRxxPg,26400,False,2026-06-21T19:30:01.526497+00:00
UC53z0ag3b8XtKNux__WcX2A,173000,False,2026-06-21T19:30:01.526503+00:00
UC6eCFcJpPFNP_P6Y0bKHqKg,15300,False,2026-06-21T19:30:01.526508+00:00
UCn0xiftO38r3MIDFgum3nnA,95200,False,2026-06-21T19:30:01.526513+00:00
UC53d1sJKJ8wt2hPqN2sv25g,55600,False,2026-06-21T19:30:01.526520+00:00
UC4v4zuLLSGUTnr8YG2SYBjw,92700,False,2026-06-21T19:30:01.526525+00:00
UC3sxk9gzpiqhlIdgsOGIULw,20800,False,2026-06-21T19:30:01.526536+00:00
UCf7REsLnT2NeLVYj_4YaIRA,66600,False,2026-06-21T19:30:01.526541+00:00
UC5-lOB3_zMkjr2ji8sYBfvg,61100,False,2026-06-21T19:30:01.526546+00:00
UCmYEubebECNJoRvIBS2rs4g,350000,False,2026-06-21T19:30:01.526551+00:00
UC0R6UO7KdbteolkybHkrWVg,51000,False,2026-06-21T19:30:01.526557+00:00
UC-ggcrnvqCQls7Us_7vnrCg,38900,False,2026-06-21T19:30:01.526562+00:00
UCKD6_e66bPY4LOcQr9hj_lA,19200,False,2026-06-21T19:30:01.526567+00:00
UCT0O8XbNB-uO8ynGEOVURzg,26700,False,2026-06-21T19:30:01.526573+00:00
UC3qI2t2Oq8Xeoc46A08PKig,214000,False,2026-06-21T19:30:01.526578+00:00
UCaL53b6DHcs7RWIX5TofZ1g,85200,False,2026-06-21T19:30:01.526583+00:00
UCZ7q0kqRSoxf2AYIvmKo71g,204000,False,2026-06-21T19:30:01.526588+00:00
UC8-Th83bH_thdKZDJCrn88g,34000000,False,2026-06-21T19:30:01.526593+00:00
UCewKW8SfYqnAZAXeghk9IvA,245000,False,2026-06-21T19:30:01.526598+00:00
UCLpPzUsiU61Z5vXj0DkfRUQ,210000,False,2026-06-21T19:30:01.526603+00:00
UCZMRuagdTBKmmrFtSMN48Xw,1840000,False,2026-06-21T19:30:01.526608+00:00
UC54q_sWdwf16WAPqIAcnUZQ,94900,False,2026-06-21T19:30:01.526613+00:00
UCaLdUVhPXB3G-WV_h62jqRA,326000,False,2026-06-21T19:30:01.526618+00:00
UCEplowqLgI_FXKgQUcSGGCQ,14500,False,2026-06-21T19:30:01.526623+00:00
UC1Q-QHjKod7chfFLwYqpn3w,122000,False,2026-06-21T19:30:01.526628+00:00
UCZ9tZtnikvmLNXHPuSr3L5A,40100,False,2026-06-21T19:30:01.526633+00:00
UCtrniVfwgTGHkGMqj43raWw,22800,False,2026-06-21T19:30:01.526638+00:00
UCZVEJKuSM_xu3Y4El0p1Wyg,12100,False,2026-06-21T19:30:01.526643+00:00
UCLdlzwZmnvqknrFeF0VXAFg,45600,False,2026-06-21T19:30:01.526648+00:00
UCZSso0ls5SDHohsHjawvsYQ,242000,False,2026-06-21T19:30:01.526654+00:00
UCAREgs9I7YDdDSOJG7RR-5A,164000,False,2026-06-21T19:30:01.526659+00:00
UCWpk9PSGHoJW1hZT4egxTNQ,18300000,False,2026-06-21T19:30:01.526663+00:00
UCAaThwhgEMfisl0GMsd4SIg,406000,False,2026-06-21T19:30:01.526669+00:00
UCs6ytcyNPX66WCcbLcWAh7g,798000,False,2026-06-21T19:30:01.526674+00:00
UCLd_KPUX_yai_rXMaC90mrA,131000,False,2026-06-21T19:30:01.526679+00:00
UC7xq9KOVlkSSwwvTCiW6Pcw,98800,False,2026-06-21T19:30:01.570911+00:00
UCAmdG83hIqRQfwLaNQS7H2w,13700,False,2026-06-21T19:30:01.570937+00:00
UCjbYZnTrx4K1kB-taFQ0grQ,88200,False,2026-06-21T19:30:01.570944+00:00
UCZZor-8vAs36TUcfdhim2Aw,98100,False,2026-06-21T19:30:01.570949+00:00
UCZb4ByZYYOyyW4NwDi2qO3Q,87200,False,2026-06-21T19:30:01.570954+00:00
UC21H2527F_9Hr57Ce28VNNg,260000,False,2026-06-21T19:30:01.570961+00:00
UCF6LVDyQHr6oa6tB1u4OcHg,380000,False,2026-06-21T19:30:01.570966+00:00
UC41E63p3_uqTKoaJkQJvfMg,123000,False,2026-06-21T19:30:01.570971+00:00
UC7nKJWglHMy-dO8dqEabRIQ,84500,False,2026-06-21T19:30:01.570975+00:00
UCiF2j4FUWiWzBo_rhpfFVOA,451000,False,2026-06-21T19:30:01.570980+00:00
UCFCHKsT1ZY2aLUAbWW1lJGA,435000,False,2026-06-21T19:30:01.570985+00:00
UCdGF4VotWpLw6e76ForUeeQ,26600,False,2026-06-21T19:30:01.570990+00:00
UC23GRd-qpGILX9pLti5UVbg,170000,False,2026-06-21T19:30:01.570995+00:00
UCAtsBLGaQczlp-xNLacCi9Q,62900,False,2026-06-21T19:30:01.571033+00:00
UC6sBGA0-ZWTG746AopMdaWg,257000,False,2026-06-21T19:30:01.571039+00:00
UC6qsaQ7P9sM_b_Uxt7Eqsyg,62900,False,2026-06-21T19:30:01.571045+00:00
UCLhgIX2L5ZCaWdlaxR_oTAg,981000,False,2026-06-21T19:30:01.571051+00:00
UCF2Kl5aL-_vcwaNhUf7YqbA,63500,False,2026-06-21T19:30:01.571056+00:00
UCCD76tKlE45u1YTX0cVh1OQ,259000,False,2026-06-21T19:30:01.571061+00:00
UC4gc6Qc-d0rTC-FsL0tZiKw,200000,False,2026-06-21T19:30:01.571067+00:00
UC-opZ_LtdBgD0nqCo06Uxiw,45400,False,2026-06-21T19:30:01.571072+00:00
UC7w0EcsocUo6VEN7XvLj25Q,14400,False,2026-06-21T19:30:01.571077+00:00
UC7xs32H9wVTlR_7cprrKwQA,335000,False,2026-06-21T19:30:01.571082+00:00
UCAmX4-xOCziCUAXPBu39NEQ,234000,False,2026-06-21T19:30:01.571087+00:00
UCjIskCYmxTPpRUokyXoN9nA,545000,False,2026-06-21T19:30:01.571092+00:00
UCjWqWeeVxpb-XjEvQzJqzvw,143000,False,2026-06-21T19:30:01.571097+00:00
UC1OR2YNQLZJYFdQjFrPWvVw,8280000,False,2026-06-21T19:30:01.571102+00:00
UCAtDg_mnvPE7BLkCTuce47g,433000,False,2026-06-21T19:30:01.571107+00:00
UCWxng9kI-8FtFCxl8wWQxAQ,79100,False,2026-06-21T19:30:01.571113+00:00
UCF12AuT-beSk-61H8sxA0vw,200000,False,2026-06-21T19:30:01.571118+00:00
UC1SvfAFIkNrLvz17isUO6sg,10800,False,2026-06-21T19:30:01.571124+00:00
UC7tRKHQSqaTZjUd1CXp0_uQ,59200,False,2026-06-21T19:30:01.571129+00:00
UCAnrH6qdmJ7RyY-pAXxpWZQ,30300,False,2026-06-21T19:30:01.571135+00:00
UCKZRL75vTjqbgd0WVdqF3Qg,2020000,False,2026-06-21T19:30:01.571140+00:00
UCQ3DjDdFpSMMoPLDc2kLLWA,109000,False,2026-06-21T19:30:01.571145+00:00
UCKSVUHI9rbbkXhvAXK-2uxA,22100000,False,2026-06-21T19:30:01.571151+00:00
UC0K6AgNQ19dBjzOZkY-ySyQ,155000,False,2026-06-21T19:30:01.571157+00:00
UCFK3fHMtygtW5DArziCzfsQ,305000,False,2026-06-21T19:30:01.571162+00:00
UCaRu8-IqX4xN7hbb9a6zYZg,42000,False,2026-06-21T19:30:01.571167+00:00
UCGqLMpNjiw5TZJH6CoQ5oIQ,101000,False,2026-06-21T19:30:01.571172+00:00
UC7nw5Icr8rsIZAglM2DR9TA,25400,False,2026-06-21T19:30:01.571177+00:00
UCAm5dAu8JKiZ8yW2rK3sjcg,72400,False,2026-06-21T19:30:01.571181+00:00
UCAsw-OdBJmgIsqNbHZXSNlg,1020000,False,2026-06-21T19:30:01.571186+00:00
UCnJTouvsHk82LnIdrRYTP7g,71200,False,2026-06-21T19:30:01.571191+00:00
UCTHQRDOuwAx6A1xISmQPERQ,141000,False,2026-06-21T19:30:01.571196+00:00
UCGhS7L-vGtxssIJwdhMtSvg,31700,False,2026-06-21T19:30:01.571202+00:00
UCQ748_HXXwK7Mk0zpvqHd6Q,329000,False,2026-06-21T19:30:01.571211+00:00
UCdRd_e2dhzfnHstI7MfIjIw,440000,False,2026-06-21T19:30:01.571216+00:00
UCC-14oOlJqtME7UywftsSpQ,1060000,False,2026-06-21T19:30:01.571221+00:00
UCj_FeZwGbUR3_bqsCJlxZAw,30300,False,2026-06-21T19:30:01.571226+00:00
UCFTVNLC7ysej-sD5lkLqNGA,5160000,False,2026-06-21T19:30:01.608982+00:00
UC-ve2Yj6RmgF5LKQic7Pe5w,63600,False,2026-06-21T19:30:01.609031+00:00
UCdXpp9eTLF-2DDmCmX32oNA,82300,False,2026-06-21T19:30:01.609038+00:00
UCBw5UGXnygjDQRoGfl8HaDQ,207000,False,2026-06-21T19:30:01.609041+00:00
UC4ZsTSzZ8MwYuLgm3Mjj4pw,12600,False,2026-06-21T19:30:01.609045+00:00
UC24T2Vj2uSukiOwWcpG_9fA,575000,False,2026-06-21T19:30:01.609048+00:00
UCeTVoczn9NOZA9blls3YgUg,8690000,False,2026-06-21T19:30:01.609051+00:00
UCOpNcN46UbXVtpKMrmU4Abg,91900000,False,2026-06-21T19:30:01.609054+00:00
UCKizjbFJr_vio1aac7PF3wA,196000,False,2026-06-21T19:30:01.609057+00:00
UCiO2FK7d1zaQIArv6pIXA3w,63200,False,2026-06-21T19:30:01.609059+00:00
UCOfkoZLzShPsJmfn-qvZsiA,17300,False,2026-06-21T19:30:01.609062+00:00
UCGS1dnvPH4zyyZZ2JjS22cg,26300,False,2026-06-21T19:30:01.609065+00:00
UCKakiQJq-vssMy6P47TyBuA,23800,False,2026-06-21T19:30:01.609068+00:00
UCB2I462xfqMZYF5thdNUFUg,1690000,False,2026-06-21T19:30:01.609071+00:00
UCBE7DY2nmNZNsbJc6PWlLvA,37000,False,2026-06-21T19:30:01.609073+00:00
UCtMcFmuTmrXpdTAMnr25xdA,194000,False,2026-06-21T19:30:01.609076+00:00
UC769Tsb4Sotyu3XfJ_bWJ7w,32100,False,2026-06-21T19:30:01.609079+00:00
UC0LHhyNIIh5L2WXu1aAK40w,53300,False,2026-06-21T19:30:01.609082+00:00
UCKjAIKhPJEzxkzD9cSOX9_A,37200,False,2026-06-21T19:30:01.609085+00:00
UCoZHLVdqn3GXvVtMuooK4FA,104000,False,2026-06-21T19:30:01.609088+00:00
UCGaY4m96OF5wzITtPmokOPQ,68700,False,2026-06-21T19:30:01.609091+00:00
UCB5jmwIGFHW64BIBoGe5Vlg,70400,False,2026-06-21T19:30:01.609094+00:00
UCU5yxbI6JKh1tAiJEI5f5fQ,543000,False,2026-06-21T19:30:01.609097+00:00
UCWRzohBLiN12LF_7YHxNueg,95700,False,2026-06-21T19:30:01.609101+00:00
UCeUfv_-CzRphpruWg21QQmQ,290000,False,2026-06-21T19:30:01.609103+00:00
UCWHo7lkn89lXJrvZohpz-vg,108000,False,2026-06-21T19:30:01.609106+00:00
UC7A4X1pT3k-Ax8i4A1EuiXA,101000,False,2026-06-21T19:30:01.609109+00:00
UCPj71SrfjYPMB-f6Sp69y9g,85600,False,2026-06-21T19:30:01.609112+00:00
UCKeB3X0Akxxo3VfG46D_Dfg,530000,False,2026-06-21T19:30:01.609115+00:00
UCTZpERPdLbFRub16fCLXvPQ,38100,False,2026-06-21T19:30:01.609117+00:00
UCPzbip_P0vfYwJcAaERu3Pw,378000,False,2026-06-21T19:30:01.609120+00:00
UCtH73krTrRqmEKabaq4UPug,35900,False,2026-06-21T19:30:01.609123+00:00
UCPtSGD8iVE5k6l1vs9FbhYA,256000,False,2026-06-21T19:30:01.609126+00:00
UC75NfjEdgZ3BvqJ2ssCyHdg,1470000,False,2026-06-21T19:30:01.609129+00:00
UCKa1VlSq1WwdSQWv4JFdgxg,407000,False,2026-06-21T19:30:01.609132+00:00
UC24_sB2euW3ijBYkOpI-02A,376000,False,2026-06-21T19:30:01.609135+00:00
UC-tvirGhzgW0COFrpUiciqg,124000,False,2026-06-21T19:30:01.609138+00:00
UC23wOTsr0ZZrZoyU2jWk6Kw,14400000,False,2026-06-21T19:30:01.609140+00:00
UCBwS3VQhJVG4EBkGMWZ9jjQ,143000,False,2026-06-21T19:30:01.609143+00:00
UCLE5fDDmenoz83BJIvox39A,863000,False,2026-06-21T19:30:01.609146+00:00
UCWisfssBn282KUGgkmxgkwA,441000,False,2026-06-21T19:30:01.609149+00:00
UCWflV-k7vf1FEhUIv5hpJLA,57500,False,2026-06-21T19:30:01.609152+00:00
UC-tjELSB12C9j8Vu5XJLwNA,25500,False,2026-06-21T19:30:01.609154+00:00
UCxW8eO79brdkeqwTvO09sBg,169000,False,2026-06-21T19:30:01.609157+00:00
UCGUffPNvlvnRPzr2HYsUN4Q,86500,False,2026-06-21T19:30:01.609160+00:00
UCBthdtZvyzJe6YPA9NUJdIA,262000,False,2026-06-21T19:30:01.609163+00:00
UC4BdqBRtJXpOGJg2KCzQmvg,397000,False,2026-06-21T19:30:01.609166+00:00
UC1b_S6pKoB6BQayFYHBgYQA,137000,False,2026-06-21T19:30:01.609168+00:00
UC6yGnAGKlVAo2uWwKNVa1AA,19900,False,2026-06-21T19:30:01.609171+00:00
UCOhe6qFb96OZorhMnzJOlJQ,622000,False,2026-06-21T19:30:01.609174+00:00
UC_SI1j1d8vJo_rYMV5o_dRg,4010000,False,2026-06-21T19:30:01.651418+00:00
UCFk1IC8Iuv49bqCsZVTGGbg,99800,False,2026-06-21T19:30:01.651443+00:00
UCGFY-jy0n0h3KRFdT9m8lDw,43700,False,2026-06-21T19:30:01.651447+00:00
UCBs6NiqRhYtjY7aoBqXnHVg,3010,False,2026-06-21T19:30:01.651450+00:00
UCG5otzNY4N0hMUTVETyG9oQ,90500,False,2026-06-21T19:30:01.651453+00:00
UC1u2xTgQlswh8-rRekyZeRA,137000,False,2026-06-21T19:30:01.651457+00:00
UCPS2jG_py4joA46nqIS627w,17500,False,2026-06-21T19:30:01.651460+00:00
UC1fCwOqLbh7EybsBLhVOu1w,58700,False,2026-06-21T19:30:01.651463+00:00
UCidQ51J5ysCWeGBnLuNvnhQ,326000,False,2026-06-21T19:30:01.651466+00:00
UC7NbW-dFkECwYX9YAWrPSmg,11200,False,2026-06-21T19:30:01.651469+00:00
UCBGx3CFw0jQLi2_K0QyB_cQ,280000,False,2026-06-21T19:30:01.651472+00:00
UCGIioIDJyQXfQVcrimZSmlw,86100,False,2026-06-21T19:30:01.651475+00:00
UCGOBnB3TPDPLpPhOHnz1FCQ,92200,False,2026-06-21T19:30:01.651478+00:00
UC7WTGZV5NNPCLJH9wc8e0xQ,71500,False,2026-06-21T19:30:01.651481+00:00
UC0AFpKRYgpcsr0zLFUE6hlg,33200,False,2026-06-21T19:30:01.651484+00:00
UCBqYATdJmopNqNWvNN0C-Ig,348000,False,2026-06-21T19:30:01.651487+00:00
UCFzoVMKtzzzWs8P4x0fEv7g,293000,False,2026-06-21T19:30:01.651489+00:00
UC7B1x83eHNvg5vxJfRwcU7g,7560,False,2026-06-21T19:30:01.651492+00:00
UC4VqIY1x5e3J9GDlY0mLVrw,20100,False,2026-06-21T19:30:01.651495+00:00
UC4ZBlcSK0j_SrNxNMCv_qEg,174000,False,2026-06-21T19:30:01.651499+00:00
UCBo1hnzxV9rz3WVsv__Rn1g,19900000,False,2026-06-21T19:30:01.651502+00:00
UCBls5vQWbi3iedkMy5Pv3GQ,238000,False,2026-06-21T19:30:01.651505+00:00
UCGLqMVbKC4bqxV1wjjeLerQ,236000,False,2026-06-21T19:30:01.651508+00:00
UCxMLTQETeHIB2WGuTOG5wJA,1350000,False,2026-06-21T19:30:01.651511+00:00
UCnf0vxeJnEdTHVc4AXMUIlA,65900,False,2026-06-21T19:30:01.651514+00:00
UC1pl44-S8XZAoh37-KNt14A,54400,False,2026-06-21T19:30:01.651517+00:00
UCngHbCZ0Ljlik3rF-Zmqk9g,217000,False,2026-06-21T19:30:01.651520+00:00
UC4Yz4Lt1Qurf8AGJglP2_kA,335000,False,2026-06-21T19:30:01.651522+00:00
UC7UmLmEh9zQW-YV2wCHHJNw,1560000,False,2026-06-21T19:30:01.651525+00:00
UCnzFITggW6lJkeUjwiRtzSQ,20000,False,2026-06-21T19:30:01.651528+00:00
UCGKJji-pqMncESVEZI6Py1w,29200,False,2026-06-21T19:30:01.651531+00:00
UC02s8Qvi4R9sKkARv_H5WGg,74300,False,2026-06-21T19:30:01.651534+00:00
UC1uLU_Ei6KTMddEwuCRgrwg,89100,False,2026-06-21T19:30:01.651537+00:00
UCLHTn2UQNUpSheL816CNa7w,1030000,False,2026-06-21T19:30:01.651540+00:00
UCG4LL-6G4Gp5InDUJElVSbQ,21000,False,2026-06-21T19:30:01.651543+00:00
UCLIKDEuqzq0A6OBdcHKdoiw,155000,False,2026-06-21T19:30:01.651546+00:00
UC0AH-xo5ttx9PCEol_M1Myg,28200,False,2026-06-21T19:30:01.651549+00:00
UCKxaSXc3Bq5iHjkjUZ9zsCg,179000,False,2026-06-21T19:30:01.651551+00:00
UCTRI9gzaa4xp1vBWBJf0VXg,145000,False,2026-06-21T19:30:01.651554+00:00
UCGDuVIr59I8I98ROzD3QZEQ,121000,False,2026-06-21T19:30:01.651557+00:00
UCFzu6uRIhGYwyTAbXfDcYmA,211000,False,2026-06-21T19:30:01.651560+00:00
UCBk2QUDHc7JVBtHw3fXquVA,2930,False,2026-06-21T19:30:01.651563+00:00
UCxEmFmH34s5QCmOMaJKEBMw,16600,False,2026-06-21T19:30:01.651565+00:00
UCFhVlDgJ8QU5IBvll6FDRfA,120000,False,2026-06-21T19:30:01.651568+00:00
UC7_B1Zw6Cq5YjJRbykSXclw,320000,False,2026-06-21T19:30:01.651571+00:00
UCBt2v8ieZMfllVYx3pdNccA,121000,False,2026-06-21T19:30:01.651574+00:00
UCP_L-9a-UvvZdCq1VUgU8pA,15500,False,2026-06-21T19:30:01.651577+00:00
UCZt9ef5mduqqWWlYjanvNvQ,106000,False,2026-06-21T19:30:01.651579+00:00
UCPL_LYCwWbzW6f3s9qAE7fw,825000,False,2026-06-21T19:30:01.651582+00:00
UCFnGLUEKqdb1lVnDSXf2feA,56300,False,2026-06-21T19:30:01.651585+00:00
UC1nznQzS-aHtUaICqGy-4cg,85800,False,2026-06-21T19:30:01.688650+00:00
UCx0L_9JBGBJOOjTneSTCTAw,95500,False,2026-06-21T19:30:01.688677+00:00
UCBSG65p0ojOJ8EodxnUNd3A,344000,False,2026-06-21T19:30:01.688684+00:00
UC0-8T95B-JheVF3-I3Yeeew,241000,False,2026-06-21T19:30:01.688690+00:00
UCRYy8uVgWHUhXBkEd5JLCpQ,208000,False,2026-06-21T19:30:01.688695+00:00
UC1qeDvnf0kBWfpK3Cxv53kA,673000,False,2026-06-21T19:30:01.688701+00:00
UC5qT3ti_InvGxnmDAP_xyrA,152000,False,2026-06-21T19:30:01.688707+00:00
UC1m694k0A33QAnADuKcvR3w,237000,False,2026-06-21T19:30:01.688712+00:00
UCFwasHbQgjebi-KFAUTbb6w,40200,False,2026-06-21T19:30:01.688717+00:00
UCqx5zEgUZMtMtkIPuARq9mw,220000,False,2026-06-21T19:30:01.688723+00:00
UC0-Cp_cg9_Orij5XDoNyJ-g,337000,False,2026-06-21T19:30:01.688729+00:00
UCbdRGH4i8LjcA1if1hXXo6A,528000,False,2026-06-21T19:30:01.688734+00:00
UCP5ruIqWrYSKrFqkR4my_oQ,54400,False,2026-06-21T19:30:01.688740+00:00
UC-ASnhD1JXr-AISPr0tv_OA,519000,False,2026-06-21T19:30:01.688745+00:00
UCRXiA3h1no_PFkb1JCP0yMA,16600000,False,2026-06-21T19:30:01.688750+00:00
UCzZSnddt3xTL0V-ELJaMUFw,245000,False,2026-06-21T19:30:01.688756+00:00
UCFqW71Y8COixkdzgfs-EIlg,39300,False,2026-06-21T19:30:01.688761+00:00
UC5oiQZtfUhUuX4o8J6v-_ig,138000,False,2026-06-21T19:30:01.688766+00:00
UCIe2pR6PE0dae9BunJ38F7w,5380000,False,2026-06-21T19:30:01.688772+00:00
UC4OsXFBS4lsUjlZ0-5PK_2Q,77600,False,2026-06-21T19:30:01.688778+00:00
UC1mzmtmzRUb4_IybHZx041A,53300,False,2026-06-21T19:30:01.688783+00:00
UCBYFb5Tynk3s7sy4KI8iJ8w,107000,False,2026-06-21T19:30:01.688789+00:00
UCMuoO88ISOG70XyI_1QhT1g,103000,False,2026-06-21T19:30:01.688794+00:00
UCRnS6RU9FWK_Tn8eV747_2A,42400,False,2026-06-21T19:30:01.688800+00:00
UC4S7FmJAcEJ_JubmjarL8kw,148000,False,2026-06-21T19:30:01.688805+00:00
UC2vnK-QoXQrl1LVTNFDfUaQ,253000,False,2026-06-21T19:30:01.688811+00:00
UCBbtQP8XYk44e00Jix3_bIw,61200,False,2026-06-21T19:30:01.688816+00:00
UC-2uqKWcAteAt_OTYRow3-g,236000,False,2026-06-21T19:30:01.688821+00:00
UC9954C4qPvi-_FIb1Fr1KQg,116000,False,2026-06-21T19:30:01.688826+00:00
UCvOa5n0_wYjcbZBDOLehnlA,363000,False,2026-06-21T19:30:01.688832+00:00
UC7Ho3ybxDD6TkQ-aPyZW8YA,11400,False,2026-06-21T19:30:01.688837+00:00
UCDV545x0n25UbV5vslyxohA,151000,False,2026-06-21T19:30:01.688843+00:00
UCPHjpfnnGklkRBBTd0k6aHg,21500000,False,2026-06-21T19:30:01.688848+00:00
UCnr4Yy7vET4EqP7q9aelR1w,113000,False,2026-06-21T19:30:01.688854+00:00
UCRjur39QmTZsl4BwL6tMtjA,307000,False,2026-06-21T19:30:01.688859+00:00
UCBcNfKDlc6e2iQd7Cy_bNpA,46300,False,2026-06-21T19:30:01.688864+00:00
UCWTZp5m-BPmG7FXng0bmP_g,44700,False,2026-06-21T19:30:01.688870+00:00
UCJ4lO0XnbY2_Ow3jRYwTLqQ,36300,False,2026-06-21T19:30:01.688875+00:00
UCBjXp3donmYubu6EEzT58Dw,33900,False,2026-06-21T19:30:01.688880+00:00
UC1l7wYrva1qCH-wgqcHaaRg,27800000,False,2026-06-21T19:30:01.688886+00:00
UCG-26O8zWr9zZCmkuPTa62A,289000,False,2026-06-21T19:30:01.688892+00:00
UC4O3fJcZwcfE2_mt-N3zCDA,3600,False,2026-06-21T19:30:01.688897+00:00
UCB_Z6rBg3WW3NL4-QimhC2A,3640000,False,2026-06-21T19:30:01.688903+00:00
UC9TSfpyxg_-3jG-eqDI2_RQ,439000,False,2026-06-21T19:30:01.688909+00:00
UCzSv6sVefOtbl2GUFwP3OAg,34800,False,2026-06-21T19:30:01.688921+00:00
UC-1nyHi2btOf7d40VJrPl_A,187000,False,2026-06-21T19:30:01.688927+00:00
UCB_iQAgjZ3HNj_1RBiHS1Rw,8510,False,2026-06-21T19:30:01.688929+00:00
UCv1V4YPVzHk2s7toYhIorbA,45900,False,2026-06-21T19:30:01.688932+00:00
UC2rjL91-uGD8tID-LG1Vezg,223000,False,2026-06-21T19:30:01.688935+00:00
UC96wny86zC-UVnX3A-ysB5w,197000,False,2026-06-21T19:30:01.688938+00:00
UC5utdILsj2woHXf6Z9rIcUA,53100,False,2026-06-21T19:30:01.728671+00:00
UC5uuiauBgK4Jpjeud0vr5_Q,3940,False,2026-06-21T19:30:01.728698+00:00
UC-Gu3F7CjVvTW-AZffmWFhQ,18700,False,2026-06-21T19:30:01.728704+00:00
UCG89lOGERPtdfw26C2bhC6Q,211000,False,2026-06-21T19:30:01.728709+00:00
UCTzHnp4cz-ltphiQm8upUjw,98100,False,2026-06-21T19:30:01.728713+00:00
UCG-yajz0idIJdQMU1FRuFcg,6800,False,2026-06-21T19:30:01.728719+00:00
UCL-3q9TKxXvmlIntj4BQhwg,936000,False,2026-06-21T19:30:01.728725+00:00
UCz6YaiB1zO-MQjWe5XMuJeQ,113000,False,2026-06-21T19:30:01.728731+00:00
UCB_Vbgc_3g6Xc8NTWyYH0EA,109000,False,2026-06-21T19:30:01.728736+00:00
UCTrStqH1Ou673MTxgso1yFQ,3090,False,2026-06-21T19:30:01.728741+00:00
UCGG3FXOSui7m4AvJqmfpHmA,43300,False,2026-06-21T19:30:01.728746+00:00
UC038ST96Lg0E01VVSOCAMnA,59600,False,2026-06-21T19:30:01.728751+00:00
UC4TnL2yRWdT4GXzXaACPATw,110000,False,2026-06-21T19:30:01.728756+00:00
UCS1MoaZ-1EnVeJpUaCHYqVw,259000,False,2026-06-21T19:30:01.728761+00:00
UCiruo-3p5hDkYPWVMv4j0GA,115000,False,2026-06-21T19:30:01.728766+00:00
UC7IdvqE9hQbl9Zm5Lz-Pa7Q,82900,False,2026-06-21T19:30:01.728771+00:00
UC4MCy6o-X_tko1Csi8zNslQ,178000,False,2026-06-21T19:30:01.728776+00:00
UC7Jm0X3mfGf4RotnN4KpQUA,96200,False,2026-06-21T19:30:01.728781+00:00
UCBaPj4pSO-V47R13OhvPaeQ,4740,False,2026-06-21T19:30:01.728787+00:00
UCBVrKKJOhch0iTtmEsA5DSQ,315000,False,2026-06-21T19:30:01.728792+00:00
UCBfrhc7L6d9Bew_vVUFuzEg,416000,False,2026-06-21T19:30:01.728798+00:00
UCFvMtmYphIdctjR1lFg126A,293000,False,2026-06-21T19:30:01.728803+00:00
UC_B9sGWLPoGA0cNlKJOtmXw,129000,False,2026-06-21T19:30:01.728808+00:00
UCL4ss3I2WQaWp2sw1SjHi5Q,273000,False,2026-06-21T19:30:01.728813+00:00
UC7F3jAsH6cGXF-vMD9hc-Wg,18800,False,2026-06-21T19:30:01.728818+00:00
UC1kIG_rmi4__Oky-KIlL2yw,83400,False,2026-06-21T19:30:01.728823+00:00
UCIaVBCMsmeUQq9YgnCqd9eA,74300,False,2026-06-21T19:30:01.728828+00:00
UCKzv1dmrtFVVrR4LXrDB8Sw,81900,False,2026-06-21T19:30:01.728833+00:00
UCYAKa747neOIpC972H61ViA,41300,False,2026-06-21T19:30:01.728838+00:00
UCFuur8h3mhkAFmz5xM-LnJA,217000,False,2026-06-21T19:30:01.728843+00:00
UCTo38efCGm5ywQvOgRNM61g,443000,False,2026-06-21T19:30:01.728848+00:00
UCwz-8G2pL553sME2-E4Juqw,17500,False,2026-06-21T19:30:01.728853+00:00
UC089UQ4bfVnh8MatGM9Ofqg,55100,False,2026-06-21T19:30:01.728858+00:00
UCL42ZGgTil3_p0miIEQ99Tw,65300,False,2026-06-21T19:30:01.728863+00:00
UC7KSc425hMVWU22q2R3M2oQ,47600,False,2026-06-21T19:30:01.728868+00:00
UC09o0gfx7MdL4EKkG_r1FMQ,11600,False,2026-06-21T19:30:01.728873+00:00
UCRUdyowhXEQhoNT7uNEvGJA,1240000,False,2026-06-21T19:30:01.728878+00:00
UCP9dDJZz4BBVqSrq1xxhlJw,11100,False,2026-06-21T19:30:01.728883+00:00
UC7GMEszZEzIeoXIUipWi-nA,24800,False,2026-06-21T19:30:01.728888+00:00
UC7Kfm5kIKZ8Vu_7_0DfW0Vw,462000,False,2026-06-21T19:30:01.728893+00:00
UCFe1Tr0n6rKdDZ3oA9V9Pbw,46700,False,2026-06-21T19:30:01.728898+00:00
UCTqb9F3rpC6vcPs1J3jxdQw,233000,False,2026-06-21T19:30:01.728903+00:00
UCP5XGQlQ6Mdi8-uDlbcgZRg,423000,False,2026-06-21T19:30:01.728908+00:00
UCPB2Nalf_qKZuyk86ETxD8g,190000,False,2026-06-21T19:30:01.728913+00:00
UCFhRGsnRq6eq_rAmqbcJNSQ,121000,False,2026-06-21T19:30:01.728918+00:00
UCTzPwCJl7pb37eyzhCTBD7A,49200,False,2026-06-21T19:30:01.728924+00:00
UCBVatO1SggbqhQg2Kaukx9w,21800,False,2026-06-21T19:30:01.728930+00:00
UCL4pNY8SkSg2evyZQHLjWwg,113000,False,2026-06-21T19:30:01.728935+00:00
UCFoXYkvNA7Y4jlXuLbNqx0w,15700,False,2026-06-21T19:30:01.728940+00:00
UCxFZY6DYZouzdnRuSUszQHA,8190,False,2026-06-21T19:30:01.728946+00:00
UCiZCX1R1F3xYGbeXq1JscKA,716000,False,2026-06-21T19:30:01.772161+00:00
UC1_kDQ6oRMhs8JaoMRK5PPw,47800,False,2026-06-21T19:30:01.772191+00:00
UCGAfYLv36htHYj6aJJ3aBcw,421000,False,2026-06-21T19:30:01.772199+00:00
UC1tiWO6t2V0xAkGVagqrc6g,20000,False,2026-06-21T19:30:01.772206+00:00
UCZyTQOYz1pB7rV2EXKFTQdw,688000,False,2026-06-21T19:30:01.772212+00:00
UCwui1LtxjoibbSFzA9e76kw,5120,False,2026-06-21T19:30:01.772219+00:00
UCLCjf5gOkSbK3dWoX0gh83g,6650,False,2026-06-21T19:30:01.772226+00:00
UCGWIHirDJZG__-VUuxXzWgw,164000,False,2026-06-21T19:30:01.772232+00:00
UC01eIu3mRgE8aMtq_WrazGQ,2230,False,2026-06-21T19:30:01.772238+00:00
UCBry-IGC_zBdmNkgMucqC7A,76900,False,2026-06-21T19:30:01.772245+00:00
UC4B8JqARM3qfs8T3kIhluBQ,27100,False,2026-06-21T19:30:01.772251+00:00
UC7VsyNNxwOYgpvJLYabrprQ,423000,False,2026-06-21T19:30:01.772257+00:00
UCoCuQhqUurtZAuCnb-VlUow,514000,False,2026-06-21T19:30:01.772264+00:00
UC1ruWuvkAyg56jf0gzIPo1Q,67800,False,2026-06-21T19:30:01.772270+00:00
UCPPNnch1Klc6a3U-aynH_nQ,249000,False,2026-06-21T19:30:01.772277+00:00
UCihHCJJzd_zGd-cGBTj_kNw,140000,False,2026-06-21T19:30:01.772283+00:00
UCdc6yGNDvXynwA0pfCuxRzg,331000,False,2026-06-21T19:30:01.772289+00:00
UC79leLDtct4ghhd3gLjR8ug,85100,False,2026-06-21T19:30:01.772295+00:00
UCPLeqi7rIqS9uY4_TrSUOMg,1120000,False,2026-06-21T19:30:01.772301+00:00
UCKubSmJDJ5Or42pgvC9e6Jg,170000,False,2026-06-21T19:30:01.772308+00:00
UCOuea2SHLkJYQZzzaoVWCPQ,357000,False,2026-06-21T19:30:01.772314+00:00
UC1ayVmK30NzErsWze--IozA,186000,False,2026-06-21T19:30:01.772320+00:00
UC-xhr7EEqSks3enwRQB6SRA,14700,False,2026-06-21T19:30:01.772327+00:00
UCFbIVEpXP4caFApCPOOLv2g,543000,False,2026-06-21T19:30:01.772332+00:00
UCs_pojBiRupv5wbTFmAINxw,186000,False,2026-06-21T19:30:01.772338+00:00
UC1rwj_XV_cH1PLjDnw6Jf-w,49400,False,2026-06-21T19:30:01.772345+00:00
UC-zeaPnxZHE3EcTyVl1fTdw,307000,False,2026-06-21T19:30:01.772351+00:00
UCxJGMJbjokfnr2-s4_RXPxQ,7400000,False,2026-06-21T19:30:01.772357+00:00
UC4GXMHCwmONp6XFRB5SayAg,1400000,False,2026-06-21T19:30:01.772363+00:00
UC2-yhQkFm5p3_PHl7v4twTA,12700,False,2026-06-21T19:30:01.772369+00:00
UCKqXswpSRbh1NWSNwir3qPQ,101000,False,2026-06-21T19:30:01.772375+00:00
UCdkwoYSIG43CjpnCb31ReeQ,155000,False,2026-06-21T19:30:01.772380+00:00
UCinAlEatpwEApW3y1YHSwjQ,181000,False,2026-06-21T19:30:01.772385+00:00
UC4C1SP48yLO-P4ouUxFDblg,18200,False,2026-06-21T19:30:01.772391+00:00
UCKn01SPTOMN1pOV6q-rvRRw,91700,False,2026-06-21T19:30:01.772396+00:00
UC1qicJIDF8N9ObDvz8s3AgQ,207000,False,2026-06-21T19:30:01.772401+00:00
UCj2ALkLKy-4IZpe6hULVdlg,104000,False,2026-06-21T19:30:01.772406+00:00
UC008cuJ34I24TmRiIbPpMKg,71300,False,2026-06-21T19:30:01.772411+00:00
UC7_bf5pZJsgqGhCg36PtOCw,32100,False,2026-06-21T19:30:01.772416+00:00
UCU1XrS86ZqJVKyQCvLDuvkg,33900,False,2026-06-21T19:30:01.772421+00:00
UCt2MPRqjJBaIKIdp18azYLA,212000,False,2026-06-21T19:30:01.772426+00:00
UCKpvPwurAJ_dfkdFXPjBiBA,303000,False,2026-06-21T19:30:01.772431+00:00
UC-zp2IkXgo4BP_dpXP2_z_A,16900,False,2026-06-21T19:30:01.772437+00:00
UCBmLVRY5v6QZdn-Hz9IqgYQ,10000,False,2026-06-21T19:30:01.772442+00:00
UC1xeCHFAHV2yXN3J_CNQzEg,2810000,False,2026-06-21T19:30:01.772446+00:00
UCOp0zu5AeQ8z4P2MArpNDnA,61100,False,2026-06-21T19:30:01.772451+00:00
UC4HUtmqN3N26PoYTmmvDQ5A,206000,False,2026-06-21T19:30:01.772456+00:00
UC4JVSozJ0CXatYcOLQSdDug,3410,False,2026-06-21T19:30:01.772461+00:00
UCBNVHtuiZTp8CFGY0Su_08g,1220000,False,2026-06-21T19:30:01.772466+00:00
UC6yV60uqt0bRomlC7wAvEyQ,18300,False,2026-06-21T19:30:01.772473+00:00
UC7oF8pzBoJMlezwiamtgzcw,76400,False,2026-06-21T19:30:01.813177+00:00
UCtEm8GdvsJ3iDFqobrfXk2Q,381000,False,2026-06-21T19:30:01.813208+00:00
UC4jbELyqfdqrhO2HWKL7mfA,242000,False,2026-06-21T19:30:01.813215+00:00
UC7gPnAS0AUYqwaWdXUGzQ1w,27400,False,2026-06-21T19:30:01.813220+00:00
UCtY61Iz5qYSKObseuv0eWNg,566000,False,2026-06-21T19:30:01.813226+00:00
UC_qqnOaJ1A2vcOc1ugG_GDA,7100,False,2026-06-21T19:30:01.813231+00:00
UC1hM4B6kDTOAf7UawolxIPw,10600,False,2026-06-21T19:30:01.813237+00:00
UCPWc1q6yOND7n7PvEtRq1dw,542000,False,2026-06-21T19:30:01.813242+00:00
UC4cjvf0vSvWOkXbrTkCLuMg,63700,False,2026-06-21T19:30:01.813247+00:00
UC_h4JsXCMhC1al0IkmoaW8g,141000,False,2026-06-21T19:30:01.813252+00:00
UC-smeLB9AnOTeypr1YyjJ3A,1980000,False,2026-06-21T19:30:01.813257+00:00
UCsWTZ4nYODCwlE8rdv7DZzA,254000,False,2026-06-21T19:30:01.813263+00:00
UCnV2ptTOZMfUEbgAs85mpRw,753000,False,2026-06-21T19:30:01.813268+00:00
UC_156R2kX0JrDiP6SBgzyoQ,257000,False,2026-06-21T19:30:01.813273+00:00
UCFZYJCfNWv6ODTTETateSbg,26200,False,2026-06-21T19:30:01.813278+00:00
UCiYro9HTh_K_DWWELTazevg,139000,False,2026-06-21T19:30:01.813283+00:00
UCsUjKxnRcagwiauVHl9jgZg,1080000,False,2026-06-21T19:30:01.813288+00:00
UC7eXWU3oN-w5tNtP7sgeeNg,791000,False,2026-06-21T19:30:01.813293+00:00
UCZfppBrmDHKZPLtlt-KZxdA,28500,False,2026-06-21T19:30:01.813298+00:00
UCjANqq_LsXC-OHugv8yAUtg,850000,False,2026-06-21T19:30:01.813304+00:00
UCt7ROfC-kIfRFx7yl4WLMjg,535000,False,2026-06-21T19:30:01.813309+00:00
UC1ano3Qb1ORaTCWxdEQ0YTg,2590,False,2026-06-21T19:30:01.813315+00:00
UCeJp8OAlTw1DUYDT3vxQSrA,197000,False,2026-06-21T19:30:01.813320+00:00
UCFSu4xqJoT3BDYIdMdiTzfA,216000,False,2026-06-21T19:30:01.813326+00:00
UC74rufV9sOK7FbiOuGAUfBA,390000,False,2026-06-21T19:30:01.813331+00:00
UCtHxtOlZPNH_tOhLHkPlK6g,422000,False,2026-06-21T19:30:01.813336+00:00
UCKbvOKr-W7RoZutefykTX4g,71400,False,2026-06-21T19:30:01.813341+00:00
UCTZT_Lm9vlqNR0eZMO_nLYQ,998000,False,2026-06-21T19:30:01.813346+00:00
UC1gbNFHc3Ut8xZj37QUStKg,1240000,False,2026-06-21T19:30:01.813352+00:00
UCtAFn7bhMVpavKo5IZ9FM6g,794000,False,2026-06-21T19:30:01.813358+00:00
UC6yyN9zNf1fAOV8YAWrVIzw,22700,False,2026-06-21T19:30:01.813363+00:00
UC4BAIGs_Q97zgbgR0noqicw,24700,False,2026-06-21T19:30:01.813369+00:00
UCOfzLmXpI3qmZfV7_Cs1sYA,111000,False,2026-06-21T19:30:01.813375+00:00
UC-qcYTsFOiFmNqYhvqT6kRg,39300,False,2026-06-21T19:30:01.813381+00:00
UC1YJ6BaBF2Qd5yAJkUP35EQ,20100,False,2026-06-21T19:30:01.813386+00:00
UCiMFeia3Sd4kYXp358fPrxA,636000,False,2026-06-21T19:30:01.813392+00:00
UCLPelMHFSPTVzeZudKsIxzQ,455000,False,2026-06-21T19:30:01.813397+00:00
UC7dY-mTZUa6jPlHEtdy4wJQ,166000,False,2026-06-21T19:30:01.813403+00:00
UC_kTlZMryHFPMc7QMi4g0VQ,65200,False,2026-06-21T19:30:01.813408+00:00
UCFaq5V3ZU0IDUwrU43_jC5w,78900,False,2026-06-21T19:30:01.813413+00:00
UCFKSFhVMtIu7akVuxPtXtQw,1720000,False,2026-06-21T19:30:01.813419+00:00
UC7688KVTBJhb_gZ9kmDXaIQ,22200,False,2026-06-21T19:30:01.813424+00:00
UC1z3hag4BOsCnMLbGear2_w,25900,False,2026-06-21T19:30:01.813429+00:00
UC1aHmxIBnaJ_a1UXIo46Rug,12700,False,2026-06-21T19:30:01.813434+00:00
UC1YvITgTwB93QTGCMXQNe9A,70500,False,2026-06-21T19:30:01.813440+00:00
UC_wQ5hHiTgCN8JP_wPupCWA,74400,False,2026-06-21T19:30:01.813445+00:00
UC7h1p9Ya_ECneI1kOHHZD8w,137000,False,2026-06-21T19:30:01.813451+00:00
UC7efuO59vZ4Upyw9LQk56WA,22900,False,2026-06-21T19:30:01.813456+00:00
UCKjNkGY645qPhT3OaB2QGzg,229000,False,2026-06-21T19:30:01.813462+00:00
UCB6pJFaFByws3dQj4AdLdyA,1780000,False,2026-06-21T19:30:01.813467+00:00
UCiDqC_Fcv_OnGPg7E9nOUAg,323000,False,2026-06-21T19:30:01.857909+00:00
UC7xxfNM4NnkjdhsGsusOceA,5590,False,2026-06-21T19:30:01.857932+00:00
UCQBG3PzyQKY8ieMG2gDAyOQ,2420000,False,2026-06-21T19:30:01.857936+00:00
UCLbhqkQDfS04ny9EEh5HRdQ,12200,False,2026-06-21T19:30:01.857939+00:00
UC3wv4HuNcfODBPF3rnhz61w,3560,False,2026-06-21T19:30:01.857942+00:00
UCxhEMv7GDpJqeSW1VbOEqDQ,143000,False,2026-06-21T19:30:01.857946+00:00
UC0Im7ayDlKNfdlBtMnOdXrQ,34600,False,2026-06-21T19:30:01.857949+00:00
UC4nFXu3gS34mJlaEVchsRWw,322000,False,2026-06-21T19:30:01.857952+00:00
UCAyQAygagukor6rGyXOdfog,30100,False,2026-06-21T19:30:01.857955+00:00
UC-l_rrKhQtMr_elyEL9mmfQ,44800,False,2026-06-21T19:30:01.857957+00:00
UCWB63K_sgUqxhBEyxkg_74g,85100,False,2026-06-21T19:30:01.857960+00:00
UC6vH90E1cc-e1IC1_Zb5T5A,309000,False,2026-06-21T19:30:01.857963+00:00
UC4rpEwr7ZFqKZWYzNx59vig,219000,False,2026-06-21T19:30:01.857966+00:00
UCdB2b2qy6kFGZiXbFsS4QNw,342000,False,2026-06-21T19:30:01.857968+00:00
UCi99b1CX1mtmwaNUqyH0-Cw,21400,False,2026-06-21T19:30:01.857971+00:00
UCFFFsClZNq3gHLvnNv2df6g,791000,False,2026-06-21T19:30:01.857974+00:00
UC26FQG_h05jtMbeJhHlDk2w,26200,False,2026-06-21T19:30:01.857977+00:00
UCCE9oxk2-JbB6Awty-YzrUw,42900,False,2026-06-21T19:30:01.857980+00:00
UCQ00fCnON5qxMVKaqqm39QA,91900,False,2026-06-21T19:30:01.857983+00:00
UCdWb0Koem-CnNTWUtpbv_MA,928000,False,2026-06-21T19:30:01.857986+00:00
UCnJ2tHTxpvB79RNvk2sGRIQ,43700,False,2026-06-21T19:30:01.857989+00:00
UCAklIi8J2iK-mAveqjjPhfA,32100,False,2026-06-21T19:30:01.857992+00:00
UCCFOQO5aDK0xXam4cUQXT8g,48600,False,2026-06-21T19:30:01.858029+00:00
UCCF4bp57Vr5cZ2hVL4mPfpQ,13600,False,2026-06-21T19:30:01.858033+00:00
UCF3IR2w0HXO6RnWkeJ7HZgQ,69500,False,2026-06-21T19:30:01.858036+00:00
UC7trx683QVwH4B6Ivho7VbQ,12700,False,2026-06-21T19:30:01.858039+00:00
UCOai3JwO_5B07BtXnFyzSJQ,41100,False,2026-06-21T19:30:01.858042+00:00
UCLOl-BrCoVqzSnBsjemMkeQ,1230000,False,2026-06-21T19:30:01.858045+00:00
UCQ2_aUkMhXnaQYd8JkkFTtA,477000,False,2026-06-21T19:30:01.858048+00:00
UC4p8BImprkspK5m-tawDVGw,136000,False,2026-06-21T19:30:01.858051+00:00
UCWBDbF9NMd5z72zUvGpdTIw,102000,False,2026-06-21T19:30:01.858054+00:00
UC-hlkO_qHp5CqQOLuFToZqQ,80500,False,2026-06-21T19:30:01.858056+00:00
UCoWV5SVB9h5IA4yz9j6Lt3w,282000,False,2026-06-21T19:30:01.858059+00:00
UCC0sdPRaDiKtOJQXfsvbUbw,264000,False,2026-06-21T19:30:01.858062+00:00
UCAql2DyGU2un1Ei2nMYsqOA,3970000,False,2026-06-21T19:30:01.858065+00:00
UCLcI8fl2lbH0hg7zE1q9dbg,30600,False,2026-06-21T19:30:01.858068+00:00
UCxZvMVUAvOidCSYFviR0NIw,307000,False,2026-06-21T19:30:01.858070+00:00
UCQ5J3wi4Zxvgj-mWKGY8sgw,176000,False,2026-06-21T19:30:01.858073+00:00
UC43tgREPXsbYS5Iy6sW3TXQ,219000,False,2026-06-21T19:30:01.858076+00:00
UCB-zAGKQshyciq-a7w2Chcg,41300,False,2026-06-21T19:30:01.858079+00:00
UC7t5WoXYPWpsvRMpIGVLtuA,89000,False,2026-06-21T19:30:01.858082+00:00
UCa5pAl4817aFn6sFhSg0BqA,157000,False,2026-06-21T19:30:01.858084+00:00
UCCDwsSLnwO9BKVuFXfYIR3Q,98600,False,2026-06-21T19:30:01.858087+00:00
UC1W8ShdwtfgjRHdbl1Lctcw,780000,False,2026-06-21T19:30:01.858090+00:00
UCez-2shYlHQY3LfILBuDYqQ,1590000,False,2026-06-21T19:30:01.858093+00:00
UC4mpv1hmSltJCSo0adVO5CA,28100,False,2026-06-21T19:30:01.858096+00:00
UCdSu3tgroULNBpkyWkEzCYw,2450000,False,2026-06-21T19:30:01.858099+00:00
UCT7iQA0c9kMz2_tZZIAXzKw,180000,False,2026-06-21T19:30:01.858101+00:00
UC-jn_5BNteTejcvG8gSu3Xg,85400,False,2026-06-21T19:30:01.858104+00:00
UC7yk5_U7C0TuvYMqWzKyzkQ,153000,False,2026-06-21T19:30:01.858107+00:00
UCmiivdWbzuVQKMljjvfVjqQ,1330000,False,2026-06-21T19:30:01.901978+00:00
UC5-25wJafhl9AS4F-k4_eeg,214000,False,2026-06-21T19:30:01.902033+00:00
UC81VD6eeuLLSfyY_D-N8sVw,8200000,False,2026-06-21T19:30:01.902038+00:00
UCGjdlQhiDyBH4EdGCpqZl7g,219000,False,2026-06-21T19:30:01.902042+00:00
UC81TzLRWzIiGvRWz2Gc5ZQw,4920,False,2026-06-21T19:30:01.902045+00:00
UC-hBsiW-wjfu4yntT3_DNpQ,89800,False,2026-06-21T19:30:01.902049+00:00
UC6mt9RoLyKA5J06Wu5EarPA,309000,False,2026-06-21T19:30:01.902052+00:00
UCmdm86ugRCSnA_MmrPsb5nA,207000,False,2026-06-21T19:30:01.902055+00:00
UCd0lXfZHpNsfLtOBPWHkV8g,565000,False,2026-06-21T19:30:01.902058+00:00
UC3pc1Em-ucFRuCr_1EzKMIw,149000,False,2026-06-21T19:30:01.902061+00:00
UC6lsqcIGCg8kWjJZ4Siqjag,21400,False,2026-06-21T19:30:01.902064+00:00
UCobSMaevA7dJ0cgg-aqpEdA,570000,False,2026-06-21T19:30:01.902067+00:00
UCEz4YHGP66QE1-0Wwe9ogtA,284000,False,2026-06-21T19:30:01.902070+00:00
UCtiryp5YVK1417sJivKPWAg,63100,False,2026-06-21T19:30:01.902073+00:00
UCAhJIkIlZN9YHLZI93eVXlA,132000,False,2026-06-21T19:30:01.902076+00:00
UC24yfMhHL7ryQhbc_Zw_qng,565000,False,2026-06-21T19:30:01.902078+00:00
UCEz7AEXUmlV5N65D7O6747Q,249000,False,2026-06-21T19:30:01.902081+00:00
UCAaLDZXHYo7RhHVFmP79b_g,57600,False,2026-06-21T19:30:01.902084+00:00
UCxv2fXOn1pl1X173WkSb1Mw,92500,False,2026-06-21T19:30:01.902087+00:00
UCGlVjChFcpuwgd-cktfBSgg,109000,False,2026-06-21T19:30:01.902090+00:00
UCs9cxFeHD54Ht5zuNtGBp5g,265000,False,2026-06-21T19:30:01.902093+00:00
UCZVR9ScO4GPcjndZ6YgzSUw,422000,False,2026-06-21T19:30:01.902096+00:00
UCd-lcSKdIKFGC_nxLeFEPDg,80900,False,2026-06-21T19:30:01.902099+00:00
UCWsJsG1wJyO2BydSGqfAmRA,34700,False,2026-06-21T19:30:01.902101+00:00
UCeoQkHM8nZTmIY-GRvV4xyQ,10100,False,2026-06-21T19:30:01.902104+00:00
UC51m8P0yzgD9sZbhDHFUN3g,376000,False,2026-06-21T19:30:01.902107+00:00
UCLfbmGhvu7xTHXktmMWdfvw,582000,False,2026-06-21T19:30:01.902110+00:00
UCCJm5G9w23fPCq2qa4ifg1w,232000,False,2026-06-21T19:30:01.902112+00:00
UCGjV4bsC43On-YuiLZcfL0w,1660000,False,2026-06-21T19:30:01.902115+00:00
UCtjRA-7EuBmyWMyty1HZAPQ,76700,False,2026-06-21T19:30:01.902118+00:00
UC0OXPEQRKArB_EVyFMwDbAQ,316000,False,2026-06-21T19:30:01.902121+00:00
UCGok6p7l2s0mi23N7M5et3g,52100,False,2026-06-21T19:30:01.902123+00:00
UC7whjTtWnxNNEwvhRoBxm9g,616000,False,2026-06-21T19:30:01.902126+00:00
UCd7ElAeI9c6XV42dVyMI0Ww,16100,False,2026-06-21T19:30:01.902129+00:00
UC4xzLYdwvS3QwSDxTdqGNlg,9140,False,2026-06-21T19:30:01.902132+00:00
UC6mVMhtTp5YEkjE-j4x6jsw,129000,False,2026-06-21T19:30:01.902134+00:00
UChpmCcZIn7YTGD9k17T3cEQ,116000,False,2026-06-21T19:30:01.902137+00:00
UC6pyjcvkrwbQJaC8cj8kxFQ,102000,False,2026-06-21T19:30:01.902140+00:00
UCs6c2j_cFkGDJJbju4MedGQ,20500,False,2026-06-21T19:30:01.902142+00:00
UCGyt5axcq_yeBojI0o6Fhlg,744000,False,2026-06-21T19:30:01.902145+00:00
UCCMLURMy9blyv94An9j4ZPA,69300,False,2026-06-21T19:30:01.902148+00:00
UCOMXa6Up-Xyc4L9dd-sUElQ,101000,False,2026-06-21T19:30:01.902151+00:00
UC7xP8EQY10dadQGnR-mtJdA,9510,False,2026-06-21T19:30:01.902154+00:00
UCsHOUGUpmJo73KONPz3DTkQ,633000,False,2026-06-21T19:30:01.902156+00:00
UCLlh7AR7V_Z7FqHuLVccbNw,190000,False,2026-06-21T19:30:01.902159+00:00
UCKHMZUmGJeXD6wysw-3ur6Q,829000,False,2026-06-21T19:30:01.902162+00:00
UCZQVTC3uLCyuJUOcRlguazA,90200,False,2026-06-21T19:30:01.902164+00:00
UCAjdlo8OzgUOvZoRjgBdZUg,287000,False,2026-06-21T19:30:01.902167+00:00
UCZ9vhLp3B8vdGn6tanppfbg,206000,False,2026-06-21T19:30:01.902170+00:00
UC0KlnhY6jRI2_kXBFlaFP0w,129000,False,2026-06-21T19:30:01.902173+00:00
UCX-nFhpazzoU5NZfgPGXI2Q,38300,False,2026-06-21T19:30:01.938500+00:00
UCAPnCD967WqXc4UgIAQgRRA,282000,False,2026-06-21T19:30:01.938528+00:00
UCmf38_fEPtHVbH-Z4x3W8UQ,5050,False,2026-06-21T19:30:01.938536+00:00
UCOF2nUSKF2Mz_vZHlxjxRTg,609000,False,2026-06-21T19:30:01.938543+00:00
UCX1ufnWuZ45jZeoJZQIUlFg,964000,False,2026-06-21T19:30:01.938548+00:00
UChWjjUTLKxhVN5mF4awH8Iw,34800,False,2026-06-21T19:30:01.938555+00:00
UC-dKGXS3u0a_j4e_5epWARg,25200,False,2026-06-21T19:30:01.938562+00:00
UCEgvFc8C1Y9fuUDPqGuCkLg,44100,False,2026-06-21T19:30:01.938568+00:00
UConh1BwKagscq7EAP2Vng-g,1830000,False,2026-06-21T19:30:01.938575+00:00
UC3fOqiQwk378AnjTu4a0TjA,27800,False,2026-06-21T19:30:01.938581+00:00
UCHDfvwrTKE17xyzt4Fvhk4Q,347000,False,2026-06-21T19:30:01.938588+00:00
UCk-Jlsfh0cIfTTbB6U5xMaA,50200,False,2026-06-21T19:30:01.938594+00:00
UCQJZg2PJFMtmpA4hQ_8M27Q,78100,False,2026-06-21T19:30:01.938600+00:00
UCT0q8NipPzU_G4yUtcAhKag,227000,False,2026-06-21T19:30:01.938606+00:00
UCheFLP5SgLpNagzmN9rFTYQ,1250000,False,2026-06-21T19:30:01.938612+00:00
UC3YyAK_Li50pkKUNWsDWw0w,46800,False,2026-06-21T19:30:01.938617+00:00
UC3eYAvjCVwNHgkaGbXX3sig,629000,False,2026-06-21T19:30:01.938622+00:00
UCEnkd5D-53MDGpgpiQRbUqw,1050000,False,2026-06-21T19:30:01.938627+00:00
UCfEgthZTGQC9Hl4YjT_Rz_Q,170000,False,2026-06-21T19:30:01.938633+00:00
UC-bDu8Pax2JQBvpWO6W5ugQ,115000,False,2026-06-21T19:30:01.938639+00:00
UC56q9cV39UCIhWNLR58BGOQ,252000,False,2026-06-21T19:30:01.938645+00:00
UCH4yRBPH2pDUjPeqomx8CTQ,1460000,False,2026-06-21T19:30:01.938650+00:00
UCSxWTCZO5_rZPOHgezEbAvA,44000,False,2026-06-21T19:30:01.938655+00:00
UCW88BU6Nq9YyYfc9fKbxiOQ,143000,False,2026-06-21T19:30:01.938661+00:00
UCCO_itOx-wopeBohj5oPkzg,1020000,False,2026-06-21T19:30:01.938667+00:00
UCAJW5uuqvFXqKbg-KL-cG1A,8460,False,2026-06-21T19:30:01.938672+00:00
UCOD-DHOD7kEg1DH-bNHgkiA,591000,False,2026-06-21T19:30:01.938677+00:00
UCtxx8JDiilyNt9DXPlvxwmw,2040000,False,2026-06-21T19:30:01.938683+00:00
UCSwDbRA8qZ4at9oxxXc-lGg,32500,False,2026-06-21T19:30:01.938689+00:00
UCHHQjV4fLOcNoko-pzQOSVA,578000,False,2026-06-21T19:30:01.938695+00:00
UCKA8nI3JBYpWqx2HiiEssNw,1200000,False,2026-06-21T19:30:01.938700+00:00
UCAPQjGskhqMqgLqqkQ4FbNA,342000,False,2026-06-21T19:30:01.938706+00:00
UCy-v0TWgjklAlOq-chcI4GA,400000,False,2026-06-21T19:30:01.938712+00:00
UCKA_0gnwdxS5Y1ZbVDZw5dQ,121000,False,2026-06-21T19:30:01.938718+00:00
UCT-xz7Ot0fmEcyVAbnVftmw,205000,False,2026-06-21T19:30:01.938723+00:00
UC6he7aSwwn3JKc0qWi17QdA,102000,False,2026-06-21T19:30:01.938730+00:00
UC3jMy08han2ODgu-0L-zMVA,179000,False,2026-06-21T19:30:01.938735+00:00
UCpGJxlhKXfdOKkBhuDH6ujA,818000,False,2026-06-21T19:30:01.938740+00:00
UCJh0Ot4AMlm8W9I2fl46Wwg,93500,False,2026-06-21T19:30:01.938745+00:00
UComVZJagtTz4d6nHKUvNnrg,112000,False,2026-06-21T19:30:01.938750+00:00
UC2GS74txP1QN_pa3Svh1uHA,750000,False,2026-06-21T19:30:01.938755+00:00
UCQJYGSTU6tXk0pC08b-lYbA,154000,False,2026-06-21T19:30:01.938760+00:00
UC-b3JIZhC0xATKwBK4cmnqg,104000,False,2026-06-21T19:30:01.938766+00:00
UCZ0MvZDw5DC91VBXpxmtctw,31100,False,2026-06-21T19:30:01.938771+00:00
UCT0MI3MbZcAMhDfGAIOeFfg,23100,False,2026-06-21T19:30:01.938776+00:00
UC8IK363bd35lzYO7wXUlvRg,242000,False,2026-06-21T19:30:01.938782+00:00
UCAQph0bsoeStucBhGCEcrXw,438000,False,2026-06-21T19:30:01.938788+00:00
UCYzfTtFRq79Blr2-HDMEVwA,45400,False,2026-06-21T19:30:01.938794+00:00
UC2Jccx_IvT2iDSZLAiUg3Pg,152000,False,2026-06-21T19:30:01.938800+00:00
UCxyv0MGvkLJAk52LDll7cKw,74400,False,2026-06-21T19:30:01.938806+00:00
UCUXfRsEIJ9xO1DT7TbEWksw,5590000,False,2026-06-21T19:30:01.984171+00:00
UC2Kb6k-aGIaKxlNPkrdcoHA,267000,False,2026-06-21T19:30:01.984194+00:00
UC2KDRmBXQsShj8GgTfLnyPg,17700,False,2026-06-21T19:30:01.984199+00:00
UCmVMV8vgaNv5Yzpv-yX2gIg,105000,False,2026-06-21T19:30:01.984202+00:00
UC6YFaOCCIr6QgCU4WVU09-A,118000,False,2026-06-21T19:30:01.984205+00:00
UC3epjteoBNnv7qykBwKzv6g,14500,False,2026-06-21T19:30:01.984209+00:00
UCCg7bEa-kBEheVNgwTj1OaQ,61200,False,2026-06-21T19:30:01.984212+00:00
UC8DEMzEswfd0T9x6y1PepRA,82700,False,2026-06-21T19:30:01.984215+00:00
UC8OjykYh8KUVOmez_y3L7PQ,43200,False,2026-06-21T19:30:01.984218+00:00
UC5BQzIa3Gx6nRpX_iiNzMEw,145000,False,2026-06-21T19:30:01.984221+00:00
UCQXuk18FuV9iZjZDfGziVaQ,382000,False,2026-06-21T19:30:01.984224+00:00
UCmX4L6Y1y6PubCf-rKC7jJA,449000,False,2026-06-21T19:30:01.984227+00:00
UC5BXhvHDxHFRGQqwb_oYqug,9400,False,2026-06-21T19:30:01.984230+00:00
UCO6c-ejeQxxKArNHWieU2OQ,102000,False,2026-06-21T19:30:01.984232+00:00
UCrn5izWUbCcEo1Aftfwd6KA,216000,False,2026-06-21T19:30:01.984235+00:00
UCVtrn5zh27rdjzM1lj88JBg,173000,False,2026-06-21T19:30:01.984238+00:00
UC1HTrFwjiq27la2PO1T8IqQ,36300,False,2026-06-21T19:30:01.984241+00:00
UC1EB8moGYdkoZQfWHjh7Ivw,729000,False,2026-06-21T19:30:01.984244+00:00
UC8Hvx4txGaFs5t5R_fh9J8g,22600,False,2026-06-21T19:30:01.984247+00:00
UCQVGAwZGA9jrH2XF7feK2xQ,215000,False,2026-06-21T19:30:01.984250+00:00
UC6UkPR6DkVmfUZD38dzVhEQ,21100,False,2026-06-21T19:30:01.984253+00:00
UChUcGHMHb8v5WxLcA64KoSQ,284000,False,2026-06-21T19:30:01.984256+00:00
UC5C3_uHVGxdGKpty54JaVzQ,30400,False,2026-06-21T19:30:01.984259+00:00
UCp7lAxMjd7Dh0alFBL_E6hA,137000,False,2026-06-21T19:30:01.984262+00:00
UCk47dALCttRXxzYMMGDMhfQ,70900,False,2026-06-21T19:30:01.984265+00:00
UCO0HPFZFt2Wem8jTsMFFzwA,64800,False,2026-06-21T19:30:01.984268+00:00
UC8GYDNUBerZnldr8Sj01ngQ,291000,False,2026-06-21T19:30:01.984271+00:00
UCUd4nvdLClQ1SyHhQYhFeEQ,322000,False,2026-06-21T19:30:01.984274+00:00
UCrwNm80XyhxzE5dtxcC3jXw,219000,False,2026-06-21T19:30:01.984276+00:00
UCu5cGD1O29jOC6wVqXSfjTA,15600,False,2026-06-21T19:30:01.984279+00:00
UC6WTSTLDn83L4I-7UAs3lNg,15700,False,2026-06-21T19:30:01.984282+00:00
UCC_P7nF8ICQR90Cj1SjX8gA,44400,False,2026-06-21T19:30:01.984285+00:00
UC58ReQwPeSTnLIQvStcCmig,55300,False,2026-06-21T19:30:01.984288+00:00
UC0ZK-2GfWJEFlgsWreDmV_A,218000,False,2026-06-21T19:30:01.984291+00:00
UCCSASFnDN-WE435WnrWdxkg,73900,False,2026-06-21T19:30:01.984294+00:00
UCEfBM5QPpeqU9nlRvXCd2lg,145000,False,2026-06-21T19:30:01.984297+00:00
UC6YKyjNmfwmXsAfW-8yY5CQ,30000,False,2026-06-21T19:30:01.984300+00:00
UC3c8PW1C5kJGbCRjFJoTDwA,728000,False,2026-06-21T19:30:01.984303+00:00
UCO4gUldYoI0qSvNIDOZ1uUg,160000,False,2026-06-21T19:30:01.984306+00:00
UC8JAeTqgIC0rc62Pz8WB65w,20500,False,2026-06-21T19:30:01.984308+00:00
UC8LjUPH9c0-GUF7XJc_RkMw,13400,False,2026-06-21T19:30:01.984311+00:00
UCciTVyFEABep-FNc4PMy59A,268000,False,2026-06-21T19:30:01.984314+00:00
UCHPARXha7xQNbfzwzY7NzUw,188000,False,2026-06-21T19:30:01.984317+00:00
UChU4moT-yZa2SNHpSbYciFw,148000,False,2026-06-21T19:30:01.984320+00:00
UCAIjtkHOp04k-xEKE-K87Tg,121000,False,2026-06-21T19:30:01.984323+00:00
UCHQ-D7ba6KzcNG0l_J-avfg,27600,False,2026-06-21T19:30:01.984326+00:00
UCrrsHarrLoiLTqu1LHxDJpw,791000,False,2026-06-21T19:30:01.984329+00:00
UC5G0T_tlPj0aCHMi-ihvfiw,91300,False,2026-06-21T19:30:01.984331+00:00
UC6apctA-A5U2GprzKo8C4BQ,136000,False,2026-06-21T19:30:01.984334+00:00
UC3dT7gwezpVA1dAUgt2x_wQ,304000,False,2026-06-21T19:30:01.984337+00:00
UChTGSVnVKxkuuss6DpcKH5g,321000,False,2026-06-21T19:30:02.030810+00:00
UCNjGiTl41rNr8Rgre-j5hJQ,152000,False,2026-06-21T19:30:02.030840+00:00
UCVqh4QpfEmRuVufvIEK7DiA,117000,False,2026-06-21T19:30:02.030848+00:00
UC0_ZXOHTaFGkvpxrsMT3sog,92900,False,2026-06-21T19:30:02.030854+00:00
UCSsmlwepgyy46dWlLk9qa3g,17600,False,2026-06-21T19:30:02.030860+00:00
UCM4y31BLBY-E8TNOmy3zPeQ,420000,False,2026-06-21T19:30:02.030866+00:00
UCkCgBBKjWSUrDkIXrUFnU5Q,484000,False,2026-06-21T19:30:02.030872+00:00
UCNsgUwzPidSwkVeKVZ1QZyg,41000,False,2026-06-21T19:30:02.030878+00:00
UC8Om2b7cbbdN8pJK8h-QiIg,50600,False,2026-06-21T19:30:02.030884+00:00
UC1AMI-vrGHT9xl41LcIOu2g,28800,False,2026-06-21T19:30:02.030890+00:00
UCyTAiJtrpEw9NVMIODkC9jA,147000,False,2026-06-21T19:30:02.030895+00:00
UCELLqudOPzvrGhF1f28vJFg,62600,False,2026-06-21T19:30:02.030901+00:00
UCJeid4dNjpbM7ZZ6i9Z6wBA,421000,False,2026-06-21T19:30:02.030906+00:00
UCpfSEgdN0vaR3Y5iBSgxE5Q,1090000,False,2026-06-21T19:30:02.030912+00:00
UC6QZ_ss3i_8qLV_RczPZBkw,75700000,False,2026-06-21T19:30:02.030917+00:00
UC5SbmCqZwNjPx6aA0XK1nGw,13600,False,2026-06-21T19:30:02.030924+00:00
UCYlld48Qips02zzzmanVuZA,136000,False,2026-06-21T19:30:02.030930+00:00
UCYj70gb7E7-O76bOeA383jA,193000,False,2026-06-21T19:30:02.030936+00:00
UCM4hf666ANy8F84niklx11A,38100,False,2026-06-21T19:30:02.030941+00:00
UCHkm57ZjExicHc630M2xJ-Q,1980000,False,2026-06-21T19:30:02.030948+00:00
UCfM3zsQsOnfWNUppiycmBuw,66900000,False,2026-06-21T19:30:02.030954+00:00
UC6TTfEWrLUdotVDJlN1fe1w,75100,False,2026-06-21T19:30:02.030960+00:00
UCHjj-qlJhYWDacFwnaewV6Q,159000,False,2026-06-21T19:30:02.030966+00:00
UCpVm7bg6pXKo1Pr6k5kxG9A,26200000,False,2026-06-21T19:30:02.030972+00:00
UCSpf3XUdIGDy58i0vcL-_bA,184000,False,2026-06-21T19:30:02.030977+00:00
UCfPtOzWRilziPB8D865QBrQ,946000,False,2026-06-21T19:30:02.030983+00:00
UCNpHslsOxhZkWW_wFjXHnhw,192000,False,2026-06-21T19:30:02.030989+00:00
UCCtpQIM0ddni90f2JVGy5fg,35000,False,2026-06-21T19:30:02.030995+00:00
UC3V3vJd0voRW2LLQ4KxidYw,23900,False,2026-06-21T19:30:02.031040+00:00
UCNbe22wD3wsUbA62tzvKtAQ,1860000,False,2026-06-21T19:30:02.031047+00:00
UCCiLWwLsnxxGG9KmyPCYSVg,1250000,False,2026-06-21T19:30:02.031053+00:00
UCYl8Yj26QDphY_tR5FmkDog,195000,False,2026-06-21T19:30:02.031059+00:00
UC3R2xUoFiix1UY_UaQ7c5Ug,52600,False,2026-06-21T19:30:02.031065+00:00
UC6Ri6mOkaYecBefJxaeSJLA,352000,False,2026-06-21T19:30:02.031071+00:00
UChHjlVYSthw2tsLNyCHglQQ,130000,False,2026-06-21T19:30:02.031077+00:00
UC8WelTBsM4LmRtth7V9Qn9A,86200,False,2026-06-21T19:30:02.031083+00:00
UCNgjiwiJxCNfjpqabDsdHmg,268000,False,2026-06-21T19:30:02.031090+00:00
UCw4S0yGeDVMJH04W6jFRp2A,232000,False,2026-06-21T19:30:02.031096+00:00
UC8QVqHcai0BpGFuR4HJh9uQ,23300,False,2026-06-21T19:30:02.031102+00:00
UC3SATId4LGlLE4WhgWrxhDw,68900,False,2026-06-21T19:30:02.031108+00:00
UCfUOJ3KybskczP3gTvaB2BQ,276000,False,2026-06-21T19:30:02.031114+00:00
UCmTA5_WAO_NcC6q9H1cTi2g,382000,False,2026-06-21T19:30:02.031119+00:00
UCA5Ux8CdVhJBBkaPqY86gqw,15600,False,2026-06-21T19:30:02.031125+00:00
UCM5TUWTwC4i9IIiBCGpN25w,270000,False,2026-06-21T19:30:02.031130+00:00
UC0cL6JIp3ekG0_-CbeZoA0w,301000,False,2026-06-21T19:30:02.031136+00:00
UCQSaNqzn4T13n3Lvn6gqZnA,30200,False,2026-06-21T19:30:02.031142+00:00
UC6KEU5-KSTszEOOnAl8ZwPQ,2190000,False,2026-06-21T19:30:02.031147+00:00
UCpimzwUr5sJe4GOOtoNWWSA,96600,False,2026-06-21T19:30:02.031153+00:00
UCJlqcVDS3jsxjni_n-raypQ,84600,False,2026-06-21T19:30:02.031158+00:00
UCEWR3HlY7xg5LgIDD62HYMA,102000,False,2026-06-21T19:30:02.031164+00:00
UC2RbAVMA2HJ6usd9wDmo6ug,84000,False,2026-06-21T19:30:02.071140+00:00
UC2SGVDhLj6ZD56ty1XSvTfg,41600,False,2026-06-21T19:30:02.071161+00:00
UCHoFyErGdIjbe51L6bpiA3g,35500,False,2026-06-21T19:30:02.071166+00:00
UC5Qmfs3V1IeC2QzsMsDeGqg,207000,False,2026-06-21T19:30:02.071170+00:00
UCpt3Bk9Rr0j6XOzIT38U0Kg,355000,False,2026-06-21T19:30:02.071174+00:00
UC8bnwWsV8zw-2PNpdPJiW9g,126000,False,2026-06-21T19:30:02.071178+00:00
UC9w1iBxjc8zExstMBY18imw,123000,False,2026-06-21T19:30:02.071181+00:00
UC8emJyyIsrlzo3V3nwFj_5Q,67700,False,2026-06-21T19:30:02.071185+00:00
UC3McPdkyidCBzdV_XbQu-4w,69600,False,2026-06-21T19:30:02.071188+00:00
UCD0Kba00rO0XaRKJ-qyrszw,261000,False,2026-06-21T19:30:02.071192+00:00
UC-SlVdCnyGUo_UrlZxmKGgg,52200,False,2026-06-21T19:30:02.071195+00:00
UC6E2mP01ZLH_kbAyeazCNdg,21800000,False,2026-06-21T19:30:02.071199+00:00
UCSiNI1WctAmWjmYuYQ19OKA,79500,False,2026-06-21T19:30:02.071202+00:00
UCViiuqf0n0lYjIYn0WsmFyQ,157000,False,2026-06-21T19:30:02.071206+00:00
UCEKUm3S2IREvHnCU0UPwM7w,164000,False,2026-06-21T19:30:02.071209+00:00
UCUvm0IAjJCPDeN-B4D2V5YQ,21700,False,2026-06-21T19:30:02.071213+00:00
UCfe8_5qCM2n2uoB3Nsz_IFQ,576000,False,2026-06-21T19:30:02.071216+00:00
UC8jFb9OgzNzKEbzHA5PREGw,37600,False,2026-06-21T19:30:02.071220+00:00
UCm6Zr52gLnfDcszsF4RePuQ,843000,False,2026-06-21T19:30:02.071223+00:00
UC0z4aPH95GA94fKH2OBdNIA,65000,False,2026-06-21T19:30:02.071227+00:00
UCMClRhJqryxk0f3otNCSjZg,44400,False,2026-06-21T19:30:02.071231+00:00
UCHuvIPMRdfFNxtCetdc216Q,29500,False,2026-06-21T19:30:02.071234+00:00
UCHpzBiFeDyANk_ZvX4yBLlQ,178000,False,2026-06-21T19:30:02.071238+00:00
UCQyv_OmAiMPElupzZbtVdcg,194000,False,2026-06-21T19:30:02.071241+00:00
UCHnCGxK78E6gFotcpaV-buw,201000,False,2026-06-21T19:30:02.071245+00:00
UC2SP1C1L7iY_d39JQQcV_OQ,75300,False,2026-06-21T19:30:02.071248+00:00
UC16bljMGmi9JYoyL5x9jLGg,900000,False,2026-06-21T19:30:02.071252+00:00
UCJXMEFchPxlXrsGYyNeM2Xg,25500,False,2026-06-21T19:30:02.071255+00:00
UC8fHDBGAgaHRX2SfVxjsABQ,208000,False,2026-06-21T19:30:02.071259+00:00
UCD0CcyMnVhEeAV5tNVM04cg,444000,False,2026-06-21T19:30:02.071262+00:00
UC19k_7hqCBqCPupBlAPKOvw,129000,False,2026-06-21T19:30:02.071265+00:00
UCh5rJ3hKfyst14bhxdCkfdQ,718000,False,2026-06-21T19:30:02.071269+00:00
UCcOSfFvLNiCCXPB0iEUEo0g,388000,False,2026-06-21T19:30:02.071272+00:00
UC8k-mtka1KCgid5aNnY2umA,310000,False,2026-06-21T19:30:02.071276+00:00
UCSgXLEAt1umhARYk35lfXhw,224000,False,2026-06-21T19:30:02.071279+00:00
UCh6vAmDoU-G9KENFjxsJTuA,20800,False,2026-06-21T19:30:02.071283+00:00
UCh8cfJu6EYhhty6g1Fx6Jrw,823000,False,2026-06-21T19:30:02.071286+00:00
UC8dQYBMH_mW_gXlSIusty7g,348000,False,2026-06-21T19:30:02.071295+00:00
UCXOn-0vPbkbgoNfM-wQnsAg,92700,False,2026-06-21T19:30:02.071301+00:00
UCrOzaM5DNp53od6P4qo-jVw,62300,False,2026-06-21T19:30:02.071308+00:00
UCHm2X8jCcW7onry-v5H_veA,256000,False,2026-06-21T19:30:02.071315+00:00
UC0aJdBlxidP5FBqJ6UAEPPA,35800,False,2026-06-21T19:30:02.071320+00:00
UCHtIPPczIPeXnuaY4w46kLg,55600,False,2026-06-21T19:30:02.071325+00:00
UC-VjzSCoMVWrSeuO-4N3UoA,50000,False,2026-06-21T19:30:02.071329+00:00
UCplhkHsYKxXjTde1lq8F-4w,2020000,False,2026-06-21T19:30:02.071335+00:00
UChChS6k7XIhPp8ZpNa9_WVg,166000,False,2026-06-21T19:30:02.071341+00:00
UCMMBGMjrrWcRZmG_lW4jC-Q,1660000,False,2026-06-21T19:30:02.071348+00:00
UCm47Ic5yMgD_RnSyrrlmsKQ,31600,False,2026-06-21T19:30:02.071352+00:00
UCpw5utVraPaunBx8CJ0ikXg,9260,False,2026-06-21T19:30:02.071356+00:00
UCYi00JlMubJ0MPY9eqPXhoQ,441000,False,2026-06-21T19:30:02.071359+00:00
UCR9tUjUy5H8OGTxHcNmZylQ,39900,False,2026-06-21T19:30:02.107837+00:00
UC3JdH3cAWaUrNzjkk-CaBdA,64400,False,2026-06-21T19:30:02.107861+00:00
UC39OZ_IRiZLUfRQx8R9zDgQ,145000,False,2026-06-21T19:30:02.107867+00:00
UC0eN2lZzUS1mbNOugWsisvw,14800,False,2026-06-21T19:30:02.107871+00:00
UCE52RveEpQ1AObKPloQBkCg,519000,False,2026-06-21T19:30:02.107876+00:00
UC3A0nuJpz3NnPi2luPj41fA,109000,False,2026-06-21T19:30:02.107881+00:00
UCE83q4DRD6HZj2ebVf2O29g,104000,False,2026-06-21T19:30:02.107885+00:00
UCJFZiqLMntJufDCHc6bQixg,2920000,False,2026-06-21T19:30:02.107890+00:00
UC9ssafFOm4XEvKi6catrzWg,23400,False,2026-06-21T19:30:02.107894+00:00
UC9dCAvswN-ts7XScH9x4EFw,76100,False,2026-06-21T19:30:02.107899+00:00
UC-KCDAFaIerSgTmBKFIZLUQ,92800,False,2026-06-21T19:30:02.107903+00:00
UC-PYFlNwRzLcGfMzT4pSl5Q,277000,False,2026-06-21T19:30:02.107907+00:00
UCvlctY0BTwLULhSSpZ6_wmw,547000,False,2026-06-21T19:30:02.107910+00:00
UCX_nNpl_WxGy17_Yl5zpTrQ,173000,False,2026-06-21T19:30:02.107914+00:00
UC-O-iSYkOiozB_KQ_SAbaig,14000,False,2026-06-21T19:30:02.107917+00:00
UCz3YGxYNeqGWI5xXPhmHyCQ,326000,False,2026-06-21T19:30:02.107921+00:00
UC8s1FrVoPsTSbFSxsdWA11Q,147000,False,2026-06-21T19:30:02.107924+00:00
UC5fO34mqiXSq2n8v8C9jIwQ,20300,False,2026-06-21T19:30:02.107928+00:00
UC2gq6CEYA3uXaM413nljZ-w,126000,False,2026-06-21T19:30:02.107931+00:00
UC2anAxlFg64q98Ba176msrA,1250000,False,2026-06-21T19:30:02.107935+00:00
UCEIXrjU4QgbKqZgZO1L9SVA,20000,False,2026-06-21T19:30:02.107939+00:00
UCHz1B8V8n6Sv4M9zuAPTXtw,45400,False,2026-06-21T19:30:02.107942+00:00
UC2Xn_1DDZJaaEtpPwh-qJtw,33100,False,2026-06-21T19:30:02.107946+00:00
UCI2WFvroYaoc7dk9GNfyz3Q,16900,False,2026-06-21T19:30:02.107949+00:00
UC5bu8qvD-y0eo2A6yLfvr3A,2030000,False,2026-06-21T19:30:02.107953+00:00
UCcDToNttP5AiSZ_bT0N5zYA,258000,False,2026-06-21T19:30:02.107956+00:00
UCSPkmZyeHlDNE-6YMSg5Fbg,1340000,False,2026-06-21T19:30:02.107960+00:00
UCJDlWbsmv37WvT-hdyiLNVw,691000,False,2026-06-21T19:30:02.107963+00:00
UCz4tgANd4yy8Oe0iXCdSWfA,13700000,False,2026-06-21T19:30:02.107966+00:00
UCI4mta4pWhYhPSLhjmUAfZQ,234000,False,2026-06-21T19:30:02.107970+00:00
UC6DP40rj4T4RmFREnKrTYbw,57800,False,2026-06-21T19:30:02.107973+00:00
UC5_6HzflTSqLSLOpWOGXelA,567000,False,2026-06-21T19:30:02.107977+00:00
UC2gg1NtHtFD7QN9V83zBBPQ,79900,False,2026-06-21T19:30:02.107980+00:00
UC-I7KHWuazM1EEo9wzp0TrA,6030000,False,2026-06-21T19:30:02.107984+00:00
UC3L0DQZ07DRwxY3mQcK_0xg,12800,False,2026-06-21T19:30:02.107987+00:00
UC5_-qhFtHJP-ggLNKcdcuDQ,18200,False,2026-06-21T19:30:02.107991+00:00
UCIBpLuD6aW5PaEUQgabzmMw,107000,False,2026-06-21T19:30:02.107994+00:00
UCHy-izLFKvRMx3oNe4m1yzQ,67400,False,2026-06-21T19:30:02.107998+00:00
UC2Z-fDplbC4jR1FYmIBt84A,81200,False,2026-06-21T19:30:02.108025+00:00
UCNYi_zGmR519r5gYdOKLTjQ,17700000,False,2026-06-21T19:30:02.108032+00:00
UC8vzbjthwDMK8dAHEte6eMQ,3480000,False,2026-06-21T19:30:02.108036+00:00
UCD78i6matvdCqvQ0hXFq_lw,55700,False,2026-06-21T19:30:02.108040+00:00
UCNXTtiDmPTUdVfCfxvxbvqg,122000,False,2026-06-21T19:30:02.108043+00:00
UC9ruVYPv7yJmV0Rh0NKA-Lw,1370000,False,2026-06-21T19:30:02.108047+00:00
UCJIqtav8DKuTfUdod9DayQA,60900,False,2026-06-21T19:30:02.108050+00:00
UC9nvLJhH9dUfShTr1VuhxVA,1530000,False,2026-06-21T19:30:02.108054+00:00
UC3GqXsYKXcrDiiwqoAKA-Yw,366000,False,2026-06-21T19:30:02.108057+00:00
UC2cIh29vyhZqbjkOe9ovQuQ,215000,False,2026-06-21T19:30:02.108061+00:00
UCDthpHc_sDIMnh-b_BjPISA,320000,False,2026-06-21T19:30:02.108064+00:00
UC8q4zg4McLWSfaguwg2HZaQ,42100,False,2026-06-21T19:30:02.108067+00:00
UCbPTRfPH03A0NwNpy64jjCg,10400,False,2026-06-21T19:30:02.143234+00:00
UCbnZnyao-VPjoVrIpufKx9w,505000,False,2026-06-21T19:30:02.143263+00:00
UC9nTUu66yJpBWJQp7voJGng,76100,False,2026-06-21T19:30:02.143271+00:00
UC2hnL_7ONv-fOTOdtgkrPzA,64200,False,2026-06-21T19:30:02.143277+00:00
UCRd1HPgj9MDFuCEtkbJ9DiA,26700,False,2026-06-21T19:30:02.143283+00:00
UCgjQmQyLEMYh9qMPHbwtbAw,11600,False,2026-06-21T19:30:02.143289+00:00
UC9kkLTFR6fS3uJB75yx0idg,163000,False,2026-06-21T19:30:02.143294+00:00
UCIPfDglwgRqcpYirwZCVuOA,207000,False,2026-06-21T19:30:02.143299+00:00
UCXg48TqDJpHeQR79MJM_SuQ,149000,False,2026-06-21T19:30:02.143304+00:00
UCqQCfFDTU0RhhbRI1aBDU6A,772000,False,2026-06-21T19:30:02.143310+00:00
UCqLhfqwlHN4qxnVmUJ_srXA,8990,False,2026-06-21T19:30:02.143316+00:00
UCVOiPmoBB_-tm5a3CaJVM9w,125000,False,2026-06-21T19:30:02.143325+00:00
UCJ6QRG9oSJTUuIHXGIxmuzg,49100,False,2026-06-21T19:30:02.143331+00:00
UC5l8bnxxl26Q5PDG_jawcuw,1670000,False,2026-06-21T19:30:02.143336+00:00
UCktDZ8vqySa0Pc7GfgYeCRg,23400,False,2026-06-21T19:30:02.143341+00:00
UCMKOKg7vn3dj4VQHF639OZg,13600,False,2026-06-21T19:30:02.143345+00:00
UCbxNKPuL7G3M_Zjt03d2IYA,165000,False,2026-06-21T19:30:02.143351+00:00
UCYITFc8_Soe-7tVtajoq1lQ,17900,False,2026-06-21T19:30:02.143356+00:00
UC0x3-oWbp8upxtyrOdquO8g,7080,False,2026-06-21T19:30:02.143361+00:00
UCuVya7waZM35G1uPUeOyDpg,126000,False,2026-06-21T19:30:02.143367+00:00
UCkhZRVnDFiGF9A9s5zYiwxw,75600,False,2026-06-21T19:30:02.143372+00:00
UCbp9MyKCTEww4CxEzc_Tp0Q,140000000,False,2026-06-21T19:30:02.143377+00:00
UCcCAYUKxEuPO692f_WYGxKg,231000,False,2026-06-21T19:30:02.143383+00:00
UCMlrVxS7xTrXaP9MzF6jAmQ,137000,False,2026-06-21T19:30:02.143388+00:00
UC-J-KZfRV8c13fOCkhXdLiQ,24900000,False,2026-06-21T19:30:02.143393+00:00
UCVgWvb_vKG4wU-iqfc8JZ7w,738000,False,2026-06-21T19:30:02.143398+00:00
UCE4AfJ_twSPLH5Og288FMlw,510000,False,2026-06-21T19:30:02.143404+00:00
UCMWuA3HeWpYUcEpxyjGN3-Q,368000,False,2026-06-21T19:30:02.143409+00:00
UCDCHc4fuc8VydqyAgU-1ibA,216000,False,2026-06-21T19:30:02.143414+00:00
UC2g7VZ9c9ByCPYprFn82H3w,12900,False,2026-06-21T19:30:02.143419+00:00
UC911p4GBOVMaZY4ap_U56qw,12100,False,2026-06-21T19:30:02.143424+00:00
UC5Yq1a-Y8omggUrgBuEhqYg,73200,False,2026-06-21T19:30:02.143429+00:00
UCgBarrxPbOPSBYIAtVrbO7w,858000,False,2026-06-21T19:30:02.143435+00:00
UC0rPzOftAFIF2zHwQpeu6eQ,22100,False,2026-06-21T19:30:02.143440+00:00
UC8z_oPIi3BG8vzsS7w_bCUw,13400,False,2026-06-21T19:30:02.143446+00:00
UCg-KFZisJjG45CSC4eNjSxA,574000,False,2026-06-21T19:30:02.143451+00:00
UC69PmrVDjOy4KBkaW9S4ZJg,61000,False,2026-06-21T19:30:02.143456+00:00
UC0iYy3mXLdy1gf2lnLJp_Qg,10100,False,2026-06-21T19:30:02.143461+00:00
UCMdx4o_DamjWCX0wKqs7Gwg,129000,False,2026-06-21T19:30:02.143467+00:00
UC9ZnKfXEjdN0xZYAP2rfu-w,260000,False,2026-06-21T19:30:02.143472+00:00
UCboqxDSqMY9FJMORETbm42w,669000,False,2026-06-21T19:30:02.143477+00:00
UC9_zQvSZnEO8LYf5zfHN4Mg,15000,False,2026-06-21T19:30:02.143482+00:00
UCXXB1U3eVVWhpEFLCMQeGww,40200,False,2026-06-21T19:30:02.143488+00:00
UCSJ4gkVC6NrvII8umztf0Ow,15800000,False,2026-06-21T19:30:02.143493+00:00
UCRS6ZXyvJirID_ovtaYFV-A,530000,False,2026-06-21T19:30:02.143498+00:00
UC6BciRKAq8E90HFuEQE1lQQ,165000,False,2026-06-21T19:30:02.143503+00:00
UC61K1rlTcu3whbzjlHIa2dA,503000,False,2026-06-21T19:30:02.143508+00:00
UCRcujcZQWZGY8FYNJ9vWYww,65200,False,2026-06-21T19:30:02.143513+00:00
UC30CBOokCpXIdSuYJgkjsuQ,85100,False,2026-06-21T19:30:02.143518+00:00
UClVsQnfs-jKkjKmUKUHnT2g,209000,False,2026-06-21T19:30:02.143523+00:00
UCS4KsbGyXg5YZxuYLhSXAKQ,473000,False,2026-06-21T19:30:02.183332+00:00
UCgLbewDA8yoyTOYmWVI9fuQ,45300,False,2026-06-21T19:30:02.183360+00:00
UCgew41EnrAYSKKZmPhnm2ZA,422000,False,2026-06-21T19:30:02.183367+00:00
UC32eV8m1229STWwLkUw0jwA,3870,False,2026-06-21T19:30:02.183374+00:00
UCDcsyCt9Oc9T105iywgLScA,19100,False,2026-06-21T19:30:02.183379+00:00
UCV6q2FUfqVAhkG2-XsR-9nA,85000,False,2026-06-21T19:30:02.183385+00:00
UC9D6GpfD8DAG-NVF6Dv896Q,3030000,False,2026-06-21T19:30:02.183391+00:00
UCbxAeKe2f9WZGbKy1jHV0Dw,73000,False,2026-06-21T19:30:02.183397+00:00
UCzgxx_DM2Dcb9Y1spb9mUJA,19300000,False,2026-06-21T19:30:02.183402+00:00
UC9PC51Gw2A60kTM2S4EdRmQ,104000,False,2026-06-21T19:30:02.183408+00:00
UCIhqq_TjKA6IyCzgHTTxsAw,865000,False,2026-06-21T19:30:02.183414+00:00
UCS4zz2k_1eRjJpUHAn07vUA,172000,False,2026-06-21T19:30:02.183420+00:00
UC-2roq7xkyzwFvuYFPeresg,54200,False,2026-06-21T19:30:02.183425+00:00
UC31tv9pB5vAkGPUMeIxI9wQ,45600,False,2026-06-21T19:30:02.183431+00:00
UCIigv9W8ChJl0P-28Eev8Jw,277000,False,2026-06-21T19:30:02.183437+00:00
UCDnaFU4z3bx4njz2acuuh6w,25900,False,2026-06-21T19:30:02.183443+00:00
UC5zjWd-VSxkJ939DZX1ZZVQ,9610,False,2026-06-21T19:30:02.183448+00:00
UCgIUiYo9N8nmubnLNV6DBzA,145000,False,2026-06-21T19:30:02.183454+00:00
UCvFDKtnSTUy48uAzRcayqJQ,131000,False,2026-06-21T19:30:02.183459+00:00
UCRzaLTMGrECyGkjjuT9OFwQ,1000000,False,2026-06-21T19:30:02.183466+00:00
UC-7sYi9OninbvXP4toJ8ZiQ,22700,False,2026-06-21T19:30:02.183471+00:00
UCMmO8fiv0J34qc0qIO6t31A,847000,False,2026-06-21T19:30:02.183477+00:00
UCDaEohRDyNe2-K1IdMyLVkg,42300,False,2026-06-21T19:30:02.183482+00:00
UCDTp3j1HLmhUCe2-gXqA40w,180000,False,2026-06-21T19:30:02.183487+00:00
UCzj-di9DoNiL9ktZPtn5k3g,90000,False,2026-06-21T19:30:02.183493+00:00
UCRvFZvnqmjnyMJ9k1ZVpZzQ,77300,False,2026-06-21T19:30:02.183499+00:00
UCgfBCWk4luXcRLycEqfIxIA,191000,False,2026-06-21T19:30:02.183505+00:00
UCRpIJNPiiMpuuYBhGkPd_gA,29400,False,2026-06-21T19:30:02.183510+00:00
UCS9pWSLKpCEQePdX48K0kuw,16200,False,2026-06-21T19:30:02.183515+00:00
UCRbyjyOWHO9W7wyLSlLeeIg,801000,False,2026-06-21T19:30:02.183521+00:00
UCbb9FsCRA83-6vdgXn2KSyA,1050000,False,2026-06-21T19:30:02.183527+00:00
UC9GdsamC49zOP6bH_dgQSgg,55800,False,2026-06-21T19:30:02.183533+00:00
UCzPBIyFM_VyXgG9At-1Il4Q,723000,False,2026-06-21T19:30:02.183538+00:00
UCVHbha6hXQkrNmGow5XQyoQ,64200,False,2026-06-21T19:30:02.183544+00:00
UC9KcUFBjHLqwJ7vyitUtBQA,149000,False,2026-06-21T19:30:02.183549+00:00
UC0uLbuliPODKPbRy77hqmXQ,24100,False,2026-06-21T19:30:02.183554+00:00
UCN0mQL1qd9Onwgyw-V7Ft1g,25700,False,2026-06-21T19:30:02.183560+00:00
UC9EizwfP0QQ7_XH97hAuiZA,69100,False,2026-06-21T19:30:02.183565+00:00
UC2xMnpXn7RGm83UYdOnV-0w,180000,False,2026-06-21T19:30:02.183570+00:00
UCXrp0H7BPBHx2YTYMiiKEAA,1200000,False,2026-06-21T19:30:02.183576+00:00
UCvHBkEq9lnsNxu9mY9r9FhQ,40700,False,2026-06-21T19:30:02.183581+00:00
UC--VXRpoDtokerOb5TDwE5g,5310000,False,2026-06-21T19:30:02.183586+00:00
UCXx0Upd1y2YswfJg6BFav4A,189000,False,2026-06-21T19:30:02.183591+00:00
UC9MLD5INacTBWo9VnibgiKQ,8300,False,2026-06-21T19:30:02.184321+00:00
UCXxadyQNuH1CA56lzxYtzXA,33400,False,2026-06-21T19:30:02.184630+00:00
UCMx3QfrU5BuRqRsrJhZHv6A,52200,False,2026-06-21T19:30:02.184642+00:00
UCIjYyZxkFucP_W-tmXg_9Ow,19600000,False,2026-06-21T19:30:02.184648+00:00
UC-2Y8dQb0S6DtpxNgAKoJKA,17200000,False,2026-06-21T19:30:02.184654+00:00
UCgLe3wgzjuY5-9jcOh6GlgQ,363000,False,2026-06-21T19:30:02.184660+00:00
UCS6qtGykYasxuACtMD75K_w,321000,False,2026-06-21T19:30:02.184665+00:00
UC9SED_R0__JoyR-x_EFE2gA,18200,False,2026-06-21T19:30:02.227234+00:00
UCzSUsDbhcdTgTnyD1esPatw,792000,False,2026-06-21T19:30:02.227263+00:00
UCRvgCdrKWv8DvzX4enfYJCg,25900,False,2026-06-21T19:30:02.227270+00:00
UC-M3t08tcnHmvMRKRMSJgoQ,35100,False,2026-06-21T19:30:02.227277+00:00
UCzH-IRXHeF4jox0P4qBxWAQ,294000,False,2026-06-21T19:30:02.227283+00:00
UCzOCAEozQ5oNeF14kWh-dMQ,280000,False,2026-06-21T19:30:02.227289+00:00
UC9LJs2178FQjXeqqB_id1AQ,64200,False,2026-06-21T19:30:02.227295+00:00
UC-JS7QLK-u70e6vRUZPLjhQ,42900,False,2026-06-21T19:30:02.227300+00:00
UC-HIyS_41IgbAgajn--1utA,5220,False,2026-06-21T19:30:02.227305+00:00
UC9HbCn4LDlkeNyhUKUwNaAQ,148000,False,2026-06-21T19:30:02.227311+00:00
UC-8Q-hLdECwQmaWNwXitYDw,24200000,False,2026-06-21T19:30:02.227316+00:00
UCREjc4LkyuGdbaRUVMjBdtw,65000,False,2026-06-21T19:30:02.227321+00:00
UC9AFkn7ekQnvt8qYHVrxe4Q,162000,False,2026-06-21T19:30:02.227327+00:00
UCRZCwHb4VhgEAF3owfdKATw,141000,False,2026-06-21T19:30:02.227332+00:00
UCgLt6RS5cHmL6i15sbu2kGw,617000,False,2026-06-21T19:30:02.227338+00:00
UC-9BNQSqNx9T6j63UqdP6hQ,44500,False,2026-06-21T19:30:02.227344+00:00
UC-9xDciS5-k4LAp6RYcnn8g,74900,False,2026-06-21T19:30:02.227349+00:00
UCRf_7nS9lxLZFfK6kJBvK5A,379000,False,2026-06-21T19:30:02.227354+00:00
UCRCWoyqIv80OrDeswAcCmaQ,44900,False,2026-06-21T19:30:02.227360+00:00
UCgSHf0Vs2HNgQfzTbe4UVdQ,89800,False,2026-06-21T19:30:02.227366+00:00
UCgSrkcAGVOGo-YG6mY85khg,60900,False,2026-06-21T19:30:02.227371+00:00
UC9BOFGr38H86t5V7_K3WlNA,86000,False,2026-06-21T19:30:02.227376+00:00
UCRZlpN5Ya6KN_zQbVPgWDnA,264000,False,2026-06-21T19:30:02.227380+00:00
UCSHFi0CsLjTA6R8rLMBJ0BQ,45200,False,2026-06-21T19:30:02.227385+00:00
UC-SEmxk-bEGxHFMm78NCLNw,69700,False,2026-06-21T19:30:02.227391+00:00
UC9PEibgWOqZ-1I1JdxRmr6g,6930000,False,2026-06-21T19:30:02.227396+00:00
UC-Lmxe8ImqCI73hqOjI28ig,407000,False,2026-06-21T19:30:02.227401+00:00
UCzKa8fRPoCbKh8O9yW2JK2g,3880000,False,2026-06-21T19:30:02.227407+00:00
UC-JBOEI9NRCis8p_han0xww,112000,False,2026-06-21T19:30:02.227411+00:00
UC9SzYMETLBc9kawnL8ZNW0Q,30000,False,2026-06-21T19:30:02.227416+00:00
UC9CndkMjwD9HbjPJGp1hc3g,236000,False,2026-06-21T19:30:02.227420+00:00
UC-EMnVMgRVfQmAw2fH4W7gw,51700,False,2026-06-21T19:30:02.227425+00:00
UCRFjky7ev2G2SrvpIb1sQRQ,39600,False,2026-06-21T19:30:02.227429+00:00
UCz9-5v09NoK6S7yk3K-Y8HA,52000,False,2026-06-21T19:30:02.227434+00:00
UCRmWSPpD1-o-O8SYFN3US6A,162000,False,2026-06-21T19:30:02.227438+00:00
UCR8Oq6Y7w2AFK2Ib-mRkZQg,12200,False,2026-06-21T19:30:02.227447+00:00
UCRcA72gm2wlSafKhMa0ocHg,294000,False,2026-06-21T19:30:02.227452+00:00
UCSK4Ikp1v5WPe30pTJVe6Zw,225000,False,2026-06-21T19:30:02.227456+00:00
UC9EEqoWB1k8f6v8odmOg0TQ,55100,False,2026-06-21T19:30:02.227461+00:00
UCSAvLR2Y1_OKg4zf3gtef5g,49200,False,2026-06-21T19:30:02.227465+00:00
UC-SJWaFbijf8GpZLTayy8gw,22700,False,2026-06-21T19:30:02.227470+00:00
UC9GtSLeksfK4yuJ_g1lgQbg,8560000,False,2026-06-21T19:30:02.227474+00:00
UC-FNlCXs_xEmBomOUC33EIw,81600,False,2026-06-21T19:30:02.227478+00:00
UCSC9rYQAZibeNTJ6K1N17wg,473000,False,2026-06-21T19:30:02.227483+00:00
UCRZVb2Xw2j1cntHA8UvbPhQ,227000,False,2026-06-21T19:30:02.227487+00:00
UCRDj3fsO4eEwh1yHgRoRiww,58200,False,2026-06-21T19:30:02.227492+00:00
UCgIgesHxhI1fa5nY7XNJ5rQ,147000,False,2026-06-21T19:30:02.227496+00:00
UC-LGGavoeps5RegITdHegrg,47100,False,2026-06-21T19:30:02.227501+00:00
UC9MPbd2yIK6-yCjhVz9utLA,19500,False,2026-06-21T19:30:02.227505+00:00
UC-EiWb2xz1ZfTl8VBcEWqIQ,69200,False,2026-06-21T19:30:02.227510+00:00
UC8x-pTwIbi1_FeTpiRQSLYg,26200,False,2026-06-21T19:30:02.273844+00:00
UC-d1SG2Gk11r-d08Bz-PGog,349000,False,2026-06-21T19:30:02.273867+00:00
UC-g4Pydd3d7pqvzhC8pIZZg,2610,False,2026-06-21T19:30:02.273872+00:00
UC-cLxIAq3grMR22PULSIM8A,6340,False,2026-06-21T19:30:02.273875+00:00
UCQl6AWZxUcaGMxDskAeyxOQ,25000,False,2026-06-21T19:30:02.273878+00:00
UCSmuKK6Y1HEwDRWHzWAMm6w,44400,False,2026-06-21T19:30:02.273882+00:00
UCgAn_fNACU7fqTf8w8jRDvQ,15500,False,2026-06-21T19:30:02.273885+00:00
UCSTXol20Q01Uj-U5Yp3IqFg,698000,False,2026-06-21T19:30:02.273888+00:00
UCyRBmlc6j7vZVVMr-dSDMDw,437000,False,2026-06-21T19:30:02.273891+00:00
UCQvJxR62yMivVMswDdm-EJg,191000,False,2026-06-21T19:30:02.273893+00:00
UC-fJtROW71hGam_1bOMpoEw,70700,False,2026-06-21T19:30:02.273896+00:00
UCSsz3UOcHtazkHDGzoGYzBQ,341000,False,2026-06-21T19:30:02.273899+00:00
UCQ5URCSs1f5Cz9rh-cDGxNQ,1580000,False,2026-06-21T19:30:02.273902+00:00
UCgh1fmHKuenZSZXtPvuPWyA,10000,False,2026-06-21T19:30:02.273905+00:00
UCQkn23HWT1cq8eXtuJkiWFg,44200,False,2026-06-21T19:30:02.273907+00:00
UCQSiZtTYitqsgEHiZ-Lxn0A,41800,False,2026-06-21T19:30:02.273910+00:00
UCSYFtY29MV-OKKnQZNozlLg,116000,False,2026-06-21T19:30:02.273913+00:00
UC97Wvq1X26Xer2dQN2RidCQ,46300,False,2026-06-21T19:30:02.273916+00:00
UC-kzC82QwWLa26a-RPIrQTw,105000,False,2026-06-21T19:30:02.273919+00:00
UC8zLluFMI6hwyeKrc35Z_ug,4150,False,2026-06-21T19:30:02.273922+00:00
UCSVUraoC0p7x_HwMlMcvsPA,175000,False,2026-06-21T19:30:02.273925+00:00
UC92Eq4HX1lc3AzT1dgp7XfQ,240000,False,2026-06-21T19:30:02.273928+00:00
UC92PsS_qPozfHvOxqJC7sIw,30100,False,2026-06-21T19:30:02.273931+00:00
UC-YEg2FdThdeD5m2OU8ZPCQ,3780,False,2026-06-21T19:30:02.273934+00:00
UCR7PoJakLkk7TFXLVZJXTGg,37000,False,2026-06-21T19:30:02.273936+00:00
UCR-Mf9hp696wH2nD6Kl9nBw,46700,False,2026-06-21T19:30:02.273939+00:00
UCQU_9WCmWtH9mAI4HcyOeXw,74500,False,2026-06-21T19:30:02.273942+00:00
UCQVD0UuD3KV3xEwxobrvsJw,197000,False,2026-06-21T19:30:02.273945+00:00
UCge05FDYD6F_NT1NC1A_b3A,534000,False,2026-06-21T19:30:02.273948+00:00
UCyuEAZQzRqhcaLZvQd9ZUNA,821000,False,2026-06-21T19:30:02.273950+00:00
UC8ydwIlXSlvrWRlX94gpUBw,175000,False,2026-06-21T19:30:02.273953+00:00
UCxr2z4ecW0df5zEtR1yFMyg,394000,False,2026-06-21T19:30:02.273956+00:00
UC-dmJ79518WlKMbsu50eMTQ,1940000,False,2026-06-21T19:30:02.273959+00:00
UCxy3iqZlDJuNFubNW8AwdSQ,87400,False,2026-06-21T19:30:02.273962+00:00
UCy4yDp3CnnedJVLyBFql8aA,68200,False,2026-06-21T19:30:02.273965+00:00
UCSORyE5sVWrfYETRh0uInPw,876000,False,2026-06-21T19:30:02.273967+00:00
UC-azJrHeE66u0zbAmEPnefA,132000,False,2026-06-21T19:30:02.273970+00:00
UCyOfqgtsQaM3S-VZnsYnHjQ,5010000,False,2026-06-21T19:30:02.273973+00:00
UC-ZVcMhlFj1DRRbIGLgT2IQ,83500,False,2026-06-21T19:30:02.273976+00:00
UCQsDp_bWTT1S0yLOo_IFgZQ,150000,False,2026-06-21T19:30:02.273979+00:00
UC9-Z4TFtqPQdShVD8OSC_NQ,7360,False,2026-06-21T19:30:02.273981+00:00
UCQ6u9aSYlE2Xrsws6Y00q1w,148000,False,2026-06-21T19:30:02.273984+00:00
UCQg8c3NRChdfRH2j1xMLaGA,22200,False,2026-06-21T19:30:02.273987+00:00
UC-QwEsnc_f8JEboR-jwLLpQ,70800,False,2026-06-21T19:30:02.273990+00:00
UCR3eHnvTsH8v3Bf_DQWr72w,88300,False,2026-06-21T19:30:02.273993+00:00
UC9bet8Rcj620A9n_qBj4nUg,357000,False,2026-06-21T19:30:02.273995+00:00
UC-db7Tl3VZJIlICjaoV69iA,153000,False,2026-06-21T19:30:02.274026+00:00
UCQTvAutdntZvp6wobnwjSow,84900,False,2026-06-21T19:30:02.274032+00:00
UCSbBrzm7jMKwQV93CsDS39w,277000,False,2026-06-21T19:30:02.274038+00:00
UCy3fP92-vzOmYfG1vzGIqTA,55000,False,2026-06-21T19:30:02.274044+00:00
UCTyFB1ymXlkkrf5SbvN05hA,178000,False,2026-06-21T19:30:02.312727+00:00
UCP_1xgZmGjcH5FpDSmFUGdw,12600,False,2026-06-21T19:30:02.312758+00:00
UCx6uHC-VzNeakSFECf-U90A,487000,False,2026-06-21T19:30:02.312765+00:00
UC-oEP6v7yPa4hANJvL9aQuw,22700,False,2026-06-21T19:30:02.312771+00:00
UCT_QfkrC1pk9Ol67LZ37zaA,11300,False,2026-06-21T19:30:02.312778+00:00
UC-ojS63IBNqKmyBn9EP-NdQ,105000,False,2026-06-21T19:30:02.312785+00:00
UCPZanxauWjpffKTWSh3_IDw,496000,False,2026-06-21T19:30:02.312792+00:00
UCPZ6Q9Tlp_QGGvcmX8w76tw,58400,False,2026-06-21T19:30:02.312798+00:00
UCPzNj3UR5Sa8UDNL5j7_rOQ,505000,False,2026-06-21T19:30:02.312804+00:00
UC08cbDyoQG0J8kBfED402TA,4950,False,2026-06-21T19:30:02.312810+00:00
UC09PYZNPkPW0G60IFu36B2g,59900,False,2026-06-21T19:30:02.312816+00:00
UC0EV2xq2BGR7m0JJddd8k-w,115000,False,2026-06-21T19:30:02.312821+00:00
UC-w7LMa7Soxe_ml9aFDIV3w,358000,False,2026-06-21T19:30:02.312827+00:00
UCOvyMBPp9M7KNZACW7QPtrA,192000,False,2026-06-21T19:30:02.312833+00:00
UCTxin65y9cs7FsSRGZrZ0-g,344000,False,2026-06-21T19:30:02.312839+00:00
UC02YuILI65J8WK_AY2Y0LuA,46200,False,2026-06-21T19:30:02.312845+00:00
UCPyNsNSTUtywkekbDdCA_8Q,1560000,False,2026-06-21T19:30:02.312850+00:00
UC-sUWj7fzOBSyhT_ohEGvZA,319000,False,2026-06-21T19:30:02.312856+00:00
UCOtcNU9wt5v72ma_ksHjlSg,1880,False,2026-06-21T19:30:02.312862+00:00
UC9rMiEjNaCSsebs31MRDCRA,24100000,False,2026-06-21T19:30:02.312869+00:00
UCxOnNPd0-pJJsb4Zz7WxfBw,26800,False,2026-06-21T19:30:02.312875+00:00
UCU0-pCKSscLClUG5dkDGbeQ,27800,False,2026-06-21T19:30:02.312881+00:00
UCfxGbEkzgOwrRRcHmIjp4-w,109000,False,2026-06-21T19:30:02.312886+00:00
UCP1vxAJDM8grzBvocWf_FxQ,67800,False,2026-06-21T19:30:02.312892+00:00
UCwuv3nrTQYXG8Y12ahx2kBQ,454000,False,2026-06-21T19:30:02.312898+00:00
UCOqK7sUTSsQwOudkir4U5Gw,9580,False,2026-06-21T19:30:02.312904+00:00
UC07Kxew-cMIaykMOkzqHtBQ,8880000,False,2026-06-21T19:30:02.312910+00:00
UC0DlQBzPBEz7XPNmdpOVLLw,16200,False,2026-06-21T19:30:02.312916+00:00
UCPVpbXIiIDwDKVvu68-Vb-A,449000,False,2026-06-21T19:30:02.312922+00:00
UC00LLNK4no5sv-HzT2a5owg,57300,False,2026-06-21T19:30:02.312928+00:00
UCg-G6gHJzB-bcw6H-83sGng,66800,False,2026-06-21T19:30:02.312934+00:00
UCOz8F8OEqSPlRPRJfHyossQ,7100,False,2026-06-21T19:30:02.312940+00:00
UC9nvT3uJaYxlKXDdvdOJJtg,26900,False,2026-06-21T19:30:02.312946+00:00
UC08xdTMKb_imvITR1dhglgg,7570,False,2026-06-21T19:30:02.312953+00:00
UC0H4IGyB-bpKvralbeTFVwQ,200000,False,2026-06-21T19:30:02.312959+00:00
UC09IhH4PS_dWxz8tqqlDN7A,97900,False,2026-06-21T19:30:02.312965+00:00
UCxKl8aZm4TgRD5HXyjF24JQ,41400,False,2026-06-21T19:30:02.312971+00:00
UC05TCoSUwXrH72e-28Lo5xw,25000,False,2026-06-21T19:30:02.312977+00:00
UCTtiQwLNT_nvz4OoOVvdVyw,133000,False,2026-06-21T19:30:02.312983+00:00
UC9maU5TPpEMCh4L4yIKCwNA,125000,False,2026-06-21T19:30:02.312989+00:00
UC-wDoENlmgTNK356btBWpkw,47500,False,2026-06-21T19:30:02.312994+00:00
UCxBR2bnAFAavDHpHtQrTA9Q,1230000,False,2026-06-21T19:30:02.313030+00:00
UC04smQUaEReyLytN8yTzkHw,30800,False,2026-06-21T19:30:02.313037+00:00
UCTTDSLyGcFC2crN3L2-ybLQ,32700,False,2026-06-21T19:30:02.313043+00:00
UC0D6L-NV6fdgbJMRZH1Q5Ig,128000,False,2026-06-21T19:30:02.313049+00:00
UCwujOAuMA0IsTu3lSXUxzrA,167000,False,2026-06-21T19:30:02.313055+00:00
UCPSBOOXMQ3Gx8M5LZN8bO-g,165000,False,2026-06-21T19:30:02.313060+00:00
UCTRkB4JSVUBVMVrMqoZKJ7g,65400,False,2026-06-21T19:30:02.313066+00:00
UC01SsDYI6ZNFz-jD-dA_u9A,187000,False,2026-06-21T19:30:02.313072+00:00
UCTkhxITYatmAMN2nl3FayEg,139000,False,2026-06-21T19:30:02.313077+00:00
UCNiVuG2myBRECEMiZei593A,165000,False,2026-06-21T19:30:02.359828+00:00
UC0f044PCt-QkUtql9FS6sXQ,112000,False,2026-06-21T19:30:02.359859+00:00
UCOH80gCcpDplolUr6lh8YAA,97900,False,2026-06-21T19:30:02.359867+00:00
UCU_6DitM5zCXACJjQTKEh9Q,27200,False,2026-06-21T19:30:02.359874+00:00
UCA0tXWkPLzk9Sf59lo5d2ig,43400,False,2026-06-21T19:30:02.359880+00:00
UC0i5DoDaPTkvl3OoWcipQgQ,114000,False,2026-06-21T19:30:02.359886+00:00
UC9ua902wOZQWKP3mxcFqzTw,803000,False,2026-06-21T19:30:02.359892+00:00
UC0Hul89PTAXeu1ibaviCCbg,51100,False,2026-06-21T19:30:02.359897+00:00
UCwM-elGM7Pay9uiWqgeO_AA,131000,False,2026-06-21T19:30:02.359902+00:00
UCUhjs8qOXAHqOBiPyfUM2vQ,119000,False,2026-06-21T19:30:02.359908+00:00
UCOb49mOu4z3FTYRkIrFtYMQ,1060000,False,2026-06-21T19:30:02.359914+00:00
UCNmjvVzmY-SH4XBSA8ivLnQ,688000,False,2026-06-21T19:30:02.359919+00:00
UCvpDuJLRV07mTu6gh9CGq0w,132000,False,2026-06-21T19:30:02.359925+00:00
UCUkEdRatG8kVQlsm69jU0HQ,166000,False,2026-06-21T19:30:02.359930+00:00
UCNXn_hlJRAixli0hlRPxAhw,78900,False,2026-06-21T19:30:02.359935+00:00
UC0_wz6vGB92wS9hcqhhNvMA,10600,False,2026-06-21T19:30:02.359941+00:00
UCwGNwOsWOX4v-3k2JO088SQ,463000,False,2026-06-21T19:30:02.359945+00:00
UCNrrDx6Z5gFe-Qr7vltlVJQ,254000,False,2026-06-21T19:30:02.359951+00:00
UCwfEbb5Pt4zetZke4A0DAPg,492000,False,2026-06-21T19:30:02.359956+00:00
UCUkBBfg2OkoMPre0XxydEdw,141000,False,2026-06-21T19:30:02.359963+00:00
UC0_5c7kyg6I3uRI-5LuOdeg,4040,False,2026-06-21T19:30:02.359968+00:00
UC0cpUGlqr4YlEmRG7543dEg,815000,False,2026-06-21T19:30:02.359973+00:00
UC9ykbjiUeYAgiuC9uiCmGJg,99900,False,2026-06-21T19:30:02.359978+00:00
UC0MwTuNA7dqMjqVaGkz0bow,169000,False,2026-06-21T19:30:02.359983+00:00
UCOcsWKHjIfumR7FhKNZyQfw,153000,False,2026-06-21T19:30:02.359988+00:00
UC0NRyTXrKmSm_RSoBEJR41Q,378000,False,2026-06-21T19:30:02.359993+00:00
UC8gphUopLGuo0dJoyAnNE2Q,338000,False,2026-06-21T19:30:02.360024+00:00
UCvoaQNxhpoQf-S923dNDd9g,109000,False,2026-06-21T19:30:02.360589+00:00
UCOik7AOLcFxX9wNJP3D1MCQ,16700,False,2026-06-21T19:30:02.360598+00:00
UCwNy0xYVR3mlfFTUBoZchrg,404000,False,2026-06-21T19:30:02.360604+00:00
UCNiXCniQU6D32nYxJVd3fYg,264000,False,2026-06-21T19:30:02.360610+00:00
UCw88L36ZY-rpVdHwIrQ4EDw,3030,False,2026-06-21T19:30:02.360616+00:00
UC8ll7KAVY5sAtrmqdvmWcTQ,215000,False,2026-06-21T19:30:02.360622+00:00
UCUDDG3vm-xZlGrND4uZ7yxg,245000,False,2026-06-21T19:30:02.360627+00:00
UCNwA4Db7w1ttuXJaJ_1CIcA,24500,False,2026-06-21T19:30:02.360633+00:00
UCNlkT_m_B6X8hndOMBUxvaw,89800,False,2026-06-21T19:30:02.360638+00:00
UCO4YgtcBvQhTgpCIAP9Y-CQ,123000,False,2026-06-21T19:30:02.360644+00:00
UC0fvGpDXi7sV2hbgD-O47yw,23400000,False,2026-06-21T19:30:02.360649+00:00
UCNzKAaIVMXFgx1VpP0UT6Fw,101000,False,2026-06-21T19:30:02.360654+00:00
UC0cy4AN51lAHRzVdpMHGTnA,30200,False,2026-06-21T19:30:02.360659+00:00
UC0LVjY1g0QSoA3edqlsqBJA,143000,False,2026-06-21T19:30:02.360665+00:00
UCw0sKM76EZ6_AhfTqdnkQ4g,800000,False,2026-06-21T19:30:02.360670+00:00
UCNvPPHtuWQ3m7hADbq_8bkg,34000,False,2026-06-21T19:30:02.360675+00:00
UCUfc8ZsqZ4FV9fGvS852Ypw,179000,False,2026-06-21T19:30:02.360680+00:00
UC0fwIt3KwTqN1SKv5oS6OJg,4150,False,2026-06-21T19:30:02.360685+00:00
UCUWtuyVjeMQygQiy3adHb1g,232000,False,2026-06-21T19:30:02.360689+00:00
UCNsBcgSjpuvMUw7_sEYXl3g,86900,False,2026-06-21T19:30:02.360694+00:00
UC0YZwJK11AtPPazhWnSxd6Q,25900,False,2026-06-21T19:30:02.360700+00:00
UC9zLndaycT8CfNzdpMuVT4w,6100,False,2026-06-21T19:30:02.360704+00:00
UCNrBcPAMv-jv3SWLoWzPEmQ,14700,False,2026-06-21T19:30:02.360710+00:00
UCVDK3VcWWeghifLPxIQr3ww,188000,False,2026-06-21T19:30:02.398093+00:00
UC8Mo_VCaWoffKJKF8AsLvaQ,53300,False,2026-06-21T19:30:02.398126+00:00
UC0ox9NuTHYeRys63yZpBFuA,4090000,False,2026-06-21T19:30:02.398135+00:00
UC0qRlg0U8_6cMBvFJf0p9Fw,11700,False,2026-06-21T19:30:02.398142+00:00
UCupvZG-5ko_eiXAupbDfxWw,19600000,False,2026-06-21T19:30:02.398147+00:00
UChOQar11qz-WPRoufzZteCA,35400,False,2026-06-21T19:30:02.398154+00:00
UCN4CDAi-VbMWrpNoZyC_YsQ,6430,False,2026-06-21T19:30:02.398160+00:00
UCvM-MkpgLEKGOu_kiSBc0NQ,166000,False,2026-06-21T19:30:02.398166+00:00
UCN6SjnueDXyLEe1rKy0xYEQ,272000,False,2026-06-21T19:30:02.398171+00:00
UCVWh1w6119Rjs6fd9LdZMJA,142000,False,2026-06-21T19:30:02.398176+00:00
UC8QheEuZR6-D_FG2ElItg4A,225000,False,2026-06-21T19:30:02.398182+00:00
UCMki_UkHb4qSc0qyEcOHHJw,8420000,False,2026-06-21T19:30:02.398187+00:00
UCucL8Ib4JOigpW0pgjI46xA,1620000,False,2026-06-21T19:30:02.398192+00:00
UCv055lkzg4weNoIcd_1jSYw,444000,False,2026-06-21T19:30:02.398197+00:00
UCN2lnl8IRDekbnp0GddmlvQ,111000,False,2026-06-21T19:30:02.398203+00:00
UCVQjzmyombBVX4HZvmAWWIQ,165000,False,2026-06-21T19:30:02.398208+00:00
UCMMjv61LfBy5J3AT8Ua0NGQ,132000,False,2026-06-21T19:30:02.398214+00:00
UC0vuJWDHkmoJJLmRe6PEjbA,42800,False,2026-06-21T19:30:02.398220+00:00
UCN3bVMUo4iVTapACVNho_dQ,78100,False,2026-06-21T19:30:02.398225+00:00
UCABABqCje14scIi5mIwi-Qw,134000,False,2026-06-21T19:30:02.398232+00:00
UC0tZzQK6ZSzQ4h-qR5lJXgA,143000,False,2026-06-21T19:30:02.398237+00:00
UC8bzuVZ4Ke0ctrrLpoZCpYQ,179000,False,2026-06-21T19:30:02.398243+00:00
UCMu3Uk6yzuQ69PUBfcz3QFQ,10600,False,2026-06-21T19:30:02.398249+00:00
UChNkqst-cjAoIbXb-ukn_tQ,1240000,False,2026-06-21T19:30:02.398255+00:00
UCVbE1u_LJZ08xXK8uFOQ0Dw,155000,False,2026-06-21T19:30:02.398260+00:00
UC0uR95iuiMg9dM0AkSss3JA,20200,False,2026-06-21T19:30:02.398265+00:00
UCMlpZLGp638OvI57l4lYCPg,47400,False,2026-06-21T19:30:02.398271+00:00
UC8NZiqKx6fsDT3AVcMiVFyA,1090000,False,2026-06-21T19:30:02.398276+00:00
UCA2NkwhyTt5OGEnP_DOw44w,73500,False,2026-06-21T19:30:02.398281+00:00
UCVHhpxjvvCfCaETS4EiYqiQ,6940,False,2026-06-21T19:30:02.398287+00:00
UC0jXLUyh5N3mz8V_Kv28fuQ,4000,False,2026-06-21T19:30:02.398292+00:00
UCVBqQQe9qC6ssjNuKjKiBGQ,43000,False,2026-06-21T19:30:02.398298+00:00
UCNK6sbxu8te2lwrXgYGX8Qg,255000,False,2026-06-21T19:30:02.398303+00:00
UCfNVLQ0xYJyjHVEdlOyuHcQ,190000,False,2026-06-21T19:30:02.398308+00:00
UCN7yefyme67_Iay-l-sfZGQ,155000,False,2026-06-21T19:30:02.398314+00:00
UC0yjJhXKaBs8rQiOSc9p7tQ,66100,False,2026-06-21T19:30:02.398319+00:00
UCV3o_sySWcdVrxUV9su3idQ,1410000,False,2026-06-21T19:30:02.398324+00:00
UC0v6kAlU5EwP62tbiZodgsg,144000,False,2026-06-21T19:30:02.398330+00:00
UC0qwrGW6Qkf_TGEplv_XQAg,20200,False,2026-06-21T19:30:02.398335+00:00
UC8aQ0jXzCnORzzOn6nYevEw,133000,False,2026-06-21T19:30:02.398340+00:00
UCAE0rU6iSpBXPrPRwVkH_Dg,82800,False,2026-06-21T19:30:02.398346+00:00
UCNA0HivMhdDr4_BaWgbwEKQ,133000,False,2026-06-21T19:30:02.398351+00:00
UCMSgwGfv_LfDKYqNRXBn7zw,134000,False,2026-06-21T19:30:02.398356+00:00
UCv6P5nsS9rP4tDtFlqLU_QQ,3400000,False,2026-06-21T19:30:02.398362+00:00
UCNLxBzguoGLqXWA8_BtHSHA,271000,False,2026-06-21T19:30:02.398367+00:00
UCVY4tIDNM9AgYAv6R5mmxdw,32700,False,2026-06-21T19:30:02.398373+00:00
UCvKk23twpijvqlzhSWreySg,226000,False,2026-06-21T19:30:02.398378+00:00
UCMUtzesH-1grusw-6V87tKA,67000,False,2026-06-21T19:30:02.398383+00:00
UCVC4sTdErId_xr5-iK69aKQ,61800,False,2026-06-21T19:30:02.398389+00:00
UCMd5Oj_Ek_jN45XKHqO30Hw,40600,False,2026-06-21T19:30:02.398394+00:00
UCu8YDiJJe5Ilhpl7OI5shJw,71700,False,2026-06-21T19:30:02.436448+00:00
UC1CzWN54chg7rzG7BBU2H2g,190000,False,2026-06-21T19:30:02.436479+00:00
UC13FiSa-DsQNR5ltiOjc1gQ,31300,False,2026-06-21T19:30:02.436486+00:00
UC12FUHVhwpC5lMYsMPMbmyg,191000,False,2026-06-21T19:30:02.436492+00:00
UChVChdiF7UUyjaHL_JjJzOQ,42800,False,2026-06-21T19:30:02.436499+00:00
UC1KUo8aNFK4pUYhIbr-qnEA,24300,False,2026-06-21T19:30:02.436504+00:00
UCLfLojtMGvgiR9efph6VKyw,95600,False,2026-06-21T19:30:02.436510+00:00
UChXxbzzxzUHn7RRlgX0jaIQ,37400,False,2026-06-21T19:30:02.436515+00:00
UCuIuBSxnpI85225O7F6Od3w,200000,False,2026-06-21T19:30:02.436521+00:00
UCMHwQnMGkVwr-TcTkFs3_nQ,936000,False,2026-06-21T19:30:02.436526+00:00
UCAFr5lL0dEBR5TblB81xJ_g,34400,False,2026-06-21T19:30:02.436532+00:00
UCVkpnKC3FdDMeLBZJOGh9jQ,101000,False,2026-06-21T19:30:02.436537+00:00
UCLdEdYIPup_1t03dP0tTJqw,860000,False,2026-06-21T19:30:02.436543+00:00
UCMFK4aP5Uxvb-W4TKsfBCrg,19600,False,2026-06-21T19:30:02.436548+00:00
UC8KNgGYl2JsmW3DeMa7xuEw,12000,False,2026-06-21T19:30:02.436554+00:00
UCuXpVRWN_6lJ2V2x10vDjlw,295000,False,2026-06-21T19:30:02.436559+00:00
UChZgikssAJkmiQOv_sO-ngQ,1610000,False,2026-06-21T19:30:02.436565+00:00
UC1DwW7Il7-7JEiZHvRBa6lA,21000,False,2026-06-21T19:30:02.436570+00:00
UCLtzo5aMQ02SqzTjJL2vWyw,1890000,False,2026-06-21T19:30:02.436575+00:00
UCM8GvC0PNfzPF5k50Fw-5XA,121000,False,2026-06-21T19:30:02.436582+00:00
UCto5XPKvNYZOf3uRAFoP38g,1070000,False,2026-06-21T19:30:02.436587+00:00
UC1KWupebX_8trbUDCc-VE-g,12600,False,2026-06-21T19:30:02.436592+00:00
UC10BM9XdLdrvB8japwmRUvA,1490000,False,2026-06-21T19:30:02.436597+00:00
UCLdpNQzQUmFek2mE32IoJIA,37800,False,2026-06-21T19:30:02.436602+00:00
UC1AWYKpGNZhH699x1-2J4IQ,286000,False,2026-06-21T19:30:02.436607+00:00
UC8JIxQptjrSJ0sXWKItb6VA,54500,False,2026-06-21T19:30:02.436613+00:00
UC0ztdKiVQW7AXV7ia5QXeSA,52800,False,2026-06-21T19:30:02.436619+00:00
UC178IqFF1Mbe64lRfJSin9A,26500,False,2026-06-21T19:30:02.436624+00:00
UCME18URl_IsSr1pVLHmuejA,365000,False,2026-06-21T19:30:02.436630+00:00
UCLiCU0qaVZOVB2nwj4wqpXg,97000,False,2026-06-21T19:30:02.436635+00:00
UCts0UPnL4A3kaeuFa-6Cmlg,273000,False,2026-06-21T19:30:02.436641+00:00
UC1EJuu8uyNGl_6DetQ16U0g,13700,False,2026-06-21T19:30:02.436646+00:00
UC118F1yOA0bQYGgRMaeWbug,17100,False,2026-06-21T19:30:02.436652+00:00
UC8DP6G4mOpUkHbuJMJlD2Eg,15500,False,2026-06-21T19:30:02.436657+00:00
UChTgc3WgudB1GdQTdFH9fzg,335000,False,2026-06-21T19:30:02.436662+00:00
UCLjA3j_JJzFCtggZYx7lBew,11500,False,2026-06-21T19:30:02.436667+00:00
UCW6bTAhwHj_Tjm2vtuaUVtQ,11200,False,2026-06-21T19:30:02.436672+00:00
UC15vLSz0KCDI3NYekDW-pBA,18300,False,2026-06-21T19:30:02.436678+00:00
UC14cfkhEN-LQUL9xrRlXUTg,15700,False,2026-06-21T19:30:02.436683+00:00
UC169FIKMFQKr1n65N3UcQag,613000,False,2026-06-21T19:30:02.436688+00:00
UCLofrzp-fQ5XAj3GYHcawvQ,165000,False,2026-06-21T19:30:02.436694+00:00
UC1ACSJY8lvbo-7koOpBtD4w,366000,False,2026-06-21T19:30:02.436700+00:00
UCf9FhGtEfZjXIT0jBs03q2Q,94200,False,2026-06-21T19:30:02.436705+00:00
UCVmkRtz4yh2HWyych5d1cYw,32500,False,2026-06-21T19:30:02.436711+00:00
UCuOzaoqQlNs1aCHYMz-97XA,117000,False,2026-06-21T19:30:02.436717+00:00
UCMO-4w50diaUC9G2FlKSOBA,329000,False,2026-06-21T19:30:02.436722+00:00
UC1JCb8qD6WpKnDq4qew7s1g,23800,False,2026-06-21T19:30:02.436727+00:00
UCLxAS02eWvfZK4icRNzWD_g,6160000,False,2026-06-21T19:30:02.436732+00:00
UCVeVPFfwu3pXwhUP4YrM-mg,250000,False,2026-06-21T19:30:02.436738+00:00
UC1FZ-jmqm3WyUkcSFhbszqA,14300,False,2026-06-21T19:30:02.436744+00:00
UC1VYb0EKcZuy9rG3q0VR57Q,3550000,False,2026-06-21T19:30:02.478813+00:00
UCKtLZ6KputpUZJp6tPmXtFA,23200,False,2026-06-21T19:30:02.478835+00:00
UCLR62h0m5rvt6qaeScNmBoA,522000,False,2026-06-21T19:30:02.478839+00:00
UC1t4enbm-c5uMac-lBLh7mw,54100,False,2026-06-21T19:30:02.478842+00:00
UCLT3xzsUmJR_8OWff2cnNyg,20400,False,2026-06-21T19:30:02.478845+00:00
UCANmix8PISKsVHE0XWmUSzw,45300,False,2026-06-21T19:30:02.478849+00:00
UCKpIOnsk-gcwHXIzuk24ExA,838000,False,2026-06-21T19:30:02.478852+00:00
UC1Wo5aoTu5jHOv1ULY7iNLA,609000,False,2026-06-21T19:30:02.478855+00:00
UC1sM8gHRdx4bdABrjrnmCdw,83300,False,2026-06-21T19:30:02.478858+00:00
UC1QOBWG-X63hFb9_bXTN2PA,25900,False,2026-06-21T19:30:02.478861+00:00
UCf3mpBBVPTL75U9ZtUWM14w,321000,False,2026-06-21T19:30:02.478864+00:00
UCKylOi050KbZ5pPIEr8r_fw,6980,False,2026-06-21T19:30:02.478867+00:00
UCAVWa1Bbft6hGUrfKe9FENw,446000,False,2026-06-21T19:30:02.478870+00:00
UCL3G4bQc4kuCHFfrl7YUoxw,58200,False,2026-06-21T19:30:02.478872+00:00
UC1cHlPIE-kqiPvpyYz2O8rQ,2070000,False,2026-06-21T19:30:02.478875+00:00
UC86iqu-yHsb-BCjI3ArD9Rg,404000,False,2026-06-21T19:30:02.478878+00:00
UCsjOXwcbs8UgIjzI032xgEQ,92400,False,2026-06-21T19:30:02.478881+00:00
UCLE_Wqee6am7ZOnJx8ZkoqA,68300,False,2026-06-21T19:30:02.478884+00:00
UC1eYizPhK0ol9eBwydHo58g,7320,False,2026-06-21T19:30:02.478887+00:00
UC1fYrot9lgMstv7vX0BnjnQ,1430000,False,2026-06-21T19:30:02.478890+00:00
UCLJwt5ZIzdKzR1JYagcZ8EA,172000,False,2026-06-21T19:30:02.478893+00:00
UCslnxln9FxCuTz3qLLTIm_A,168000,False,2026-06-21T19:30:02.478896+00:00
UC1ebm_hcnz52aO6WfhsPIRg,167000,False,2026-06-21T19:30:02.478899+00:00
UC88qCWdzuAaOWh0fB-_GwGg,610000,False,2026-06-21T19:30:02.478901+00:00
UCWGl1JQoX90LM8hRuRbdFDA,432000,False,2026-06-21T19:30:02.478904+00:00
UCLVYuc15VyUHfhwBKP2qwpw,1960,False,2026-06-21T19:30:02.478907+00:00
UCLNe-hQBs8zwFrv_r-sV8EQ,4170,False,2026-06-21T19:30:02.478910+00:00
UC1lXpTHk-Vu5lJvzkTreAtw,9630,False,2026-06-21T19:30:02.478912+00:00
UCKmkFA2wNXTMKZNGkZEEIzA,206000,False,2026-06-21T19:30:02.478915+00:00
UC1opHUrw8rvnsadT-iGp7Cg,2190000,False,2026-06-21T19:30:02.478918+00:00
UCf784-7uqFT9iT0h1R8lGrw,390000,False,2026-06-21T19:30:02.478921+00:00
UC1jJ1J-NU5KWIhYOqn1wtjQ,35100,False,2026-06-21T19:30:02.478924+00:00
UCt9eCRJcnfzSzPyupr39pKw,792000,False,2026-06-21T19:30:02.478926+00:00
UC1PnX-pV16fUxhVbL81Ro9g,969000,False,2026-06-21T19:30:02.478930+00:00
UCL8CKq7dCJFfKTaTv0O81Rw,544000,False,2026-06-21T19:30:02.478933+00:00
UCKnWIMHA4Iqf901zvbQ16Rg,281000,False,2026-06-21T19:30:02.478935+00:00
UCLXT3XVajgbwhxiCBFTnawA,5300,False,2026-06-21T19:30:02.478938+00:00
UCtZp_z6nFnzCxNxhXsdubCQ,312000,False,2026-06-21T19:30:02.478941+00:00
UCLawv056mWPlKH8QcbILXNA,78300,False,2026-06-21T19:30:02.478944+00:00
UCLYwMiF874DFoF6fkumzhxg,50800,False,2026-06-21T19:30:02.478946+00:00
UCWMrA-2fEycFnOwqzzdwWuQ,48500,False,2026-06-21T19:30:02.478949+00:00
UChnBA5-rj4RBUAkIxJ8tepA,186000,False,2026-06-21T19:30:02.478952+00:00
UCKuezpQb8N4OzrhWUnBkfVg,104000,False,2026-06-21T19:30:02.478955+00:00
UCf4uPehOe2HysSUMk-SkmCQ,16600,False,2026-06-21T19:30:02.478958+00:00
UC1iA6_NT4mtAcIII6ygrvCw,1210000,False,2026-06-21T19:30:02.478960+00:00
UCAYFFk5GA56lqQyGfiTLYxA,41800,False,2026-06-21T19:30:02.478963+00:00
UCL5IHTb3fssUceYthSETuhg,197000,False,2026-06-21T19:30:02.478966+00:00
UC1nx4mpl9vEoELUAyI-u5XQ,61300,False,2026-06-21T19:30:02.478969+00:00
UCATxC4QWVyL8aa0x5HDI_UQ,12800,False,2026-06-21T19:30:02.478971+00:00
UCKtnTxUlk0OYSCNLAd3GOvA,105000,False,2026-06-21T19:30:02.478974+00:00
UChwTCfqb4qCBQf6FhuU_lpQ,16400,False,2026-06-21T19:30:02.514134+00:00
UC2-uEmeE03S_hOQgUssCOZA,59300,False,2026-06-21T19:30:02.514156+00:00
UCKkx5De3Aaqc8hvmzS9OWTA,41400,False,2026-06-21T19:30:02.514160+00:00
UC224ibt8cUb87SvAs1Pi0Ug,60800,False,2026-06-21T19:30:02.514164+00:00
UCWqEz1OFw8g-4p5-ZVWLL8w,34600,False,2026-06-21T19:30:02.514167+00:00
UCsPo3x4xguwyTjidh3mZZOQ,52500,False,2026-06-21T19:30:02.514171+00:00
UC2-_WWPT_124iN6jiym4fOw,4120000,False,2026-06-21T19:30:02.514174+00:00
UCWuqzdbBcHGAwaXFVHgoZAQ,334000,False,2026-06-21T19:30:02.514177+00:00
UCKUAabejjcxdp_x71T9nnmw,17300,False,2026-06-21T19:30:02.514180+00:00
UCKaLVuaT6Vu7I03_dpAo71g,34600,False,2026-06-21T19:30:02.514184+00:00
UCAaGaynFpku5cAx6OOSrW-w,2880000,False,2026-06-21T19:30:02.514187+00:00
UCAYvrj3R8J5lz2AL79BZXYQ,5750,False,2026-06-21T19:30:02.514190+00:00
UCKB2ePQcisre4Cacyk1W-gw,1450000,False,2026-06-21T19:30:02.514193+00:00
UCKcgDQOjstKUUU5RUy4FxCQ,43000,False,2026-06-21T19:30:02.514196+00:00
UC81j4kDnNzBgB2rXj-Gibug,542000,False,2026-06-21T19:30:02.514199+00:00
UCKEUwnF-h0VwDjKrJvd16ZQ,152000,False,2026-06-21T19:30:02.514202+00:00
UCAahe6R0gvT60A_5I-cx0Iw,303000,False,2026-06-21T19:30:02.514206+00:00
UC25EBu6EIw7ZJmQPzPq5f4w,112000,False,2026-06-21T19:30:02.514209+00:00
UChuWxU8L77hyUPjej1QiWvA,71000,False,2026-06-21T19:30:02.514212+00:00
UCK2752oH07PdOcAURervFgA,23300,False,2026-06-21T19:30:02.514216+00:00
UCsdSjXETu4AxHn2vLgQEETw,208000,False,2026-06-21T19:30:02.514219+00:00
UC25QMQvXLnp6iHySF7nEIbQ,52500,False,2026-06-21T19:30:02.514222+00:00
UCKrO0OvnNKyU9nmdthJVL8Q,21000,False,2026-06-21T19:30:02.514225+00:00
UCWprqhsiw88d-j07y7mETXw,570000,False,2026-06-21T19:30:02.514228+00:00
UCKKAqT8sPBNmFFM3Fs4_cBA,173000,False,2026-06-21T19:30:02.514231+00:00
UC1vg_us6mbjJdmVxhBCl17w,139000,False,2026-06-21T19:30:02.514235+00:00
UC2BWLmYnqL_kkiAEp93UWkg,271000,False,2026-06-21T19:30:02.514238+00:00
UC2BElw6HXoUSyCrahiWbylQ,28400,False,2026-06-21T19:30:02.514241+00:00
UCKEJJbpI4K7R1zhGuNc51Uw,23400,False,2026-06-21T19:30:02.514245+00:00
UC20ED07lWsx3ahgG4y1H3iQ,195000,False,2026-06-21T19:30:02.514248+00:00
UCKHYFul2YRuJk6jVkxRtwIQ,14400,False,2026-06-21T19:30:02.514251+00:00
UC7ut8F1dJarjTYdd8oJiygg,119000,False,2026-06-21T19:30:02.514254+00:00
UCsaJfLdsX___zc1OcWHQRWg,24000,False,2026-06-21T19:30:02.514257+00:00
UCWpxjZ1gLVIYFo4pDGuDPtg,7670,False,2026-06-21T19:30:02.514260+00:00
UC2DOb7D13IZZkjZ9TYZZSgw,125000,False,2026-06-21T19:30:02.514263+00:00
UCWjVy9lv8oRAOaKlfoCXQJQ,130000,False,2026-06-21T19:30:02.514266+00:00
UChqot50AxJ3BtvAXFXc-JYw,219000,False,2026-06-21T19:30:02.514269+00:00
UC293LgrQDhHiODzHnbFUwtQ,41000,False,2026-06-21T19:30:02.514272+00:00
UC1xW9sWqMKwkt6BLYF8xx6Q,190000,False,2026-06-21T19:30:02.514275+00:00
UC84fyKjiilxssZVxhE_RiaA,16700,False,2026-06-21T19:30:02.514278+00:00
UCKJlV-WGuDBOF3gFrzOb19A,17300,False,2026-06-21T19:30:02.514282+00:00
UCKMjY9yt-hH0d5OrMbi9SPg,98200,False,2026-06-21T19:30:02.514285+00:00
UCsQc6fSakJ2ptE8ba9MX-MQ,62400,False,2026-06-21T19:30:02.514288+00:00
UCAYrMNl92jw6cpjdpBP8JyA,2710000,False,2026-06-21T19:30:02.514291+00:00
UCKSrQjgzCKJPm25FaAaVt_g,44600,False,2026-06-21T19:30:02.514294+00:00
UC1vDFSwzsu9eEUwU0Ws9HHQ,176000,False,2026-06-21T19:30:02.514297+00:00
UC1tvFKTF1kzTcar_Qv_yW0w,78000,False,2026-06-21T19:30:02.514300+00:00
UCsUt05pIXGRmHpq5rgx61TA,267000,False,2026-06-21T19:30:02.514303+00:00
UCKRRpU8ObWyWivLW2lysokw,146000,False,2026-06-21T19:30:02.514306+00:00
UCK5X3f0fxO4YnVKVZP8p6hg,7200000,False,2026-06-21T19:30:02.514309+00:00
UC7porgZ0EBOtpjQ1ndrKK3w,19600,False,2026-06-21T19:30:02.550177+00:00
UCiDXupaVh-J90OjFI_KmThA,181000,False,2026-06-21T19:30:02.550201+00:00
UCX76FfyeFPiY2gWuIKMUN4A,33700,False,2026-06-21T19:30:02.550206+00:00
UCAohVr8sWOU2UMiLh0kmX3g,164000,False,2026-06-21T19:30:02.550210+00:00
UC2KxdiFxT-5ymlYbzWKIf9A,871000,False,2026-06-21T19:30:02.550214+00:00
UCX2fYWaYhi7J1yMaK0M8Amw,1850000,False,2026-06-21T19:30:02.550226+00:00
UC2HMFpwY_F1NurrTTlwPvWw,25700,False,2026-06-21T19:30:02.550232+00:00
UCJcyQ-N0sbvwjYpDNXP9tsw,851000,False,2026-06-21T19:30:02.550240+00:00
UCJxss3CRTSBi-moJpn0Z1OQ,37500,False,2026-06-21T19:30:02.550246+00:00
UCrV1T0LCGPgGiBspaL2pZHw,260000,False,2026-06-21T19:30:02.550252+00:00
UCX1qtmGx-RIWgBI9EYn8PFg,146000,False,2026-06-21T19:30:02.550258+00:00
UCWzenZSy9GJBcPzdSm-UX5w,804000,False,2026-06-21T19:30:02.550264+00:00
UCX8xD9LlHOZf0dF7yo9mFkw,277000,False,2026-06-21T19:30:02.550271+00:00
UC2FsTPZ5-qIvL-qJaO8ii4Q,74100,False,2026-06-21T19:30:02.550275+00:00
UCJYlUB_mZuDnYaNV4OVgzNQ,147000,False,2026-06-21T19:30:02.550280+00:00
UCrMST-VTtx4SYr8CNJHsbnQ,2390000,False,2026-06-21T19:30:02.550283+00:00
UC2Nu7atuhXpGz3vmIHJsN1w,91100,False,2026-06-21T19:30:02.550286+00:00
UC2J1xkzCRvy0k2wepu_wqew,60700,False,2026-06-21T19:30:02.550289+00:00
UCJaIMlyiJSBSgOJVieE_2Hw,118000,False,2026-06-21T19:30:02.550292+00:00
UCJiB0XmBaN1J3UhkAzjG9ZQ,87300,False,2026-06-21T19:30:02.550296+00:00
UCAlz-O5aYqN9KFsr-PIa0Kg,96900,False,2026-06-21T19:30:02.550299+00:00
UC2WSn4tjvIrWO1NrljInDvg,126000,False,2026-06-21T19:30:02.550302+00:00
UCrrh4Op1keM-V_N8ZlAOtig,4280,False,2026-06-21T19:30:02.550305+00:00
UCAvCL8hyXjSUHKEGuUPr1BA,30700000,False,2026-06-21T19:30:02.550309+00:00
UCJUo6AUZbUo0Qh7buuKN-tg,20900,False,2026-06-21T19:30:02.550312+00:00
UC7mwqMJZgGyK-7oeFwpy8Rg,73700,False,2026-06-21T19:30:02.550315+00:00
UCJdphcWsE3pb-y9mQCqXHEA,4370,False,2026-06-21T19:30:02.550318+00:00
UCJatr1Q20qPZR8bwJHqkmeA,100000,False,2026-06-21T19:30:02.550321+00:00
UCXCX0lZQkc4iDQoRqn-ugWw,29800,False,2026-06-21T19:30:02.550324+00:00
UCekWWEt1QzxHUOEWlRwgeJg,102000,False,2026-06-21T19:30:02.550327+00:00
UCJoWDG8GuE626Fqs1l6-gjw,147000,False,2026-06-21T19:30:02.550330+00:00
UCAr_I6Te3Y_DjhfgSYAKQGA,370000,False,2026-06-21T19:30:02.550333+00:00
UCXJhPliXqH0M7c_ysUpe20A,41000,False,2026-06-21T19:30:02.550336+00:00
UCJloEW4ZKkWboAHsqtr-wJw,357000,False,2026-06-21T19:30:02.550339+00:00
UC2RoFFUBgHLR55WoxrMFb2w,51500,False,2026-06-21T19:30:02.550342+00:00
UCArYO0FNFcNqTmDJZNJZFWA,51300,False,2026-06-21T19:30:02.550345+00:00
UCJtMfSSPKuW22GXfkaN7DOA,1610000,False,2026-06-21T19:30:02.550348+00:00
UCXANTcQrKm19c6CblfvPaKg,115000,False,2026-06-21T19:30:02.550351+00:00
UC7yNsJvQ0wMOh6cdtUajLXQ,76100,False,2026-06-21T19:30:02.550354+00:00
UC2MIgqt-5KCrZSjjQ0vJtLA,57700,False,2026-06-21T19:30:02.550357+00:00
UCAnEi1kI8jPIpt5sKWt4ZHw,1030000,False,2026-06-21T19:30:02.550361+00:00
UCrd2ScrHpsQsl4Z2iXVckWQ,48800,False,2026-06-21T19:30:02.550364+00:00
UC2Kaq_xADsJSi97iWbttPlQ,418000,False,2026-06-21T19:30:02.550367+00:00
UC7s4rwX5KkHGzMYkP3Q6vUQ,15000,False,2026-06-21T19:30:02.550370+00:00
UC2ROW2uDlhb-9rXzY2tqV3Q,97900,False,2026-06-21T19:30:02.550373+00:00
UCJvkiWAZgt76wx5Hnr23J_w,96300,False,2026-06-21T19:30:02.550376+00:00
UCrR3bHE6ZJ30YUUTl-G2RVg,1100000,False,2026-06-21T19:30:02.550379+00:00
UC7tQJQo-_wOqpqQ4uBs94bA,12400,False,2026-06-21T19:30:02.550382+00:00
UCX2pZgr9yHgeGWeg9TTil8A,310000,False,2026-06-21T19:30:02.550385+00:00
UCK-Ofl1A2m6WSqbPei2vc2g,247000,False,2026-06-21T19:30:02.550388+00:00
UCB1CzKxVHqFLqwrUdflNEVQ,243000,False,2026-06-21T19:30:02.589129+00:00
UCJIdacp_G-lLdYYrKXWCH6w,221000,False,2026-06-21T19:30:02.589149+00:00
UCIZpr82F0NgtLyve9LJT83w,63200,False,2026-06-21T19:30:02.589154+00:00
UCXOy6I6Hicgi_EwRj40OS6Q,16700,False,2026-06-21T19:30:02.589158+00:00
UCeTP-S4qlYDiBDd_VSiWAIw,1510000,False,2026-06-21T19:30:02.589161+00:00
UC2UuWL6rstjNOJaF0kxaHwA,13500,False,2026-06-21T19:30:02.589164+00:00
UC7ej2unlEhWYvNj8giI17TA,84400,False,2026-06-21T19:30:02.589167+00:00
UC2WllyoBdiWnESWa9inI1gg,35800,False,2026-06-21T19:30:02.589171+00:00
UCXz4C2UgKkskK8ZcEbgRDVA,576000,False,2026-06-21T19:30:02.589174+00:00
UCJE0dA5Dad6lSEvUFmwyoIA,20200,False,2026-06-21T19:30:02.589177+00:00
UCJLMxBNMKyFdwW3tvAo9Ghg,81100,False,2026-06-21T19:30:02.589180+00:00
UCB58j3iKDfY1tXBVmpoX2UA,150000,False,2026-06-21T19:30:02.589183+00:00
UCIwJNBqyWQjIRi8kYiK96wQ,32300,False,2026-06-21T19:30:02.589186+00:00
UC2xskkQVFEpLcGFnNSLQY0A,24700000,False,2026-06-21T19:30:02.589190+00:00
UCiVc9ZYawbkUxXkcs8D5A2w,90800,False,2026-06-21T19:30:02.589193+00:00
UCeELG84k5r4j1w6uCbOiBdA,196000,False,2026-06-21T19:30:02.589196+00:00
UC3339WgBDKIcxTfywuSmG8w,30200000,False,2026-06-21T19:30:02.589199+00:00
UCqjMMW_xz0GefyrluCZGIeA,59100,False,2026-06-21T19:30:02.589202+00:00
UCJ9jwaeltiGth9xo4n55d2Q,42900,False,2026-06-21T19:30:02.589205+00:00
UCIbA4qYK21u1NUMHP4x9PTA,155000,False,2026-06-21T19:30:02.589209+00:00
UC2gL3sJ-chGTbb2bRA2CvOw,15100,False,2026-06-21T19:30:02.589212+00:00
UCB6xxVx-XQdZ06Nzog4tyrg,325000,False,2026-06-21T19:30:02.589215+00:00
UC7kwqr4yZo7h4Xj45eXz5pg,155000,False,2026-06-21T19:30:02.589218+00:00
UCB7k3X5tWVMSzduXO-Q2MoA,867000,False,2026-06-21T19:30:02.589221+00:00
UCiMhD4jzUqG-IgPzUmmytRQ,19000000,False,2026-06-21T19:30:02.589224+00:00
UCqoN8rJqCLDkW_Ba_aOgugg,192000,False,2026-06-21T19:30:02.589228+00:00
UCIwodMcDr08vz-jWDBIGa8g,107000,False,2026-06-21T19:30:02.589231+00:00
UC2roF7I4LOS2jnLY9npkqTA,3930,False,2026-06-21T19:30:02.589234+00:00
UCeLqthh2LmhqG97q-DYQY1w,63900,False,2026-06-21T19:30:02.589237+00:00
UCXaoLJD6Uct8rhf0c3_lBlg,740000,False,2026-06-21T19:30:02.589240+00:00
UCY5fcqgSrQItPAX_Z5Frmwg,3040000,False,2026-06-21T19:30:02.589243+00:00
UCqtZ9mL2pIC__il45Syie9Q,97200,False,2026-06-21T19:30:02.589246+00:00
UC2_1pbE1uAUSTOMrNUqyFJQ,34300,False,2026-06-21T19:30:02.589249+00:00
UCIcby6nAlBSbCJvjaSrZDlw,89100,False,2026-06-21T19:30:02.589253+00:00
UCB1uI1oYzqJCflzQC22ABlQ,8320,False,2026-06-21T19:30:02.589256+00:00
UC2TO0G6Oj-K18tLgZIg_5yg,5300,False,2026-06-21T19:30:02.589259+00:00
UCrILuHQnC_9OXgQWzmEhuLw,72100,False,2026-06-21T19:30:02.589262+00:00
UCB8I6MKqJum7pGOF5gM5xNg,16700,False,2026-06-21T19:30:02.589265+00:00
UCiMjZzwEbN-xFiPll8R__KA,151000,False,2026-06-21T19:30:02.589268+00:00
UCJJebyhORW53caDVFUrTwGw,133000,False,2026-06-21T19:30:02.589271+00:00
UC2sQjNCIMchzKhXJOTEqUcw,197000,False,2026-06-21T19:30:02.589274+00:00
UC30oVd7r_VYcJYEPS0t5B6Q,79800,False,2026-06-21T19:30:02.589277+00:00
UCXzt6u4VooLQcyc3-yIFIcw,311000,False,2026-06-21T19:30:02.589280+00:00
UCYFNfQ3DWjRpkAPb__HIV0g,156000,False,2026-06-21T19:30:02.589284+00:00
UCIamfrKx4hVCqDIBD8NAh-w,93000,False,2026-06-21T19:30:02.589287+00:00
UCB6lggFSZ1lTpHJe87GE9Rw,163000,False,2026-06-21T19:30:02.589290+00:00
UC2aRmdL5enWb9GElkpY2KZw,53400,False,2026-06-21T19:30:02.589293+00:00
UC2y5TKmYgZ5Bmwp9xRKDtQg,83000,False,2026-06-21T19:30:02.589296+00:00
UCIYOvObN8mTlZaRK_iG822A,170000,False,2026-06-21T19:30:02.589299+00:00
UC2TVKHmfay8tpr_kii8xGRw,193000,False,2026-06-21T19:30:02.589302+00:00
UC3Ag_RYMHDYbAV0UKYRtzZQ,36900,False,2026-06-21T19:30:02.627040+00:00
UC35PysrEodWPPA6ZlydKmqA,4940,False,2026-06-21T19:30:02.627067+00:00
UCB9oAbk6i-YBtJhU7QyOWVg,147000,False,2026-06-21T19:30:02.627074+00:00
UC3J-txytRWiRtNXrLS95eEw,823000,False,2026-06-21T19:30:02.627079+00:00
UCIO55NIcGgsuUKiTeaafWTQ,133000,False,2026-06-21T19:30:02.627084+00:00
UCiSGhuac5gXf3Sqd5dSguhw,255000,False,2026-06-21T19:30:02.627090+00:00
UCIA94tBrYsTy5V03Rl98Cgg,108000,False,2026-06-21T19:30:02.627095+00:00
UCYOV5Rimkv-cQPkeQP8ENUA,228000,False,2026-06-21T19:30:02.627100+00:00
UCpxpcJZSb5EXrSFZE6n-BkQ,260000,False,2026-06-21T19:30:02.627105+00:00
UCYLNGLIzMhRTi6ZOLjAPSmw,51300000,False,2026-06-21T19:30:02.627110+00:00
UCBGBlSooc5Pp8VqGfu11AcA,61900,False,2026-06-21T19:30:02.627115+00:00
UC7VmnAo1mPIA4ab3vuPv6eg,1600,False,2026-06-21T19:30:02.627120+00:00
UC3OV3t8V5pgKOAbe8W6nCxg,83600,False,2026-06-21T19:30:02.627125+00:00
UCiTA-jjPRc0yB5MaUmPm8Fw,85000,False,2026-06-21T19:30:02.627130+00:00
UCHrbDMROEbWZ0mNncpdxbCQ,12300,False,2026-06-21T19:30:02.627135+00:00
UC3Pb3fztIUVLCisYZgygcjg,1290000,False,2026-06-21T19:30:02.627140+00:00
UCHsAGMCOdb28LoNRaKRXGvA,449000,False,2026-06-21T19:30:02.627145+00:00
UCIUcJX4ax9h6jl63UFizmcA,9280,False,2026-06-21T19:30:02.627150+00:00
UCHuOGqY3pnkJYkznyk6PGJw,19300,False,2026-06-21T19:30:02.627155+00:00
UC7bLn1zY-4_spknnXoCei_g,595000,False,2026-06-21T19:30:02.627161+00:00
UC34DbNyD_0t8tnOc5V38Big,868000,False,2026-06-21T19:30:02.627166+00:00
UCINb0wqPz-A0dV9nARjJlOQ,18600000,False,2026-06-21T19:30:02.627171+00:00
UCIU_1WDzifvGu16qzFcKAEA,1050000,False,2026-06-21T19:30:02.627177+00:00
UCqAbcgEp4NqCRnLG3NVJezw,458000,False,2026-06-21T19:30:02.627182+00:00
UCYQ-KobYn4cxCB2T_n05zEw,367000,False,2026-06-21T19:30:02.627187+00:00
UC32NkirZNOVbV_0mXf2_hog,66500,False,2026-06-21T19:30:02.627192+00:00
UCHzh19PRKmYw2oafxecTPDQ,5300,False,2026-06-21T19:30:02.627197+00:00
UC7aaBqVlkCjhkhr8R9weLrw,158000,False,2026-06-21T19:30:02.627203+00:00
UCYJdHBzUk_l1xsVVy6xy8Nw,157000,False,2026-06-21T19:30:02.627208+00:00
UC3N68KFMqDwacbD-WImpcvg,8280,False,2026-06-21T19:30:02.627212+00:00
UCI9CUKCAXYPBWusKEKeM4tw,59700,False,2026-06-21T19:30:02.627221+00:00
UCYYcTF2MYZxrsW6MU1Y52Fg,37500,False,2026-06-21T19:30:02.627226+00:00
UCYIprDJwp9X7QRZw571IvQA,799000,False,2026-06-21T19:30:02.627231+00:00
UC3CLSi30yl7uqYHvxGIr-iw,7270,False,2026-06-21T19:30:02.627236+00:00
UCBCsg1WTv-fCJTloA_i3LNA,155000,False,2026-06-21T19:30:02.627241+00:00
UCI5qgrtYr9nFjuIW3-8ze0g,102000,False,2026-06-21T19:30:02.627246+00:00
UCIMqPagj3IIfBko_VujJY8Q,228000,False,2026-06-21T19:30:02.627250+00:00
UC3H2C4h39zoRc_BybCaXgIA,41000,False,2026-06-21T19:30:02.627256+00:00
UC3Imzty4TFcxEOv1BRBV_wg,99000,False,2026-06-21T19:30:02.627261+00:00
UC3PkieYSN56jW_RTK3tLwIg,41500,False,2026-06-21T19:30:02.627265+00:00
UC31b2ASxYZBG_xLGJ1DmZjQ,37200,False,2026-06-21T19:30:02.627270+00:00
UCYIqnP4Zy46jKuBQxnf-Y_w,278000,False,2026-06-21T19:30:02.627276+00:00
UCicfCXUNhLTCMq6S7Q1aQwA,187000,False,2026-06-21T19:30:02.627281+00:00
UC3Cj20prNwsPV-49f16n58Q,75400,False,2026-06-21T19:30:02.627285+00:00
UCI2aobwWcHT9oF0CRBJLteg,15500,False,2026-06-21T19:30:02.627290+00:00
UCIGKy7pnIeLDRF1As7S_Pqg,118000,False,2026-06-21T19:30:02.627295+00:00
UC3JIsi41JDQi0gKTg43bmzA,32300,False,2026-06-21T19:30:02.627300+00:00
UC39EMuY_IVq6_hBrs6tAMuQ,419000,False,2026-06-21T19:30:02.627305+00:00
UCps6Vkdu959O4ZWDT6rZutQ,317000,False,2026-06-21T19:30:02.627310+00:00
UC3PZvqEE-zprmx70h3Q-zog,513000,False,2026-06-21T19:30:02.627315+00:00
UC3m2e2E6lDZhWEf1wUfXGCw,57700,False,2026-06-21T19:30:02.665199+00:00
UComGgtc9jFMmhR3qDCOsbXQ,217000,False,2026-06-21T19:30:02.665221+00:00
UCHdrB1BvjlVVsnQi-lPG7PQ,173000,False,2026-06-21T19:30:02.665225+00:00
UCoie3ytrtgUCfDVN3PqxIDQ,561000,False,2026-06-21T19:30:02.665228+00:00
UCZ2plezBUxJkxPhZGJlLmSA,81200,False,2026-06-21T19:30:02.665232+00:00
UCHdv7T_lzLYJmj_c6dxYyKA,5530,False,2026-06-21T19:30:02.665236+00:00
UCBMFuPTkTFRuCwu7y8I7hMQ,4020,False,2026-06-21T19:30:02.665239+00:00
UC3Plc3Vm0C2KE84yFlXathA,299000,False,2026-06-21T19:30:02.665242+00:00
UC3zIsdcPCG2OjaojTA79jaw,159000,False,2026-06-21T19:30:02.665245+00:00
UC3Q2mEFdbGF8GyVIQCRVXng,33800,False,2026-06-21T19:30:02.665248+00:00
UCHEbkp-SFpj4iNSYEbw64jg,108000,False,2026-06-21T19:30:02.665251+00:00
UCokvleBuG0WW4BTXuSK9rxw,63200,False,2026-06-21T19:30:02.665254+00:00
UCHWbZM3BIGgZksvXegx_h3w,4230000,False,2026-06-21T19:30:02.665257+00:00
UC3vnXo3ZBJA0mDX8EVZDYmA,12500,False,2026-06-21T19:30:02.665260+00:00
UCH6wqY1Ve2N47oKZ4tgirqA,249000,False,2026-06-21T19:30:02.665263+00:00
UC3ruCdV7xnwAbpkW9tQq-6A,470000,False,2026-06-21T19:30:02.665266+00:00
UC3wNxV5ZWOL9kf4v2oXGQbw,14500,False,2026-06-21T19:30:02.665269+00:00
UCpdtHm6VFP_Qc-IDIsyLh1A,394000,False,2026-06-21T19:30:02.665273+00:00
UC7NmQtOSKrHvthC3fRKw0hg,701000,False,2026-06-21T19:30:02.665276+00:00
UCBUi3y0Q5dFr4gvj7tpw1Iw,29800,False,2026-06-21T19:30:02.665279+00:00
UC3izwVclRb6VknlOp6sNUcg,1010000,False,2026-06-21T19:30:02.665282+00:00
UC3X5lXWdDrYRDCW7k01Ka4Q,804000,False,2026-06-21T19:30:02.665286+00:00
UCH2DxTwinV_cBKR2NTHNVWw,1600000,False,2026-06-21T19:30:02.665289+00:00
UCpLu0KjNy616-E95gPx7LZg,319000,False,2026-06-21T19:30:02.665292+00:00
UCZBv_NDgA2hHd_SMXTXnsDA,145000,False,2026-06-21T19:30:02.665295+00:00
UC3jD35MI4XdnAXm5hCXr04A,283000,False,2026-06-21T19:30:02.665298+00:00
UC3mY2SKYhPjqImtBBXsR6_Q,6340000,False,2026-06-21T19:30:02.665301+00:00
UCH61VpwvpBYKT5BpGNbMUQw,28300,False,2026-06-21T19:30:02.665304+00:00
UCBLvUpsQXGZKAdVeg41WxKg,248000,False,2026-06-21T19:30:02.665307+00:00
UC3gp1pr5NYX87DU7nPjlmpA,235000,False,2026-06-21T19:30:02.665310+00:00
UCp0iCvHGMwyfPHpYq7n2sPw,1750000,False,2026-06-21T19:30:02.665313+00:00
UCGuOBHuFpeXNDDxIEqKRk9w,122000,False,2026-06-21T19:30:02.665316+00:00
UCBOnIhBvqwIKZRxuFLJP-Zw,30800,False,2026-06-21T19:30:02.665320+00:00
UCYrkTjknykA63ImZoQ08z_Q,1160000,False,2026-06-21T19:30:02.665323+00:00
UCHF66aWLOxBW4l6VkSrS3cQ,6510000,False,2026-06-21T19:30:02.665326+00:00
UCYuVuLCtgrkQ6znA_ShdvXA,470000,False,2026-06-21T19:30:02.665329+00:00
UC7MyPlf3MBui90M-Eoy2RVg,56800,False,2026-06-21T19:30:02.665332+00:00
UC3Raaw4b05es1rN7wccfNJA,21800,False,2026-06-21T19:30:02.665335+00:00
UCp25axeKt9RDsenZKVi4NJg,98500,False,2026-06-21T19:30:02.665338+00:00
UCHXxEc5QCVbiSR0rW9qTacA,80100,False,2026-06-21T19:30:02.665341+00:00
UC3ksN_4AjdLqefrgnSfB8NA,79500,False,2026-06-21T19:30:02.665344+00:00
UC3U8d4Lc9UWpL85clhsa3uQ,145000,False,2026-06-21T19:30:02.665347+00:00
UC3likEIZHt1REBqKxeR3hEA,15200,False,2026-06-21T19:30:02.665350+00:00
UCdylwhb6wj5uIo5H1pfyP7A,210000,False,2026-06-21T19:30:02.665353+00:00
UCpPkld6f1ZYUHPwyIeD0Inw,140000,False,2026-06-21T19:30:02.665356+00:00
UCp1p09xUo_lTQONF73ptnBg,609000,False,2026-06-21T19:30:02.665360+00:00
UCHBnOMB61Xe9eT4oSs3B_NQ,328000,False,2026-06-21T19:30:02.665363+00:00
UCBM4KYw-tr6iihRpk_NMbng,212000,False,2026-06-21T19:30:02.665366+00:00
UC7MbaFESaAhekSoXMFmbTGw,37500,False,2026-06-21T19:30:02.665369+00:00
UCHTZAvwi69ltfFoJQRcxw5w,44500,False,2026-06-21T19:30:02.665372+00:00
UCGKwG8F1-v42GXWOlLiXWiA,145000,False,2026-06-21T19:30:02.702338+00:00
UCGi4uXEpEDbCZSsI_eF0RCA,77800,False,2026-06-21T19:30:02.702360+00:00
UC7IvVAKk-VHQV3ULZQ_snmg,28500,False,2026-06-21T19:30:02.702364+00:00
UC4Nrt3aTTnjVAW_ein2nTQQ,611000,False,2026-06-21T19:30:02.702367+00:00
UCGbSDhzR4hbRAmSuRK-z_ng,92000,False,2026-06-21T19:30:02.702371+00:00
UCG1XQ5gA3dtg70BzM9-LKQw,60400,False,2026-06-21T19:30:02.702374+00:00
UCZh4G774jJ2FG6WCIoqCLtg,181000,False,2026-06-21T19:30:02.702377+00:00
UC46s7CEDGi1qL4pY-xAGlLw,104000,False,2026-06-21T19:30:02.702380+00:00
UCdobjqFOY-z0SYIZ0Mnm_uA,259000,False,2026-06-21T19:30:02.702384+00:00
UC7ETl_-g_z5rGbafDAIw6mQ,13700,False,2026-06-21T19:30:02.702387+00:00
UCGEqm6P8z9QJEOAOSY4v2CA,161000,False,2026-06-21T19:30:02.702390+00:00
UCG127CoLevCc8JrYxyrGMYw,63200,False,2026-06-21T19:30:02.702393+00:00
UCZhW_pZpmQ7Y8VSAn3fZ5qQ,175000,False,2026-06-21T19:30:02.702396+00:00
UCoT9z_M8H6OqupEmjeFceuQ,31600,False,2026-06-21T19:30:02.702399+00:00
UC4Kt3OCvmHXhysdW8VU_P6A,597000,False,2026-06-21T19:30:02.702402+00:00
UCGNjig9rKPgPFdMMog2hUbg,149000,False,2026-06-21T19:30:02.702405+00:00
UCGdTBC2rEKVrEc_MQDrXSKA,43200,False,2026-06-21T19:30:02.702408+00:00
UCoRRLaX-Nlph0xUtXthzO_g,18700,False,2026-06-21T19:30:02.702411+00:00
UCG8nVOl500FeDYUF37nTRow,142000,False,2026-06-21T19:30:02.702414+00:00
UCdrMpXYOndJSyyhX6zieGAQ,309000,False,2026-06-21T19:30:02.702418+00:00
UCZdJVjbrC8oOrMssXHMekyg,56800,False,2026-06-21T19:30:02.702421+00:00
UCG7WUPsUmLXcGHma9Hkzjvg,108000,False,2026-06-21T19:30:02.702424+00:00
UC41-Om_oyruC2E7-ff7GkrA,183000,False,2026-06-21T19:30:02.702428+00:00
UCBbOers98m7maeKWSOgxC6Q,7700,False,2026-06-21T19:30:02.702431+00:00
UCGRSKDVhIIV3sIq2N1VFDXg,91900,False,2026-06-21T19:30:02.702434+00:00
UC4BKPR3Ts7_BCgD-uAauXQw,5420,False,2026-06-21T19:30:02.702437+00:00
UCB_yXsjKt5kx_71vJegZvZQ,19500,False,2026-06-21T19:30:02.702440+00:00
UCFtVzEblikHdro4J5HeMo4w,617000,False,2026-06-21T19:30:02.702443+00:00
UC4GMLPKC8TgfW1BtJ-0vf-Q,741000,False,2026-06-21T19:30:02.702446+00:00
UCBfu0-20fcPg5KVznNBeUIQ,88500,False,2026-06-21T19:30:02.702449+00:00
UCoC47do520os_4DBMEFGg4A,32200000,False,2026-06-21T19:30:02.702452+00:00
UCGkruhvuRDP8x3Ddb189wRw,318000,False,2026-06-21T19:30:02.702455+00:00
UC_AyWbAZji0n7C15ZYZu4tQ,20800,False,2026-06-21T19:30:02.702459+00:00
UCZiGGE0e0DctISlShAILbjQ,2200000,False,2026-06-21T19:30:02.702462+00:00
UCdrVagqEQuZik85JRD_28EA,21900,False,2026-06-21T19:30:02.702465+00:00
UCG4oeq_m1Ypky0VFmmUpFLg,144000,False,2026-06-21T19:30:02.702468+00:00
UCiqMKVo2wtc75qUOmiv5SVw,40800,False,2026-06-21T19:30:02.702471+00:00
UCBfVxqnPKKJO4l5E1iH3UQg,39800,False,2026-06-21T19:30:02.702474+00:00
UC7D46mE2DKUL-T65PPNGz1Q,9990,False,2026-06-21T19:30:02.702477+00:00
UCo0GdpnVg8W4h2TVLG-nicg,40500,False,2026-06-21T19:30:02.702480+00:00
UC3xlP_Ds0CGaacD9XzkATIg,325000,False,2026-06-21T19:30:02.702483+00:00
UC4C7RgjbBGKicJYQ0h_djHQ,250000,False,2026-06-21T19:30:02.702486+00:00
UCo5QphGnkwcd_pJQNp1WGQg,9780,False,2026-06-21T19:30:02.702489+00:00
UCGB3TkJfGvN7IeN5dl4dFtg,271000,False,2026-06-21T19:30:02.702492+00:00
UCnx2cUtZncMc7al7UE0fzNg,331000,False,2026-06-21T19:30:02.702495+00:00
UC444fh0uIiwUqzutiB70YNg,50300,False,2026-06-21T19:30:02.702499+00:00
UCGafJzzEfh435ZdvCEU_TeA,6670,False,2026-06-21T19:30:02.702502+00:00
UCGK-NhYsRyUFWG2418uuO_A,27700,False,2026-06-21T19:30:02.702505+00:00
UC_CZa8TczYUe1m85LwzhJpg,193000,False,2026-06-21T19:30:02.702511+00:00
UC4QOeoSNFdmJx6IFECBlbVw,92800,False,2026-06-21T19:30:02.702514+00:00
UCFmsibNUoKYxeBHTolJIwIQ,7590,False,2026-06-21T19:30:02.739864+00:00
UC4ZsonoDCBVwulbrtEkQ6Bg,3280,False,2026-06-21T19:30:02.739886+00:00
UCFjFwM5vTxxq0UAI-yznvXw,16600,False,2026-06-21T19:30:02.739891+00:00
UCn1r5gI0ZyzYQqC44GOvKpg,429000,False,2026-06-21T19:30:02.739895+00:00
UCBsRoirtlvM8R-sQ0Okpf4w,5070,False,2026-06-21T19:30:02.739899+00:00
UC__OG8eTZCEmMTiitGJrc8Q,251000,False,2026-06-21T19:30:02.739903+00:00
UC4onP2o-Xiilt6L-6UyeZxw,55700,False,2026-06-21T19:30:02.739907+00:00
UCFJNuNezJ4GZjhRsf-eNWoA,122000,False,2026-06-21T19:30:02.739910+00:00
UCd_zQVbfoPmhGfd8gxpp3sw,27100,False,2026-06-21T19:30:02.739914+00:00
UCFkncXKwLRtA2MFdXOv34yQ,1010000,False,2026-06-21T19:30:02.739917+00:00
UCF9qPZs3C3PMAQp0AMQDiwg,33300,False,2026-06-21T19:30:02.739921+00:00
UC_aAIARKeCJnpSzHZWFawNA,70200,False,2026-06-21T19:30:02.739924+00:00
UCFeclNW0MMuoO00_BzISx0w,453000,False,2026-06-21T19:30:02.739929+00:00
UCFCuWM9g36UiOGplHfS5OuQ,20300,False,2026-06-21T19:30:02.739941+00:00
UCnkAmv8JquZLYbzSYmsKjzw,46800,False,2026-06-21T19:30:02.739947+00:00
UC4YyKY5o60Kckk-GXOnhT2g,2880000,False,2026-06-21T19:30:02.739952+00:00
UC4lxqbiQLkGU8zCwwalJJLw,49900,False,2026-06-21T19:30:02.739955+00:00
UCBs6Jha8qlgIunGJe0Nrzsw,77000,False,2026-06-21T19:30:02.739959+00:00
UCn6-9MaO1b48I9UVP9Gp89A,165000,False,2026-06-21T19:30:02.739962+00:00
UC4dGJ7kHjMFq8-3DLfgthbQ,134000,False,2026-06-21T19:30:02.739966+00:00
UC4nPvEed6-yII4LNxml8r_w,16800,False,2026-06-21T19:30:02.739970+00:00
UC__fMax69_XCClNBkwWX6yw,96800,False,2026-06-21T19:30:02.739973+00:00
UCBkEwg5bbH-O9XHFhnpn02A,16900,False,2026-06-21T19:30:02.739977+00:00
UCFGbDVRF-uj65PuJV0dKyvg,798000,False,2026-06-21T19:30:02.739980+00:00
UC4YOaeDPrrWdNAfch4lPIRQ,116000,False,2026-06-21T19:30:02.739984+00:00
UCnVLW9GMdWpzBG8eAoyPIsQ,449000,False,2026-06-21T19:30:02.739987+00:00
UC7C-OxuzIV7y1ajdmRGzfMw,28300,False,2026-06-21T19:30:02.739991+00:00
UC4g8Es9rhKA4A-gxk_Uy_VA,104000,False,2026-06-21T19:30:02.740020+00:00
UC4T0v46s8yxJuTOW1_mD1xA,162000,False,2026-06-21T19:30:02.740027+00:00
UC4R2E-9VWWBxFb5fC0qy3hQ,340000,False,2026-06-21T19:30:02.740034+00:00
UCFp0hQ6iE5gNOyHJDVg5G5w,24200,False,2026-06-21T19:30:02.740040+00:00
UC_T0UVXQykMpAHWex9oxNLg,12900,False,2026-06-21T19:30:02.740044+00:00
UC4o54JLYBtfgWjsUeHQaLMQ,3740,False,2026-06-21T19:30:02.740047+00:00
UC4eJ2WuEgD_SGPETuhi40Rg,49300,False,2026-06-21T19:30:02.740051+00:00
UCneB638aBRRp87fnmgQxCSA,187000,False,2026-06-21T19:30:02.740054+00:00
UCBkYT6mlOpVVV9t5nRHn9Ow,1150000,False,2026-06-21T19:30:02.740058+00:00
UC4T-dSpkAT8xGprFjXpBeMw,1100000,False,2026-06-21T19:30:02.740061+00:00
UCFEMGwPZnDSCKm6EIoWj96A,73500,False,2026-06-21T19:30:02.740064+00:00
UCBmY_77ZQUUGH34TXT36HNw,856000,False,2026-06-21T19:30:02.740068+00:00
UC4X6jmsQmQ5KXk0bQxubazA,92700,False,2026-06-21T19:30:02.740071+00:00
UCBlq4h0nGMNocAO4shlPQLQ,11800,False,2026-06-21T19:30:02.740075+00:00
UCFTy2Ylqf3X_J3r0Oo_XeGA,59200,False,2026-06-21T19:30:02.740078+00:00
UCF9GkbOIOnv4T5rAMUWkK1w,613000,False,2026-06-21T19:30:02.740082+00:00
UCFKE0Oh8J5enoQLuRzzsKGw,70100,False,2026-06-21T19:30:02.740085+00:00
UC4gEBoueqfbmll444pncnxg,15100,False,2026-06-21T19:30:02.740089+00:00
UC4p70Ki-q_7SQzuUP3iU2Dg,26300,False,2026-06-21T19:30:02.740092+00:00
UCnk2d0LgBg4Ngm_TY1XSYJw,39900,False,2026-06-21T19:30:02.740096+00:00
UCBkp3jdPQXerFmiLL_jspGw,28900,False,2026-06-21T19:30:02.740099+00:00
UCFTjuhSe0OwwfxeI8qJjpJQ,176000,False,2026-06-21T19:30:02.740103+00:00
UC4lZ8vGPy8bwmKILb-YlhzQ,509000,False,2026-06-21T19:30:02.740106+00:00
UCd_4vjwddAOc6TJrs81r5IA,97700,False,2026-06-21T19:30:02.775876+00:00
UCEP-696sFVJMSNf0XgfdqGQ,557000,False,2026-06-21T19:30:02.775900+00:00
UCExgSyU2XAV1KxF19g--PbQ,49900,False,2026-06-21T19:30:02.775905+00:00
UCaETkbMVo1UR5upE46CiLxw,33200,False,2026-06-21T19:30:02.775910+00:00
UCEpFoWeCMCo5z3EvWaz6hQQ,5050000,False,2026-06-21T19:30:02.775915+00:00
UCEsVA16gm9eqAN--l2fMvgA,98400,False,2026-06-21T19:30:02.775920+00:00
UCaitNQ3t6w2ILKh8t0TGdtg,76500,False,2026-06-21T19:30:02.775924+00:00
UCBxUeqnJ4Saff9b7d8C-h5Q,45300,False,2026-06-21T19:30:02.775929+00:00
UCazz0cfRzeLrpUOK10vD4Ig,10500,False,2026-06-21T19:30:02.775933+00:00
UC4sJvvrvmVlv2Pe1AMtCBMw,58600,False,2026-06-21T19:30:02.775937+00:00
UCmhL7Y0cuM2zBzUwaINDR3Q,146000,False,2026-06-21T19:30:02.775942+00:00
UCjJlZxAzveOYy5i2WdUXMzg,12700,False,2026-06-21T19:30:02.775946+00:00
UCaG1Qs7DpSqug3zozdXrErQ,1100000,False,2026-06-21T19:30:02.775950+00:00
UCm9566QXTBtY1gU8hvPLhhg,154000,False,2026-06-21T19:30:02.775955+00:00
UC58ECUudqIBAgLzOqWwESOQ,65400,False,2026-06-21T19:30:02.775959+00:00
UCax96_hP_WwVKTXQ8bzVmXA,255000,False,2026-06-21T19:30:02.775963+00:00
UC6wrEALx8KYwKrwnte0epbQ,258000,False,2026-06-21T19:30:02.775968+00:00
UC54OcyzQ4KIaA-PRSmxfywQ,25200,False,2026-06-21T19:30:02.775976+00:00
UCdV_Sc1tEENX5LOzB-YLiaQ,503000,False,2026-06-21T19:30:02.775980+00:00
UCmHjVEGjmtb-silX_-_WRIg,338000,False,2026-06-21T19:30:02.775986+00:00
UCEXHKRvb__V35asPtlzn_BQ,115000,False,2026-06-21T19:30:02.775990+00:00
UCmWkxQZ38jK1fO6xCyh3iQA,274000,False,2026-06-21T19:30:02.776034+00:00
UCmuJDUWFJZYiopkhBHlpotQ,111000,False,2026-06-21T19:30:02.776041+00:00
UCaD-0G5ElWKkHZZBIe4JH6w,128000,False,2026-06-21T19:30:02.776045+00:00
UC5Uj9R7egLuoYwNUj_duMEQ,204000,False,2026-06-21T19:30:02.776050+00:00
UC7-ImzyV1lvYLmDHrxgCQmw,18800,False,2026-06-21T19:30:02.776054+00:00
UCmv1CLT6ZcFdTJMHxaR9XeA,20500000,False,2026-06-21T19:30:02.776059+00:00
UCmsA3A5_HKBwI9OktSttTFg,1390000,False,2026-06-21T19:30:02.776063+00:00
UC4ztf3tRuCqr7K-tUmHh4sw,194000,False,2026-06-21T19:30:02.776067+00:00
UCaPEsUupYhuc13o74jzrC-g,14400,False,2026-06-21T19:30:02.776072+00:00
UCEKgPdGWAEhc0pprEW9GVUQ,38000,False,2026-06-21T19:30:02.776076+00:00
UCjANN0eUvw-WrZFXJaNfq0g,25700,False,2026-06-21T19:30:02.776080+00:00
UCluB47fcS-RnvNjPHrXYS5Q,398000,False,2026-06-21T19:30:02.776085+00:00
UCEGfw22QZLhHrtp4DO_d6wQ,41900,False,2026-06-21T19:30:02.776089+00:00
UCEdvpU2pFRCVqU6yIPyTpMQ,58600000,False,2026-06-21T19:30:02.776093+00:00
UC4wnPYAUJIJFBRShjzaFCvA,129000,False,2026-06-21T19:30:02.776098+00:00
UCb-YblEIoA8fdgfVhgG4tBA,329000,False,2026-06-21T19:30:02.776102+00:00
UCFBlmoxGDWMI1aBqqkS7mTQ,269000,False,2026-06-21T19:30:02.776106+00:00
UCb-rELLoIh1Rwo9pIPSDM1w,19900,False,2026-06-21T19:30:02.776111+00:00
UCEqrKdazbKbyB3bMjb7dplA,390000,False,2026-06-21T19:30:02.776115+00:00
UCaFLeZCNpcIafSFSayv9ksg,77300,False,2026-06-21T19:30:02.776119+00:00
UCaI7vNHYxgAGTcjo0X4Nh9A,37200,False,2026-06-21T19:30:02.776123+00:00
UCEiI6CemnufM_V1RMjWaL5Q,241000,False,2026-06-21T19:30:02.776128+00:00
UCaqwCONkIsKkpMK2UlU_B4g,416000,False,2026-06-21T19:30:02.776132+00:00
UCELbBPC-myjV0HRsGeeBR6Q,128000,False,2026-06-21T19:30:02.776136+00:00
UCBvdgpgK3DPDuPV1em5Sw3Q,938000,False,2026-06-21T19:30:02.776141+00:00
UCBud-vIbfap8tPnwHEb48NQ,18600,False,2026-06-21T19:30:02.776145+00:00
UCmi6rEUj_xVYEmOlCTDq6Kg,8590,False,2026-06-21T19:30:02.776149+00:00
UCasi4do_1vvdFMUqdsc_uWw,849000,False,2026-06-21T19:30:02.776154+00:00
UC5Kbujh4uGJP-ghTVCbgP0g,6050,False,2026-06-21T19:30:02.776158+00:00
UCDiYjgMzZpGHF_VPiygOvcg,19700,False,2026-06-21T19:30:02.815428+00:00
UC5_ESp6H_8__Ou2dVL7Q4fw,14200,False,2026-06-21T19:30:02.815448+00:00
UC5bMr66sJ6yFPhlp77tOWcg,9900,False,2026-06-21T19:30:02.815453+00:00
UCE3YNMorDB1EpgjcXd3Hz6A,16800,False,2026-06-21T19:30:02.815456+00:00
UCC7jvB95AlEfMzAsoXecwjg,49500,False,2026-06-21T19:30:02.815460+00:00
UCb_L4wZwHcJBrWcs-OTra-A,593000,False,2026-06-21T19:30:02.815464+00:00
UCll6Sr6V_qJiV7HoLINVTrQ,91800,False,2026-06-21T19:30:02.815467+00:00
UCE7blD9XJY_RM0dG7Gs_LOA,88400,False,2026-06-21T19:30:02.815470+00:00
UClP8QHtFXrjXQfasbj2Hp-Q,569000,False,2026-06-21T19:30:02.815473+00:00
UCDmHSYWaORnibZXfldTsDuw,6770,False,2026-06-21T19:30:02.815476+00:00
UCDr_vEj3OAMmhQB3HzQG22Q,28700,False,2026-06-21T19:30:02.815479+00:00
UCbB9182i5iGc6pHgEVBorFw,64300,False,2026-06-21T19:30:02.815482+00:00
UC6tCT6LpekaoNPjpWVN9SYg,432000,False,2026-06-21T19:30:02.815486+00:00
UC5mdXHvM__5saU70XfrWuqg,88100,False,2026-06-21T19:30:02.815489+00:00
UCE7U69HE8Wl8giqw6bmKS3A,252000,False,2026-06-21T19:30:02.815492+00:00
UCbU86dKACh3g1qiV3kMaRFQ,568000,False,2026-06-21T19:30:02.815495+00:00
UCbJ2OBO3eOQnpxEn4kQruRA,760000,False,2026-06-21T19:30:02.815498+00:00
UCE86CxZkm32p0CSxGDi11Kw,9360,False,2026-06-21T19:30:02.815501+00:00
UClKezL95WNrPgDL70MnWFTw,602000,False,2026-06-21T19:30:02.815504+00:00
UC5ZBn_O4tEXTv_CfbmxYwaQ,89300,False,2026-06-21T19:30:02.815508+00:00
UC6rYKIWbBPXcNrIL36x0AIQ,35100,False,2026-06-21T19:30:02.815511+00:00
UClrR01ZJCxpkonrKvuRcNDw,17800,False,2026-06-21T19:30:02.815514+00:00
UCjURluuNDIcpXDOpgXnsQNA,244000,False,2026-06-21T19:30:02.815517+00:00
UC5b1FY8v9Pw5lb-f1PNjS3Q,13200,False,2026-06-21T19:30:02.815520+00:00
UCbJo0uDZpo-XdlO4xyzdwNA,35300,False,2026-06-21T19:30:02.815523+00:00
UC5p5JMWxGx96lJFBMpPWN9w,70900,False,2026-06-21T19:30:02.815526+00:00
UC5VoEl2DEg_7NSoWNYSPJPA,199000,False,2026-06-21T19:30:02.815529+00:00
UC5dtS_pi--8fLv-7ki8jtDA,25000,False,2026-06-21T19:30:02.815532+00:00
UC5bYXegKxWeC9DC95ZcrKNw,73100,False,2026-06-21T19:30:02.815535+00:00
UCba_KBks-G5_4_x_LpK2pWA,86000,False,2026-06-21T19:30:02.815539+00:00
UCC8fFYot3Uivx9ulHefEeAA,478000,False,2026-06-21T19:30:02.815548+00:00
UClZbsg62vR15B9unTny4bVw,600000,False,2026-06-21T19:30:02.815554+00:00
UCjW27_w4Td-4qhhpBbFQQjw,63400,False,2026-06-21T19:30:02.815560+00:00
UCDf5tnJPjFnP9TFA6OXz4Uw,69900,False,2026-06-21T19:30:02.815566+00:00
UC5_2fynXBhMjL3IFcierQbQ,154000,False,2026-06-21T19:30:02.815573+00:00
UCDqm2I2QYpHyuCwMjTTWD6w,53000,False,2026-06-21T19:30:02.815578+00:00
UC5fzhlCbtoirTvFj6-ZiK2A,34100,False,2026-06-21T19:30:02.815583+00:00
UCE2Utg4v21vvdJEpo5sUm6g,4770,False,2026-06-21T19:30:02.815588+00:00
UC6sLb6lkcfj4i30zE6gmvzA,15200,False,2026-06-21T19:30:02.815593+00:00
UCbZDHJe2oxnLz2wGyJAbsnw,52600,False,2026-06-21T19:30:02.815598+00:00
UCbfTofjUTj3B_0WnIC-5XlA,61800,False,2026-06-21T19:30:02.815603+00:00
UCDfEaWWyu8L09eCCeqHbkrw,14600,False,2026-06-21T19:30:02.815608+00:00
UCbB_8erL9uXPiU1U4qCq4Gw,28600,False,2026-06-21T19:30:02.815613+00:00
UCDq8SFv1uW5kr8iR5-hZlBA,59800,False,2026-06-21T19:30:02.815617+00:00
UClUSoUXnpx7rC63mBsAzZvg,152000,False,2026-06-21T19:30:02.815622+00:00
UCC0JkfmDMkdf-aAnAIoGikg,7490,False,2026-06-21T19:30:02.815627+00:00
UC5cX18srcc5Rh_wl73kuu8A,133000,False,2026-06-21T19:30:02.815637+00:00
UC5cfCaj8a7bSP2MbnaNahFw,76200,False,2026-06-21T19:30:02.815642+00:00
UC5TstGk5UmTkvg1Ne78VEQQ,339000,False,2026-06-21T19:30:02.815647+00:00
UC6quQ6CGgIhSxWC7QwOpeCw,23200,False,2026-06-21T19:30:02.815652+00:00
UC5yjBS1LWcrUQ-ygulnHVHQ,21100,False,2026-06-21T19:30:02.849352+00:00
UCkWujacO-t0hg_tyUY_FBTQ,14000,False,2026-06-21T19:30:02.849378+00:00
UCCRZkxGXpM6sWdOccFOfZtg,4580,False,2026-06-21T19:30:02.849385+00:00
UC6KnFuHBByTI20VENcsoNjg,903000,False,2026-06-21T19:30:02.849391+00:00
UCbkWaBEs02oqmPOtz-zXUAA,16800,False,2026-06-21T19:30:02.849396+00:00
UCD48wxzc6j1eF_-Md6VTN_A,125000,False,2026-06-21T19:30:02.849402+00:00
UC6jw70h1-oQpj14no4D6dbA,26100,False,2026-06-21T19:30:02.849408+00:00
UCCuMYUOCNF8je7X6H1ElKBA,58300,False,2026-06-21T19:30:02.849413+00:00
UC5v5nvhrgme6QIRp7NKPkwA,119000,False,2026-06-21T19:30:02.849418+00:00
UCCLCFKpDDLujdxCZU0dSB4Q,199000,False,2026-06-21T19:30:02.849424+00:00
UC67Dybo-Sy1jsAWr39RXrBw,254000,False,2026-06-21T19:30:02.849429+00:00
UCDO9FT_L0IFbvo9i14JGJPw,25300,False,2026-06-21T19:30:02.849434+00:00
UC5wBrMB95qGCvmnUO0OWJZw,28300,False,2026-06-21T19:30:02.849439+00:00
UCcSFOAifd87FmsSVYwgnbAQ,228000,False,2026-06-21T19:30:02.849444+00:00
UCCt-jMMGP-Fm-npn5XB7-Kg,77700,False,2026-06-21T19:30:02.849448+00:00
UCCNaJxkydTSNf1oWCtuqMVg,126000,False,2026-06-21T19:30:02.849453+00:00
UCc77xjLi2koAOjUYIsUeMBg,220000,False,2026-06-21T19:30:02.849458+00:00
UCDWdfDSX84er7kKushurhQA,130000,False,2026-06-21T19:30:02.849463+00:00
UCDcMb209nmPsSTnpuAliciQ,19500,False,2026-06-21T19:30:02.849468+00:00
UCc6XWP5UNH2rQMXAaSVIwOg,17500,False,2026-06-21T19:30:02.849474+00:00
UCDNL6qzzuHLjXWe9bIpQuwQ,44800,False,2026-06-21T19:30:02.849479+00:00
UC6Afzo-0E86VPRty9pd-k_A,36400,False,2026-06-21T19:30:02.849484+00:00
UC67nOwkRPcY6W8gOK0xLa2g,151000,False,2026-06-21T19:30:02.849490+00:00
UCCLXrlQZuNTY0G5kWjw3xmw,190000,False,2026-06-21T19:30:02.849496+00:00
UCc9OGzar9r8qQwfql0HVXig,514000,False,2026-06-21T19:30:02.849501+00:00
UC5xkAVIjB7-a7dYCJTN_feg,18400,False,2026-06-21T19:30:02.849506+00:00
UCknqb5b1W7lNsja6r18T5ZQ,45400,False,2026-06-21T19:30:02.849511+00:00
UCCKwG8O8T-IkJsFqwkq2hLg,134000,False,2026-06-21T19:30:02.849516+00:00
UC64uGOYi7v1ClET3GJVlYyA,225000,False,2026-06-21T19:30:02.849522+00:00
UCjp855GiMgUDIV0r778AFsQ,2330,False,2026-06-21T19:30:02.849527+00:00
UCdAT_v1_2aTPergMpWy2V-w,42400,False,2026-06-21T19:30:02.849532+00:00
UCke5D1VwgqJjCs7v9xmok6Q,74000,False,2026-06-21T19:30:02.849537+00:00
UCCLCgz29sd9XCEWRTrp90Og,22800,False,2026-06-21T19:30:02.849543+00:00
UC6Gqkt9KEsHe7mBX2h2pw7w,413000,False,2026-06-21T19:30:02.849548+00:00
UCc8VMepAgIF_hVCnt4dnIPQ,588000,False,2026-06-21T19:30:02.849554+00:00
UCl-a_a-8444tj7s-3C5nSSA,157000,False,2026-06-21T19:30:02.849559+00:00
UC6n9akUPeqd4ebsnH2IxB0g,31000,False,2026-06-21T19:30:02.849564+00:00
UC5wCa1sxq6xrfGx70LcKO-w,37400,False,2026-06-21T19:30:02.849570+00:00
UCD10XbSRYB_1eIX8YMgWJtQ,211000,False,2026-06-21T19:30:02.849575+00:00
UC6733Tao6u0xg6OVDyHPZ4Q,11100,False,2026-06-21T19:30:02.849581+00:00
UCDYyCQAk60CqabvkL5gU3Mw,2150000,False,2026-06-21T19:30:02.849586+00:00
UCCNdTWT_W0KDdZoZbPoSQWA,70800,False,2026-06-21T19:30:02.849591+00:00
UC5vupi17oz20-hk3Gncpi0A,31900,False,2026-06-21T19:30:02.849597+00:00
UC6jQA74GhOD5edE9XPlRoLw,38800,False,2026-06-21T19:30:02.849602+00:00
UCbjBntVhOcA8iQVJsKrgLTA,737000,False,2026-06-21T19:30:02.849608+00:00
UCl3W3dkZ2Ft91kGT6Oh-swQ,11400,False,2026-06-21T19:30:02.849613+00:00
UCkNRrKGSsIFAlfQ4AIB4Ihw,99200,False,2026-06-21T19:30:02.849618+00:00
UCcOeYXyn6mtxhHw64CKVt-w,300000,False,2026-06-21T19:30:02.849623+00:00
UCDQSZbG4ftph-9M1AsASGVg,555000,False,2026-06-21T19:30:02.849628+00:00
UCkZ7zMCPzrmTvxNMUiQRcCA,136000,False,2026-06-21T19:30:02.849633+00:00
UCCpN05aUxJ1QaoACCEBNeEQ,53500,False,2026-06-21T19:30:02.890216+00:00
UC6bA804uZSqHeEA772W2Y6Q,38500,False,2026-06-21T19:30:02.890238+00:00
UC-5r0IvQKQNsBrfpZW2_-BA,11200,False,2026-06-21T19:30:02.890243+00:00
UC6b5OdZTe_ZHNNM-Dl8b9Fw,17800,False,2026-06-21T19:30:02.890247+00:00
UC9HewHptBB5f7p7NoEWRRjw,55500,False,2026-06-21T19:30:02.890250+00:00
UCcgqSM4YEo5vVQpqwN-MaNw,46000000,False,2026-06-21T19:30:02.890255+00:00
UCCZNEfnWS6E5JshwMEPCCJA,118000,False,2026-06-21T19:30:02.890258+00:00
UCzw-C7fNfs018R1FzIKnlaA,16800000,False,2026-06-21T19:30:02.890262+00:00
UCCVo4RiUo_PKCwjRUOkEucg,138000,False,2026-06-21T19:30:02.890265+00:00
UCC_nn4TlgMKp2li_kvUcWsg,422000,False,2026-06-21T19:30:02.890269+00:00
UC--vjcNzor5JzYAuqPviltA,335000,False,2026-06-21T19:30:02.890272+00:00
UCCVJO-UBTAWmH6sP2V54eVA,107000,False,2026-06-21T19:30:02.890276+00:00
UCd4geJU23mtEUlpsdSflrAQ,141000,False,2026-06-21T19:30:02.890279+00:00
UCzXjPL7zo0bxhOYDxLJ9YEg,3780000,False,2026-06-21T19:30:02.890283+00:00
UCCkyXN56x3AAHR6ApGQhJfA,87100,False,2026-06-21T19:30:02.890286+00:00
UCCTTsJP8fmNPCNBp0FL6P0A,596000,False,2026-06-21T19:30:02.890290+00:00
UC-4MViUviF32myAAN3G0alQ,63000,False,2026-06-21T19:30:02.890293+00:00
UCgXTZhho1Oigy9XkXsi2abw,24700,False,2026-06-21T19:30:02.890297+00:00
UC6eWCld0KwmyHFbAqK3V-Rw,1350000,False,2026-06-21T19:30:02.890300+00:00
UCcd-GOvl9DdyPVHQxy58bOw,3280000,False,2026-06-21T19:30:02.890304+00:00
UC6YfTiIPoG6JPPZxi6bqsQw,67900,False,2026-06-21T19:30:02.890308+00:00
UC6YOlMOXjQN9P6U0zARx3Qg,14500,False,2026-06-21T19:30:02.890311+00:00
UC-3LVluQysOhLXVUQUBUhVA,216000,False,2026-06-21T19:30:02.890315+00:00
UCcjTzdYJIzgvUbBI8sacX1w,315000,False,2026-06-21T19:30:02.890318+00:00
UC6Pf_TtEK7SgPWY2SbMLikw,299000,False,2026-06-21T19:30:02.890322+00:00
UCRvvn1iG_FBoYlWv1XJliZQ,190000,False,2026-06-21T19:30:02.890325+00:00
UCCS9G6L8z258FxTSrRdf1vA,21700,False,2026-06-21T19:30:02.890329+00:00
UCChL7pE1Ji93YBJu49yJdEg,120000,False,2026-06-21T19:30:02.890332+00:00
UC-5rzm-ycmKQxmSQnOaJJXw,69500,False,2026-06-21T19:30:02.890336+00:00
UCCq-KYU6Bobeokb_thwLBrA,559000,False,2026-06-21T19:30:02.890339+00:00
UCRqEHQ5UhokZbtXUoXrse_w,23500,False,2026-06-21T19:30:02.890343+00:00
UC9G6cVN89XFM5DCZGU8yn-Q,384000,False,2026-06-21T19:30:02.890346+00:00
UCzpMoI_9uAqcIxpq3Ydf2Lg,744000,False,2026-06-21T19:30:02.890349+00:00
UC-5MzIQb-PGF_O9pPyB2nmg,35400,False,2026-06-21T19:30:02.890353+00:00
UCCZZqyRyR_L5KNABW3suYww,253000,False,2026-06-21T19:30:02.890356+00:00
UC6QPOrsWyt2iMC7m5-xUMAw,26200,False,2026-06-21T19:30:02.890360+00:00
UCCkmgsl8W18oR6c_W7UZ1lQ,616000,False,2026-06-21T19:30:02.890363+00:00
UCkGCQ4TN-8gvb8QCYIqygHw,2100000,False,2026-06-21T19:30:02.890367+00:00
UCczm9pqYpOm1XJZQrb0gbmQ,45800,False,2026-06-21T19:30:02.890370+00:00
UC6WcDW527KWU4eE9OaWPh4g,100000,False,2026-06-21T19:30:02.890374+00:00
UCk42KOEc_Jdv3T2z9pOCSSQ,16600,False,2026-06-21T19:30:02.890377+00:00
UC-2JUs_G21BrJ0efehwGkUw,1240000,False,2026-06-21T19:30:02.890381+00:00
UCcW-VX_8pk73w6NYnG7DenQ,340000,False,2026-06-21T19:30:02.890384+00:00
UCCcTc-mnau1TqEghHGOI6Og,39400,False,2026-06-21T19:30:02.890388+00:00
UCcth0WX2EWNKPTipJTH3xMQ,38100,False,2026-06-21T19:30:02.890391+00:00
UCzZT_CQBlwHCb125VvDN-hw,710000,False,2026-06-21T19:30:02.890395+00:00
UCkBhsreS_wIyoL_7hqNVRWg,282000,False,2026-06-21T19:30:02.890399+00:00
UCCZZhW7EGhnSoKAhS2kI6KA,217000,False,2026-06-21T19:30:02.890402+00:00
UCCqwFR6Bki6-4a_TpeCLoFw,92400,False,2026-06-21T19:30:02.890406+00:00
UCChjF172xXGKMPkc6xZL6qw,7610,False,2026-06-21T19:30:02.890409+00:00
UCRmF5Y0mEXwdqH3hSiiTXNw,1040000,False,2026-06-21T19:30:02.926240+00:00
UC6Z4mPuDKx4XuQzdEFVd9Jg,6550,False,2026-06-21T19:30:02.926270+00:00
UC9IysyETvboy5sWiAM0Glsg,60900,False,2026-06-21T19:30:02.926277+00:00
UCRZ_01oe1SwAQcduxuczHRQ,5870,False,2026-06-21T19:30:02.926284+00:00
UCk2U-Oqn7RXf-ydPqfSxG5g,5760000,False,2026-06-21T19:30:02.926290+00:00
UCRSZXtYfDX2BSLVhgagngTg,208000,False,2026-06-21T19:30:02.926296+00:00
UC-PfrH3RV-wUlYh8UBL-SOg,76900,False,2026-06-21T19:30:02.926302+00:00
UCRY0kb6JfOaMOdyMckY-nmQ,10000,False,2026-06-21T19:30:02.926307+00:00
UC9WZmE-TLX8pMiKxUB0baNA,15100,False,2026-06-21T19:30:02.926312+00:00
UC9Gm1fZBpT9eJKMte-eyahQ,14800,False,2026-06-21T19:30:02.926317+00:00
UCjzLYQcDartD4_SZR_GIynA,9760,False,2026-06-21T19:30:02.926323+00:00
UCCdg2XqMOhuU3G-neL6zisA,4730,False,2026-06-21T19:30:02.926329+00:00
UCRYuHKwhgfCighvhR3n151w,133000,False,2026-06-21T19:30:02.926334+00:00
UCCdQ2pvKeHbszKc2Wfsa6Wg,116000,False,2026-06-21T19:30:02.926340+00:00
UC9JxJV7jxQd9fVa2G9j0otQ,81800,False,2026-06-21T19:30:02.926346+00:00
UCcf_hIfQz1jir7f8NrlJqkQ,186000,False,2026-06-21T19:30:02.926351+00:00
UC9Q4r9A7tyivDJDqacdX2Ig,27500,False,2026-06-21T19:30:02.926357+00:00
UC-EIQoKszZjiQ-c9neLBgrA,532000,False,2026-06-21T19:30:02.926365+00:00
UCRUAobhJzYAxxmTkNakfJ6w,45200,False,2026-06-21T19:30:02.926372+00:00
UC6cQzKPk_dmA9cpKRk4wBtQ,34100,False,2026-06-21T19:30:02.926381+00:00
UCz5ZdvVfqhKBQuVPpediEFA,47100,False,2026-06-21T19:30:02.926388+00:00
UCCusOkTQDnujz4vo_u0E7OA,265000,False,2026-06-21T19:30:02.926395+00:00
UC9B2D-VzslJ_OTUXA8-V_dQ,532000,False,2026-06-21T19:30:02.926402+00:00
UC-GJVz5Mqs8nLDG4JGU0xEA,5880,False,2026-06-21T19:30:02.926408+00:00
UC6ZZhovRZpUA4VafgBdECZQ,387000,False,2026-06-21T19:30:02.926413+00:00
UC9Bnr-dzm6CvQJnI8qVMNlw,134000,False,2026-06-21T19:30:02.926419+00:00
UCgJzj2R9zPaTj6LR1fh8LvA,72500,False,2026-06-21T19:30:02.926424+00:00
UC9S7NIH9poid8IkuyxlYUow,54900,False,2026-06-21T19:30:02.926430+00:00
UC9DXAsBD4-ITVuvpd68401Q,4230000,False,2026-06-21T19:30:02.926436+00:00
UC-ATEtXbjrzLsmLQ2PpeqjA,383,False,2026-06-21T19:30:02.926441+00:00
UCkKM1VnELk4ZfhH1igHO3Sg,62700,False,2026-06-21T19:30:02.926447+00:00
UC9B6J4qn5M_TLMh7zX0ISBA,955000,False,2026-06-21T19:30:02.926453+00:00
UCSApbe5TmzbqNF_LgRktpzw,109000,False,2026-06-21T19:30:02.926459+00:00
UCcllVT-T3HcTq2cfsb0K73g,14800,False,2026-06-21T19:30:02.926465+00:00
UCRLJ90qaKl0Fhgix8SbkEtg,16700,False,2026-06-21T19:30:02.926470+00:00
UCgIfLpQvelloDi8I0Ycbwpg,1800000,False,2026-06-21T19:30:02.926476+00:00
UCRdso_IxjZaOBM1Tapmd-pw,228000,False,2026-06-21T19:30:02.926481+00:00
UCRes-O48zVJ_X-wTQvhnw4A,115000,False,2026-06-21T19:30:02.926487+00:00
UC6_1A8brQRu1UtyxqUTazZQ,106000,False,2026-06-21T19:30:02.926493+00:00
UCRXOgEDB2AulWqHnuMbpw3w,55400,False,2026-06-21T19:30:02.926498+00:00
UC9NKrhYN2frH9wt9PjqBALw,312000,False,2026-06-21T19:30:02.926504+00:00
UCzEkldoFLyY3bfUGWPMAfUw,346000,False,2026-06-21T19:30:02.926509+00:00
UCRRPx2c_ReGveUKZCnCHrZg,39200,False,2026-06-21T19:30:02.926515+00:00
UCSDDcPXQz5a-2Bita7IkQBQ,240000,False,2026-06-21T19:30:02.926520+00:00
UC6_772MCIvoCOu9d_725ZRg,88400,False,2026-06-21T19:30:02.926526+00:00
UCCZfeUN7YPsyxEykxm-nxUg,535000,False,2026-06-21T19:30:02.926531+00:00
UCzrG47dhJ8vZyc5uEzSIh7A,611000,False,2026-06-21T19:30:02.926537+00:00
UC-JSOjRnW-3GJNSzmDWkYww,30900,False,2026-06-21T19:30:02.926543+00:00
UC6cMv-Z0c_SUhJh3GVnv2Dg,1860,False,2026-06-21T19:30:02.926548+00:00
UC9Gh9JBUanXOVlaUvtbJ9qg,157000,False,2026-06-21T19:30:02.926554+00:00
UC90i8yDvAs754dTRhplAQdg,40600,False,2026-06-21T19:30:02.973119+00:00
UCCrVtMawUDYXMNXe8s5GXUg,38500,False,2026-06-21T19:30:02.973142+00:00
UC6fG-wjPoz110Sywvq4reOA,634000,False,2026-06-21T19:30:02.973147+00:00
UC-Md_S_A6VcSJiAhStZCKbw,6620000,False,2026-06-21T19:30:02.973150+00:00
UCyo6aLuDHbUoNTv-NR-Y0NA,1250000,False,2026-06-21T19:30:02.973154+00:00
UC96ayIUKf6vLCLuIaCRYnXg,583000,False,2026-06-21T19:30:02.973157+00:00
UCSQtPsHaJIbbVjd0WWqDhsQ,128000,False,2026-06-21T19:30:02.973161+00:00
UC6IEwR-WtLcNLQz8GLlruAg,27400,False,2026-06-21T19:30:02.973164+00:00
UC9U8MC9PPIB50Q3kJN0Twag,35200,False,2026-06-21T19:30:02.973167+00:00
UCSWvYE911CGYu6XYBJ-p7Gg,108000,False,2026-06-21T19:30:02.973170+00:00
UC6hCRgl89LosT99NJkB2JPA,47900,False,2026-06-21T19:30:02.973173+00:00
UCCRJWqyU2PsNQ_whUFpOm-A,51000,False,2026-06-21T19:30:02.973176+00:00
UCkMbW8airnw23oEJVJUD8pg,172000,False,2026-06-21T19:30:02.973179+00:00
UCgXl3Bb123ut3rww4DaYpOg,118000,False,2026-06-21T19:30:02.973182+00:00
UCcUcK64JLSZAPUfG07s-Wew,298000,False,2026-06-21T19:30:02.973185+00:00
UCyhBC619cP8mjLJBZnSVUhg,351000,False,2026-06-21T19:30:02.973188+00:00
UCSaCTA8JZlSZe9fCLbtmJuw,109000,False,2026-06-21T19:30:02.973192+00:00
UCQzXBO3VmZ_JY_6lJMOoDrA,59500,False,2026-06-21T19:30:02.973195+00:00
UCCRb6nYKaT8tzLA8CwDdUtw,5300000,False,2026-06-21T19:30:02.973198+00:00
UC9V4A0BK2lCKw31KxAX8E5g,208000,False,2026-06-21T19:30:02.973201+00:00
UCD-1K4pWHKGhvO4LtSgWlog,88100,False,2026-06-21T19:30:02.973204+00:00
UCCs3JLOh2IUlVL-Yqj6kEZA,215000,False,2026-06-21T19:30:02.973208+00:00
UCSHc05m3seGiDBH6ZChd1xA,317000,False,2026-06-21T19:30:02.973211+00:00
UC6Dwu4M399TxSSh4YJkrLUg,29500,False,2026-06-21T19:30:02.973214+00:00
UC-L6oKM0dDcwdWlJv6ZjCDw,544000,False,2026-06-21T19:30:02.973217+00:00
UC6TfjBeDuAcma3Caq5mGn3w,60900,False,2026-06-21T19:30:02.973220+00:00
UCR61XV4ROXhkcfLO31hTGuw,642000,False,2026-06-21T19:30:02.973223+00:00
UCQlzehqgTr0yfzxQZogbbCg,282000,False,2026-06-21T19:30:02.973226+00:00
UC6fw02-aomOsu9vrroAerDw,105000,False,2026-06-21T19:30:02.973229+00:00
UC-QTcMOL4F_B922ClrkoI5A,39700,False,2026-06-21T19:30:02.973232+00:00
UCCQ4Zjbqs98DZYPWhdH9t9Q,12300,False,2026-06-21T19:30:02.973235+00:00
UCR7g9HrNeDl8so2WEiDXyxQ,31600,False,2026-06-21T19:30:02.973238+00:00
UCQwZAv8xiDEIP2cCMyoukCg,129000,False,2026-06-21T19:30:02.973241+00:00
UCyrrIhNJFOjgY4inIpkhqGA,21000,False,2026-06-21T19:30:02.973245+00:00
UCCqbFzCTb3HwWHmMJl2DJIg,446000,False,2026-06-21T19:30:02.973248+00:00
UCyqZE-ERRHfY8SwcupWK5lQ,560000,False,2026-06-21T19:30:02.973251+00:00
UCCuizDTLsr-mNm_PEGdChVg,1780000,False,2026-06-21T19:30:02.973254+00:00
UCRHmNRsHzdxoJJ6eik3yYlw,112000,False,2026-06-21T19:30:02.973257+00:00
UCSVIW0x_kuerqPqSXVRMC1A,648000,False,2026-06-21T19:30:02.973260+00:00
UCQmrp8xomFRvv0hRfp_hCnw,570000,False,2026-06-21T19:30:02.973263+00:00
UC98PlmYNo7PJSgTLWVKXoDg,61600,False,2026-06-21T19:30:02.973266+00:00
UCCruo-KVM0xtugiwoXf7ahA,39700,False,2026-06-21T19:30:02.973269+00:00
UC6KG9LORx5oAZ9oEycvq7iA,59200,False,2026-06-21T19:30:02.973272+00:00
UCCPzlGr00YZf-PnCUFW69Yw,12500,False,2026-06-21T19:30:02.973275+00:00
UC99nBu99beGAqaHAcly-WTA,115000,False,2026-06-21T19:30:02.973279+00:00
UCR27AC8dSdCdLDuNYqpCLPg,32200,False,2026-06-21T19:30:02.973282+00:00
UCcRECvixRcfUl2voNPW8wrA,204000,False,2026-06-21T19:30:02.973285+00:00
UC-N5VcKtH5XQLoOQonXDkow,21200,False,2026-06-21T19:30:02.973288+00:00
UCCoPCGPgkxqtDAwTAYnqiqQ,50000,False,2026-06-21T19:30:02.973291+00:00
UCSPi44VPTN1IcQM1PvLS5MA,75600,False,2026-06-21T19:30:02.973294+00:00
UCQaO6CcURLrs_Hak2ZmvKiQ,29400,False,2026-06-21T19:30:03.009715+00:00
UC6GB47LqwaOPDNNmDh-QQTQ,9690000,False,2026-06-21T19:30:03.009737+00:00
UC-VxXyLMfviUYS5DA7zOBBw,21100,False,2026-06-21T19:30:03.009741+00:00
UCyWp9HWdXiUD2nmJMJ0DY_A,252000,False,2026-06-21T19:30:03.009744+00:00
UCQX7BmjgiFmitZWzIoHTLjg,87500,False,2026-06-21T19:30:03.009747+00:00
UCSiA4Qpi33WF8NXYK8ByYfA,13700,False,2026-06-21T19:30:03.009751+00:00
UC-SuHonAEkrikvs2oj7LLXg,677000,False,2026-06-21T19:30:03.009754+00:00
UC69RyC6BwDhIXYnDpYIARkw,29600,False,2026-06-21T19:30:03.009757+00:00
UC-VuNhvBm3bnOpzsYk-o4mA,17700,False,2026-06-21T19:30:03.009760+00:00
UCgBAG1Sm2ZaMZVJIi-CwMHw,74600,False,2026-06-21T19:30:03.009764+00:00
UC6FS-KKX0Se3EpRhSn-i-Ng,139000,False,2026-06-21T19:30:03.009767+00:00
UC92-AlmAIb3qgYSVdZqDXmA,69400,False,2026-06-21T19:30:03.009770+00:00
UCQhxtM_x7tu0Nm35zBAaLfA,312000,False,2026-06-21T19:30:03.009773+00:00
UC6jb9ZW92VA8Lx6f37QHDzg,21600,False,2026-06-21T19:30:03.009776+00:00
UC6BWjurIu3UbQ_4DnjM-ZtA,1070,False,2026-06-21T19:30:03.009779+00:00
UC6CgSYwVgiSXLkB7BBodqFg,591000,False,2026-06-21T19:30:03.009782+00:00
UCyHTps406GHxyE3sSnJCnBA,34200,False,2026-06-21T19:30:03.009785+00:00
UCgdosCRq_0An1vY2DvRFNzg,62500,False,2026-06-21T19:30:03.009788+00:00
UCQVr6XWvWIY2PgFg_YdQLMg,310000,False,2026-06-21T19:30:03.009791+00:00
UCyTadF39uysQ99I7TxVNPWQ,43500,False,2026-06-21T19:30:03.009795+00:00
UCQjPO5yhbxZSHHO8uJIg99w,144000,False,2026-06-21T19:30:03.009798+00:00
UCSdiXqnTXy6hukTURUIZbIg,1190000,False,2026-06-21T19:30:03.009801+00:00
UC-_FGIp2__NfB1GsBKCCcFA,231000,False,2026-06-21T19:30:03.009804+00:00
UCQUAbtusNgy7tO60HiBMvGQ,252000,False,2026-06-21T19:30:03.009807+00:00
UC6Dx30KBVcLbWCKqD5yTDtQ,8400,False,2026-06-21T19:30:03.009810+00:00
UC-Tb3IQgPdvmcQTXPqsTPvA,105000,False,2026-06-21T19:30:03.009813+00:00
UC93O_mvkSvPHQDqPMJbl9Aw,188000,False,2026-06-21T19:30:03.009817+00:00
UCyIIDgVK21DylPYqF3c0fKg,15000,False,2026-06-21T19:30:03.009820+00:00
UCCvfzbKO8ea1WMuj7yBPmWA,371000,False,2026-06-21T19:30:03.009823+00:00
UCSgmtMZhhjCfzRZo_nWc1sg,51700,False,2026-06-21T19:30:03.009826+00:00
UCkS9-tAzMuvOFF7SDbzE4lQ,31800,False,2026-06-21T19:30:03.009829+00:00
UCgY8pmJItX4O-ZkkOy9xoFA,169000,False,2026-06-21T19:30:03.009832+00:00
UC-Sd8lPzQYa2d1aZZznpo1g,13000,False,2026-06-21T19:30:03.009835+00:00
UCyfjcaJcUC6QwuoUe_yvYnA,52500,False,2026-06-21T19:30:03.009838+00:00
UC-TvHSpf__bdfEp5oWOdkpA,10300,False,2026-06-21T19:30:03.009841+00:00
UCgBf5j2KIkFBm29Z7fYDG1A,83500,False,2026-06-21T19:30:03.009844+00:00
UC-Wc0cp70Wd2oDsOE1bFVQQ,25100,False,2026-06-21T19:30:03.009848+00:00
UCQh5QQzZR7F_3PdWaRWf8ow,18400,False,2026-06-21T19:30:03.009851+00:00
UC-Zwcc_MbnyglsQdyOByc-Q,22500,False,2026-06-21T19:30:03.009854+00:00
UCyTSS4qGBk16HMAQBALBa5g,410000,False,2026-06-21T19:30:03.009857+00:00
UC6jpoUocCh2UboanIdMuZ9A,6700,False,2026-06-21T19:30:03.009860+00:00
UC-XB-i3kEn7ykApGZ-GTtCg,105000,False,2026-06-21T19:30:03.009863+00:00
UC6BK84kcjPkJqXYZAZSC-sQ,10000,False,2026-06-21T19:30:03.009866+00:00
UCQfxUL1C3DbUGKuypb1tbhg,30000,False,2026-06-21T19:30:03.009870+00:00
UCQfM1H8dRwUIUfHnl58unCg,5760,False,2026-06-21T19:30:03.009873+00:00
UC69PomlaBJ2TRCtpAC0LQUw,11800,False,2026-06-21T19:30:03.009876+00:00
UC-_YNYJiiIUo4IQeEiT1M6g,21200,False,2026-06-21T19:30:03.009879+00:00
UCQZDh-m6a31o7rXJPuMiFbA,413000,False,2026-06-21T19:30:03.009882+00:00
UCSmXUiXCvdt_zpxc7LDCLnw,39400,False,2026-06-21T19:30:03.009885+00:00
UC-YcwKIBD0kvwaICQXXlwCg,908000,False,2026-06-21T19:30:03.009888+00:00
UCc1DlsoyBaXpzQVOYavBHjA,78800,False,2026-06-21T19:30:03.046759+00:00
UCd7dckfLIKyAywX2hVyELfg,13200,False,2026-06-21T19:30:03.046780+00:00
UCki8CVBscF8svKRKnSGplNA,56200,False,2026-06-21T19:30:03.046785+00:00
UCkex1wLTvYFnF0hfLXGE1kQ,603000,False,2026-06-21T19:30:03.046788+00:00
UC-f_5LnZkQa44fQFb0Q_bJQ,340000,False,2026-06-21T19:30:03.046792+00:00
UC-chr8slOaleA1yaJVcMIiQ,22000,False,2026-06-21T19:30:03.046795+00:00
UCT6iRPtBcmLrK2f0U1iDmjg,321000,False,2026-06-21T19:30:03.046798+00:00
UC9g3RRh0vtmqA4gEFtfS4MQ,839000,False,2026-06-21T19:30:03.046802+00:00
UCT0A6j1yHhCYMoV2LIM3HkA,29900,False,2026-06-21T19:30:03.046805+00:00
UC-kl8i6lq_ObZAn4kTL2WHA,429000,False,2026-06-21T19:30:03.046808+00:00
UCT0x6RQTeoZByaYt_k1Ranw,2740000,False,2026-06-21T19:30:03.046811+00:00
UCQD-31XOIWj2Jao3Gs5-K-g,62900,False,2026-06-21T19:30:03.046814+00:00
UC9guGKOTxbOIIKbWwpobbZA,14600,False,2026-06-21T19:30:03.046817+00:00
UCT5BVYrrhS7gD5xzloZ8FhA,1800000,False,2026-06-21T19:30:03.046820+00:00
UCDRI7r1kx-HQQ2O-AmzQRww,48300,False,2026-06-21T19:30:03.046823+00:00
UCDATKGbXSD0XYUkYnpeX57Q,127000,False,2026-06-21T19:30:03.046826+00:00
UC-cXutYzvqARF5wNKx1KCNA,297000,False,2026-06-21T19:30:03.046829+00:00
UCT1olH_Me8E55EW0xZjpjzw,74900,False,2026-06-21T19:30:03.046833+00:00
UCT42Lnw-fowdoa5wzp-J-Pw,383000,False,2026-06-21T19:30:03.046836+00:00
UCSxwU949ET-h5aRYYKlVTfg,1000000,False,2026-06-21T19:30:03.046840+00:00
UC9cWgCidXQGAhx9kuwmnAHw,631000,False,2026-06-21T19:30:03.046843+00:00
UCxlmNgl67Kz3ThxXDDs4_Xw,69600,False,2026-06-21T19:30:03.046846+00:00
UCQEuJeznFFFUChivsELqrwQ,281000,False,2026-06-21T19:30:03.046849+00:00
UC8yS5dCzbiPGf1HnAwwcnhQ,256000,False,2026-06-21T19:30:03.046852+00:00
UCbw91BgRkqc3pDUi2I0XRoA,185000,False,2026-06-21T19:30:03.046855+00:00
UC63bJhINPNyZKTV0R8tIlrw,113000,False,2026-06-21T19:30:03.046858+00:00
UCxuS4FkzM7Bmuk8H2V2brKQ,20700,False,2026-06-21T19:30:03.046861+00:00
UC9eo2v-zP26zvK2PNCqRVMg,13000,False,2026-06-21T19:30:03.046865+00:00
UC9aB5b9qMlCeLcp2wTyjS-w,12900,False,2026-06-21T19:30:03.046868+00:00
UC8wjVVibBt6e5dZT2H8FSFg,55000,False,2026-06-21T19:30:03.046871+00:00
UCQLarDUQaztk4gEhBTdJlmA,156000,False,2026-06-21T19:30:03.046874+00:00
UC6jvmqGUTMu8zxMh93lTscQ,7050,False,2026-06-21T19:30:03.046877+00:00
UCkvIrJf6q-mZgz3QU2Z00PA,5200,False,2026-06-21T19:30:03.046880+00:00
UCQ6f5_6v4L3QbbR5ojAc3iA,275000,False,2026-06-21T19:30:03.046883+00:00
UC9Wesh1nf7vtrMHNF7DtUog,178000,False,2026-06-21T19:30:03.046886+00:00
UC6lG1Ela8OwLRRdakBR_rUw,64000,False,2026-06-21T19:30:03.046889+00:00
UC5zCGuN9mZifTlSgzwXbuag,103000,False,2026-06-21T19:30:03.046892+00:00
UCblfuW_4rakIf2h6aqANefA,28700000,False,2026-06-21T19:30:03.046896+00:00
UCkhI25bWjFgNQOdPJOz7btA,76600,False,2026-06-21T19:30:03.046899+00:00
UCkgA3lLA6x9ZaXuuhkfCB9w,646000,False,2026-06-21T19:30:03.046902+00:00
UCDAADwr-ZVFqcJ6-4vma1xw,50600,False,2026-06-21T19:30:03.046905+00:00
UC8xOsmHH4EjgKIkuGnV8R6Q,97100,False,2026-06-21T19:30:03.046908+00:00
UCc7Ygo3HC1zWJOrtNiwuT3w,538000,False,2026-06-21T19:30:03.046911+00:00
UCl37sAx9teMEQ4-36qqSx5g,117000,False,2026-06-21T19:30:03.046914+00:00
UC9aPHpqz9o8wg5yfAR_91Dg,4920,False,2026-06-21T19:30:03.046917+00:00
UCSxwcQnzA5K6DvofvBn6ATA,1890000,False,2026-06-21T19:30:03.046920+00:00
UC-b2dAUTIM3lJdsbQHy22-A,52100,False,2026-06-21T19:30:03.046923+00:00
UCCJlAOB0PI3rZQIbC9U9q8A,181000,False,2026-06-21T19:30:03.046926+00:00
UCkwJXqFl-9VVvK9udYCFjMw,1710000,False,2026-06-21T19:30:03.046930+00:00
UCyCnRz_3w--uy44zFv1dThg,408000,False,2026-06-21T19:30:03.046933+00:00
UCxiE1OXPuNatIz40Daq8JCg,77800,False,2026-06-21T19:30:03.089160+00:00
UC-lafsH8pDHkFwWYHWkR_7g,38300,False,2026-06-21T19:30:03.089181+00:00
UC5tbqAW3VyVgmeHXdOrrhKQ,53100,False,2026-06-21T19:30:03.089185+00:00
UC6mOyeQGSYJrB-DzxMyzozw,73100,False,2026-06-21T19:30:03.089188+00:00
UC-mHxZS1MAMmRqpTKZZf8Fg,25100,False,2026-06-21T19:30:03.089192+00:00
UCT9b7yx6qEl0q994k4s6IEw,198000,False,2026-06-21T19:30:03.089196+00:00
UC-qK1jcRfivvFDka3NhyUmA,96400,False,2026-06-21T19:30:03.089198+00:00
UC-rO9A_VllC58F-uqGHWjIg,10900,False,2026-06-21T19:30:03.089201+00:00
UCPjkTPL6KKOGBv-EnQtWQxQ,69800,False,2026-06-21T19:30:03.089204+00:00
UCPzGDmDvt8xxs1_OTOxSW1A,19700,False,2026-06-21T19:30:03.089207+00:00
UCbbu1xpujjiSQtapBMTr5XQ,1820000,False,2026-06-21T19:30:03.089210+00:00
UCD_YCUXPoEojkQCUs81KTpw,11400,False,2026-06-21T19:30:03.089213+00:00
UC8yYqoMOYO_Q755YLJ-teoQ,1920000,False,2026-06-21T19:30:03.089216+00:00
UCCDQSu5WZb9k1XlttFrTx0w,80000,False,2026-06-21T19:30:03.089218+00:00
UCPaHUIMi63qffyZltWgPmiA,21800,False,2026-06-21T19:30:03.089221+00:00
UCPnCLcPo_QA-0YMfBBPZR1Q,7800,False,2026-06-21T19:30:03.089224+00:00
UCPdGW3HUuZOXlyDbdqZVt8A,250000,False,2026-06-21T19:30:03.089227+00:00
UCDe08Fs0s0YKJuk5h45csAQ,1800000,False,2026-06-21T19:30:03.089230+00:00
UC-zBhlzcQkT-bbvBqlE5SnQ,24200,False,2026-06-21T19:30:03.089233+00:00
UCPoh0LDoMxJ__4sB9ZMeXfw,24200,False,2026-06-21T19:30:03.089236+00:00
UC6nsBbxD55hXZ6wWAv0T2cA,56900,False,2026-06-21T19:30:03.089239+00:00
UCT8M1Ckd3VcBHnRKtrhqhRQ,203000,False,2026-06-21T19:30:03.089242+00:00
UCD_CIoHCp_cIBL3Tw5KhcXQ,36000,False,2026-06-21T19:30:03.089245+00:00
UCTH870_-iQTP7E5FqTUzUFw,78400,False,2026-06-21T19:30:03.089248+00:00
UCxcHlx92mVly03N8FD5mmvw,202000,False,2026-06-21T19:30:03.089250+00:00
UC6-h4gN51Ars8SH4zcRZf9A,8600,False,2026-06-21T19:30:03.089253+00:00
UCCFAftemVO9AmwqHkvwL2ow,40200,False,2026-06-21T19:30:03.089256+00:00
UC5vqbtNnbOF2h7A_xlrIPUw,650000,False,2026-06-21T19:30:03.089259+00:00
UCDZM_ACxnJAQD0aDWSVHcmw,9330,False,2026-06-21T19:30:03.089262+00:00
UCPmCaKjzYF3pXYLfaRhacwA,1460000,False,2026-06-21T19:30:03.089265+00:00
UC-lQDDbmUb0rDRiw00ef4Mg,25200,False,2026-06-21T19:30:03.089268+00:00
UC5usUVmFMA8rZzSzgB0GusQ,13800,False,2026-06-21T19:30:03.089270+00:00
UC6m3vsgi0uKMQWSaBakV5Bg,12800,False,2026-06-21T19:30:03.089273+00:00
UCTPDnENz4gJVIBQ7kZXGsMQ,127000,False,2026-06-21T19:30:03.089276+00:00
UC-nCEnXF8ofTmGv8KBUlvIw,22600,False,2026-06-21T19:30:03.089279+00:00
UCjdOnSjVvi7OA-rrMWOXRFA,252000,False,2026-06-21T19:30:03.089282+00:00
UCPsScTIgmfx-y0lE3QvWxnw,97100,False,2026-06-21T19:30:03.089284+00:00
UCxhaM3yPVtbvfRzQ34lwlgA,304000,False,2026-06-21T19:30:03.089287+00:00
UCbdwk05xDKDIP0fpgNYd1Jw,313000,False,2026-06-21T19:30:03.089290+00:00
UClDAOurZy6Q0ETjqwYdtr8Q,138000,False,2026-06-21T19:30:03.089293+00:00
UCDS6g8kX6BLWKT6fh1ESYMQ,75000,False,2026-06-21T19:30:03.089296+00:00
UCbfFwk8Qfr1R2xjjEHbIWgw,142000,False,2026-06-21T19:30:03.089299+00:00
UC-suR0N5rb8eR4m3M5Z0elg,209000,False,2026-06-21T19:30:03.089302+00:00
UCP_y894q38Xk_0n3DpcJ64A,287000,False,2026-06-21T19:30:03.089304+00:00
UCTDRDxU4j_dBIP_-rH6ECRg,278000,False,2026-06-21T19:30:03.089307+00:00
UCT9uh07OtVk9heoKwDdqhHg,4070000,False,2026-06-21T19:30:03.089310+00:00
UC5rTP_xczVvdgol9tCt5KQA,72400,False,2026-06-21T19:30:03.089313+00:00
UC-tUtC7aQXLccSLqW7edsZQ,7210,False,2026-06-21T19:30:03.089316+00:00
UC5u7P2jRQ8SLeIvlkoniIhw,5790,False,2026-06-21T19:30:03.089318+00:00
UCgh8iBPyAusYYGdCwzN2jIw,118000,False,2026-06-21T19:30:03.089321+00:00
UCfyzrRchEuYWpbWnXNRwNLw,936000,False,2026-06-21T19:30:03.130134+00:00
UCdCV_aCjfeBSUx_yucyC3rg,270000,False,2026-06-21T19:30:03.130162+00:00
UCPGpPZzIrrDu2X6g81s5ZlA,7190,False,2026-06-21T19:30:03.130170+00:00
UCPI0AgcDOd3kjNxfxq4yMcQ,49500,False,2026-06-21T19:30:03.130175+00:00
UCDsU6BaSNyFqTxppYdCEvrA,46300,False,2026-06-21T19:30:03.130180+00:00
UClREqD9nL7b4pvia9GZdN2w,8720,False,2026-06-21T19:30:03.130186+00:00
UC-w8-nqBLx50SaGsDcB4rZQ,123000,False,2026-06-21T19:30:03.130192+00:00
UCxOjoraUPd0Dq9PAyIhC6tQ,1140000,False,2026-06-21T19:30:03.130197+00:00
UCPSwotdUs5vI2MUU1N5PGJQ,465000,False,2026-06-21T19:30:03.130202+00:00
UC5mGuCfv9Nzr1QXt5a19pRw,548000,False,2026-06-21T19:30:03.130207+00:00
UCTe2PFyNniNw7IyT0Ijk8Cw,24300,False,2026-06-21T19:30:03.130212+00:00
UC6qrG3W8SMK0jior2olka3g,872000,False,2026-06-21T19:30:03.130217+00:00
UCgm2sr7ISF7ZXqEQe1mXkRQ,66100,False,2026-06-21T19:30:03.130222+00:00
UCDg9hquIYYZqR3xStoubFmA,69300,False,2026-06-21T19:30:03.130227+00:00
UCPYqqf1amUGNo1dlZK-YnaA,7330,False,2026-06-21T19:30:03.130232+00:00
UCxQMkYEk2CqZX7MdKg7Z2AA,394000,False,2026-06-21T19:30:03.130237+00:00
UCCAopnzM8yqnwVX_t9GVvOQ,146000,False,2026-06-21T19:30:03.130242+00:00
UCCBdd-Rvt65MM3Tm--zIi4w,123000,False,2026-06-21T19:30:03.130247+00:00
UC9llfJi5wJjcKhAGYNS3ejQ,125000,False,2026-06-21T19:30:03.130252+00:00
UCDmhIrJhkv2x8F2nKaEbMlg,275000,False,2026-06-21T19:30:03.130257+00:00
UCfxSQOooyndH3zYv3nOjlGw,13000,False,2026-06-21T19:30:03.130263+00:00
UCTf_UpeD-N65tsIQ89_BjMw,41000,False,2026-06-21T19:30:03.130268+00:00
UCPW_DN_WCayt_BXYTW0Os8Q,164000,False,2026-06-21T19:30:03.130273+00:00
UClKeJXipXwX7_ZGxOBnMQyw,2070000,False,2026-06-21T19:30:03.130278+00:00
UC9jzq17daSdnRkkaBrN2yXg,23800,False,2026-06-21T19:30:03.130283+00:00
UC-vtEQo3uKRegc2be9mqexw,130000,False,2026-06-21T19:30:03.130288+00:00
UCTcpxiy7ho340cYQ7I-Ni8w,15300,False,2026-06-21T19:30:03.130293+00:00
UC5nc_ZtjKW1htCVZVRxlQAQ,12700000,False,2026-06-21T19:30:03.130299+00:00
UC8vlFSlvo5vtc_TNDNlSJwQ,3190000,False,2026-06-21T19:30:03.130304+00:00
UCdEpbrlHoqnUGMRy2LICtRw,569000,False,2026-06-21T19:30:03.130308+00:00
UC-w7uU4AfLnZu2_po4e8YMQ,31400,False,2026-06-21T19:30:03.130314+00:00
UClPKS7S62cwYYaq6udr-G-Q,487000,False,2026-06-21T19:30:03.130319+00:00
UCPNIS0Ua5n77WwX4XFnfU-Q,244000,False,2026-06-21T19:30:03.130323+00:00
UCTl3QQTvqHFjurroKxexy2Q,16600000,False,2026-06-21T19:30:03.130328+00:00
UC-ycq4ls2trfu-erEBxNPLA,14400,False,2026-06-21T19:30:03.130334+00:00
UC0-KCOsNwS901VgJltBf-UQ,23900,False,2026-06-21T19:30:03.130338+00:00
UC5kZdcR-nJhXFpGduW7_vJg,12500,False,2026-06-21T19:30:03.130343+00:00
UC5r3HsZ9rZQZDeb21IMpUKQ,24600,False,2026-06-21T19:30:03.130349+00:00
UC0-Q8LcXk1LnBUqVr9bhI5Q,26600,False,2026-06-21T19:30:03.130354+00:00
UCPGXX6m7rfGVWuMJTFDC_aw,160000,False,2026-06-21T19:30:03.130359+00:00
UCxR3l8_ZzI2PMG4ajG7ouRw,239000,False,2026-06-21T19:30:03.130364+00:00
UC8ultlWgr72p2AXxUmQBb9g,17700,False,2026-06-21T19:30:03.130369+00:00
UCfvohDfHt1v5N8l3BzPRsWQ,1270000,False,2026-06-21T19:30:03.130374+00:00
UC8uUxuEC9EIhaMS66JC0YWg,157000,False,2026-06-21T19:30:03.130379+00:00
UCPH5lzdPh6tkqcYILtxizfQ,85500,False,2026-06-21T19:30:03.130385+00:00
UC-yOfEFvIc48ouq4jMCz4YA,139000,False,2026-06-21T19:30:03.130390+00:00
UC5mkrYaXqYXa1CaKXTzF9tA,57900,False,2026-06-21T19:30:03.130394+00:00
UC-y-VzSbT0YU2K10BV4qg1w,30800,False,2026-06-21T19:30:03.130400+00:00
UCDiIptQZSovXhUbo5pleM7Q,5450,False,2026-06-21T19:30:03.130405+00:00
UC5kL22dSLqTJd1aunmgmLFg,91700,False,2026-06-21T19:30:03.130409+00:00
UCxAFeMmGk4A2jKy-24BGoCQ,159000,False,2026-06-21T19:30:03.167896+00:00
UCE05Loo-ADhXiofF6poA4SA,220000,False,2026-06-21T19:30:03.167917+00:00
UC8q1yurxF9f02vi55WygCRw,66300,False,2026-06-21T19:30:03.167922+00:00
UCxD_3rDCh1emZe5YQmWs9zA,96800,False,2026-06-21T19:30:03.167925+00:00
UCDyY8IsDYCsnNvPV3bfdJnQ,19400,False,2026-06-21T19:30:03.167928+00:00
UCTlet0nij8CobdaOyGaZAbA,1060000,False,2026-06-21T19:30:03.167932+00:00
UCftNzv8MWBpuZXkpXL18FBw,59400,False,2026-06-21T19:30:03.167935+00:00
UC06WalpLcwTx-0ZVgglMc5Q,79900,False,2026-06-21T19:30:03.167938+00:00
UCgnrQQXZSyPPcStRBJIaj6w,34300,False,2026-06-21T19:30:03.167941+00:00
UC9nCNfCGiKyW7Np0-flwEvA,126000,False,2026-06-21T19:30:03.167943+00:00
UCgr5CkgytiVfdnk4C0M42nQ,568000,False,2026-06-21T19:30:03.167946+00:00
UCDvEytlGb_DYqYoZukE75Lg,136000,False,2026-06-21T19:30:03.167949+00:00
UCbJM_Y06iuUOl3hVPqYcvng,1260000,False,2026-06-21T19:30:03.167952+00:00
UCPDK5-l-3P9A5nQYl2olJbA,9110,False,2026-06-21T19:30:03.167955+00:00
UCwz9GHmRYTKnvHOeYwy_u8w,1840,False,2026-06-21T19:30:03.167957+00:00
UCgv5lYDF4HSmegY09vyCSCA,187000,False,2026-06-21T19:30:03.167960+00:00
UCDroKO5y6YK_kncTby_IXfQ,145000,False,2026-06-21T19:30:03.167963+00:00
UCE3UmKm9a-9nWhN00L4AZ8w,20100,False,2026-06-21T19:30:03.167966+00:00
UC00ePyq0hdBw_am5X1nfe4Q,22900,False,2026-06-21T19:30:03.167969+00:00
UCDsvlavAGSB-AbW__rgnO-Q,27700,False,2026-06-21T19:30:03.167972+00:00
UCDtbqtsrrz56EmgPy51x2Yg,281000,False,2026-06-21T19:30:03.167975+00:00
UC0AYy5FU2odu8k2kpnCovaQ,18600,False,2026-06-21T19:30:03.167978+00:00
UCbSlQeAep9oEqG3lYQEIZLw,119000,False,2026-06-21T19:30:03.167980+00:00
UClkRzsdvg7_RKVhwDwiDZOA,17200000,False,2026-06-21T19:30:03.167983+00:00
UCU0EBpu6GPwDLDpePzpsl2Q,11000,False,2026-06-21T19:30:03.167986+00:00
UCwsxKnb3Z38HLEJ4zdDH-gg,25100,False,2026-06-21T19:30:03.167989+00:00
UCP0L9ncEUXJv4v24xurhJPg,98100,False,2026-06-21T19:30:03.167992+00:00
UCP4zT2rANBl529Nl42erGvQ,306000,False,2026-06-21T19:30:03.168034+00:00
UC00Q-DQ5V0C5H8xD2I9BICQ,1260,False,2026-06-21T19:30:03.168037+00:00
UCleQ9Jzd8alCHZkx7xvYeVQ,1040000,False,2026-06-21T19:30:03.168040+00:00
UCE-LJGaSxh01sexS0wBenVQ,171000,False,2026-06-21T19:30:03.168043+00:00
UCP7ERX9YZHICT24gU2BGIRg,56600,False,2026-06-21T19:30:03.168046+00:00
UC5f5IV0Bf79YLp_p9nfInRA,24000000,False,2026-06-21T19:30:03.168049+00:00
UC02NqJExtFNxXvYHvLufUpw,42800,False,2026-06-21T19:30:03.168052+00:00
UC05hg43mGDVPsb0iyPLSU5A,2910,False,2026-06-21T19:30:03.168055+00:00
UCbOqYjoQUcY6zPWd0nzkFwg,74100,False,2026-06-21T19:30:03.168057+00:00
UCDsB5oS-K8To0NAz4iWVNKQ,196000,False,2026-06-21T19:30:03.168060+00:00
UCDtVdj7sm41Ysg3XSiSUH3w,1900000,False,2026-06-21T19:30:03.168063+00:00
UCPA2wUq6-9RYEgV0Y933KLA,36500,False,2026-06-21T19:30:03.168066+00:00
UC09aZDuZfdu_zdzBZ9d4lcw,76100,False,2026-06-21T19:30:03.168068+00:00
UCDtMZkjSqswDkAbyNbDsV6g,109000,False,2026-06-21T19:30:03.168071+00:00
UCTy5egPnCiEor1746_MBmDA,126000,False,2026-06-21T19:30:03.168074+00:00
UCbNkFawObsJyP8-_iaZanoQ,28300,False,2026-06-21T19:30:03.168077+00:00
UCx3wGsSiVY2JpeFdtjd8WQw,80200,False,2026-06-21T19:30:03.168080+00:00
UCgotzaspVNEnLDoir5CZXPw,89800,False,2026-06-21T19:30:03.168083+00:00
UC02SKMfsAneHIGVjq1s0f7g,161000,False,2026-06-21T19:30:03.168086+00:00
UC5_YOXZeiObNnMNPbC1IpUA,12400,False,2026-06-21T19:30:03.168088+00:00
UCTmsJCwbdmGOmaER913GiSw,24800,False,2026-06-21T19:30:03.168091+00:00
UCE0DolSEDOVdKQCgSLl7xBA,32200,False,2026-06-21T19:30:03.168094+00:00
UC05PRcGn3ThrDCEwsj7EnVw,13300,False,2026-06-21T19:30:03.168097+00:00
UCU88HlsssErnXifzY-4ySiw,201000,False,2026-06-21T19:30:03.210592+00:00
UCCC7cPlaraQtAVGph5hU4Xw,849000,False,2026-06-21T19:30:03.210615+00:00
UC0Cd8o-uStBqOwddAN9VJLA,16400,False,2026-06-21T19:30:03.210620+00:00
UCUE84ajlc5cdBzdlimvXR3g,236000,False,2026-06-21T19:30:03.210624+00:00
UC8jybkJmwJW17o-XHXpksgg,50300,False,2026-06-21T19:30:03.210628+00:00
UCdQdRRLoajrt-5TEaAxslxA,69900,False,2026-06-21T19:30:03.210633+00:00
UCC4lVJaeT2H114-DJuEMloA,5790,False,2026-06-21T19:30:03.210636+00:00
UCwrkO-XvrcNUG9BwyNVp8sA,198000,False,2026-06-21T19:30:03.210640+00:00
UCjb0R_WvdiaYQkcycsZ2rIA,834000,False,2026-06-21T19:30:03.210643+00:00
UC5T2VT-pvEEzTtkBrxlEUOA,192000,False,2026-06-21T19:30:03.210647+00:00
UC5_ysmYn5fLLmKa0z2kFOiQ,491000,False,2026-06-21T19:30:03.210650+00:00
UC0ImVPcE_Lu-y58NeBMEOwg,28500,False,2026-06-21T19:30:03.210654+00:00
UCOgZz8HsbgCmHoGzinfY4lw,156000,False,2026-06-21T19:30:03.210657+00:00
UCOR94yI88mVWaY3CtU_u_Tw,40500,False,2026-06-21T19:30:03.210661+00:00
UCEA01442bqomcbGZj6QeBDw,2640,False,2026-06-21T19:30:03.210664+00:00
UC5Z7omVti5QeTttPZTNhE2A,475000,False,2026-06-21T19:30:03.210668+00:00
UC6tagvrmq9unzn-Rffgo_Tw,83700,False,2026-06-21T19:30:03.210671+00:00
UCU5nfWTBotXFs0FJsxuCV6g,62800,False,2026-06-21T19:30:03.210675+00:00
UCU77bY7q28jGPYlDn089gfg,224000,False,2026-06-21T19:30:03.210678+00:00
UC9xegsDUbUhHjcjp95zsiAg,204000,False,2026-06-21T19:30:03.210682+00:00
UCOV27P5lX9bx02rPsJYhFlQ,105000,False,2026-06-21T19:30:03.210686+00:00
UCOnAgj_Fy4foPuObOSifgYQ,26100,False,2026-06-21T19:30:03.210689+00:00
UCEAyMz878XTpCZGW3iEqdHQ,75600,False,2026-06-21T19:30:03.210693+00:00
UCfjca6Z_wpyinTqHdIYJ49Q,949000,False,2026-06-21T19:30:03.210696+00:00
UCU6QYec2UopBCXMhB1e1tDA,481000,False,2026-06-21T19:30:03.210700+00:00
UCORhp_TycEGGw-PEo6igDMg,829000,False,2026-06-21T19:30:03.210703+00:00
UC9wRRNmdIsRvt1BUI4eciNQ,102000,False,2026-06-21T19:30:03.210706+00:00
UCOWktsAI5FeSZ2-RP1RQMmw,21300,False,2026-06-21T19:30:03.210710+00:00
UCOTRp0oy1QoNe0EE_RZzP4g,191000,False,2026-06-21T19:30:03.210713+00:00
UC0HIR9Eg9ScbX6f5suiZJIA,102000,False,2026-06-21T19:30:03.210717+00:00
UCwkeTvG-GNiJbGbEsmYOt8g,42500,False,2026-06-21T19:30:03.210720+00:00
UC5VZjrV5x9J9mTyGODzu0dQ,959000,False,2026-06-21T19:30:03.210724+00:00
UCC5nGP6Jgl2NDLaW0mezJZw,19800,False,2026-06-21T19:30:03.210727+00:00
UC0EepDQSD2VQyKUhRhPakxA,74100,False,2026-06-21T19:30:03.210730+00:00
UCwlIfo7dSvpDbaNuZqhdSBw,70900,False,2026-06-21T19:30:03.210734+00:00
UC0C6oq3TlGiSlDCei57hY6A,457000,False,2026-06-21T19:30:03.210737+00:00
UC0Bsmeeuj9HfPbjAS7xrRkA,9670,False,2026-06-21T19:30:03.210741+00:00
UCOrUfrZTG_Z1fXFvpFImsYg,132000,False,2026-06-21T19:30:03.210744+00:00
UCUEvXLdpCtbzzDkcMI96llg,1520000,False,2026-06-21T19:30:03.210748+00:00
UCbHWA4a3lQ3KM1_TGHrCFSw,111000,False,2026-06-21T19:30:03.210751+00:00
UCfnSEB4atVWATf6vzepHzqw,1300000,False,2026-06-21T19:30:03.210755+00:00
UCwWp2BsEQk036j7FjQ-4ozw,41500,False,2026-06-21T19:30:03.210768+00:00
UC0B4rD2QKkIbHjuMub4jXhw,31700,False,2026-06-21T19:30:03.210772+00:00
UCwVQIkAtyZzQSA-OY1rsGig,1310000,False,2026-06-21T19:30:03.210775+00:00
UC6sSgsUgqpdqeFgSt3NgsZg,20500,False,2026-06-21T19:30:03.210779+00:00
UC0ERnp2TfH9Dj4s3XtVimSw,33000,False,2026-06-21T19:30:03.210782+00:00
UCU8Ad7KYfWj0gdt1TSDS3EA,76300,False,2026-06-21T19:30:03.210786+00:00
UCbCJmNKAL85O1VFeD6Wj60g,36400000,False,2026-06-21T19:30:03.210789+00:00
UCh7bThzNArch6TgoHB1HVhA,2410000,False,2026-06-21T19:30:03.210793+00:00
UCOjPvukl2ilaGWz7vt4ssrw,52700,False,2026-06-21T19:30:03.210796+00:00
UCET6ibobAC8xmWKAycjHEjw,154000,False,2026-06-21T19:30:03.251645+00:00
UCODIq7G3U6pMME4o552SeHA,137000,False,2026-06-21T19:30:03.251667+00:00
UCO0NdxSAJ3nFaIsKJZ4DWHg,205000,False,2026-06-21T19:30:03.251671+00:00
UCNfIwOIi0Da9MlvjB9QGlOA,20200,False,2026-06-21T19:30:03.251674+00:00
UCO5SAXimPzx1uzQsEDDzBag,54700,False,2026-06-21T19:30:03.251677+00:00
UCNo2S_KC2ijpLxvhi-Cbwdw,133000,False,2026-06-21T19:30:03.251681+00:00
UC5SUkKPFi77ZZbqfvCSfU8A,59200,False,2026-06-21T19:30:03.251684+00:00
UCEITxzSSA6E8HxJ2ZhoDJJA,9930,False,2026-06-21T19:30:03.251687+00:00
UC0UJ2ZphiSp-ye0mxM_MIwQ,1820,False,2026-06-21T19:30:03.251689+00:00
UCO7YvmgxDlZ94KbwQo88JcA,14400,False,2026-06-21T19:30:03.251692+00:00
UC0P8fXzj-JxUsvDFEbpAkSg,91600,False,2026-06-21T19:30:03.251695+00:00
UCNl-DuOMoaZ29frevJ2QnHg,306000,False,2026-06-21T19:30:03.251698+00:00
UC5Q0J9Qa3NlkeEWbtyoB7tQ,124000,False,2026-06-21T19:30:03.251701+00:00
UCUdKnSB7YEXAvnMMoToohYw,1070000,False,2026-06-21T19:30:03.251703+00:00
UCO59m48Bb4btNVNnL7fCmAQ,138000,False,2026-06-21T19:30:03.251706+00:00
UCNhKp5ZvcAiTmPWClVrrIkQ,171000,False,2026-06-21T19:30:03.251709+00:00
UCNzQ02w4hIQE0Px6Hobx8yQ,36200,False,2026-06-21T19:30:03.251712+00:00
UC0aNJP0Yc-1cgHYkiCYzCOg,12600,False,2026-06-21T19:30:03.251715+00:00
UCNot7P4QaKm8BdQasgIV1Qw,374000,False,2026-06-21T19:30:03.251717+00:00
UCEDnSMY90hCOcNdINbdKCrQ,46000,False,2026-06-21T19:30:03.251721+00:00
UCOMLsUCr8F0zf6LSwxBnuRA,1320000,False,2026-06-21T19:30:03.251724+00:00
UC5R-V0gv1iF3f4PoNUGmxKQ,388000,False,2026-06-21T19:30:03.251726+00:00
UC0Whg8Zz7TT1VSpWeCjghKg,136000,False,2026-06-21T19:30:03.251729+00:00
UCdTwYOkqvWJPSZYWHNhTLcQ,141000,False,2026-06-21T19:30:03.251732+00:00
UCEMBoBatPnl--hCCE7OC3UQ,36700,False,2026-06-21T19:30:03.251735+00:00
UC5LSthoQNtosvV-5408Mniw,94800,False,2026-06-21T19:30:03.251738+00:00
UCA1Aytg9Rvn_krFQGv9XDRA,1830000,False,2026-06-21T19:30:03.251741+00:00
UC5VBfa8KC6glxlyugTERIKQ,60300,False,2026-06-21T19:30:03.251743+00:00
UCh20Uo_3_Kprrxe4tLqeAQw,289000,False,2026-06-21T19:30:03.251746+00:00
UCC-rUzJ-kJ3fj5GQyUpgGmA,35200,False,2026-06-21T19:30:03.251749+00:00
UC0RJAtZGjcUfwskb_AKGw3Q,304000,False,2026-06-21T19:30:03.251752+00:00
UC0UHA4weNDGnzq-OakNyXrQ,1860,False,2026-06-21T19:30:03.251754+00:00
UCEOMSlnfvEeaA79tTwpxWVg,260000,False,2026-06-21T19:30:03.251757+00:00
UCUQfiKnaf2fvQS5_Hplm5Lg,91000,False,2026-06-21T19:30:03.251760+00:00
UC0YsAI8JC0yx1sCbshABidA,939000,False,2026-06-21T19:30:03.251763+00:00
UCEJ9hPjmge0UxpD9QA11MwQ,125000,False,2026-06-21T19:30:03.251765+00:00
UCwF6VEVY4juiUXYwCGn84rA,279000,False,2026-06-21T19:30:03.251768+00:00
UCNhm9XkroVhVDvbcqiEfrzg,117000,False,2026-06-21T19:30:03.251771+00:00
UCw61Gu5Wa_r16dscWoAzUhA,233000,False,2026-06-21T19:30:03.251774+00:00
UCUd-PKbv31iRxC3O6gct3ZQ,5710,False,2026-06-21T19:30:03.251776+00:00
UCwGD9cxcsfE9s64iw5Yh2Jg,103000,False,2026-06-21T19:30:03.251779+00:00
UC0Rjg-kUtUCEvdMYwPQTUSA,181000,False,2026-06-21T19:30:03.251782+00:00
UC0O1BPRKdBRt86b9JcvxjuQ,41600,False,2026-06-21T19:30:03.251785+00:00
UC5OPhnq7pbakqmUQCRbQFnQ,89900,False,2026-06-21T19:30:03.251788+00:00
UCUdBwGS04F--S5E4I36rt3Q,68800,False,2026-06-21T19:30:03.251790+00:00
UC0TXe_LYZ4scaW2XMyi5_kw,1310000,False,2026-06-21T19:30:03.251793+00:00
UCaxs6XwGxRXewdzOxw7EXtw,122000,False,2026-06-21T19:30:03.251796+00:00
UCUja9rWHgeVdKjX2ffPRKoA,83900,False,2026-06-21T19:30:03.251799+00:00
UCOOZHT1Ink7ljeKucq3UvjQ,113000,False,2026-06-21T19:30:03.251802+00:00
UClsT0DpAqqiwDgBckx-Q8hw,122000,False,2026-06-21T19:30:03.251804+00:00
UC0l4tjS60zEod6OCC97-9BA,127000,False,2026-06-21T19:30:03.292632+00:00
UC0hdyPT1XSfKJ8l1Q13Y6Sw,132000,False,2026-06-21T19:30:03.292654+00:00
UCakgsb0w7QB0VHdnCc-OVEA,5470000,False,2026-06-21T19:30:03.292658+00:00
UC8ao3oi5q70KccmjzrRKRYQ,444000,False,2026-06-21T19:30:03.292661+00:00
UCNWYZ5YjnpWyTZdxvaYvlvQ,655000,False,2026-06-21T19:30:03.292665+00:00
UC6wBud5fixEl22Df424YBFg,186000,False,2026-06-21T19:30:03.292669+00:00
UCEbisyY58j2x1DY2Oth7WyA,84700,False,2026-06-21T19:30:03.292672+00:00
UChD63R31attT5w8WOZeuXyg,63200,False,2026-06-21T19:30:03.292675+00:00
UC0kyAVjAO4ZPAu7UI7F2H_Q,4890,False,2026-06-21T19:30:03.292678+00:00
UCNPWT-VG1Haw1HlTQktmFjQ,97200,False,2026-06-21T19:30:03.292681+00:00
UCNanLXrq8h8epJEEsbfI14A,164000,False,2026-06-21T19:30:03.292685+00:00
UCm9iPGnmMYtZkNQ3IoBIPIA,1850000,False,2026-06-21T19:30:03.292688+00:00
UCE_M8A5yxnLfW0KghEeajjw,20700000,False,2026-06-21T19:30:03.292691+00:00
UC0eDNB1PZKimS476G5qYOEw,42300,False,2026-06-21T19:30:03.292694+00:00
UC5AqN5Bt8YvqrZzQM2ySlYA,1900000,False,2026-06-21T19:30:03.292697+00:00
UCN8PLBCh-91V1BdooYYnJmA,49200,False,2026-06-21T19:30:03.292700+00:00
UC0hV1fTCDR1PmpwklNx-_zg,34900,False,2026-06-21T19:30:03.292703+00:00
UCNDCNcB4Pb0mENiMhU761SA,70000,False,2026-06-21T19:30:03.292706+00:00
UCN_lIY6983X5XJQz6yfeCHA,79900,False,2026-06-21T19:30:03.292709+00:00
UCUxEy0OUAdRja1OOdTNL6oQ,1070000,False,2026-06-21T19:30:03.292713+00:00
UCh8mE1dX-r-f7UAnPh9QZMA,18700,False,2026-06-21T19:30:03.292716+00:00
UCar_QGP908qB3NJ2nLWdczA,332000,False,2026-06-21T19:30:03.292719+00:00
UCjQZcao2CKun5A4or-WAPpg,72100,False,2026-06-21T19:30:03.292722+00:00
UC0iNpcyM6QkUlX9mzziauQA,157000,False,2026-06-21T19:30:03.292725+00:00
UC0fSYqtJMTWXUNQ19QYWH3w,129000,False,2026-06-21T19:30:03.292728+00:00
UCEXiT75rguECswX3z7-qH0w,104000,False,2026-06-21T19:30:03.292732+00:00
UCmKlo3BXt60nzgk2r_JgvwQ,537000,False,2026-06-21T19:30:03.292735+00:00
UCA60Ye6Yrr979kxJNQM8geQ,43100,False,2026-06-21T19:30:03.292738+00:00
UC6v1mMddgoti_AdBAmXzk_g,26800,False,2026-06-21T19:30:03.292741+00:00
UCUz2epm3UpQmf_TKcdUiTFA,60000,False,2026-06-21T19:30:03.292744+00:00
UC0iJlc4CZKwYW0zj-g8y4Pg,53700,False,2026-06-21T19:30:03.292747+00:00
UC8gZTJ1YLRH8VMmAg_tsmMw,249000,False,2026-06-21T19:30:03.292750+00:00
UC8YG0iB_Fu4lKmFZN6CcRKg,72200,False,2026-06-21T19:30:03.292753+00:00
UCEVUCjSDVlw8hd7NRWhIIQg,997,False,2026-06-21T19:30:03.292756+00:00
UCvSVTVx04_nUVNcrh6iycGg,9880,False,2026-06-21T19:30:03.292759+00:00
UCvQx_larr2hyte6EuTXB0RQ,15800,False,2026-06-21T19:30:03.292762+00:00
UCEYKyaeMLYsNqp_ozmbtfPg,356000,False,2026-06-21T19:30:03.292766+00:00
UCNeYMvQqv10UtdR3O2XUXow,108000,False,2026-06-21T19:30:03.292769+00:00
UCA68Shqb4fCczxiT6Gk6gvw,325000,False,2026-06-21T19:30:03.292772+00:00
UCan6lszm2IMyMpnSYinewTg,233000,False,2026-06-21T19:30:03.292775+00:00
UC58AKXIB0rfLiKYw8vsf_Og,13800,False,2026-06-21T19:30:03.292778+00:00
UC58XbhhF_npOfxfnLk4OLXA,27100,False,2026-06-21T19:30:03.292781+00:00
UChHUhF5bgoeS1Z-uE_HRQfQ,613000,False,2026-06-21T19:30:03.292784+00:00
UCV4VLvgHLvc7kdymND74cew,178000,False,2026-06-21T19:30:03.292787+00:00
UCmKt2T73O7hmpT37xoyQLsQ,150000,False,2026-06-21T19:30:03.292790+00:00
UCNT3EF3WTGtp5YagbG7KBKg,147000,False,2026-06-21T19:30:03.292793+00:00
UC0edH8G2ZNFbAv-UMHZZP5Q,68500,False,2026-06-21T19:30:03.292797+00:00
UCNS3dqFGBPhxHmOigehpBeg,1750000,False,2026-06-21T19:30:03.292800+00:00
UC0gOWBkEuF4EF3XAi-iA-nQ,121000,False,2026-06-21T19:30:03.292803+00:00
UChAHNi26b1JX42en3hOOLug,59600,False,2026-06-21T19:30:03.292806+00:00
UCaas2ujvYwqS1yxpne6p2Fw,102000,False,2026-06-21T19:30:03.332814+00:00
UC0tbudYwaVgu0nZu1Tvp1yw,58500,False,2026-06-21T19:30:03.332841+00:00
UC54k3rhCSSe3uNpjhBxJXTg,3080,False,2026-06-21T19:30:03.332847+00:00
UCMe3UqeaTE58SWRUYyX1fNw,12500,False,2026-06-21T19:30:03.332853+00:00
UCalPK9_NX5vXXpdpXkf4frg,191000,False,2026-06-21T19:30:03.332858+00:00
UCEuOwB9vSL1oPKGNdONB4ig,8610000,False,2026-06-21T19:30:03.332864+00:00
UCMuPS761c4RVPf6qu4lxkiw,40800,False,2026-06-21T19:30:03.332870+00:00
UC0sKeBXCIA_gxRy0j9UICKg,21700,False,2026-06-21T19:30:03.332875+00:00
UCAAQP5G9PKyKj5vXXz-_jbg,178000,False,2026-06-21T19:30:03.332880+00:00
UC0msb4yfVKowDpVXDONqdXw,1820000,False,2026-06-21T19:30:03.332885+00:00
UC8QY8b85mNAgu19z-tjL0Fw,12000,False,2026-06-21T19:30:03.332891+00:00
UCN5oyGuHgVAfWEacZaH-mpg,63300,False,2026-06-21T19:30:03.332896+00:00
UCAAutIWHJjlhbBn7FrbhWSw,11500,False,2026-06-21T19:30:03.332901+00:00
UCMj894p-S4r5feXAPqDRBUg,433000,False,2026-06-21T19:30:03.332906+00:00
UCMxKcUjeTEcgHmC9Zzn3R4w,210000,False,2026-06-21T19:30:03.332912+00:00
UC0we5YYZrcaY8c4-vtiFEtg,71000,False,2026-06-21T19:30:03.332917+00:00
UCv9hZ3-S2EDcjEBa2z5MKIQ,31400,False,2026-06-21T19:30:03.332922+00:00
UCVOfVbRp0a2ihzooX9AbiCA,44600,False,2026-06-21T19:30:03.332927+00:00
UCMeLPkSQAcWZbm1gNTwW7pw,31300,False,2026-06-21T19:30:03.332932+00:00
UCv97Aw58IE0aL8eOdPBpgJQ,193000,False,2026-06-21T19:30:03.332938+00:00
UCN7P9o0BhdO8YNcwiAssATw,13000,False,2026-06-21T19:30:03.332943+00:00
UCMiSFjJumcEiZbRUty9U70Q,43600,False,2026-06-21T19:30:03.332948+00:00
UC6zFlyvSS8lFc5LA7nvduKw,20800,False,2026-06-21T19:30:03.332954+00:00
UCEsyE3q7R4hUPPtohWtFY-A,14800,False,2026-06-21T19:30:03.332959+00:00
UCMtvagaOw0IeZJN2RgwyvJA,30000,False,2026-06-21T19:30:03.332964+00:00
UCuxtodWhr9JKsghxxdRO2sw,1410000,False,2026-06-21T19:30:03.332969+00:00
UCMxDP8qwQvHVyRVyoWkA2xw,106000,False,2026-06-21T19:30:03.332974+00:00
UCMbGAE_5m5nbTyBwtglVruw,81400,False,2026-06-21T19:30:03.332979+00:00
UCMzccmxHBmLQspLimPe1YiA,149000,False,2026-06-21T19:30:03.332985+00:00
UChNJ8_Lg1L6ziHr07dboVUw,79800,False,2026-06-21T19:30:03.332990+00:00
UCMyK_NagyxiNzOCktmJY0Ag,257000,False,2026-06-21T19:30:03.332995+00:00
UCMe89rQPkzvTNpXjNKXZX1Q,8600,False,2026-06-21T19:30:03.333026+00:00
UC8S712cVcL7ajbYnOkRqJBQ,15600,False,2026-06-21T19:30:03.333031+00:00
UCv3cmuTwVzTXROJdaT7xw6w,618000,False,2026-06-21T19:30:03.333036+00:00
UCEs3ndV8em_Dl6WeqmWWZpw,127000,False,2026-06-21T19:30:03.333041+00:00
UCBwZDLH0cRQ2Pi2ZYEY6agg,234000,False,2026-06-21T19:30:03.333047+00:00
UCADSHoziFLAeOEC4L2tibqQ,350000,False,2026-06-21T19:30:03.333052+00:00
UCNFA06BiOwfANUtCVmigLBg,52500,False,2026-06-21T19:30:03.333057+00:00
UCMzcJDNESFPvUrfA0ndU0LQ,114000,False,2026-06-21T19:30:03.333062+00:00
UCmaLFsop21BSOxUC_5j9BAg,160000,False,2026-06-21T19:30:03.333068+00:00
UCdXDYsCRtel7UpZNJfzov9Q,112000,False,2026-06-21T19:30:03.333074+00:00
UCEswBuxYL-lXD4_SW-1MMOg,107000,False,2026-06-21T19:30:03.333079+00:00
UCusLH34_E9MH_ZCjUoMfL9g,115000,False,2026-06-21T19:30:03.333084+00:00
UCmi5lHYvmO-BWu96W4JmMOg,294000,False,2026-06-21T19:30:03.333089+00:00
UC0p47apUYF0NuIki7Xq5tOg,94100,False,2026-06-21T19:30:03.333095+00:00
UCmr-3xtixLI8NcBfv33yZoQ,19200,False,2026-06-21T19:30:03.333100+00:00
UCaeEIN90qz4Q5mVR1GWes0w,401000,False,2026-06-21T19:30:03.333105+00:00
UCVBOJ8B3ZqnuH2AvwrciXwg,913000,False,2026-06-21T19:30:03.333111+00:00
UC0p5jTq6Xx_DosDFxVXnWaQ,3970000,False,2026-06-21T19:30:03.333116+00:00
UCMl6-qj6I2o5CphKyjdKHAg,76500,False,2026-06-21T19:30:03.333121+00:00
UCEqYNw25sxihqsO6--vAjrA,18200,False,2026-06-21T19:30:03.372156+00:00
UChWAEmiRXDhUx0-5jai-1TQ,271000,False,2026-06-21T19:30:03.372180+00:00
UC8IGKNkwoWPJYA8FlRarLrQ,2150,False,2026-06-21T19:30:03.372185+00:00
UCaWQzSEBr3YwqydmIbiVBZg,16100,False,2026-06-21T19:30:03.372190+00:00
UCVcdb9-_-pDKVIMOvtWe5hg,20400,False,2026-06-21T19:30:03.372194+00:00
UC19LtV5aPmzCirHU0V427AQ,15000,False,2026-06-21T19:30:03.372199+00:00
UCaY2APM_iqQ9_kjaCRE7CiA,287000,False,2026-06-21T19:30:03.372203+00:00
UCVb0q8kPLlRDNBGkTCo_6nw,34100,False,2026-06-21T19:30:03.372206+00:00
UCVmLO7mc7-hsM2ws9Eg-xIg,409000,False,2026-06-21T19:30:03.372210+00:00
UCF6h70_MzCIVpv9e1IHx4LA,16600,False,2026-06-21T19:30:03.372214+00:00
UCVqo_xNBLhbZC4fS5tIZz5Q,724000,False,2026-06-21T19:30:03.372218+00:00
UC0ykX8zdiaViP0dNJMIyN6g,32000,False,2026-06-21T19:30:03.372222+00:00
UCaDgkVpnZAW2m96ct-RR8wQ,100000,False,2026-06-21T19:30:03.372226+00:00
UC0yiInw9cd6D7sASYSnx0Kw,3550,False,2026-06-21T19:30:03.372230+00:00
UCEzPrpNr5pbQcgdJWbnG2sg,14200,False,2026-06-21T19:30:03.372233+00:00
UCuM5UFGWYmH_mh79V2yh_pw,37500,False,2026-06-21T19:30:03.372237+00:00
UCj6ymte8u07COpT0lmlWyrA,399000,False,2026-06-21T19:30:03.372241+00:00
UCMII-Z1Gr2QErtjj8moEHMQ,280000,False,2026-06-21T19:30:03.372245+00:00
UCmzsccXzzFU0LjW3Sv3VPCw,25000,False,2026-06-21T19:30:03.372249+00:00
UC17VdsjEB57Ozzt6kGfQrUw,40300,False,2026-06-21T19:30:03.372253+00:00
UCBtfqSqX1FUhA7qbSTpJ8TQ,2160000,False,2026-06-21T19:30:03.372257+00:00
UCAMvYSb3oO7oQpcaHZQYv7A,54000,False,2026-06-21T19:30:03.372261+00:00
UCF0_FqkLZ3g1ySk6Xtvsuhw,42000,False,2026-06-21T19:30:03.372265+00:00
UCBuNpuIBbbhGxB9iiSdzuRQ,127000,False,2026-06-21T19:30:03.372269+00:00
UCfAipC-liYv3T3C-E9mEG4A,13600,False,2026-06-21T19:30:03.372273+00:00
UCF1__pdREwcJgYLZcrRn_7A,512000,False,2026-06-21T19:30:03.372277+00:00
UC50bS2VFxB33bSERuGiarCw,28200,False,2026-06-21T19:30:03.372280+00:00
UCjAFg9QWPzjRgFI7RpLVu_A,393000,False,2026-06-21T19:30:03.372284+00:00
UCuV-nzzHZPeJDYdZSkBGZbQ,948000,False,2026-06-21T19:30:03.372289+00:00
UCF0F2yxOnfJGii2R-RyoqNw,137000,False,2026-06-21T19:30:03.372293+00:00
UC51lKaIR4Md_moBuejkRDAg,35000,False,2026-06-21T19:30:03.372296+00:00
UCaLPXMxtXyBvjKqMPz1ewrQ,438000,False,2026-06-21T19:30:03.372299+00:00
UCfEUQrCx31yDdNPiKqkApMg,29600,False,2026-06-21T19:30:03.372302+00:00
UCVnttbyrGP5yYs5_Xqf-lKw,158000,False,2026-06-21T19:30:03.372305+00:00
UCEo7Q1iDPTbuUyD-A6ddI7w,38000,False,2026-06-21T19:30:03.372308+00:00
UCMFDhI-zeWRzLMCdxFnlw9A,589000,False,2026-06-21T19:30:03.372311+00:00
UCaHgJivknz6v9kDG3NkZmFw,17100,False,2026-06-21T19:30:03.372315+00:00
UCuHtlWEFWjjSUFDJpoUuVmA,841000,False,2026-06-21T19:30:03.372318+00:00
UC8KMrVJ8Nmgz3FHc8rpeiOw,229000,False,2026-06-21T19:30:03.372321+00:00
UCF1XUBFFBXlPkGVSxRnvJMg,59500,False,2026-06-21T19:30:03.372324+00:00
UCAM-qo04KaioMWONDFlpx7A,5440,False,2026-06-21T19:30:03.372327+00:00
UCAFbF3_Gs7QwfeVoQRv3r_A,7780,False,2026-06-21T19:30:03.372330+00:00
UCMJ4M5FFS6xN8dq5JlCe_Sw,43300,False,2026-06-21T19:30:03.372333+00:00
UCEzyqpp5SAsJVrjGNM7L-Hg,204000,False,2026-06-21T19:30:03.372336+00:00
UC1A9ZQaEIgU_zL6cGTIQW8g,47800,False,2026-06-21T19:30:03.372339+00:00
UCVayEA8fHRKAc18AQXgnpgw,34200,False,2026-06-21T19:30:03.372342+00:00
UCujGmvl-7_ta1-sTI7tdxCA,156000,False,2026-06-21T19:30:03.372345+00:00
UCAFI-ihfGxvaayCf1tNv3XQ,71400,False,2026-06-21T19:30:03.372348+00:00
UC8LYG4zYVSs9bqc2C-mLaKA,140000,False,2026-06-21T19:30:03.372351+00:00
UCf9XHiBYrbdN1PGFUFoACpg,5070,False,2026-06-21T19:30:03.372354+00:00
UC1EQj7_kM2__MehPLoVtTnQ,55500,False,2026-06-21T19:30:03.418741+00:00
UCM3xEncLfBwqxkTfWQck6bg,126000,False,2026-06-21T19:30:03.418768+00:00
UCuG0Ay4D67uecldB_G9Ymeg,253000,False,2026-06-21T19:30:03.418776+00:00
UCFBo8mq8czEPE_Z4ePW0JTQ,20300,False,2026-06-21T19:30:03.418782+00:00
UCM0YvsRfYfsniGAhjvYFOSA,6450000,False,2026-06-21T19:30:03.418787+00:00
UCM31J5musm3GG1cM56tI4Ww,40800,False,2026-06-21T19:30:03.418793+00:00
UCMCRXLiUs4GEjeSa5o93KkQ,788000,False,2026-06-21T19:30:03.418798+00:00
UC76hIw05H4DZCurELLKh19A,88600,False,2026-06-21T19:30:03.418804+00:00
UCM1n2atyOH2JXl72j8nWqSA,20400,False,2026-06-21T19:30:03.418809+00:00
UCM6SJb18voXy12YI0WWvcWQ,267000,False,2026-06-21T19:30:03.418815+00:00
UCVuuT7x1BQsfljcWeL-VacA,612000,False,2026-06-21T19:30:03.418821+00:00
UC76qzx2tBnCgzMdExjY85ww,10600,False,2026-06-21T19:30:03.418827+00:00
UCM8f899BmTsv_A3f8hxJDcA,102000,False,2026-06-21T19:30:03.418832+00:00
UCFEt0_aIkl1PWCJuCx8JClg,427000,False,2026-06-21T19:30:03.418837+00:00
UC4rSu-dRKL0t-v6IYZHnofA,38800,False,2026-06-21T19:30:03.418842+00:00
UCu0ZR86Extv5fExgw2cXh_w,97900,False,2026-06-21T19:30:03.418848+00:00
UC4lp9Emg1ci8eo2eDkB-Tag,1060000,False,2026-06-21T19:30:03.418854+00:00
UCW3K9Y5jAZjaut3vCmdho5A,47900,False,2026-06-21T19:30:03.418860+00:00
UCa0wj8QaLu_0-e-s23dmlpw,40900,False,2026-06-21T19:30:03.418866+00:00
UC1JhREFCea0EwJ2F-3FyCkQ,63000,False,2026-06-21T19:30:03.418873+00:00
UCdatANT_UesflfRURpQgNvw,22200,False,2026-06-21T19:30:03.418879+00:00
UCM852NXeAJhHP8PE8twwfuA,67100,False,2026-06-21T19:30:03.418885+00:00
UCaCPFuPUkFadx3anWeJPMgQ,224000,False,2026-06-21T19:30:03.418891+00:00
UC1FfLN9TCkqsXSFVOCar0jg,191000,False,2026-06-21T19:30:03.418897+00:00
UCVsLICvumTGl8Q0z2erOCGw,199000,False,2026-06-21T19:30:03.418903+00:00
UCM1eGZ-8x6uYpOq1QA5Kw_A,26700,False,2026-06-21T19:30:03.418909+00:00
UC1GMZ_ut3y5h1V6qlAB6_NA,11600,False,2026-06-21T19:30:03.418915+00:00
UCLtW6B_TpVCYYmzfcrj7A2w,264000,False,2026-06-21T19:30:03.418920+00:00
UCW1m4ZOBYZ8mWXCPX-5EMqg,912000,False,2026-06-21T19:30:03.418926+00:00
UC4nz5xX2qDqjtdMHfkiVnWg,16800,False,2026-06-21T19:30:03.418932+00:00
UC1F2uI0tyV0aIZx3Z2280JA,26500,False,2026-06-21T19:30:03.418937+00:00
UCF5cWRzPwFuYz43qzEytAzw,42700,False,2026-06-21T19:30:03.418943+00:00
UCW2T3xgUYy8xrleUn67Fi-A,114000,False,2026-06-21T19:30:03.418949+00:00
UCAOAbjfqAkobEhB8kKgp1wQ,83500,False,2026-06-21T19:30:03.418954+00:00
UCFJEfzJd8JT810uxgQ79JmQ,81700,False,2026-06-21T19:30:03.418960+00:00
UCFE1tNuFHvTLPitvPbtEEFA,237000,False,2026-06-21T19:30:03.418966+00:00
UCM3UoIq-HtYzTaSUOZuPJxQ,19800,False,2026-06-21T19:30:03.418971+00:00
UC4o9JBgfkUWyq15Q9Dc762g,58800,False,2026-06-21T19:30:03.418977+00:00
UCLoT6mrjd0sAgBHvKW06Z7g,308000,False,2026-06-21T19:30:03.418983+00:00
UCLmd59Z9Jx1P75M5Jvsibtw,114000,False,2026-06-21T19:30:03.418990+00:00
UCM0d5CqnNiJu4zsPTnwmjAQ,222000,False,2026-06-21T19:30:03.418996+00:00
UCLqjn__t2ORA0Yehvs1WzjA,25500,False,2026-06-21T19:30:03.419028+00:00
UC1DlDWqOwD1B0SH4Hngh-2A,1370,False,2026-06-21T19:30:03.419034+00:00
UCFAaDYqFyrVsme5YX7VsC7w,22100,False,2026-06-21T19:30:03.419039+00:00
UC4n4_M1pv7pMguAIHLhO9dw,322000,False,2026-06-21T19:30:03.419045+00:00
UC1CmBZNCHu8Hq5gr7POCSIg,48500,False,2026-06-21T19:30:03.419051+00:00
UCj29OW6FVgL44EQlGAgm2sg,53000,False,2026-06-21T19:30:03.419056+00:00
UC1ERgZ1JkRhGo5oKCeX-Daw,192000,False,2026-06-21T19:30:03.419062+00:00
UCM3Eo_7bq7Z1EuksMgs5jCA,262000,False,2026-06-21T19:30:03.419067+00:00
UC1DijbzOiB3MTLNbCgqasHw,7260,False,2026-06-21T19:30:03.419073+00:00
UCFQLSViWp0ea4qrrgC5YS6A,189000,False,2026-06-21T19:30:03.460178+00:00
UC8D_NXFBh8A9KSwo7x-wFdQ,1100000,False,2026-06-21T19:30:03.460203+00:00
UCLbO398Ldi4AVcMp5nh2MRA,189000,False,2026-06-21T19:30:03.460208+00:00
UCFRbBdmVBHA7PeAuctRx1rQ,619000,False,2026-06-21T19:30:03.460212+00:00
UCnQsuo3b9bqCr0bwHFS40gg,12600,False,2026-06-21T19:30:03.460216+00:00
UCLi7GGLL-djJz4xwHW5KGRA,188000,False,2026-06-21T19:30:03.460221+00:00
UCLeWND7bTiTueWZtCyrdC7g,15900,False,2026-06-21T19:30:03.460224+00:00
UCLQwZQHMTRqeeUSzZt5ii6g,1070000,False,2026-06-21T19:30:03.460228+00:00
UC1UjnpUFu1f_2_7XBXu9NPA,6900,False,2026-06-21T19:30:03.460232+00:00
UC4fX3u0gtH0z5LqJ7oDC4KQ,34100,False,2026-06-21T19:30:03.460235+00:00
UCARD3Lysa_1iuTKv7bbnKsA,67200,False,2026-06-21T19:30:03.460239+00:00
UCtaW3xlyxSKFGZAYO6YFv1g,178000,False,2026-06-21T19:30:03.460242+00:00
UCLe8hnbRoHc72TU9a846JIw,24900,False,2026-06-21T19:30:03.460246+00:00
UCFOApREKZXDWZM92XGBoLKw,189000,False,2026-06-21T19:30:03.460249+00:00
UCWDA90eEvGBgtbOM997aStw,568000,False,2026-06-21T19:30:03.460253+00:00
UCnGvWirKX1P-zgCbY_ArD-w,37700,False,2026-06-21T19:30:03.460256+00:00
UC4kE3TwK6RH9CpH2e1A3p_w,46000,False,2026-06-21T19:30:03.460260+00:00
UCFUAjeyVai7kXP2b3or7fFg,272000,False,2026-06-21T19:30:03.460263+00:00
UCAQ5N_-62VJa8TZPowzk8BA,4810,False,2026-06-21T19:30:03.460267+00:00
UCnMomb_sGrZgBtFNvG7Zgnw,804000,False,2026-06-21T19:30:03.460271+00:00
UCFUgQCaHHvsANCX01uiG2Nw,81600,False,2026-06-21T19:30:03.460275+00:00
UC1N7anWYlh4aJd92VIq7wPA,15000,False,2026-06-21T19:30:03.460278+00:00
UCnJ1UXi8AiSt4XhZVDgCY7Q,326000,False,2026-06-21T19:30:03.460282+00:00
UCFTOnoDyJgVHqwdQb5JViXQ,180000,False,2026-06-21T19:30:03.460286+00:00
UC1NXqVCJjepStQ1BHSTfKNw,23100,False,2026-06-21T19:30:03.460289+00:00
UC4enfllht9x_1F7JadBGfPw,168000,False,2026-06-21T19:30:03.460293+00:00
UC8Gj-yMpZT2C9UKzpWygxkQ,138000,False,2026-06-21T19:30:03.460296+00:00
UCWDTOpjOdgWYkOyGGAT2Vwg,339000,False,2026-06-21T19:30:03.460300+00:00
UCLd1GI9tIzrxy-3C4undbUw,47100,False,2026-06-21T19:30:03.460303+00:00
UC1Of9baPF-YBoxdP_PUwKmQ,128000,False,2026-06-21T19:30:03.460307+00:00
UC1SqP7_RfOC9Jf9L_GRHANg,10500000,False,2026-06-21T19:30:03.460310+00:00
UCFLWxgG-qC9d36T7SWDcMUQ,28700,False,2026-06-21T19:30:03.460314+00:00
UC_tOiZp5HpHpFcVRZcdM0gQ,164000,False,2026-06-21T19:30:03.460317+00:00
UCW8NTBZnw6u9sHhqRNO9tYA,187000,False,2026-06-21T19:30:03.460321+00:00
UCFPF0NOszlUX9_0ji1lPhHw,13200,False,2026-06-21T19:30:03.460324+00:00
UCLcqh29GUpdm5tzT4PSnvYw,228000,False,2026-06-21T19:30:03.460328+00:00
UCLe26g9dDVhx-pwscUZ9_kw,179000,False,2026-06-21T19:30:03.460331+00:00
UC1S9OikrsLmAyBhc2yYleyw,184000,False,2026-06-21T19:30:03.460335+00:00
UCFR4cRgF518OSCdMu-Kv_pg,232000,False,2026-06-21T19:30:03.460338+00:00
UCW6as_Gj-yW_-TBV9Ur6Kdg,109000,False,2026-06-21T19:30:03.460342+00:00
UCLcqLkD3Mz9IbvE1xoeMCVg,127000,False,2026-06-21T19:30:03.460345+00:00
UC8EcU6CfremWm-yDb6DK3wg,67200,False,2026-06-21T19:30:03.460349+00:00
UC4jlnOOopal09A6GIzJQ47A,19300,False,2026-06-21T19:30:03.460352+00:00
UCARBJormrEDKhtkmWUwQCpA,152000,False,2026-06-21T19:30:03.460356+00:00
UCti6dG0zSAetLGGYcgNML4Q,121000,False,2026-06-21T19:30:03.460359+00:00
UCL_O_HXgLJx3Auteer0n0pA,667000,False,2026-06-21T19:30:03.460363+00:00
UCnTIcALbqBiXkScwAcz-vKA,87400,False,2026-06-21T19:30:03.460366+00:00
UCFL-fP0IBagb0it998CJfRw,189000,False,2026-06-21T19:30:03.460370+00:00
UChdHjIstRbvw6THj16qs68A,55600,False,2026-06-21T19:30:03.460373+00:00
UC1SKpkLky1mYmwFACEJb1sA,7610,False,2026-06-21T19:30:03.460377+00:00
UCLSaULa0Rc-xdVbFg9oUhQQ,115000,False,2026-06-21T19:30:03.496528+00:00
UCn_3atH6FYfjrV884LwSbnw,144000,False,2026-06-21T19:30:03.496549+00:00
UC4Ws3VbmjUATvxsJlznaqdg,206000,False,2026-06-21T19:30:03.496554+00:00
UC1fP4tP7d-_J82MmpDuDZ-g,127000,False,2026-06-21T19:30:03.496558+00:00
UC1ehCtrs06EDmCwu9MUXhhw,225000,False,2026-06-21T19:30:03.496562+00:00
UC1VwWrGY_G0PbNu-rmUoLkw,245000,False,2026-06-21T19:30:03.496566+00:00
UCLAhLxCcqi5afnNTQNnfX-g,1690000,False,2026-06-21T19:30:03.496569+00:00
UC_bJ84v042iikj5QbyTOKkA,301000,False,2026-06-21T19:30:03.496573+00:00
UC78L5NK-4RfEpJMbf-hVgyg,52500,False,2026-06-21T19:30:03.496576+00:00
UC4bosJl7Glz7FxW2l_ZEJJQ,121000,False,2026-06-21T19:30:03.496580+00:00
UCLOHfhO9cs751XPI5Fz32PA,7610,False,2026-06-21T19:30:03.496583+00:00
UCFXsDnjCABxsd3vC5aUuv4A,16200,False,2026-06-21T19:30:03.496587+00:00
UC1V5i9mM_FlXrDhLBpESTqQ,5240,False,2026-06-21T19:30:03.496590+00:00
UC4VGehNrLvBwx2-hg2UMBzw,55100,False,2026-06-21T19:30:03.496593+00:00
UCnbP0ooqE4MCgzQabxpVUIQ,103000,False,2026-06-21T19:30:03.496597+00:00
UCLE2PTNDt--NLGLVbfOfHkQ,321000,False,2026-06-21T19:30:03.496600+00:00
UCFckL35lYwVXR_7X8Ro1VWA,117000,False,2026-06-21T19:30:03.496604+00:00
UCBnjvF0bRbyP2lX1qYc_aqA,73800,False,2026-06-21T19:30:03.496607+00:00
UC1kTquR5w3BW59iR-4-zMXQ,211000,False,2026-06-21T19:30:03.496611+00:00
UC4ZIJCbH0InZipbtfZ0EbEA,48900,False,2026-06-21T19:30:03.496615+00:00
UC1kS0UwEOoHpgzgnV_goVZQ,92400,False,2026-06-21T19:30:03.496618+00:00
UCt9sXvRSdxBCvkA6J7-rz6Q,150000,False,2026-06-21T19:30:03.496622+00:00
UCdjTbRrLiV3AS_zpJMcIaAA,115000,False,2026-06-21T19:30:03.496625+00:00
UCf6Ngd6qqH5YmOsea1QWaeg,21900,False,2026-06-21T19:30:03.496628+00:00
UC4aCsI33jgmGLw-uUlOmRhw,59100,False,2026-06-21T19:30:03.496632+00:00
UC78cxCAcp7JfQPgKxYdyGrg,12000000,False,2026-06-21T19:30:03.496635+00:00
UCWHXKpNL4ignxb1RNNNVUXQ,504000,False,2026-06-21T19:30:03.496639+00:00
UCLU523cU8RRTIL10F94RB4w,92300,False,2026-06-21T19:30:03.496642+00:00
UC_haHghB_tpKA7X6QXrZ53Q,4820,False,2026-06-21T19:30:03.496646+00:00
UCLU3mh6XKKgu7xZA9X5xRLw,45700,False,2026-06-21T19:30:03.496649+00:00
UCASliASL93lb8fdnpFiE3eQ,43900,False,2026-06-21T19:30:03.496653+00:00
UC79FzcwwW4gMCKGUpHSYqOQ,20400,False,2026-06-21T19:30:03.496656+00:00
UC4VsdERQ3vFfXjh2kZGmM5w,31400,False,2026-06-21T19:30:03.496659+00:00
UC1fhhSCXur5hKgz7Q0lL_gw,7450,False,2026-06-21T19:30:03.496663+00:00
UCLLCP5fpg8ZFa36ZS_TNs7A,30600,False,2026-06-21T19:30:03.496666+00:00
UC1clBtta65Z_A5jQHgttuZw,29200,False,2026-06-21T19:30:03.496670+00:00
UCL9PYKYGmPnCnkXpECsfXSA,114000,False,2026-06-21T19:30:03.496673+00:00
UCLBsYpZujJGVRmGJlDKPa-g,212000,False,2026-06-21T19:30:03.496676+00:00
UC1cc-n59HLmEdJsZeTzr5rA,37700,False,2026-06-21T19:30:03.496680+00:00
UCWLLrUNMEYa8pgs3IgWJmkw,894000,False,2026-06-21T19:30:03.496683+00:00
UC_Wdncrye4Vf5o5IOEW3lBQ,178000,False,2026-06-21T19:30:03.496687+00:00
UCLEbJnOAaVmH9Yr-UlUoc8g,193000,False,2026-06-21T19:30:03.496690+00:00
UCt3u21GWUjaNt5WV0TIjrpw,254000,False,2026-06-21T19:30:03.496694+00:00
UCtI0Hodo5o5dUb67FeUjDeA,6910000,False,2026-06-21T19:30:03.496697+00:00
UC4_wTN-Jui5mQZGR_JBqg_A,5690000,False,2026-06-21T19:30:03.496700+00:00
UCncekjmOND4PlgWTClTTMTg,55500,False,2026-06-21T19:30:03.496704+00:00
UCAU9BFIY_GXTreJEFdesDqw,9130,False,2026-06-21T19:30:03.496707+00:00
UCLBCJENgVDbJ7NZvGRDyYrw,297000,False,2026-06-21T19:30:03.496711+00:00
UC4VoaWbC9pYxGCawDknpSXQ,1320000,False,2026-06-21T19:30:03.496714+00:00
UCdinn6IY80IdKFc8kS3URDg,53000,False,2026-06-21T19:30:03.496718+00:00
UCsn7UZ6B0ernXxp-INkTf5w,114000,False,2026-06-21T19:30:03.540973+00:00
UCnjH0PAbToENGPTmcyqoMxg,63100,False,2026-06-21T19:30:03.540995+00:00
UCnjtAa5M-jeEzhYOPaHonmQ,194000,False,2026-06-21T19:30:03.541055+00:00
UCBjzytaNWrh5FjPwgRzE3VA,21300,False,2026-06-21T19:30:03.541062+00:00
UCBliDcAvBxDy-RWoKl5ZHSA,328000,False,2026-06-21T19:30:03.541068+00:00
UC1zm3Nlw9eJA-7nkZqDndhg,5700,False,2026-06-21T19:30:03.541074+00:00
UCKkvy8wapsStrRPyaOrXeCQ,11300,False,2026-06-21T19:30:03.541079+00:00
UCKgzv_aDwCRV5FrJ_3VJpxA,4260,False,2026-06-21T19:30:03.541085+00:00
UC1oDlBaj8rBLS-NiC_85YBg,52300,False,2026-06-21T19:30:03.541090+00:00
UC_RYIYOqFn0uGNi3gCslMtQ,245000,False,2026-06-21T19:30:03.541096+00:00
UCFjdb4r5ytlXBHqKqSktHZA,94000,False,2026-06-21T19:30:03.541102+00:00
UCWT776JoGQ6TSWrPUf1xaTw,273000,False,2026-06-21T19:30:03.541105+00:00
UCs_1Mw8sX8pfh8ARO3JesAg,387000,False,2026-06-21T19:30:03.541108+00:00
UCBkR9OotvGvIjaJHp-2wiCA,20100,False,2026-06-21T19:30:03.541111+00:00
UC1vWbSpG34fE4Z00ZGBZuuA,36600,False,2026-06-21T19:30:03.541114+00:00
UCW_NLYVGF-2hqltH06DQR1g,464000,False,2026-06-21T19:30:03.541117+00:00
UCKjNLv64SPXmo21deA0jq_Q,12600,False,2026-06-21T19:30:03.541119+00:00
UCsxp8VO4DJ-NpMJ2DH6Ol5g,3410,False,2026-06-21T19:30:03.541122+00:00
UCAXcAheLrTpjNl681liu22w,28400,False,2026-06-21T19:30:03.541125+00:00
UC1tU4Rbu07JlvKSRmGVft8w,46800,False,2026-06-21T19:30:03.541129+00:00
UCsur6IHfIMF3O61tgLsS7JQ,26600,False,2026-06-21T19:30:03.541131+00:00
UC1rUV89a6t4kEI8-M8spNtA,62000,False,2026-06-21T19:30:03.541134+00:00
UCf18kaTsjej00mua1XDro_A,312000,False,2026-06-21T19:30:03.541137+00:00
UC1zFJrfEKvCixhsjNSb1toQ,627000,False,2026-06-21T19:30:03.541140+00:00
UC4Smd0uKO95Yl0ohrNWDr-A,137000,False,2026-06-21T19:30:03.541143+00:00
UC4TuPqh9f_TEODj8DlBXtOw,50100,False,2026-06-21T19:30:03.541145+00:00
UC7CeOxGzcmmxbf_Oacxf7sg,125000,False,2026-06-21T19:30:03.541148+00:00
UC1xd0cAOryAMTTG34joEgdg,1310000,False,2026-06-21T19:30:03.541151+00:00
UCFv2z4iM5vHrS8bZPq4fHQQ,1120000,False,2026-06-21T19:30:03.541154+00:00
UCWX0rU4o9CR8nUJKz0bSMlQ,162000,False,2026-06-21T19:30:03.541157+00:00
UC81rQ1ufYOiPansQmxhPyHg,85900,False,2026-06-21T19:30:03.541159+00:00
UChupMfVkdaY8GYbwDCfOAyQ,125000,False,2026-06-21T19:30:03.541162+00:00
UCFkq4MLSRPYndh4eIup3Qhg,3650,False,2026-06-21T19:30:03.541165+00:00
UCKzi0OTSIphe9WZwH9WcGqw,24900,False,2026-06-21T19:30:03.541168+00:00
UCf67BYjA97Z6EbHjE6uniSw,296000,False,2026-06-21T19:30:03.541170+00:00
UCWVO0OICQ1Q-8JBr_3hGKPw,196000,False,2026-06-21T19:30:03.541173+00:00
UCW_SXldsg7l5NLnsIK1g2Bw,225000,False,2026-06-21T19:30:03.541176+00:00
UC7B35r6aw6Pw625AyvmvrAQ,92300,False,2026-06-21T19:30:03.541179+00:00
UCFtNXtesKg13a244ZZS90nQ,170000,False,2026-06-21T19:30:03.541181+00:00
UCKxITosvQ2XPr4Fzv1verkQ,1320,False,2026-06-21T19:30:03.541184+00:00
UCAYNO1iDf9FG6VuLgbz-Inw,41000,False,2026-06-21T19:30:03.541187+00:00
UCAYfguaShVaNDU561_jJoOQ,964000,False,2026-06-21T19:30:03.541190+00:00
UCKsW0hDSVqVuU9Cf5EAGCqw,151000,False,2026-06-21T19:30:03.541192+00:00
UCFsYBr5bba3s9hLqx1ZiYIw,98100,False,2026-06-21T19:30:03.541195+00:00
UC1vq6rPxuQUzFFfaFSVfJiw,17500,False,2026-06-21T19:30:03.541198+00:00
UCKynlgFyZESvjpYUfjpVEBQ,16000,False,2026-06-21T19:30:03.541200+00:00
UC1l6v1t8cYuIuLDtKFjORIQ,31900,False,2026-06-21T19:30:03.541203+00:00
UCKm9RvFzNZIU4Uan98K_law,58300,False,2026-06-21T19:30:03.541206+00:00
UCKtiMrNZq0gGbPTnsMu7Bsw,1510000,False,2026-06-21T19:30:03.541209+00:00
UCWcfNaOvJ-UtZvWMTqDaNjw,322000,False,2026-06-21T19:30:03.541211+00:00
UCsSyUK0dmdBWnpsmy0X3KVg,484000,False,2026-06-21T19:30:03.586979+00:00
UCBjYFq4O-l6eFbRBxSen25g,30500,False,2026-06-21T19:30:03.587032+00:00
UC293JmpEKvA292wP8YKNRdw,147000,False,2026-06-21T19:30:03.587039+00:00
UC7DDkgrinCDkiqNoLBB89hw,81400,False,2026-06-21T19:30:03.587044+00:00
UC_EPrPoaSENuWuKmnQzaDBg,17400,False,2026-06-21T19:30:03.587047+00:00
UCWj9XWiR3Kyz0U_RmiVrMPg,136000,False,2026-06-21T19:30:03.587051+00:00
UCKP8qQcGamUxLrChTxeJZ1w,32600,False,2026-06-21T19:30:03.587055+00:00
UC8301yXAtKIlduEzWSorinQ,124000,False,2026-06-21T19:30:03.587058+00:00
UCKP8iLZRf5ZLVyZ_rzWQHhA,589000,False,2026-06-21T19:30:03.587062+00:00
UC2EVii_AEBh4SU4K0T3gatg,34700,False,2026-06-21T19:30:03.587065+00:00
UCKWaPTNKowHCxK0BXYwDHMw,370000,False,2026-06-21T19:30:03.587069+00:00
UC8--EW2989UvPflQR75weFg,70000,False,2026-06-21T19:30:03.587072+00:00
UCsDfqx5o9Z4Qac_UOGxEfLw,18600,False,2026-06-21T19:30:03.587076+00:00
UCsRRzwiGpo5U580FpH_ZEaw,631000,False,2026-06-21T19:30:03.587079+00:00
UC2Bh_FJpzE4cLZQYIp2kMOA,50100,False,2026-06-21T19:30:03.587083+00:00
UCemRkHqzjN0IgMCiJlC_Ckg,292000,False,2026-06-21T19:30:03.587086+00:00
UC2AVtTOAnC89oOgwobq45mQ,18900,False,2026-06-21T19:30:03.587090+00:00
UCKd_GTpvcnIrB6IIB3nTteQ,15200,False,2026-06-21T19:30:03.587093+00:00
UCFwhogwDbSEdg3SI-t17yVw,6030,False,2026-06-21T19:30:03.587096+00:00
UCnzCMBJXyLeQ86jYuzJICuA,37400,False,2026-06-21T19:30:03.587101+00:00
UCFwADnR_r7uFvnpGKOjea9A,7310,False,2026-06-21T19:30:03.587104+00:00
UC8-fXmLTcTVtUzy2zmOK0kA,217000,False,2026-06-21T19:30:03.587108+00:00
UCsPQML1ikP_ZHSd5vdi3CsA,4470,False,2026-06-21T19:30:03.587111+00:00
UCAge71Coca0hnIZ8UQiiEcw,119000,False,2026-06-21T19:30:03.587114+00:00
UCKMPD3bU5jx_2zqtLqCuOdQ,432000,False,2026-06-21T19:30:03.587118+00:00
UC7wK0KSYi1cSAmoJg-03o9w,56100,False,2026-06-21T19:30:03.587121+00:00
UC4N4EuevBENawq0cPOUIQWw,21900,False,2026-06-21T19:30:03.587125+00:00
UC21OZ-2ptQD55otKgAbg_ZQ,6040,False,2026-06-21T19:30:03.587128+00:00
UC2AKbYUJxHZRAcJjmLF5Y4g,101000,False,2026-06-21T19:30:03.587132+00:00
UCKRmAzYcVEWPrjp0DCTRP9A,94500,False,2026-06-21T19:30:03.587135+00:00
UChyLk7utaMRsA7qZ6zT8UUg,85900,False,2026-06-21T19:30:03.587139+00:00
UCWn3Irlf3zIXjYzPjU7cHfQ,156000,False,2026-06-21T19:30:03.587142+00:00
UChrwWDsptJWqbV_oPKdHk1Q,487000,False,2026-06-21T19:30:03.587145+00:00
UCFxpK8MQyLI4e8OtC1NqUcg,145000,False,2026-06-21T19:30:03.587149+00:00
UCsSvQ2TKDUiG4X8VLaf2jzw,7270,False,2026-06-21T19:30:03.587152+00:00
UC_JY1bKNWd2fjf2RxM3xLLQ,187000,False,2026-06-21T19:30:03.587156+00:00
UCK_2EmyswTen39EvCtAj6Hg,80700,False,2026-06-21T19:30:03.587159+00:00
UCBidZwT_WlF1vDj3VYSTNgg,106000,False,2026-06-21T19:30:03.587163+00:00
UCBiPlz2DSFIzyd7C8FFkGmA,108000,False,2026-06-21T19:30:03.587166+00:00
UC28VlSMKRAERsXYXCAMsyIg,42500,False,2026-06-21T19:30:03.587170+00:00
UC25kovfup3u-2IkA2yn555w,47500,False,2026-06-21T19:30:03.587173+00:00
UCnr1TXXlDm2H75S5nxt3O3g,335000,False,2026-06-21T19:30:03.587176+00:00
UCKNuSmykxRoUB-4tRwfs6GQ,55500,False,2026-06-21T19:30:03.587180+00:00
UC_IWkSFj0qVD19D34mlL5Aw,19400,False,2026-06-21T19:30:03.587183+00:00
UCi8_blbAUzg4lX5tsjcTVTw,76000,False,2026-06-21T19:30:03.587187+00:00
UCKYomIzwMdqszdch7mlbBlw,19800,False,2026-06-21T19:30:03.587190+00:00
UCB_qr75-ydFVKSF9Dmo6izg,14800000,False,2026-06-21T19:30:03.587194+00:00
UCepP0D-CPRIYAg1_A579VSQ,251000,False,2026-06-21T19:30:03.587197+00:00
UCnwYqOxJ0Ikq6GQU1Qszuww,13300,False,2026-06-21T19:30:03.587201+00:00
UC285VznWVFpSdxGF7fje0aQ,26700,False,2026-06-21T19:30:03.587204+00:00
UC7u6xWxfv56rQbWdSYUVXZQ,5250,False,2026-06-21T19:30:03.625159+00:00
UC4Jptm_JcfhiG07Rj2B7LbA,841,False,2026-06-21T19:30:03.625184+00:00
UC_1GPhYlXI2ka2ji5gnqWFQ,949000,False,2026-06-21T19:30:03.625191+00:00
UC4KRyMxCXVaZvjiRfDuG-PQ,207000,False,2026-06-21T19:30:03.625196+00:00
UCG1yLIlBu2Ww-Cl0jKBoiKA,194000,False,2026-06-21T19:30:03.625201+00:00
UCoDu3SDWoExTJtvSS8ajxwQ,286000,False,2026-06-21T19:30:03.625207+00:00
UCG1Y8PYQsjfib0QoJbsr1vg,20100,False,2026-06-21T19:30:03.625212+00:00
UC2JzylaIF8qeowc7-5VwwmA,1510000,False,2026-06-21T19:30:03.625218+00:00
UCG6fcFInAR5Y3ZL4jl1DyJA,87900,False,2026-06-21T19:30:03.625223+00:00
UCGFHnun6yN7yMdBjeLW6aTQ,196000,False,2026-06-21T19:30:03.625228+00:00
UCs76GRz_pYj5KDnUF6WC7yQ,98300,False,2026-06-21T19:30:03.625233+00:00
UCo3eo7zwygnn-I1a3ZY0Jdw,12400,False,2026-06-21T19:30:03.625238+00:00
UCo150kMjyLQDsLdudoyCqYg,1480000,False,2026-06-21T19:30:03.625243+00:00
UCdqDYwwQobtf1C2qZU-hm7w,168000,False,2026-06-21T19:30:03.625249+00:00
UCK1fzxADnYVhoTuqnAceXUQ,13800,False,2026-06-21T19:30:03.625254+00:00
UCGGtjtSsIDEkviHTB_g1thA,603000,False,2026-06-21T19:30:03.625259+00:00
UCKDryFm1tiCNvrrAzVeHL0g,13600,False,2026-06-21T19:30:03.625264+00:00
UCAmXp_W1h3I8T_Pz4kaoeRA,11600,False,2026-06-21T19:30:03.625270+00:00
UC2CRqFsUHDqUGVQQRUaF1Ew,784000,False,2026-06-21T19:30:03.625275+00:00
UCG8bzPVfkbpM9HzaDLm3zNQ,15200,False,2026-06-21T19:30:03.625281+00:00
UCo4AlGogv-HTW1Gw0kQysrw,43200,False,2026-06-21T19:30:03.625286+00:00
UCJw-lp-C-Rhwe4WOTZkOxaw,549000,False,2026-06-21T19:30:03.625291+00:00
UC2F8NMAOxmzQsuWfOYRWfbg,125000,False,2026-06-21T19:30:03.625297+00:00
UC_-ETwd5JF2CNi_3OK4id6A,23900,False,2026-06-21T19:30:03.625302+00:00
UCnziFQs4Ihms4UtxmVZP6cg,916000,False,2026-06-21T19:30:03.625307+00:00
UC2JiZ02H9Ic-yjYaP9VXVFg,44000,False,2026-06-21T19:30:03.625312+00:00
UCroloVlHKUnvOMn5MtuvyDg,423000,False,2026-06-21T19:30:03.625317+00:00
UCKGZS-lGclkbLa9FWw-x3Ig,153000,False,2026-06-21T19:30:03.625322+00:00
UCX2GBY7RgpzF5GJxX1YcM7g,272000,False,2026-06-21T19:30:03.625328+00:00
UC2GByIcly0zEzAlbX6_aXVw,1640,False,2026-06-21T19:30:03.625333+00:00
UCG3Vfd1Zx50Jfz3IyOoVEsg,7110000,False,2026-06-21T19:30:03.625338+00:00
UC2JZ0ydnaz1U2J5nUCvW-bw,206000,False,2026-06-21T19:30:03.625343+00:00
UCBadCJOOMbpyXRBvRlhuqZQ,14200,False,2026-06-21T19:30:03.625348+00:00
UCG57vx87GTJfmaWH8wwFmag,19300,False,2026-06-21T19:30:03.625354+00:00
UC2IKWQ55-7fnD7oBbkOAtxA,3910,False,2026-06-21T19:30:03.625359+00:00
UCGF2wrIRRO7nVJjB5kJHEPQ,352000,False,2026-06-21T19:30:03.625364+00:00
UCo6dMRnCsGl76JK_BnC0W-Q,34700,False,2026-06-21T19:30:03.625369+00:00
UC7uAxVwvlUB23s59FfmAJKA,24500,False,2026-06-21T19:30:03.625374+00:00
UCWxIipMBP9Qw1jSgjkNKq9w,695000,False,2026-06-21T19:30:03.625379+00:00
UCJyCVxovcw3ANH2BqpViKvw,77100,False,2026-06-21T19:30:03.625384+00:00
UCGF9NUnN46KC6dHr6ZCm1qA,25000,False,2026-06-21T19:30:03.625390+00:00
UCJzd6hPg7Iz35SkBNzAjjWQ,844000,False,2026-06-21T19:30:03.625395+00:00
UCJwgcOa4-WoXbp_Kw4GTA-g,85500,False,2026-06-21T19:30:03.625400+00:00
UCelY7Lf2lNeoMZWkJNwOcCA,30100,False,2026-06-21T19:30:03.625405+00:00
UC4Kx6KkAayKSphfobWsRM3w,426000,False,2026-06-21T19:30:03.625410+00:00
UCrtQhbVplxKqCkQEBDH8wtg,30000,False,2026-06-21T19:30:03.625415+00:00
UC4L5_fUPHgQBSIvrOJOJpFA,38800,False,2026-06-21T19:30:03.625420+00:00
UCrtaR-6vfJfZXC1WX0ao2nw,161000,False,2026-06-21T19:30:03.625425+00:00
UC4QHDnYKVAgtPvg9G3pGoHA,112000,False,2026-06-21T19:30:03.625431+00:00
UCK5C8OA4-Mw0JOEoyUQGh_Q,2130,False,2026-06-21T19:30:03.625436+00:00
UC2RY6iPTIwVVmkC-eFm8hog,4700,False,2026-06-21T19:30:03.667875+00:00
UCXM7fTTMOpJCJ5B_Z5jtVTg,240000,False,2026-06-21T19:30:03.667897+00:00
UC2NHbsoAQ5LdQWQsgQKuu5w,117000,False,2026-06-21T19:30:03.667902+00:00
UCegO3k5HUPdEUnGlsYxqlqQ,9060,False,2026-06-21T19:30:03.667906+00:00
UCJhlg_QtJSZnBerqfApXDMQ,396000,False,2026-06-21T19:30:03.667909+00:00
UCGLaLP99T8HYmuec1PFn_sA,21400,False,2026-06-21T19:30:03.667914+00:00
UC45DbzPhUKlwbhtcUpra0yA,8990,False,2026-06-21T19:30:03.667917+00:00
UCJhEEnp0pjtesFIrctrNCug,51000,False,2026-06-21T19:30:03.667921+00:00
UCXAPX850rvKj_fjPBWr0Z3g,102000,False,2026-06-21T19:30:03.667924+00:00
UCAtnYTUVSA7eOUOwr-W6Z9A,331000,False,2026-06-21T19:30:03.667928+00:00
UC4C_OGYaNIaLgVbTq8deHyQ,34100,False,2026-06-21T19:30:03.667931+00:00
UC7Ga6uTWwfg69CMcJGERwAQ,124000,False,2026-06-21T19:30:03.667935+00:00
UCG_d_2AJJN2icrjNBNV6w8g,163000,False,2026-06-21T19:30:03.667938+00:00
UC2LM51LGlgtmPWqiQNRgemQ,200000,False,2026-06-21T19:30:03.667942+00:00
UC4941LeughfRCjlFm8oFExw,40600,False,2026-06-21T19:30:03.667945+00:00
UC2PpqV1q47sUzKfk6zvEuEw,65400,False,2026-06-21T19:30:03.667949+00:00
UCZooXyonKMFcM9egQkpw6dg,14500,False,2026-06-21T19:30:03.667952+00:00
UC44HcGUbzBsocfXLbx7Qtjg,17600,False,2026-06-21T19:30:03.667955+00:00
UCJr--OFc6C9-X0y50tGhPmw,63300,False,2026-06-21T19:30:03.667959+00:00
UCJoLZUjlhidhKG0MrSd-8Pg,178000,False,2026-06-21T19:30:03.667963+00:00
UC7sDT8jZ76VLV1u__krUutA,3480000,False,2026-06-21T19:30:03.667966+00:00
UCJSp5g0Q__p2y9ByIXdRHaQ,184000,False,2026-06-21T19:30:03.667970+00:00
UCoNVGRheUHZTWKcoFKEzSGw,41800,False,2026-06-21T19:30:03.667973+00:00
UC7pUbCQjaeoMj2wb-8BiB6g,21700,False,2026-06-21T19:30:03.667977+00:00
UCAw3ISFhAY2NZntvoDju1ag,9420,False,2026-06-21T19:30:03.667980+00:00
UCJlsQK_8Uq4_zaAEp8_Hq9g,60000,False,2026-06-21T19:30:03.667984+00:00
UCGQB4WynXhEkrJUOK0J6wHA,7720,False,2026-06-21T19:30:03.667987+00:00
UCGL2699xGK-6p0AAnTVS5-g,132000,False,2026-06-21T19:30:03.667991+00:00
UC45vlXkhmQRs9fZag3L1Bvg,25000,False,2026-06-21T19:30:03.668034+00:00
UCJTGlbXa5adKccZG0dtqXfg,156000,False,2026-06-21T19:30:03.668039+00:00
UCrWPEGAR5gLMBVgHEMk9rNw,21900,False,2026-06-21T19:30:03.668042+00:00
UCoEyhWIuzY0F-n6KZLHBspw,127000,False,2026-06-21T19:30:03.668046+00:00
UCrcqCDrC5nn-8KrbzUNrvSA,407000,False,2026-06-21T19:30:03.668049+00:00
UC7q2KY0kZ2HoAOO9gvHSE1w,19600,False,2026-06-21T19:30:03.668053+00:00
UCrlNDwmmxNHSHPWvTEcVPxg,83900,False,2026-06-21T19:30:03.668056+00:00
UCJxodFr8WwojfVz3fOgKj0w,8460,False,2026-06-21T19:30:03.668060+00:00
UC2K343OmZu42W-m055WFi_A,4750,False,2026-06-21T19:30:03.668063+00:00
UCrPX9lkIyE7tmN5-TfkmFeA,42500,False,2026-06-21T19:30:03.668067+00:00
UCe_9w0t_kIuNVbnZtSnl2kA,12700,False,2026-06-21T19:30:03.668070+00:00
UC45-01kcJeBvPczl1_22KXw,334000,False,2026-06-21T19:30:03.668073+00:00
UC44QvCevTanck-9lh6UpKSg,34100,False,2026-06-21T19:30:03.668077+00:00
UCJoQpZAJSXLx49uWiCoByuA,166000,False,2026-06-21T19:30:03.668080+00:00
UCX8aZl6VTVsfHJg0Yo9imMg,43200,False,2026-06-21T19:30:03.668084+00:00
UCXIJgqnII2ZOINSWNOGFThA,15400000,False,2026-06-21T19:30:03.668087+00:00
UCJx0-F6jXlR1vIw2t78XIiA,59100,False,2026-06-21T19:30:03.668091+00:00
UC46vl5hdHauSdKE3sF8IZdQ,32800,False,2026-06-21T19:30:03.668094+00:00
UC2NujFa5X09CdV0YCntmQDg,776000,False,2026-06-21T19:30:03.668098+00:00
UCZmLlKhGQ5PJD8f8nqiMazw,55000,False,2026-06-21T19:30:03.668101+00:00
UCGWg0JeiFi3LBRiVCz8xpOg,179000,False,2026-06-21T19:30:03.668104+00:00
UCJTcxlgEPB1Dwl9aRYn3Sqw,12700,False,2026-06-21T19:30:03.668108+00:00
UC2XqlrUJZDtWO9gDZSfpINg,142000,False,2026-06-21T19:30:03.706845+00:00
UCoZy_p2uHpE8cFuGUd8eENQ,182000,False,2026-06-21T19:30:03.706868+00:00
UCeKfUfq8joPboU8WbWEWo1w,200000,False,2026-06-21T19:30:03.706873+00:00
UCiFZoLeVq13G6M9x2i9EYig,15400,False,2026-06-21T19:30:03.706877+00:00
UCeRYlwTRUJGXC25hFbw2SoA,244000,False,2026-06-21T19:30:03.706881+00:00
UCXXYIbHwf9V6ScGbFo1YImw,67300,False,2026-06-21T19:30:03.706886+00:00
UCGa5UuZqCT-kOUplRfJy8nQ,4870,False,2026-06-21T19:30:03.706889+00:00
UC41TdRTa1Bl4keJZQmiZc5g,28200,False,2026-06-21T19:30:03.706893+00:00
UCBWMZf25I8y1TLpRrAQYZaw,62700,False,2026-06-21T19:30:03.706897+00:00
UCXchLsQLmaep9NFJI6FSSkw,174000,False,2026-06-21T19:30:03.706901+00:00
UCiFLFlqj2fjbHC_sX56ne5Q,47500,False,2026-06-21T19:30:03.706905+00:00
UC2V7CAr0IFr0ECt2DPYOgNQ,44200,False,2026-06-21T19:30:03.706909+00:00
UCeMDZESx89-VOns4xujHlSQ,125000,False,2026-06-21T19:30:03.706913+00:00
UCB3mOPzHaD-K1n7YlubgOqA,10100,False,2026-06-21T19:30:03.706916+00:00
UCJHitHIR0aM6ce1CbY8g2vQ,73500,False,2026-06-21T19:30:03.706919+00:00
UC2dWSCQluKtkppFXLQAp0vQ,642000,False,2026-06-21T19:30:03.706922+00:00
UC7kHjmKyNV9V0ZaJDEd3ylA,4170,False,2026-06-21T19:30:03.706925+00:00
UC40Yo2lkpI5WJ8O0Zf4aQqg,142000,False,2026-06-21T19:30:03.706929+00:00
UCXPwyNQ4gUiZm-XJyP3TVlw,21400,False,2026-06-21T19:30:03.706932+00:00
UC7kU-C7udSAB2VYY1sbWetQ,23100,False,2026-06-21T19:30:03.706935+00:00
UC2_NkEhxBC3x2qa7uEKc9lA,24300,False,2026-06-21T19:30:03.706938+00:00
UC2UCB_L3Kh6Kv5pL3pJZFlA,203000,False,2026-06-21T19:30:03.706941+00:00
UC2g5T9Gk5SY-Mq0hN0gmuAw,32400,False,2026-06-21T19:30:03.706944+00:00
UCJD1cF6OaRLNFTN0c-OW0WA,46200,False,2026-06-21T19:30:03.706947+00:00
UC4-4HC7-OVR_GWjFBre243w,55400,False,2026-06-21T19:30:03.706951+00:00
UC7HwQfeZ0FRowLjqYj0WqAg,9090,False,2026-06-21T19:30:03.706954+00:00
UCoWVB4l7q508W7Nn1cbKS1w,190000,False,2026-06-21T19:30:03.706957+00:00
UC2YCORq-wZiYSCMxLfn0Hjw,15400,False,2026-06-21T19:30:03.706960+00:00
UC2UfXQwDDmdh1UHlWdzLLCQ,2810,False,2026-06-21T19:30:03.706963+00:00
UC3x4jfBYkeGRUv0udxL426A,14600,False,2026-06-21T19:30:03.706966+00:00
UCGdcLN26G4wf3ABhfGtXxoQ,28300,False,2026-06-21T19:30:03.706969+00:00
UCoYnNcd0AWXs_HjGwujK5vA,116000,False,2026-06-21T19:30:03.706972+00:00
UCJCDpN3lo1gd0o6LUuD7_Ew,224000,False,2026-06-21T19:30:03.706975+00:00
UCB3o7x7OZLwr4yVoA2eOs4g,22900,False,2026-06-21T19:30:03.706978+00:00
UCiM0WD4JABGfXuAop1PFtfw,132000,False,2026-06-21T19:30:03.706981+00:00
UC2a_rh9UOBmSiT20MspeIOQ,57800,False,2026-06-21T19:30:03.706984+00:00
UC7LtYcOzu2amH6GWk-y8llg,166000,False,2026-06-21T19:30:03.706987+00:00
UC2dnosEt5WLRNqh20_7j5qw,481000,False,2026-06-21T19:30:03.706990+00:00
UCGjSf8kAWTmpA-C6uLTpS3Q,48800,False,2026-06-21T19:30:03.707030+00:00
UCJLFsRfXwxP7IzfQPOJ9jJQ,1390,False,2026-06-21T19:30:03.707035+00:00
UCXnws87xr2r6WL1G8jFLTgA,289000,False,2026-06-21T19:30:03.707038+00:00
UC7kUHboCxgLmZouOI6Um6HA,128000,False,2026-06-21T19:30:03.707041+00:00
UC2UIXt4VQnhQ-VZM4P1bUMQ,468000,False,2026-06-21T19:30:03.707044+00:00
UCoTZGGLMexsUwrAQkg_h6EQ,933000,False,2026-06-21T19:30:03.707047+00:00
UCeOhvId9laYom7snzFsJxlg,39600,False,2026-06-21T19:30:03.707050+00:00
UCAreRIEUkoJpMFePUTfdhJA,12200,False,2026-06-21T19:30:03.707053+00:00
UCJEG2T3xeADm3NsUWA_85uw,111000,False,2026-06-21T19:30:03.707056+00:00
UCoUFbEnb5yWgjeEXAr_Y9qg,313000,False,2026-06-21T19:30:03.707059+00:00
UC43F-DhlphUPvk-8q7tqeew,141000,False,2026-06-21T19:30:03.707062+00:00
UCJ2BSIyIU84ZtJ9MiLh0jZA,490000,False,2026-06-21T19:30:03.707066+00:00
UCIzK5ycqM29afI-SXY9suNA,50000,False,2026-06-21T19:30:03.747762+00:00
UCqxqvEoVnuvTBau9wlTpTcw,27700,False,2026-06-21T19:30:03.747782+00:00
UC2kbd8gXj5fdfmta-Gp_kFw,717000,False,2026-06-21T19:30:03.747788+00:00
UC2kM01yXNnouBsJJ0ghyfMg,106000,False,2026-06-21T19:30:03.747792+00:00
UCIp-T1S5rsrSHzEbkTwAGbg,25900,False,2026-06-21T19:30:03.747796+00:00
UC7PVR5Av-PmhlgI4Wbikf9w,6100,False,2026-06-21T19:30:03.747800+00:00
UC2sHT_D085Qay6Z6CjYUU8Q,11300,False,2026-06-21T19:30:03.747804+00:00
UC3qUp3tHg0Mxjw-mhyvHhow,30800,False,2026-06-21T19:30:03.747807+00:00
UC2i9z804rWVhZTiJq_juQDA,125000,False,2026-06-21T19:30:03.747811+00:00
UCGlo78nsHit-BpWWx_TXCQg,40500,False,2026-06-21T19:30:03.747814+00:00
UCqu5_zgnVshzZ99gWbqBcyw,406000,False,2026-06-21T19:30:03.747818+00:00
UCJ3s5YZx4WE6CKr6cUeVo4g,183000,False,2026-06-21T19:30:03.747821+00:00
UCGmO0S4S-AunjRdmxA6TQYg,2850000,False,2026-06-21T19:30:03.747825+00:00
UCBV4N3EAsiZ8FYPqx8ni8vg,191000,False,2026-06-21T19:30:03.747828+00:00
UC2vaAVE2xt5gY9rzzdthLEQ,23400,False,2026-06-21T19:30:03.747831+00:00
UCGvxeQKQYxTPd0cZU9z7ZVQ,94500,False,2026-06-21T19:30:03.747835+00:00
UCojVbGc2ueYdKM9EG1AGGSg,170000,False,2026-06-21T19:30:03.747838+00:00
UCJ5O9mpeeysW4HONK8nnyCQ,504000,False,2026-06-21T19:30:03.747842+00:00
UC2svkX28Sl6DMeMFF-1avpA,21900,False,2026-06-21T19:30:03.747845+00:00
UCXrNg2DvnaVYpdzwCcHqXkg,345000,False,2026-06-21T19:30:03.747850+00:00
UCIselBGe87lMkBf02WMBPCw,12300,False,2026-06-21T19:30:03.747854+00:00
UCGmAFDyo2M7tNbaCb2MGl4Q,15500,False,2026-06-21T19:30:03.747857+00:00
UCIjTFmTx1niiJxu77B5ZREQ,13800,False,2026-06-21T19:30:03.747861+00:00
UCXx6-3_E6vO9Wb43B38OEJw,91700,False,2026-06-21T19:30:03.747864+00:00
UCGsxvj-FkV6C7N6TKTkzP0g,20000,False,2026-06-21T19:30:03.747868+00:00
UC2kTZB_yeYgdAg4wP2tEryA,7150000,False,2026-06-21T19:30:03.747871+00:00
UC2pWxTG8juK3hoZ127elb3A,190000,False,2026-06-21T19:30:03.747875+00:00
UCXxhNwJYn9qcEaevTQebmCw,197000,False,2026-06-21T19:30:03.747878+00:00
UC2pzkaY9mpwulNgNyIw4VvA,85000,False,2026-06-21T19:30:03.747882+00:00
UCXyxYiH3UT9VtLak2W1c6ng,107000,False,2026-06-21T19:30:03.747885+00:00
UC2vqCJ6nxx0io5CywXoJzsQ,215000,False,2026-06-21T19:30:03.747889+00:00
UC3y2LPw58qEPvDok5rRFoQw,91900,False,2026-06-21T19:30:03.747892+00:00
UCGsh0QlgJHabgGOPehVJ-pQ,19700,False,2026-06-21T19:30:03.747896+00:00
UC2p8filCcULZfjOSpcP64bw,49000,False,2026-06-21T19:30:03.747899+00:00
UCGudEQbGUWoiVO6yl5ULw7A,75000,False,2026-06-21T19:30:03.747903+00:00
UCIi3eljKIQgOw8ekwXIumuQ,60200,False,2026-06-21T19:30:03.747907+00:00
UC3y7HcAnhou4TWUqyNplxCw,155000,False,2026-06-21T19:30:03.747910+00:00
UCogK43-0HpBQXPahOswXJ0g,220000,False,2026-06-21T19:30:03.747914+00:00
UC2jE2i2lC7ZJQl4tQoIiX7g,359000,False,2026-06-21T19:30:03.747917+00:00
UCIm6PH37h6wUs_q7GR0LNtw,1930000,False,2026-06-21T19:30:03.747921+00:00
UC2vUft3lvE2BCk-r-2FWHqQ,73800,False,2026-06-21T19:30:03.747924+00:00
UCGrMumVzzJhyVQtkdhQ3OXg,304000,False,2026-06-21T19:30:03.747927+00:00
UCGrBf8TxPElw_mH4kd7firA,70100,False,2026-06-21T19:30:03.747931+00:00
UC2jF1LKVM20aSod8mvjgZQQ,79700,False,2026-06-21T19:30:03.747935+00:00
UC7Ol58UGSFIZ_w0eYqg57-A,55400,False,2026-06-21T19:30:03.747938+00:00
UC3t550owOj8mPynjsWq56gw,2110,False,2026-06-21T19:30:03.747941+00:00
UCdsaBup0zyfwAzDtkM6qvaw,129000,False,2026-06-21T19:30:03.747945+00:00
UCIpJxFoqa0mweHFslUDFHHg,19800,False,2026-06-21T19:30:03.747948+00:00
UC2v99T3RRi5NkdhP0ZqdpXA,523000,False,2026-06-21T19:30:03.747952+00:00
UC7V8rFQas-8HnHxKuGwaI4Q,215000,False,2026-06-21T19:30:03.747955+00:00
UC3idNMi02O9sLmTKTZS3e9w,99300,False,2026-06-21T19:30:03.783835+00:00
UCZ8_dwsZRnAwIBnf6njNvhA,25700,False,2026-06-21T19:30:03.783854+00:00
UC35-8ic_8kwHxCKw_M-iq5w,6800,False,2026-06-21T19:30:03.783859+00:00
UCBAT4zf90xbcd-Bkem_tYNQ,91300,False,2026-06-21T19:30:03.783863+00:00
UC32oVb-nfyRBNlWzUw3dC5Q,1520000,False,2026-06-21T19:30:03.783867+00:00
UCH-lygWpHodDff3iQurnWnQ,597000,False,2026-06-21T19:30:03.783871+00:00
UCH8DlW0-pZecshY0AdI9_GQ,29900,False,2026-06-21T19:30:03.783875+00:00
UC35TRecEk9N5FAj2a--PAkg,222000,False,2026-06-21T19:30:03.783878+00:00
UCZFLLw5ktzza5De6ff2LsIg,98900,False,2026-06-21T19:30:03.783882+00:00
UCZDbvLIZ4IqXNNy9gHA5sZA,112000,False,2026-06-21T19:30:03.783885+00:00
UCiQvv7FFjH3RenUJDW-XqAg,107000,False,2026-06-21T19:30:03.783889+00:00
UC3oMU5SP7peSc33a3gHHNJA,65500,False,2026-06-21T19:30:03.783892+00:00
UC3mpwCLtIyC1oU2hBlzfIBQ,111000,False,2026-06-21T19:30:03.783896+00:00
UCBBB-JN3iI1yjEgOcOoy--Q,1310,False,2026-06-21T19:30:03.783900+00:00
UCH3zLWqkIj9tMvkSWiRSdJg,287000,False,2026-06-21T19:30:03.783903+00:00
UCGyQHBO8Q7YE9AuLc-psWcA,531000,False,2026-06-21T19:30:03.783907+00:00
UC31JWr1b3A_hrC79VVZPHUg,18400,False,2026-06-21T19:30:03.783910+00:00
UCYLIuZ_k8mb9RJrLqNI5rhA,253000,False,2026-06-21T19:30:03.783914+00:00
UCGxJVq4KTczrAYxjjaQwL-Q,156000,False,2026-06-21T19:30:03.783917+00:00
UCqZ9w_8BtpuYSC3PZam6INA,445000,False,2026-06-21T19:30:03.783922+00:00
UCZ9qH9bedbEp7IDhlbNJfRw,263000,False,2026-06-21T19:30:03.783925+00:00
UCqtTH8SeHhWcLb1OmOaB-Lg,54200,False,2026-06-21T19:30:03.783929+00:00
UC34R9pd6Rb3Vb_Wlii2XRfw,710,False,2026-06-21T19:30:03.783933+00:00
UCqZ-A0aw_EC1z8QI6F_biTg,25000,False,2026-06-21T19:30:03.783936+00:00
UCZ8mljp1LWhnDHDtxuxvpeA,203000,False,2026-06-21T19:30:03.783940+00:00
UConDihjW2NC69JT39T7V9sQ,4220,False,2026-06-21T19:30:03.783943+00:00
UCH7qxzjNCKnA0Alp9U4ousw,96700,False,2026-06-21T19:30:03.783947+00:00
UCYIlHieS5vnuarC0v-o4wLw,109000,False,2026-06-21T19:30:03.783950+00:00
UCGzED6V52cFg_4LxPf2Di3Q,50600,False,2026-06-21T19:30:03.783954+00:00
UCH8G3ptBuMjs1GdymGpGJPA,135000,False,2026-06-21T19:30:03.783957+00:00
UCZIgHrQe3yUs4j-iKieNGKQ,25300,False,2026-06-21T19:30:03.783961+00:00
UCeA73NtbKCw5eG789mhA_xA,3710,False,2026-06-21T19:30:03.783965+00:00
UC2woeYGypaXh5knNDqFWCiw,50600,False,2026-06-21T19:30:03.783968+00:00
UC3ikGz1-QlvMFLKRQOaPx7Q,23200,False,2026-06-21T19:30:03.783972+00:00
UC7gpEgE0816wVjZxvplE67g,22300,False,2026-06-21T19:30:03.783975+00:00
UC34LwS_QwS9KiGESFdW1b0g,232000,False,2026-06-21T19:30:03.783978+00:00
UCB6TUn8M_48pIfNE-giDaXw,49800,False,2026-06-21T19:30:03.783982+00:00
UCZDM8hBGRpJ6FQDT0W0n41A,3800,False,2026-06-21T19:30:03.783985+00:00
UCIYxPVznmFH5EW1BkPkbB3g,7320,False,2026-06-21T19:30:03.783989+00:00
UCIYEAW57AFqhkmKTbZgNvBg,250000,False,2026-06-21T19:30:03.783992+00:00
UCeCmTmCwLMhp7l6K3i5X5eA,785000,False,2026-06-21T19:30:03.783996+00:00
UCGydTg0yf8QtsFIlsnkPFkA,66900,False,2026-06-21T19:30:03.784040+00:00
UCZFx39w4knUeVkxB-WA3Z6g,189000,False,2026-06-21T19:30:03.784047+00:00
UCeCVOFYRg1BDJOlZgIYX1BA,131000,False,2026-06-21T19:30:03.784051+00:00
UCZClbdID0LrfXjd8D4PZeDA,141000,False,2026-06-21T19:30:03.784054+00:00
UCIRqbvkvLDvAoT_UaSycrCQ,83900,False,2026-06-21T19:30:03.784058+00:00
UCYMQbTtQy1bCXIC7EUEKYpQ,7640,False,2026-06-21T19:30:03.784063+00:00
UC3nxalfo0dZ79qv8zXO6e-A,430000,False,2026-06-21T19:30:03.784066+00:00
UCH58d6dGp6b0hisvkCh7sNg,325000,False,2026-06-21T19:30:03.784069+00:00
UC3-74iqjrUgDKAFcrxX7qBg,9100,False,2026-06-21T19:30:03.784072+00:00
UCBR1H0-Pc_harxCK8oxiEmw,129000,False,2026-06-21T19:30:03.826072+00:00
UC7RVPdtmeGgbaQe4qJyuMqA,5630,False,2026-06-21T19:30:03.826099+00:00
UCBRf3apxzFUEPEX7xtOGymA,537000,False,2026-06-21T19:30:03.826106+00:00
UCIGNnQKD21SPOXMRhkkUdTg,144000,False,2026-06-21T19:30:03.826112+00:00
UCZ1Qc5I1P5vxyZfJKQpO59g,7220,False,2026-06-21T19:30:03.826117+00:00
UCYMlRRn0d2B94ZOycjI9mzg,358000,False,2026-06-21T19:30:03.826122+00:00
UC3fl_X3GckgYVMSQmhGA9kg,75600,False,2026-06-21T19:30:03.826127+00:00
UCY_qQE1SSMciTm6qG4pgkfg,850000,False,2026-06-21T19:30:03.826133+00:00
UCqAruhRLMuHxGTa-xs22DnA,239000,False,2026-06-21T19:30:03.826139+00:00
UCILZFnKZJksR7zwhZbAB4vw,1260000,False,2026-06-21T19:30:03.826145+00:00
UCBEdPMFE0l7cE_c4UvbFOzA,60800,False,2026-06-21T19:30:03.826150+00:00
UCI50hbjwF5w-ktp6FQEgQiw,21700,False,2026-06-21T19:30:03.826155+00:00
UCIKvmvEvZdi96rtPqRu9ahQ,370000,False,2026-06-21T19:30:03.826161+00:00
UCI6SeiNfosGddk5OeQyBBtA,4110,False,2026-06-21T19:30:03.826167+00:00
UCqSaQveMFqJoIbsN7a8aVJQ,10500,False,2026-06-21T19:30:03.826172+00:00
UCq15_9MvmxT1r2-LLjtkokg,660000,False,2026-06-21T19:30:03.826177+00:00
UC38j6ybpTrEaeO8Tbtv7d-g,61100,False,2026-06-21T19:30:03.826182+00:00
UCBDrRXLfvoy77RVtWGTHl_Q,114000,False,2026-06-21T19:30:03.826188+00:00
UCi_oOQqTNMvzp4PJVWrwwqA,81100,False,2026-06-21T19:30:03.826193+00:00
UCq4i7nmJ_l8J2XSfXo0qhjA,25600,False,2026-06-21T19:30:03.826200+00:00
UCBQBJdFxIyEXvUUNdX-xvpA,88000,False,2026-06-21T19:30:03.826205+00:00
UCqH5y5FEphzxb-4dpRAfKuw,39800,False,2026-06-21T19:30:03.826211+00:00
UC3FJaXWlVvF368Wp8hWzteQ,18700,False,2026-06-21T19:30:03.826217+00:00
UCHKVXtT1YBCYUnnr4apqXfg,8160000,False,2026-06-21T19:30:03.826222+00:00
UCIChMdJwQSvXmf1Z31xgEWQ,364000,False,2026-06-21T19:30:03.826228+00:00
UCZ2zVp5BwM4tIT111ppW4iA,137000,False,2026-06-21T19:30:03.826234+00:00
UCHL9bfHTxCMi-7vfxQ-AYtg,3280000,False,2026-06-21T19:30:03.826240+00:00
UCBPjEKNN6JpuBKcf2fbVNJg,176000,False,2026-06-21T19:30:03.826245+00:00
UC7dHJeoOCSHdQe00NwJaUqw,9130,False,2026-06-21T19:30:03.826250+00:00
UCHJ5lGMI0cfjpxWgy88rgGQ,26800,False,2026-06-21T19:30:03.826256+00:00
UCe4lJO5QVlEgVUO7y5l0YoQ,249000,False,2026-06-21T19:30:03.826262+00:00
UCp3gIkAx5B1PVefCn2TmITg,70700,False,2026-06-21T19:30:03.826267+00:00
UCIJAlAYCNN8RACtDDsy9K6g,776000,False,2026-06-21T19:30:03.826272+00:00
UCIDd5lVNKs7N0V3dvm1wj2w,369000,False,2026-06-21T19:30:03.826276+00:00
UCIP5AdIkbSf_1j10kG55MrA,178000,False,2026-06-21T19:30:03.826281+00:00
UCqPN6DgMpm87h3IaMua2NGQ,30300,False,2026-06-21T19:30:03.826287+00:00
UC3d2oVS3KEmmgORLYSrpKmQ,14600,False,2026-06-21T19:30:03.826293+00:00
UCBPQZSaHkcnXHQlnOMjDyiA,182000,False,2026-06-21T19:30:03.826299+00:00
UC3EqE59ExXNeZxlWBdJyisA,138000,False,2026-06-21T19:30:03.826304+00:00
UCHCNY2mCdT7vf0-MaiKTOtQ,89100,False,2026-06-21T19:30:03.826309+00:00
UCq7TUTsta8eng9huLbyfOBg,153000,False,2026-06-21T19:30:03.826315+00:00
UCI5qMix97T3tVZfxmHObDjA,718000,False,2026-06-21T19:30:03.826320+00:00
UCBPxCZL3M-vArTskw5sMxiA,172000,False,2026-06-21T19:30:03.826326+00:00
UCI5qtINR15G1164muyJOQzg,86100,False,2026-06-21T19:30:03.826331+00:00
UCqGFPu-4jFeUR6pW-4qawDQ,104000,False,2026-06-21T19:30:03.826336+00:00
UCYbTbfB3axSdQ3-e57guRyQ,36300,False,2026-06-21T19:30:03.826341+00:00
UCHAPTOtvj4rYeD9DnFQ5Z8w,64500,False,2026-06-21T19:30:03.826346+00:00
UCB8yRCof3uoIyDzVaMiLUrw,9460,False,2026-06-21T19:30:03.826351+00:00
UC3i3znps2Q62tM9tKKHh8Sg,125000,False,2026-06-21T19:30:03.826357+00:00
UC39XSPdtkU5Gup6zrXvGp-Q,164000,False,2026-06-21T19:30:03.826362+00:00
UCYjykEbcPv_zUlIYK2FeJog,194000,False,2026-06-21T19:30:03.859917+00:00
UCe4SAecBBsfTUieCygSG2hQ,540000,False,2026-06-21T19:30:03.859945+00:00
UCq1xU8DeDDRqu2q618RDvhQ,335000,False,2026-06-21T19:30:03.859951+00:00
UCpRTROg3nHnOWVPVeMq4z_w,690000,False,2026-06-21T19:30:03.859956+00:00
UCHG9BEdlmcJ_LusdmGzelqA,86200,False,2026-06-21T19:30:03.859961+00:00
UCHTQaO2CSYdF6a45LH7Oqdw,71700,False,2026-06-21T19:30:03.859967+00:00
UCYxS4Dlpwws8zESztY_M_8w,167000,False,2026-06-21T19:30:03.859972+00:00
UCpULvd5g3aHLHOY2n3p-nng,146000,False,2026-06-21T19:30:03.859978+00:00
UC3Q4TznuvhZMKn4Fyh51rRA,32700,False,2026-06-21T19:30:03.859984+00:00
UC3WWLNbDGeSLuc8YT_EQPJw,21700,False,2026-06-21T19:30:03.859990+00:00
UCq4evjScdUaibb1HQIu4Jpg,86400,False,2026-06-21T19:30:03.860023+00:00
UC3a6z9GbhAKPeg_bvvfjivg,44900,False,2026-06-21T19:30:03.860028+00:00
UCpFf0bsaAm8HLHmaWN-PQ1w,32100,False,2026-06-21T19:30:03.860031+00:00
UC3IfqphfSpYgHY-x_PA8oqw,61200,False,2026-06-21T19:30:03.860034+00:00
UCI02V8-ExvpoDwfDIB-ch_g,357000,False,2026-06-21T19:30:03.860036+00:00
UC3Yhgnw-TCg5jeJGT1Evp3w,19300,False,2026-06-21T19:30:03.860039+00:00
UCHXmby4zi4HAyWuIarHSJdQ,163000,False,2026-06-21T19:30:03.860042+00:00
UC3Xwhwh6Gx0UKf2II1NFdYw,10800,False,2026-06-21T19:30:03.860045+00:00
UCHsgsGmXU_eEfcrJ-TOAQaA,40700,False,2026-06-21T19:30:03.860048+00:00
UCYyEV8TQJJa7G5nhSjrfxhA,14000,False,2026-06-21T19:30:03.860051+00:00
UCBMPymO4stqHV2ckCdquvkg,9030,False,2026-06-21T19:30:03.860054+00:00
UC3YTiFwzV0FV-ydbbeDs8Cg,4080,False,2026-06-21T19:30:03.860057+00:00
UCHnky-Dh9z3xdNW1UOXax5g,126000,False,2026-06-21T19:30:03.860060+00:00
UCHnyfMqiRRG1u-2MsSQLbXA,20900000,False,2026-06-21T19:30:03.860063+00:00
UCijhHCXNM1SoJemoycFt_Vg,143000,False,2026-06-21T19:30:03.860066+00:00
UCBIg6EPqmBMhF8QD9-5wC9Q,50300,False,2026-06-21T19:30:03.860069+00:00
UC3Q-ctEYeOlYMECGzGBSrIg,137000,False,2026-06-21T19:30:03.860072+00:00
UCHpI8Y883wT0cCP-OuZKFcA,47800,False,2026-06-21T19:30:03.860074+00:00
UCHvFSU5OP6c7QcJxIr87YtA,571000,False,2026-06-21T19:30:03.860077+00:00
UCimupJT4QaokCZiFKXbmk_A,159000,False,2026-06-21T19:30:03.860080+00:00
UCHPZve52HkS2j8t0tWZLYwQ,28100,False,2026-06-21T19:30:03.860083+00:00
UC3V_JDNCfIHvrljsTAGMp1A,17800,False,2026-06-21T19:30:03.860085+00:00
UCHyPjoYJ5XGlkMYfsWmCyrw,18900,False,2026-06-21T19:30:03.860088+00:00
UCYxJyZurLW0zLCQg4QcVMhQ,23600,False,2026-06-21T19:30:03.860091+00:00
UC3Pp-znc2wC_L_jJklhVAjw,24400,False,2026-06-21T19:30:03.860094+00:00
UCHlrinqF8qn7TsLu2f11G9g,287000,False,2026-06-21T19:30:03.860096+00:00
UCBI_tQeLqKZPTCrKbsGhJoQ,294000,False,2026-06-21T19:30:03.860099+00:00
UCpGpA7mSYmNJjLiJxKso5QA,2150000,False,2026-06-21T19:30:03.860102+00:00
UC3OsCm482X989sAlWtt5ZDg,62400,False,2026-06-21T19:30:03.860105+00:00
UCe2OJ09kz2MEl6k4nsCMP6Q,656000,False,2026-06-21T19:30:03.860108+00:00
UCp963wL2xwOPGktyERNm2oA,5540,False,2026-06-21T19:30:03.860110+00:00
UCYxAVBIPSAIYFQKDNLIY2rA,38000,False,2026-06-21T19:30:03.860113+00:00
UC3ZODI-xZfdPanPP6tKUg9g,1860000,False,2026-06-21T19:30:03.860116+00:00
UCHZB9XN8Bb2Um5OQtFM6T1g,15700,False,2026-06-21T19:30:03.860119+00:00
UCHm9SiOLG8UoBT8STWY5mVA,6100000,False,2026-06-21T19:30:03.860121+00:00
UCH_ooLegdVwuhalm3rId9nw,122000,False,2026-06-21T19:30:03.860124+00:00
UCHS49X7Zgms5lZEpf6ofldA,211000,False,2026-06-21T19:30:03.860127+00:00
UCYdZsppc_yahZhUOXV3bxDg,7660,False,2026-06-21T19:30:03.860130+00:00
UCYhBsV902gg58u-bXPsqipA,31000,False,2026-06-21T19:30:03.860133+00:00
UCYgFCTwDxSCCy3DUwriSEAA,23800,False,2026-06-21T19:30:03.860135+00:00
UC-12YbwaVqxP9yLSB8y_N9w,16700,False,2026-06-21T19:30:03.894500+00:00
UC-0VaC5FJX_IxQZx25LX1Ew,57700,False,2026-06-21T19:30:03.894519+00:00
UCHbszb29nHGA0u-rnRhv_yQ,14600,False,2026-06-21T19:30:03.894523+00:00
UCYm3MxTeHscZEyExtkt-i2g,42300,False,2026-06-21T19:30:03.894526+00:00
UCHgyrWAwuQGsFs4XXuNdE3w,27500,False,2026-06-21T19:30:03.894529+00:00
UCpc1SDp4NW7S_FnXR7D3fEA,933000,False,2026-06-21T19:30:03.894532+00:00
UCS4gZ0hf6T-rJuJycMnXNNQ,56300,False,2026-06-21T19:30:03.894535+00:00
UCRri-rUp3I5qD_WtqCr4lfA,243,False,2026-06-21T19:30:03.894538+00:00
UCRsVzMT3vPAFPQStCTMYt5A,23100,False,2026-06-21T19:30:03.894541+00:00
UCRu3WtIb_VH7iYbuIvl4gVg,92600,False,2026-06-21T19:30:03.894544+00:00
UCpa-kEaXFILCfIpR3ge4InQ,283000,False,2026-06-21T19:30:03.894547+00:00
UCpcTrCXblq78GZrTUTLWeBw,29600000,False,2026-06-21T19:30:03.894550+00:00
UCHYa60S50wJ3W-mcTbVQPew,430000,False,2026-06-21T19:30:03.894552+00:00
UCzpy_vsj84oQL_fR0Fr1g0A,803000,False,2026-06-21T19:30:03.894555+00:00
UCS3WYgMERqeURi8HtV2RyLA,61900,False,2026-06-21T19:30:03.894558+00:00
UCS17iKEInkBuHkxtEcCnTTQ,435000,False,2026-06-21T19:30:03.894561+00:00
UCYw34gOa_Aw_2xzZUKJb2Sg,107000,False,2026-06-21T19:30:03.894564+00:00
UC3RFtKPas3hGPzUSBVF20Sw,140000,False,2026-06-21T19:30:03.894566+00:00
UC3SE00eDruKMkCE7E9m3xvg,91000,False,2026-06-21T19:30:03.894569+00:00
UCYrbht7gNUX3xlbGRXjhrnQ,44300,False,2026-06-21T19:30:03.894573+00:00
UCHZB1f4TgWr__yEWzIXR2Wg,92500,False,2026-06-21T19:30:03.894576+00:00
UCHcSqAneDxQJ2czvm-Jzb_Q,9940,False,2026-06-21T19:30:03.894578+00:00
UCRrXCfxt0PnTm8xhMRUH1fA,906000,False,2026-06-21T19:30:03.894581+00:00
UCHjImcYWpXU7lMLX0gt3qfw,363000,False,2026-06-21T19:30:03.894584+00:00
UC-4HMv1j00QTebcFg4mV2DQ,778000,False,2026-06-21T19:30:03.894587+00:00
UCYozl5IpLYj5nZqy9y65s3g,35300,False,2026-06-21T19:30:03.894590+00:00
UC-7C8c-SOAQ_X8kLBVQSclw,389000,False,2026-06-21T19:30:03.894593+00:00
UC-4ct-6r2qHA5h2jZ_h5w1A,21000,False,2026-06-21T19:30:03.894596+00:00
UC-5ztjRXOCpOsJi0xMES52A,43200,False,2026-06-21T19:30:03.894598+00:00
