channel_id,channel,community_id,sample_viewers,internal_strength
UCCTdYItHTc6aueMRyRVbdPQ,OWS TV,0,67,40.731695
UCGX0i593ciGvM-6hY3yg0Dg,吉岡純子  JUNKO YOSHIOKA,0,72,39.742721
UCD7hoq_imKSpKasLuFBHJ6A,波動チャンネル/桑名正典,0,80,36.184539
UC91Yi79WkEBQ6VOm5dOipXw,純CHANNEL【純ちゃん公認切り抜き動画】　,0,34,33.871559
UC-N7pA0rR1PrUBOfs2OA0oA,哲理学作家さとうみつろう『神さまとのおしゃべり』チャンネル,0,220,33.046818
UCFso7FM7bmlv5bkVQ3ovvLw,シンプリィライフ,0,88,31.709898
UCRxKfiksKgWGCI59Ngyq1RQ,ネドじゅんの三脳バランス研究所,0,51,29.231939
UCItw50IoBdl7nZgZsK-66mg,思考の学校　宮増侑嬉 【潜在意識・引き寄せ】大石洋子,0,61,29.224811
UCDJLA5RSBZkMyv0TbTokFnw,潜在意識OS【BAZZI】,0,62,28.878686
UCA_JrEDNSX96ADP6hh_7iUA,神社チャンネル,0,97,28.78452
UC8s_nliTjuqtO1gK4uzo_Rg,潜在意識研究所,0,54,28.419137
UCLcl5uLW6W1LjeQKJhFy4Xg,369 Miroku Mind,0,44,27.644814
UCHRl9smgcUkUanigPw0NsvQ,覚醒の教科書　スピリチュアル瑠璃,0,39,27.474175
UCDvZpvrjCMfNDMasZEmkFuQ,TOLAND VLOG,0,148,27.060224
UC4G9FaiM7C4us3WL4jQdQ5A,本田晃一の知ってるだけでハッピーライフ,0,60,26.819898
UC1pSncDXYrP1c6VWDGIGcNg,桜井美帆のオーラで開運チャンネル,0,34,25.991846
UCEXFjZTS3pRDxEnVvG41FDQ,夢をかなえる宝地図 ～望月俊孝～,0,31,25.366409
UCAKJM0HKzVUKSJ6o0KpZ8Ng,Honami,0,101,25.130815
UC585dIe6lG9UOR-CyE24wmQ,Ken Honda 本田健,0,121,24.100092
UC1z_KW_4kppjwbRwpPdVnRg,斎名智子アワー ツキを呼び込む,0,44,23.152403
UC5xOXf3pR7cmoxloEgdAoCw,有馬樹里 脳科学研究家,0,29,23.107678
UC2vQ-7IQJ75obTuTfDrpCyA,現実創造の学校　長友あづさ【潜在意識・脳科学】,0,26,23.051938
UC5FSZsqWuxqSM8IHfxw-Hyw,きたの先生 | 日本一ロジカルな潜在意識の活用法🌏,0,48,22.95657
UC0TNiclinjGoFh1MyFi0N5g,【完全覚醒の学校】YUKARI,0,24,22.804146
UCYROCQIHAjoNPGQEU9O01nA,akikoSpiritual,0,24,22.766026
UC7D5cHlavNWxEfnKkyMQGcQ,市村よしなり。,0,25,22.672988
UC-fWGfiX-T1YdqaUZvMJBHg,宇宙となかよし/Qさん,0,66,22.30264
UCIQtDoeW36USisFNNUfg5yg,MEDITERRACE,0,98,22.290888
UC2NQajHz-1eJrobTub1ZnSA,プロ霊能力者チャンネル,0,91,22.225374
UC3h7LLJp2w7iWeXVlLim6Dw,天日矛 Ameno Hihoko,0,46,21.56763
UC4XJFeGFaJjkwYKuKy2h0Sw,岩瀬アキラ - Akira Iwase Official Channel,0,46,21.375805
UC2l_FQ800uKs7TMYjay2Tsw,ワニボー,0,30,21.222718
UC-wYwXKRpb8QZxo3i9uyRXA,アネモネTV,0,23,21.139627
UCLrqoy6FiCWAoMbKAPdSn0g,ヒロ_お金と心の専門家,0,81,20.807212
UCIpl1MtyYgNIf692p_FVYlA,目に見える物は目に見えない物,0,64,20.774063
UCR6Syi0g7ltMFV_ildio6OQ,並木良和 / Namiki Channel,0,37,20.749915
UCBU6fpZ3UacYrFW9qVKiRFg,ワケミタマ【斎藤一人さんの言霊】,0,33,20.734595
UC92zkZ-jTITVHTjfEmlgTlw,ヨガ・シャラ細江たかゆき,0,34,20.732273
UC01iOPW5JvjdpoCfaY8SbTw,MERRY | 幸せに働く人のマインドコーチ,0,22,20.437557
UCSV7XsNgbtIjK2sBLrhpZ4A,ひすいこたろうの名言セラピー,0,208,20.377631
UC60edzb3Y-OhV02QeXraTDw,あおいの幸せ引き寄せ波動ラボ,0,51,20.217441
UCAZc5O2Ix4tCeIswgwaTZNg,アマーリア香織・美しさとお金で生き方を変える専門家,0,26,20.107975
UCL4IyCAYPe7UNe9kmmjCUcA,Captain AT Channel,0,112,20.062728
UCHwIfWguiXscH-VEdoAP9aQ,吉岡純子の純ちゃんラジオ,0,19,19.280497
UCWp8Zl7kiqL7rQ23CoRbcag,潜在意識の学校,0,55,19.074676
UCCbABGzhqBcu3LXtH3MGEdg,たいこスピリチュアルチャンネル,0,21,18.318753
UCKud3SBtyRB45Yiij_EeC7g,占い師きんまんの予言ニュース,0,46,18.317705
UCQEnU9VbZPlOA6sLBj0-goA,マッキーのパラレルシフト,0,29,17.519853
UC4LBOkVeWybjgZcruTPR1PQ,NORIさんの【精神世界探究チャンネル】,0,38,17.302811
UC44JZ2KhRfdPMd-jTEtR4mA,齋藤レナ_Lena Saito_松果体覚醒ミュージシャン,0,20,16.772366
UCK0_3cXo2PhHUVUOaOGOsZg,岸spiritual【引き寄せの法則】,0,24,15.462224
UCAbAnNqKQOrWbEmXa46yJIA,おかぴーAI引き寄せ自由人,0,27,15.419056
UCJI0Zz7WomTTAx6lQw-HC_Q,秘密結社コヤミナティ,0,73,15.261918
UC5w9Uira5JerthMXoeypz6A,SPT スピリチュアルパワースポット旅 -Spiritual Powerspot Traveler-,0,33,15.24503
UC2v3r3SQZy1s9jLHC4hX9jQ,HTLちゃんねる,0,15,15.187905
UC5Qy8k_hK7eWs0pdF7rxiAA,宇宙経営・平井ナナエ【人生を変えたいあなたへ】,0,36,15.131878
UC2jWVnS98M7FyX5mkeKfz_Q,聞くだけ超強力開運 Aya チャンネル,0,11,14.9262
UC7TxDj-DqbKzq9locL-iP2w,Dharma Talk through Scary Stories,0,57,14.749082
UC61Kj7sbdV77Xk2Q3sG_69A,Words of Guidance〜導言〜From KAMIHITO,0,36,14.356964
UCXFKps1F7LeX1BFJjefDjUA,潜在意識ラボ / 純,0,81,14.213929
UCIaQKvzS2QFoV9GWTXZ_YDQ,本解説のしもん塾【プロ読書家】,0,54,14.18035
UCEEwwILrD4mkfgeqZKtKz8A,ヴォルテックス  ジャーニー by ゆりあヨガ,0,33,14.102197
UC16NNFKodOsrgi0Nla5XPKg,Blue Rose Channel Japan,0,39,13.876554
UC0w34ML2u_eWfWv6ZflIXxA,量子力学的　幸せと成功引き寄せチャンネル,0,40,13.752198
UCWb2WeL8TiWrBN_4X5hLkug,幸運アファメーション,0,18,13.714699
UC9qzsFAO_owg_gsizdQGbCg,旭太郎の最幸開運チャンネル【ガチで人生楽しんだもん勝ち】,0,29,13.703914
UCDfzsr9f8DKJkQTBdJApflw,LIMIT BREAKER,0,73,13.684158
UC2H9JFGicoq2me411QvDX5g,水江卓也のHERO'Sチャンネル,0,30,13.634644
UCNs5FWOJiMBLiR4GmyW5v5g,COCORO Platinum,0,18,13.621385
UCeWgkShxNBKYFUbGxQepRhg,kokoro century,0,13,13.593319
UCK_AZk7XDzR3BBC02uVuRdQ,Kengo - 自然の法則,0,47,13.506764
UCT9cFrlnfy1-XLf0Vuy0Zzw,NMS STUDIO,0,120,13.499796
UCNd7J90lCw1viYbB2MbGu8w,kirakumiチャンネル,0,24,13.473942
UCr6tQigvQs3tOkXtxxEPvSw,よつば ⌇ 波動×意識で現実をラクにチェンジする方法,0,35,13.455488
UCGo6yMLqfaavol7MyqU4l4g,開運! スピリチュアル通信【ゆっくり解説】,0,19,13.303524
UCSz3UBZ1WuBJ-6_bcgoRwbg,自分大好きもっちー,0,42,13.217321
UCRcOLdKqqAswyITJ5rqpu2w,魔法使いの集会所  吉岡純子,0,33,13.213526
UCNn3nCh7Dddf1yDg17xosjg,秋山眞人のサイキックラボ,0,16,13.113846
UCL5RbhB5M8LPexsQ6gWh24A,【名無き仙人】チャンネル,0,37,13.085627
UClQZ7WuSMqFv_u-EDE5TVEw,【Official】Japan Reiki Association   Yoko Tsuji,0,21,13.034299
UCVMtuJGkv1Q7t9LXfVF2E6Q,開運マスター櫻庭露樹の運呼チャンネル,0,65,12.960311
UCnOfrPIX6rMKTrYk4FG2r4A,YOKO の宇宙研究CH,0,42,12.913998
UCOyKSu_IuHnRI5RxUPps63w,スピな暮らし【ゆっくり解説】,0,27,12.857477
UCrAvEPdtrIdB-iCdOBLvlIQ,ハッピー研究所,0,56,12.850753
UCWArMdF_CZ34HqLCf9WPDzA,KIKO channel,0,26,12.823258
UC2UzTcmBxku-WV8cVkuvXXw,潜在意識のかきかえ方【ゆっくり解説】,0,27,12.60445
UC4lN5sizuJraSHqy99xTy6Q,Naokiman Show,0,219,12.559959
UCXc4xh313v6ecRoFtd9NaSQ,まゆみのなんとかなるチャンネル,0,34,12.481522
UCg9AKxJ-4pP8gmUdQ01rc4Q,心理カウンセラーmasa,0,50,12.480124
UCdHQwB2hfRpZksvcY-BZWNQ,Kenji Spirit,0,55,12.380814
UC58buGQNjsmGyiH2fCrWBCw,【純ちゃん公認】ピュアソウル・チャンネル,0,8,12.37367
UC_uHj0h4ydb9WY9_F2PfoUA,Healing Sound JAPAN,0,70,12.334736
UC6BL1oMOfn2poGZH33rDQFg,目醒めラボ,0,21,12.140836
UCK_aHj_Ooyg7sGV4GYQsz0g,脳のリミッターを外すサトリ式コーチング【遊び人で賢者】,0,73,12.128827
UC6J480LMInclicVxIUHp27g,しもやん隊長TV ツイてる人を増やす斎藤一人さんの教え実践術,0,16,12.050568
UCaoKBrqrmJ6HTak__VLeA1Q,村松大輔の『人生開華!』チャンネル,0,35,12.04921
UCZ3aNA6C5VxBi_b_SV_XAxA,Life Changing School,0,71,11.960929
UCD4vf51DU8M2lBKitZhNxgQ,【ゆっくり引き寄せ解説】億らす,0,32,11.841724
UC-_rEHyejSo0gDagSzA6D1w,sub-low,0,17,11.656949
UC6o-JRdRTSxt8zWwNj_RjEQ,【公式】ワタナベ薫 wjproducts,0,19,11.540521
UCQEf8clmuHwDLBiGSrhJGbg,宇宙の森,0,31,11.504706
UCC-HU9fQBmjB5gvGx_V1gbw,RADIO引き寄せ,0,19,11.431303
UCJXye7nCceqKBtxiqTd9SRg,Healing Sound Japan Global,0,33,11.342517
UCEhb2xQvz_qU3wyUo5MUkLA,偉人の言葉,0,57,11.317322
UCGMHzu51c4xIdBwU-CLq5XA,【振動マスター物部彩花】地球の振動数を上げる・ボイトレ・呼吸,0,27,11.246707
UCRkCaYP3MNUncVXP5b5zOIw,稼がせ屋　一華五葉の　人生好転チャンネル,0,14,11.195234
UCY1eaC-ewZUgf40g1eY_L_g,椎原崇・伝説のコンサルタント,0,55,11.119093
UCGAIqZ8k3B8AviHkomNZ3aw,ONENESS Channel,0,14,11.070133
UCHZ5rawTetYQGSMMj9CBlrQ,JUNKO TV JAPAN × mari,0,11,10.903675
UC-_2hN8eYuXfWnislPAk60Q,量子力学的引き寄せ理論,0,35,10.869915
UCLQjJbthlzuuKsr4tpxnVjw,コバシャールくんの宇宙人通信,0,17,10.778835
UC4QcbLJWP6PEQu0eZ_AYWkw,Kenji Tarot,0,15,10.722099
UCGFY-jy0n0h3KRFdT9m8lDw,Yuiko_LiASPi,0,8,10.647221
UCliZ4UHWUq2Y3rWdjqekxsQ,ミルクティー飲みたい,0,93,10.509906
UCCDBm5As0AtPlZ4P36WQ1NQ,崔の店長日誌。,0,71,10.448094
UCb_a-fPfpri7C6-KrUrnk5Q,HIROSHI IKI,0,66,10.4203
UCAW6oRUDItNDGBnbW6d0y8g,BTTPのタイムトラベルや不思議な話,0,26,10.397983
UCDBtDAxlqoXWRzhEb4yZ1wA,山﨑拓巳の『凄いことはアッサリ起きる』チャンネル,0,22,10.350071
UCZG8C9C8GDZCXuIQtkJJnCg,mika宇宙CH,0,43,10.3252
UC8V92pCCmcPd4SD_dFa2Q4A,山内尚子 きれい・ねっとチャンネル,0,11,10.220989
UC9yOhniOuokH6iiw4Q14XQg,StarPeople & 岩戸開きチャンネル,0,21,10.209967
UCAF4LEUEsdFUSoJKCAFXjng,かぐや礼の整え道チャンネル,0,10,10.065097
UC9ytGl3_VwLlwU7BHSX3LuA,コミュニケーションカフェ〜自分と仲良くなる手帳時間〜,0,17,10.048316
UCbD86y5T7MHYWSnnQB2fF5A,心と魂の癒し処【ヒーリング、熟睡、運気上昇、ハンドパン、神恩感謝、開運厄除け】,0,32,9.99906
UC0QaxWvI7NNWcFTHDVypr1Q,櫻庭露樹のコラボチャンネル,0,19,9.861655
UCHWi2nW8_UVZibU5nBoQrRw,きっかけ番長⭐️てんチャンネル〜脳みそパッカーン〜,0,9,9.765117
UCL_DnEu_JXWKp1VqH-q5i0Q,小野マッチスタイル邪兄の人生V字回復の法則,0,40,9.703479
UC9Sc4uTpmHU1u_VDMYJ12cQ,脳力開発コーチ　KEIKO先生,0,17,9.688361
UCLN23ye5WYdjTTON4mgcFTA,J-SPACE,0,25,9.641139
UCWD6vzqQOCEYCvio9cDlDBQ,ワタシチャンネル,0,12,9.638566
UCF5_b1FCKAX_GvRu7ePMG3w,苫米地英人YouTube 公式チャンネル,0,68,9.569458
UCKGbR0kmfo_E78lCqOPPTOw,最高次元案内人 いけだ法弘,0,12,9.5673
UCZNPhly4k_to__wfbTp6GVg,キャメレオン竹田,0,11,9.562026
UC3RmaroKqAi3LAVToGzzILA,目覚ましをかけない生活【トミー】,0,40,9.541242
UCELkU9QDaeb46TX-5m40BqQ,TOLANDの小部屋,0,16,9.530748
UCPXikqOeKxOMZJzIqYwYHHw,Great Healing Relaxation,0,23,9.528398
UCHQ-D7ba6KzcNG0l_J-avfg,Madoca Channel,0,7,9.483987
UC6jd9pf_hXgp6UEJ_a_1sjw,感じるスピリチュアルしゅうさんShusan Feel Spiritual,0,40,9.382107
UCnl_0zrDSUJsA98RkVQSKcQ,コトゾラ【スピリチュアル本の紹介】,0,17,9.355111
UCGl4oWkMUpTzcJpUI5dFeLA,都市ボーイズ,0,29,9.080924
UC10Cp6r98mQjtEB_G7jwFjQ,旺季志ずかの宇宙は舞台,0,12,8.936283
UCRWsPC7Tf_E4XjcMPe4EKlQ,角由紀子のヤバイ帝国,0,32,8.923103
UCdwZSvOabSpjaAg0M0war-g,愛・宇宙博,0,27,8.87393
UCI6BUMP8AToFbnNHW-4YaSQ,ゴッドハンド通信,0,24,8.760989
UCPcsc6rdDo70m47Jd1TxLhg,【斎藤一人 一番弟子】柴村恵美子 ふわふわチャンネル,0,28,8.7351
UCMqzJy8ItIz978DCi06x0vw, The Joy Attraction Channel,0,18,8.693189
UC8iWfy6X3wRk3Z4RyThcFxw,宇宙と私⭐️千聖,0,9,8.681021
UC0NW9j5c23P23RIfxL1DRsA,マインドマスター,0,37,8.664828
UC3GWUs1RZC2mHITfsGZLr8g,Maya Arika's Awakening Channel,0,24,8.635352
UC8z_oPIi3BG8vzsS7w_bCUw,Sun's Spirit,0,7,8.608684
UC31OqQ0FKHo_cvfiLXJ4mHg,スピリチュアルつばさ,0,24,8.597
UC2QBYE7QabwH_7krAAp2T-g,コヤッキーチャンネル【開運バラエティ】,0,58,8.554716
UCit4Iu0EPk4fP0P_gZio5Zg,MOMOYO channel,0,22,8.548305
UC6QDphhNjXCdwTN8UeVXZRg,縁結び占い師E先生,0,24,8.533758
UCC3gGKJuchLXL7i80Kq_S8Q,偉人の智慧,0,44,8.507621
UCHiFBvAAjs3fVm9aRuGL8Gw,愛と笑いの宇宙法則ちゃんねる,0,12,8.48041
UCCflFNkyeaY7vRAzLmSO60g,幸せと自己実現の心理学 / 野口嘉則,0,49,8.324734
UCKzqTb9ngmSgZxd9P0NYI6A,幸せの塊,0,15,8.293923
UCEMQJKLijEgRjV5aC8CwYVQ,ビジネスカレッジTSUTAYA,0,20,8.186572
UCHJ6S0PgpOOExJOTz9nxKsA,全能覚醒プロデューサー  山岡尚樹,0,10,8.147854
UCI95tZGo8TqnBs77e1PYcNQ,潜在意識の法則【ゆっくり解説】,0,20,8.12622
UCfDq9gtrbiKaXu3ePmSCiaQ,ペンキ画家ショーゲンSHOGEN【african paint artist tinga tinga】,0,31,8.091211
UCPkGtVV0qMtD1b3K2kKm-jw,潜在意識の本音-ソウルフルカウンセラーKEN,0,11,8.018305
UC5f7RjfZfamzfmOv5jXKKSA,【向井ゆき】スピ♡チャンネル,0,14,7.943941
UClWdrIa7OsxFTROZ3e9FeEg,まるかんアプリ【斎藤一人さんの教え】,0,54,7.853572
UCmjOmXcwVXN3SOnW7tCO3vQ,コヤッキースタジオ,0,70,7.738372
UC7BUQ_Gv-QgKLSyuFwLsJNw,【公式】絵本作家のぶみチャンネル,0,33,7.702287
UCGoO3tJBFbxiMXpQPQwq5KA,次元越境 × Zero Point - Shunpeter Z,0,24,7.623395
UC56lF6uAJTE0FvA0e8CQXbg,宇宙よりの思考,0,25,7.623142
UC0xYGj09xcSMEIN56dNn8GA,Sunday+,0,23,7.593842
UC4BIUwrzsbX5-vDWCcyfGog,開運王,0,24,7.58913
UCKD6_e66bPY4LOcQr9hj_lA,ほしの詩2〜EARTHtheSONGS〜,0,8,7.542746
UC7LaaFweFU8ielYVC5Kq2LQ,【斎藤一人】ツイてる魂神社,0,27,7.510574
UC32V-k7uajDkwOmO1KrL7lA,偉人と賢人に学ぶ,0,19,7.391788
UCL6F7R0unHipZwsXJ3hVHzg,占いTV Love Me Do ラブちゃん,0,27,7.379744
UCufmwDQEiqU5LCyeocpGSXw,真理の扉,0,34,7.294783
UCSEujv_Cu7RsZ9oKgtpUUFg,潜在意識の調律師 チューン ,0,21,7.257552
UChe0E-hCaRtYN1YEhsN73pQ,三木大雲の人類大会議,0,19,7.225495
UCV3bfNsHiOa0EeFt9rDVr1Q,沖縄霊能者ユタ片山 鶴子たづこ,0,38,7.188807
UCQwhcxeDIvrnHqhsu5M1d9g,MUGENJU CHANNEL,0,20,7.176048
UCkkxn2ldlFUMupTlXU8meAw,たっくーTVれいでぃお,0,53,7.093396
UC-xNVaHIcx28c8MaJdDsxBw,ココロカフェ,0,9,7.083483
UCr6Lhrp_ojKTcR_iHhTG-mg,Shuhei's Ghost Stories,0,25,7.082744
UC9dDhZ-seQ8xmeC11l_7S7A,鴨頭嘉人の鴨BizTube　ビジネスチャンネル,0,33,7.074709
UC32npfnFmloPy1dm-k7wxhw,今・ここ・すべて,0,15,7.073263
UC-ivsDwgEwvzjJTRK_jGRqg,トランサーフィン研究所,0,18,7.037085
UCBq1YhpKi9CniigT2c2fRXQ,神事占いもっちー,0,20,7.018842
UC5z705CUTh_plTUnvnSCvQw,龍神巫女かぐら,0,35,6.82905
UCtrEHywHaoXNeVaeccF__MA,Power spot traveling alone,0,31,6.817753
UC-tmV1TLQeBMq05L8Vf_tTA,金運を上げる音楽,0,24,6.813024
UCiaKMLiO5mB5Vs4YncuapCQ,浅見帆帆子 HOHOKO CLUB,0,21,6.782388
UCRC7S1jLmpTHBupG8RqBNXA,Soul Healing Chiho,0,54,6.733786
UCO8oZT0EhBW7HMqHg2EorHQ,龍の癒し人【お祓い、除霊、開運、好転、奇跡ヒーリング】,0,21,6.697758
UCBDdSCHTTc90LTrEk4z65yQ,潜在意識の達人【スレ解説】,0,9,6.690912
UC9-z_KulIaSmEc34Thm0sBg,天の川物語,0,10,6.676179
UCMFWimW4RkhxrAbZADNGhsQ,【公式・表博耀】ネオジャパネスク創生神楽,0,10,6.597293
UC3YY00RWt4SPf68afhqHW-Q,リズ山崎チャンネル,0,10,6.589517
UCbTpa2c-Q05uRPtLm0MJgpw,StarSeedChannel-スターシードチャンネル,0,12,6.577403
UC0GSA71KjRnFvj2GCUYLIIg,ChieArt,0,16,6.517147
UCk7YkjB08lzyUuLO2jUJmZw,NoBorder / 溝口勇児,0,44,6.515952
UCF4gTst879jGCp15ZxoGulg,happiness lab,0,9,6.50442
UCDI4mgH0fgYXUcguVs-ltlA,シュン次世代開運術 / SHUN PSYCHOLOGY,0,9,6.46824
UCF8lcwSrRR4ilXDod5SFvUQ,丹田チャンネル,0,49,6.461321
UC2CqX7vkULylI1B6q9tz0Hw,けいこ【未来創造】,0,4,6.453967
UC3wv4HuNcfODBPF3rnhz61w,潜在意識を操る達人の話,0,7,6.415789
UC49K1-mmgbAhYVL1fWGNsAw,限りなき繁栄,0,15,6.337459
UCNGDsyvB0CURXJPwYeufsKg, Good luck shortcut ticket,0,26,6.324009
UC2sPmTrh7AGSPi59pb80Zdw,金運の女神ナユタ〜宇宙の黄金法則〜,0,13,6.313634
UCYdR4KN71wDKR4-2Xxirz_g,マドモアゼル・愛,0,26,6.273333
UCA86tPNYQSsPQEGZAhKJvkQ,植物と風と水のある暮らし,0,24,6.218296
UCPOY4MSNPc7dlNE--QQcMxg,碇のりこ- スピリチュアルチャンネル,0,22,6.185399
UCQoRKPJOxxHfpBjObzGuI9w,MoneyScience,0,12,6.172281
UC1yMehQx8NdlIFJlPzptRYg,超開運一直線!チャンネル,0,17,6.163313
UCcVsE4_iMsrRYyDE6tHoWaA,ゆう先生の美容整体塾【京都の整体院悠】,0,61,6.146875
UCTli1Mbz7w9d6RBpXdKjSqw,KUROMARU. Mystery,0,67,6.117347
UCvral4FSI9dOOUV-yRloawA,ウマヅラビデオ,0,19,6.114972
UCWHP3Pj1OAZFY3ZoCkpsMKw,引き寄せ科学者 / とー,0,24,6.081852
UCL82NwXonPSAGBhyR_d_fAg,【Relax BGM】Relaxation・癒し・Ambient,0,25,6.076625
UCjpIkdTEBTfQGwqWDhJLfYA,錬堂塾,0,17,6.047179
UCDdZOqCzvX9Tp86ntGzVDsQ,銀ちゃんねる　-山納銀之輔メインチャンネル-,0,18,6.044556
UCd7ElAeI9c6XV42dVyMI0Ww,happyちゃんの教え,0,7,6.032244
UC5wBrMB95qGCvmnUO0OWJZw,カルマKarma ,0,6,6.029617
UC8xQA4VE191QRBeVgKI7SLQ,幸せ道先案内人,0,11,6.015024
UCjMtCvmb5d43bxEMZdpxYIA,タフティに聞いたこの世の仕組み,0,24,5.991918
UC0WMYbByyUKdOytIyEoR-7Q,Tips for Awakening,0,11,5.983508
UC2nXAsGbMEluTpBgfLJpl0A,広大ちゃんねる,0,10,5.974406
UC8shaJWUb4njJ-ffmThvmGA,サムライ養成プロジェクト,0,12,5.944842
UCNf0XsNjCWkP9LztpfL6g3g,SHINGOの龍TUBE　スピリチュアルチャンネル,0,15,5.934249
UCatoKxr9nG1d230Gr3iUbSw,【未来最適化】引き寄せ・氣・量子力学,0,13,5.91697
UC5QlcVQRgygvOaBN0O5__Og,spryfuel,0,12,5.901566
UCORkfJ2OIpU0LugfQSlPQKw,金運波動セカンドチャンネル,0,11,5.86232
UC0SG0ourp3Qrt_7bqgxdCeg,せんぴちゃんねる,0,8,5.859894
UCQGVgqkeAqbadyIpVVHXR_w,瞑想仮面ラーバリアン,0,10,5.854804
UC3vgmbNt7QW0oaLSod4eBAw,RACHELchannel レイチェルチャンネル,0,10,5.843321
UC4SNi60xOVsj4ZXQ1en6kGQ,知的好奇心ちゃんねる２,0,13,5.829902
UCq0g4VJx0J6Mbzt5odSMPyA,さとう式リンパケア 〜1日5分で幸せ美人に〜,0,56,5.811828
UCGGsKQVinW2cgQL3YfufeKQ,炎の祈祷師　護摩祈祷,0,23,5.783803
UCXtEc7Q8XeRK9SO10jdyinw,しろ先生🌙潜在意識の専門家,0,14,5.765632
UCFVa7A6WrcrpANNx14U9CFg,大田ひろゆき,0,16,5.754183
UCEg_v29wRm_PP_lfoF096qw,賢太郎【素のままで、なりたい自分になる】,0,38,5.754047
UC6Dx30KBVcLbWCKqD5yTDtQ,まゆたま・人間Lab,0,5,5.744633
UCRPWgHCptRYqNodDKpg0S9A,【翻訳】エイブラハムの教え,0,10,5.729084
UCq3Ct-r3-XbGxDiG7BGu2dQ,YouTube Speaker Yoshihito Kamogashira,0,41,5.728106
UCZK97NhD-963i5lfPj6Twww,Hikari Tube,0,16,5.724667
UCM6d-vEHLVFMdohds1_FFYw,アマテルTV,0,20,5.68009
UCbPTRfPH03A0NwNpy64jjCg,純ちゃんのちょっと小話【魔法使いの国】,0,7,5.613838
UC1p51viJBYQyLkDyeADMPug,Takumi,0,33,5.609869
UCQk-wnwKRnif39j-AKe9twA,大瀧冬佳の1万2千回の今日,0,22,5.606157
UCEP01drI9OP_eGEs1JJVfug,【プレアデスからの使者】マイア,0,14,5.601316
UC8SHb2zOrVZOGYNeOOLX02A,JCETI グレゴリーサリバン,0,9,5.564192
UC-2itvFKzZI10GpvMy9bUgg,Yuko Light Message Fabius Music,0,13,5.508139
UCOvrIKJSNSDyaAMdrY6_rlQ,小熊弥生 | Yayoi Oguma ,0,22,5.496681
UCIYs6nBtvkXWjTNZWNRtD-g,ナナフシギ【公式】,0,23,5.478907
UC93X_ngUmGrFJrDMXzeyoZA,Full Body Channel【beauty and health】,0,32,5.439475
UCsE5nbE6FcHpv_IFzceXAJg,潜在意識の本質 らいが,0,17,5.41984
UC1ano3Qb1ORaTCWxdEQ0YTg,えんにっき,0,7,5.412386
UCKDHaChsg15O48nitYLZ2ow,ゆうた /心とお金の探究者,0,20,5.395012
UCHiE4MfQDvObTg3NZRqhtrg,ありんこ先生・美活の専門家,0,11,5.375587
UCEc3FR91L7Z2z6Rm2KSQ56w,Indigo Station Sounds & Healing Music,0,16,5.373785
UCNFRU-8ZN2RCslr1S-th0ag,偉人の言葉,0,26,5.372887
UCMlS2_GV_87x-teiBnlf85A,もちづき | 引き寄せを実現するノート学,0,14,5.360134
UCGK-NhYsRyUFWG2418uuO_A,中野生活,0,6,5.341359
UCANN6knNbmdr4S5DTNXc6Uw,ほめ♡レン - Homéren -,0,15,5.327799
UCB8I6MKqJum7pGOF5gM5xNg,Marina ,0,6,5.310225
UCtTDLhtwZ_kLMYM8PD0gzPQ,真実の目,0,35,5.264186
UCcy6lyVVEp-Qkb6_DWXBilw,大嶋啓介【潜在意識・予祝・人間力大學・メンタルコーチ】,0,23,5.256945
UC1xUVJIbbM-PV5W0Cci6zuA,苫米地英人の一言コーチング,0,29,5.238301
UCG_o_NraCXX395GrDrZjsgw,心理コーチとよかわ,0,42,5.230508
UCM4Cxu05XHKE7H530RbWuYA,Michiyo-IntuitiveCounsellor,0,10,5.204921
UCEplowqLgI_FXKgQUcSGGCQ,The Earth for Starseeds,0,8,5.183655
UCGLR-wLrgjwKWSQ85nSDVUw,エコビレッジビルダー　山納銀之輔,0,17,5.16219
UCHZAl_56UnVcOZFy8dmI86g,Gold Key,0,13,5.157665
UCZ9tZtnikvmLNXHPuSr3L5A,魂の謎解き長南華香ソウルフルチャンネル,0,8,5.117114
UCIIm28HWOIqCeqhCGJ1zMKw,TOLAND documentary ,0,11,5.081699
UCGj4kSFjqt7y8iKaAqCZB_Q,矢部裕貴【潜在意識・子育て・不登校】学校に行けない子どもの気持ちと向き合うチャンネル,0,3,5.050007
UC8tnTeQhVKoScQQyreaG9pQ,たく先生の非常識な体質改善ch,0,26,5.027918
UC1LF4Ti3XIB8yaL5_DP_azQ,コトスピ【言霊スピリチュアル】,0,14,4.987617
UCB_iQAgjZ3HNj_1RBiHS1Rw,けーりん / いい人のままでうまくいく,0,8,4.97961
UCi99b1CX1mtmwaNUqyH0-Cw,セオリツ【背面意識の覚醒®️】キーパーソン,0,7,4.970536
UCvFmfkUQWU9w9Fd2xDQbzqQ,シュン開運塾 -イケメン気功師が教える潜在意識-,0,12,4.938664
UC-kyyUVuJUtxi9L59_tWttg,一ノ瀬 京介,0,31,4.930416
UCN0mQL1qd9Onwgyw-V7Ft1g,SACHI TAKEKOSHI,0,7,4.928968
UCHLGkgvgsSEe-2vLTQ7b42g,超次元ライブ『迷宮からの脱出パラレルワールドを移行せよ!』 ミナミAアシュタール,0,20,4.921224
UC7UqbHzYvxwjq1v37C135BQ,西田文郎公式チャンネル,0,49,4.905247
UC4925c_l26RDiNvwgjlCXzQ,タロット・ティアラ,0,14,4.903019
UC-ESQDCjT-CkOfEB_uk5C_A,龍の施し,0,10,4.893018
UCWflV-k7vf1FEhUIv5hpJLA,Love Kindness TV,0,8,4.839981
UCPPAvJzhsjdYScYGsSk7BCw,Manifestation Channel: Live the Life You Desire,0,11,4.809076
UCYdStVwqSqa2H_fM9gyOyUg,株式会社SKP,0,20,4.770967
UCQ6LI1xmwjCHYR-lWvZHR8Q,異次元の不思議ちゃん,0,23,4.768335
UCWxwS2QpNRMgPhoLHOYZ2-w,マツダミヒロVLOG&LifeCasting,0,11,4.739782
UC2H-PmX9pw7_AxSZ25RFGTw,科学的に金運が上がる音楽,0,9,4.711659
UC2bsoNS_qXR8wliJXHc3iHg,金運巫女⛩️みやび,0,16,4.686714
UC-1RMDK_jTIYocxoxfOJNfg,価値観の健全化チャンネル,0,12,4.675049
UCOcQ68ppAk_ezdSNKzlP81Q,長嶋 修の「日本と世界の未来を読む」大人の再教育。本物の教養があなたを変える。,0,29,4.674257
UC7TlAuhKUXYMc-R-nBWFBkA,さざなみ楽器工房,0,23,4.667221
UCTONFwr7toKbbvkX-QITUUA,Yuki Nakagawa,0,41,4.621023
UCFYfhDylHK-gFSXjtNr8dYQ,たっくーTV,0,22,4.620344
UCfVJ_-zdASq6HR-ocI8yTww,Music for Body and Spirit - Meditation Music,0,16,4.617964
UCGgC9pl9VumPmAw7MqWeCeg,Mago Astro Lab,0,14,4.613938
UCG3tN8bSqN4sovNgzAS_nOQ,潜在意識通信,0,9,4.601614
UCFOJpkZwE2xEgjNDzM7I8Mg,ShastaMiho travel Japan,0,12,4.583712
UCU8hoxo5usUNE_CEJli5x2g,好井まさおの怪談を浴びる会,0,23,4.579202
UC7m7s9RJNaw_ApQwajkY1sQ,支配人ミル | AIスモビジ大全,0,14,4.562399
UCzHVJmdBtmSonbhBfp4cD7Q,宇宙意識の目覚めch-三凛さとし,0,27,4.540362
UCK90sYfYejlHEYlqRCRxxPg,キックの開運チャンネル,0,8,4.536871
UC1_zDNVepGryK16CSOM42fg,山川紘矢.亜希子の「スピリチュアル学校」　「ザ・シークレット」「聖なる予言」「アルケミスト」の訳者,0,10,4.515152
UC-twgFcRClZz0fVcN1yPtSg,西田どらやきの怪研部,0,18,4.510959
UCAW1jSrhuV6d3cxISfgHgoA,三宅裕之の人生を変える大学,0,4,4.507214
UC4BKPR3Ts7_BCgD-uAauXQw,【8文字唱えるだけで人生が激変】 wakuwaku kanchan,0,6,4.471469
UC6rYKIWbBPXcNrIL36x0AIQ,金運王,0,6,4.464469
UCP4RU_3ydXCuXHmoiGln9Nw,Luna's Galactic Apocalypse ~Cosmic Guide~,0,14,4.430591
UCZ0QaEMTbW2wPaPQEgL4Jmg,MATT SHOW【都市伝説ch】,0,11,4.294081
UC3wbcGnKGUQjSf38n2rDoog,龍神波動BGM,0,12,4.238301
UC1AtOYBE-rrvc2NytR1q_5A,時給900円パートから貯金5億円超の4児シングルマザー,0,14,4.218943
UC1ahId_-0jdVG0zrgbEIAzQ,サハトホル SaHathor,0,15,4.216235
UCo7QD2F0sVgkHSDV1TfAV7A,Mr.都市伝説 関暁夫の情熱が止まらない,0,25,4.210987
UCiSUb_Zr3oiWcQHoDuzlRGw,情熱【バシャール】伝聞,0,9,4.201682
UCWd6SVIeuxSsSUKc7H237ow,耳にしているだけで幸せが訪れる不思議な無駄話【浄霊、厄除け開運、不浄祓い、神靈祈祷】,0,15,4.170858
UCb4oa4Kbso4s6uMw7NDuunQ,潜在意識タカ,0,15,4.159115
UCXxMBhRjxIGwVGbNXUmbP8A,アニキリゾートライフチャンネル,0,39,4.099757
UCHVfoFF2e09h2IVmP1Opang,HOLOSチャンネル,0,9,4.096885
UCaKNw80Hs9M5qSdAp62lYFg,潜在意識ラボ純のサブチャンネル,0,24,4.089657
UC4DPIiALcbRu6yXxQTkW98g,with,0,13,4.072769
UCXaf0B8D2lCiIy8OfGrTgwg,【吉岡純子切り抜き】純ちゃんのお話,0,3,4.06179
UCT0MI3MbZcAMhDfGAIOeFfg,明晰現実チャンネル,0,7,4.049288
UCYrs1valn_PRmWul0zmmDoQ,引き寄せ法則コーチSyn,0,9,4.040739
UCR5r-ZjTy9w-fdJ5UfXXelA,ミナミAアシュタールRadio,0,14,4.015293
UC0Bsmeeuj9HfPbjAS7xrRkA,akiko 引き寄せ,0,5,3.981398
UCVwkTHZEb1qNnc5FYOXBq2g,香心華 心明 official / 私がこの目で見た世界,0,19,3.968049
UCZnndFCPnK1EC2PERlGvwOA,シークエンスはやともチャンネル〜1人で見えるもん。〜,0,27,3.940552
UC93WhW1_Ppdzi58_mKdWTSg,宇宙創造ユニバーシティ,0,8,3.927612
UCH9xNLO6ui5EEfwi4iJ7IqA,真実の扉,0,15,3.924937
UCDCmm9RQ3NAlMsaDtKQUiOg,執行草舟チャンネル【公式】,0,33,3.911713
UC0eN2lZzUS1mbNOugWsisvw,馬と生きるアパルーサ　,0,7,3.901846
UC0friAXjxjzZhJWgsYCbTWw,現実のコーデックス,0,9,3.890074
UCUvm0IAjJCPDeN-B4D2V5YQ,おおしまともこ,0,7,3.878124
UCzSv6sVefOtbl2GUFwP3OAg,お金のサイエンス,0,8,3.875815
UCjMASagD3wrOX53A32Cqb7Q,地球の夜明け-祓い師 T氏と小林の妄想チャンネル-,0,13,3.872242
UCC4lVJaeT2H114-DJuEMloA,恋愛引き寄せチャンネル🧡りか【潜在意識×コーチング】,0,5,3.864904
UCEUA7h_dCKi4OOciRaryotA,トクモリザウルス,0,22,3.851017
UCUuihBLgcL1v9Raof4r2JbA,心理カウンセラー 衛藤信之,0,20,3.830653
UCBbOers98m7maeKWSOgxC6Q,開運‼️五葉でござる,0,6,3.813056
UCOlrtuNih6F24U-6J_N5w_w,潜在意識で人生好転チャンネル☆あきゆみこ,0,4,3.811312
UCdEXr0eRN5bXFu8u08RZ8mA,佐野直樹&渋谷文武のベンツに乗ったブッダになる,0,13,3.797559
UCJTcxlgEPB1Dwl9aRYn3Sqw,気象予報士の宇宙レターチャンネル,0,5,3.795003
UCuTspSguFRmu_AxTFmf7LrA,Y's spiritual,0,12,3.791675
UC7Ho3ybxDD6TkQ-aPyZW8YA,宇宙エネルギービンビンch,0,8,3.777827
UC0Wv49l3qlIdFX69FKD3y1g,神社ソムリエのあやかりチャンネル,0,18,3.771187
UCCqjcd5OLpNibOGfHhNl3Yw,mimineko,0,10,3.770927
UCCE9oxk2-JbB6Awty-YzrUw,人材育成トレーナー太田章代の【ビジネスコミュニケーション術】,0,7,3.737004
UCPJMlD3I7bAPQnoisLwiUAQ,伝説の気功チャンネル,0,14,3.726332
UCAERcCeke3w3YHdod0x1FBQ,初耳怪談,0,18,3.726054
UCQGwzONVogFLr4FIY5jvSbw,星座の真実,0,13,3.715759
UC6jpoUocCh2UboanIdMuZ9A,中右貴明　量子転写の開発者,0,5,3.695946
UCEB--MONOk46RCs9VegyBPA,モリのおかしな幸福論,0,9,3.689037
UCIUcJX4ax9h6jl63UFizmcA,純ちゃん公認切り抜き動画発信し隊⭐︎Ackey⭐︎,0,6,3.688372
UC_-ETwd5JF2CNi_3OK4id6A,Oyaki Taiyaki ♡ おやきたいやき,0,5,3.654667
UC7OX9yGXLSJhSocOEVC6SQg,【占い 玄叡】九星&タロット,0,10,3.620712
UCBy-BFf7XO7wCfwVAC_tBig,【公式】こんまりちゃんねる,0,15,3.598571
UC3-Np6_d61xuza9rSEL5JSQ,勉強・睡眠・癒し・能力開発・若返り・ＤＮＡ修復・人間関係・病気治療・ソルフェジオ周波数・困ったときに心を強くする真言・開運・前向きになる・成功へと導く作業用BGM,0,25,3.597731
UCSgSYRNTWpXKF_RRBpT7YDg,数学講師による量子力学と潜在意識の勉強,0,4,3.596142
UCVLCO4X98gheatdmQd_0ZhA,「人生が変わる」言葉の宝石箱,0,13,3.589028
UCPDK5-l-3P9A5nQYl2olJbA,"When love fades, money stops flowing.",0,5,3.57484
UC7WFuzFWq-1IPJiS24yreEQ,バシャール 2023 +,0,11,3.565333
UCRRc9jvc6LP-MO2Cf0E7ZZA,島田秀平のお開運巡り,0,31,3.560607
UC8cvVwHt-AFFUoNaF1dhTYA,細胞から美しく・若返りをするチャンネル,0,9,3.52985
UCNz9H-XvTBqsigRytWY3QaA,スピリチュアルShow,0,8,3.485341
UC8T8_deSUS97DWZeKO_TL9Q,NHK MUSIC,0,13,3.437245
UCH5tZZ41JjgxuF63VqDqfwA,Jeg's Affirmation,0,11,3.426785
UCiquP6V2gP7Fe3LgioZ2ybQ,Miracles Happen Mocchiy Japan,0,19,3.393126
UCRKVzYJ0LQ6-U1HXNI9iDzg,NoBorder X File,0,17,3.377454
UCGkOj_XB1k6pGX_tOdIUM5w,人気カウンセラーになるにはチャンネル【綿貫智香】,0,17,3.372092
UCHa3UJNx_EKLOEbzTuNI9uA,KINGDOM MIND,0,9,3.350488
UCKGeikF2winxse8FNjWKOqA,Godspeed Sleep-Relaxing-Healing music,0,16,3.346531
UCYkwUGudVESUhUt8OBs2u9Q,マインドコーチYUKO,0,12,3.345445
UCKcgDQOjstKUUU5RUy4FxCQ,STONE IRIS虹チャンネル,0,6,3.343752
UCFCikbpjC-mfc_NDBKkWdaw,和平竹田,0,9,3.313351
UC5RSMeHeKiUSm5A87pDFdtQ,Yu Ishikawa(Family counselor),0,13,3.30867
UCbOl_T4XGuzGPzyo9vR2gkQ,リアトラQNA,0,8,3.303851
UC5BXhvHDxHFRGQqwb_oYqug,umika┃天使の隠れ家,0,7,3.289835
UC-Yt1IpLEnzGRYz9uxRAOZQ,まこちんの量子力学チャンネル,0,10,3.26958
UCq1cKXce5VFXG-nX8DBkTWQ,サイトウさんの毎日心理学チャンネル,0,25,3.263561
UCF_HS4xECQPheRXiosgblqw,Crystalian - Sound Healing,0,20,3.261558
UC8gjm6l1yaWD2BZy8STqvYA,知らなきゃ損する🦵からだの法則👍湘南プレボ,0,22,3.22333
UCiTA-jjPRc0yB5MaUmPm8Fw,A letter from Mr. Universe,0,6,3.218278
UCMKOKg7vn3dj4VQHF639OZg,堀内恭隆 第6次元エンジニアチャンネル,0,7,3.18125
UCyV4EOUjukitikM1OyzoBDw,はせくらみゆき公式チャンネル,0,12,3.174553
UCkmJlNLn-_hHIhXCL6P0ilg,Healing Lounge Channel,0,12,3.164624
UCuQIIVGEZ1emfJNuQLP5iKg,NoBorder News,0,13,3.134326
UCOG4XvZAWQYDfv6ZYUc2udA,Kotodama Power,0,10,3.129453
UCRCPGhQEEYzu2P_jdVZgtPg,RaRa☆引き寄せチャンネル・愛もお金も自由な人生はじまる,0,10,3.106812
UCE2cANvPX1ZS1f1hHNBvwFA,名言の桃太郎,0,11,3.103372
UC6HuxghfaXb2LQCY2OVx-wQ,ビジネスサクセスアカデミー / クサマ社長,0,8,3.079498
UC664AyktJeZAEWiE4xYGXMA,50代かおりの在宅ワーク・副業相談室,0,12,3.079182
UC3RR_yuucVrmD8hT8xlyIpQ,鈴木実歩【女性のための起業チャンネル】,0,4,3.067077
UCIzrjVw3rZfaoorzW75JOCA,Japanese Zen Music - Kanho Yakushiji,0,15,3.057872
UC6yGnAGKlVAo2uWwKNVa1AA,宮本佳実【可愛いままで年収1000万円】,0,8,3.057202
UC1gHtxTKm_6ZE2_n__vRlwA,公式サブチャンネル 苫米地英人YouTube ,0,13,3.054571
UCKJlV-WGuDBOF3gFrzOb19A,みつろうTV,0,6,3.052105
UCBV-qJu74HyGnatEgBXXwXw,Yoshihama Tsutomu (吉濱ツトム),0,15,3.050531
UCSuEQyscpAfDBWz6_HGU0eA,開運エネルギーヒーラー言霊 太郎,0,8,3.044691
UCBGQhvDTwfuGjQ9sLGsJH5g,チャンネル,0,4,3.015788
UCocXVYUfcC79osgM02JpiPg,SHOKO美チャンネル 【40代50代の為の美容法】,0,12,3.014729
UCJpPgdikt96BMffCHDd9Wtw,さくらバター,0,12,2.968987
UCrlNDwmmxNHSHPWvTEcVPxg,都市ミナティチャンネル,0,5,2.936872
UCfIP9WJilnwwHnn35Nk4VQw,並木良和Second channel,0,4,2.928726
UCqtZ9mL2pIC__il45Syie9Q,名言の処方箋,0,6,2.922641
UC7DxV-9Wvt_lLhCutEvAZgw,幸せな人生の扉をひらく引き寄せチャンネル　田中三咲,0,4,2.918821
UCINUH-dYU3qsnH1DdpxXOhQ,ととのう空間_たけし,0,9,2.903423
UCCjujlHrjo3OUFhTwgu56cA,Bliiissful❁LIFE,0,11,2.879125
UCJUo6AUZbUo0Qh7buuKN-tg,チヒロ☆なう,0,6,2.876116
UCSKnJ8nbMuwswcmAg9D0ypg,一華のサブチャンネル,0,4,2.870809
UCLT3xzsUmJR_8OWff2cnNyg,HTL philosophy,0,6,2.864281
UCjW27_w4Td-4qhhpBbFQQjw,穴口恵子ハッピースピリアルライフ,0,6,2.861243
UCB1uI1oYzqJCflzQC22ABlQ,モモエの心理実験チャンネル,0,6,2.842396
UC8U1K9UvGQTP9E-ORB0fEqg,天神開運波動,0,13,2.821094
UCVHhpxjvvCfCaETS4EiYqiQ,Hiroko's materialize  laboratories,0,6,2.818155
UC8VmndA9EUe_G74uXE28NQg,虹のLIFE,0,8,2.80851
UCU6544d9A3zHmaUFHetldlg,地球に生まれた宇宙人へ by earth_cosmos2016,0,15,2.797309
UCRroWwZVZINltsByEJ7k-2g,根源の目覚めch / たい・じろう,0,18,2.795674
UCzqfd1l8YLkhCrl_4GNGMig,エイブラハムQ&A,0,13,2.788653
UC_QG8miwKHFNuWY9VpkrI8w,Cateen かてぃん,0,18,2.788523
UCWTZp5m-BPmG7FXng0bmP_g,LITA oracle,0,8,2.781065
UCKkx5De3Aaqc8hvmzS9OWTA,金運の道,0,6,2.75936
UCQ5yoMKyjggjK3Ds3tBramQ,あお / aokishunsuke,0,18,2.754471
UC8skVaZ15jKDS_dbwhQ_wog,市村よしなり。『未来創造ラジオ』,0,8,2.743592
UCEWPBgvdKy0w9WRjJazPehQ,知恵の輪郭【スピリチュアル】,0,9,2.741433
UCdFFSEmcIegZoi59WgCa7HA,池川明・Akira Ikegawa【公式】,0,4,2.73804
UCCXIOVYuyhCV2lxXQlR-D6Q,孝明のchannel,0,10,2.736684
UCLe8hnbRoHc72TU9a846JIw,ハートフルラジオ虫の知らせ【完全版】,0,5,2.73186
UCeicl_qqEQyLBdqhhrw20Rw,サラダのお金相談所,0,20,2.703245
UCKINkSkNR99vkm9uvhXGrcg,神社メシButler,0,12,2.698335
UCJXMEFchPxlXrsGYyNeM2Xg,はるじおんの田舎暮らし,0,7,2.675837
UCqrvqhQgctN8LBxF-z_rRAw,ダイエット整体師藤田です。,0,21,2.675129
UCCEoqaOzY9__AReWKXrvt8Q,[公式]お金の専門学校,0,18,2.67366
UC2IKWQ55-7fnD7oBbkOAtxA,MONEYMUSIC お金の音楽,0,5,2.657853
UC8zq4OPX7HUiJ-R_0r5OeZQ,中村文昭【公式】言葉で人生を創る。元気になるコトバあります。,0,8,2.65359
UCU8PehMcj6-lj0UGMdpsDWA,金運波動,0,12,2.653283
UCBMFuPTkTFRuCwu7y8I7hMQ,アマテラスタロット,0,6,2.636689
UCKrO0OvnNKyU9nmdthJVL8Q,【世界の言霊師】SUKUNA,0,6,2.633665
UC4O3fJcZwcfE2_mt-N3zCDA,Lucky Vibe Channel,0,8,2.630161
UCFwhogwDbSEdg3SI-t17yVw,伯田訊,0,5,2.612903
UCFdWZBIzt-7tXsJ49chLRsA,早雲の『武道と人生』 - 身体から運命を変える -,0,12,2.60822
UCR8Oq6Y7w2AFK2Ib-mRkZQg,上原みすず,0,6,2.60088
UC2SNd1hfazwL1ixMsD91c4g,スミレアキコ的正解のない世界,0,9,2.596298
UCX68fhZSprMneHhjYpWksdA,サドグル Sadhguru Japanese,0,8,2.59265
UC5vupi17oz20-hk3Gncpi0A,てっちゃんの愛,0,6,2.581926
UC9WAl5lH9s-5gBPFfErGHrQ,みほチャンネル【幸せになれる女の思考】,0,14,2.574954
UCGKJji-pqMncESVEZI6Py1w,【有馬薫】覚醒次元上昇チャンネル,0,8,2.57039
UCiO2FK7d1zaQIArv6pIXA3w,オーラのひとりごと,0,8,2.567939
UCXHQMIBN8Z2xpsXp365Wjvw,Healing Hz - Healthcare with Sound -,0,16,2.5663
UCNrBcPAMv-jv3SWLoWzPEmQ,ココロカロヤカ　石黒なつこ,0,6,2.554104
UCC1cas4CtjsHFWKutX0s5JQ,QPJ VISION,0,26,2.548738
UC1hM4B6kDTOAf7UawolxIPw,7D SONGS,0,7,2.535485
UCQl3McRMLtGBKvma3Z2ANig,【公式】中村天風財団・公財 天風会,0,12,2.52845
UChZKoKBZKnoOXZhT6laQJ1w,Healing the Call 乙,0,14,2.513309
UCUH_SzFp9YT2r3msqYjqiWw,田淵華愛の『最高の未来を思い出す』手相チャンネル,0,13,2.509824
UC3likEIZHt1REBqKxeR3hEA,斎藤一人さんから学ぶ,0,6,2.501512
UCr_d4N1amrUIlPEn-ZitFVw,ニルバーナチャンネル（起業家・起業志望者向け）,0,8,2.500686
UCGhS7L-vGtxssIJwdhMtSvg,OFFICE TETSU SHIRATORI,0,8,2.491674
UCFKrS1Olh9kB8JRyIXROfEg,ヨガ講師 ぬん,0,14,2.481549
UCT_QfkrC1pk9Ol67LZ37zaA,せいか・一瞬の丹田健康術,0,6,2.479843
UCH3ITyGlEEDUq2t5WW4YToA,さきめぐ Beauty Class【美容家・化粧品開発者】,0,13,2.476377
UCiAsvcDwwhuK_iOiwG4O3-g,zero *,0,13,2.462383
UC5_0YhaN0QWOaHk8pfPMZUg,小梅小町,0,26,2.449029
UCmZhEZxSCQdaiVnwbf7p5Mg,秘密の図書館,0,32,2.442278
UCIRwGgVqhpD6cg_ypy5h1kQ,はづき虹映の数秘チャンネル,0,9,2.439807
UC6-ySEgqVEQOLM3vKqgKHXA,チャンネルイヴ,0,4,2.427685
UCPAnutz2SJBYfaUMl95ng3g,家田荘子ちゃんねる,0,14,2.42539
UCFo0lxdqPGgr27LwMqyONfg,元気が出るスピリチュアル-Sunday-,0,10,2.424839
UCm47Ic5yMgD_RnSyrrlmsKQ,Spiritual Univercity,0,7,2.420543
UCLHnIAcYWnk4AK-Cf6ghuKw,知らないセカイ,0,9,2.418201
UCDg1Fw-DPVgDsbN6IpWi6FQ,らくらくAI自動集客,0,11,2.415618
UCDgUAAHgsV2fFZQm2fIWBnA,Prince Ea,0,9,2.388669
UCQN0dE15bLy5FyGbEVWC2Qw,ギャル霊媒師⭐︎飯塚唯チャンネル,0,14,2.386222
UC8cG3p-cAIW6bSx5wvGeZ6g,Surpassing Yourself. by Shingo Ogaki,0,8,2.385506
UC3YTiFwzV0FV-ydbbeDs8Cg,HAPPY TUBE (ハッピーちゃん 切り抜き),0,5,2.375281
UC14OtQ0hkT3BReOs6C1RKDA,苫米地式コーチング認定コーチ渡辺実,0,12,2.364855
UChWjjUTLKxhVN5mF4awH8Iw,ミナミAアシュタールチャンネル,0,7,2.354969
UCDcMb209nmPsSTnpuAliciQ,宇宙の意思と真理,0,6,2.341678
UCHk4PXQ2hSGT_B9lqH-redQ,七瀬アリーサ【大人の勉強ch】📕1000冊以上本読んだ人,0,22,2.328215
UCOfkoZLzShPsJmfn-qvZsiA,偉人の歩み方,0,8,2.316914
UCDg0kweWhUn67bpO4Kmtk_A,Goritan Japan,0,9,2.311395
UC7IvVAKk-VHQV3ULZQ_snmg,ライフコーチかめちゃん,0,6,2.286945
UCDdqGDMLEM7szG3uL1Hce-w,桜井美帆のCastle of Medici『メディチの館』,0,4,2.268024
UCFs7dAGRjpvLEjMPi2vkslg,Imi's Bigan Yoga,0,12,2.26685
UC_wNS0BlPQaH4HCgxbhayUQ,オカルトエンタメ大学,0,14,2.26246
UC1GP1tLvu6bp9e69kn53GfA,「やりたいのにできない」を終わらせる幸せ脳インストールメソッド,0,9,2.259839
UCwTYlgkLr3EXVBEGBCFF31Q,雑栗わかる,0,18,2.238511
UCJn961urNnQfyeXdyosOVpA,秦明日香の宇宙会議チャンネル【気学・風水・アカシックレコード】,0,8,2.235914
UCyLlbdMFh-UQvaPillqsVyw,宇宙の真理,0,12,2.234734
UCJkU-l72lopFdUuK7MeS1sw,Psychiatrist Tomy's lifestyle support clinic,0,14,2.234253
UCJGmcW3DAKPIUMs-XxOj8kw,"YOKOの""心と宇宙のしくみ""研究室〈official〉",0,3,2.223764
UC3i7EDSiTalpUh81RUNuxFQ,The strongest shrine,0,8,2.213558
UCKHYFul2YRuJk6jVkxRtwIQ,ゆっくり金運上昇スピリチュアル,0,6,2.213255
UCxjh2MAjIf-m0aLfxRMh9vA,オカルティック現代,0,20,2.190256
UCDnaFU4z3bx4njz2acuuh6w,メロ　銀河の啓示〜宇宙シンクロラボ〜,0,7,2.17359
UChEnyMyS7RSUDTbpa50xZNQ,明母の樂行ライフ,0,13,2.172607
UCNvPPHtuWQ3m7hADbq_8bkg,Music that makes you rich just by listening to it,0,6,2.165654
UC5zjWd-VSxkJ939DZX1ZZVQ,TENNO TECHNO 旧ユジンの放送,0,7,2.164317
UCQSh7t_twmAB38EgATqdvTQ,栫絵理のホロスコープ「私を生きて地球で遊ぶ♡」,0,12,2.148196
UC-g4Pydd3d7pqvzhC8pIZZg,潜在意識コーチMai,0,6,2.146538
UCfsj73HN4EuJjXTbXQOEGtQ,思考の学校認定講師チャンネル,0,10,2.140242
UCgXN8Xfo3HtrI7RHabObgKw,Japan Beauty,0,8,2.138727
UC6gk_AxbHDT4uLA8SOzZeFg,2ch案内人マイケル,0,13,2.137217
UCb29q7ta9rgxh-IV1FDkMEw,KOKOIMA | Mindful Living for a Fulfilling Life,0,18,2.131929
UCdi_Vao6iFMeq8t4d_C3d5Q,大人ノ学校,0,10,2.126688
UCCQ4Zjbqs98DZYPWhdH9t9Q,ネブラ・チャンネル_the Planet from Nebula オフィシャル,0,5,2.120865
UCZ3h7IyAMbrVgvmxTdj-rpA,Yomii Japan Piano,0,21,2.119565
UCyb7Xc04p6HMNp7-e-gqk3A,けせらLenormand,0,8,2.113307
UCdatANT_UesflfRURpQgNvw,人間力大學【大嶋啓介・鴨頭嘉人・香取貴信・宮増侑嬉・物部彩花・矢部裕貴】,0,5,2.101265
UCM4hf666ANy8F84niklx11A,宇宙よりの使者,0,7,2.094909
UCDfykKxbfTaLSSh6d-2k2aw,心のブレーキを外す専門家　川端知義　心理学・潜在意識・イメージング・ポジショニング講座,0,4,2.088668
UCN4b-2PRG2CGxMNVv6veRSA,ふぁーちょ【自然農法歴45年】,0,9,2.087909
UCeJp8OAlTw1DUYDT3vxQSrA,フシギミステリー倶楽部,0,7,2.084692
UCJDSWse0SMZ7fm2e4YfaVWA,KNESTinc. culture,0,4,2.084237
UCxR6wFHN0t9svHv84l7vE7A,カルマン【構造で人生を制す】,0,27,2.083668
UCZj8PZ_0d0rh0ivbNWAiD7g,トーマの夢日記,0,32,2.079689
UCwkB-Z-Lxz60B4da1Buq09w,みらいテラス〜人生変える「超」星読み習慣〜,0,12,2.073786
UC6yV60uqt0bRomlC7wAvEyQ,プレアデスの真理~アセンションゲート~,0,7,2.071575
UCyrgqU5j3E5l33mU3wpzkjg,最強の女ASAGI - 億女になる方法,0,19,2.070787
UCLXT3XVajgbwhxiCBFTnawA,スピな暮らし,0,6,2.070693
UC7ETl_-g_z5rGbafDAIw6mQ,otogaku.com,0,6,2.066613
UC-5-qpAHBNIbRcBH5n7Achg,手相占い*Labo,0,13,2.060364
UCGzED6V52cFg_4LxPf2Di3Q,ポンチの東証カジノをやっつけろ,0,5,2.059914
UCIya40KQ7bXQsOVsQybOHVw,女子高生チャネラーMarina,0,10,2.053786
UC1J_G7nS1EV_9pAdHAV0cyw,【mika宇宙CHまとめ】,0,3,2.04937
UCmi6rEUj_xVYEmOlCTDq6Kg,【吉岡純ちゃんの宇宙理論🪄】La chambre de ROSE🌹,0,6,2.039992
UCR9tUjUy5H8OGTxHcNmZylQ,魂の鏡,0,7,2.030972
UCKWBujF9RUi-5qjEzGYUgpQ,JKが知らない、富裕層の仕組み。,0,12,2.011018
UCuMpxl1lnsRosm_2SwKiHmw,Captain AT Channel 2nd,0,8,2.002091
UC6avZDPIl8crMgFyEermb3Q,引き寄せの神様,0,4,2.001182
UC5gOcYFbG_I1vEK7sjRQ0Wg,HEARTNIKS Official YouTube Channel,0,4,1.997428
UCSePYyDC_ueTBPYNBkDWGbw,ほしの詩～EARTH the SONGS～,0,4,1.992359
UC3ecufGSv_-F8fmeLmvjz6A,Nagoya Vocal School,0,8,1.98963
UChnOj8TAZHyB0OwTGYCqsfg,朝カフェジャズ 🎼 Purity Melody 〜癒しの羽音〜 ,0,13,1.986988
UCHoFyErGdIjbe51L6bpiA3g,ラヴァーズストーンのヒーリングルーム,0,7,1.986631
UCD0CcyMnVhEeAV5tNVM04cg,マイナビニュース【エンタメ・ホビー】,0,7,1.974091
UCrOzaM5DNp53od6P4qo-jVw,【美湖】ネオスピチャンネル　スピチューバー,0,7,1.970282
UCqjMMW_xz0GefyrluCZGIeA,TRINITY & 癒しフェア【公式】,0,6,1.968506
UCSApbe5TmzbqNF_LgRktpzw,松下幸之助創設 PHP研究所 | 経営・ビジネス,0,5,1.951355
UCVz2fncv0yOsudjKKgGXqIA,KNESTinc.,0,8,1.949485
UCRouQRkb2eoUaU2T7TMfggg,偉人の言葉,0,27,1.946038
UCLYxftbbRDFGGeuU5_tysMA,Restful sleep and healing rooms,0,19,1.939755
UC2GByIcly0zEzAlbX6_aXVw,倍音瞑想チャンネル,0,5,1.936942
UC2RC5bx9gVcfG-SzbJ-Un_A,和田裕美チャンネル,0,4,1.919517
UCAYvrj3R8J5lz2AL79BZXYQ,かたみち切符/Qさん,0,6,1.914978
UCc0haAzUsjvL9BL72PlAGSQ,宇宙銀行【本店】,0,10,1.912475
UCnoWMgsjnqk0kW8CbGNEPvA,考え方の学校 Yoshi Sun TV,0,16,1.911389
UClrR01ZJCxpkonrKvuRcNDw,潜在意識・自己啓発マニア　ムネのつまらない人生を面白くチャンネル,0,6,1.90291
UCr4fZBNv69P-09f98l7CshA,HARAMI_PIANO,0,17,1.89991
UC5wCa1sxq6xrfGx70LcKO-w,金運ア- JP,0,6,1.897041
UCOtBVZewzB3u12BCVyV7juQ,心理カウンセラー神戸正博,0,4,1.896857
UCY8lDHJqxoyt06VjUXhk4QQ,ミナミAアシュタール,0,4,1.888881
UCo2UDFzGDSi9SR7m280sNKQ,Palm therapist Hitomi Saito,0,14,1.885269
UCeUpwmP1xKY2Tgc8qH-I0Tw,前略、偉人より,0,12,1.883504
UC3YyAK_Li50pkKUNWsDWw0w,最短最速で金運が上がる開運波動,0,7,1.87411
UC7hJ9uOVS-VwiEQ1yer1UtQ,eriko耳Oracle,0,4,1.866648
UC0_wz6vGB92wS9hcqhhNvMA,易選流運命鑑定チャンネル,0,6,1.861264
UCMK0Ua9KV5zGjB2IIh6DTUw,長倉顕太 (1100万部編集長 / 作家),0,12,1.847618
UC0x3-oWbp8upxtyrOdquO8g,Honami Shorts,0,7,1.845071
UC7efuO59vZ4Upyw9LQk56WA,Listening wave good luck JAPAN,0,7,1.844636
UCeloayim62qFdrHKq2VljKQ,引き寄せの波動,0,4,1.842619
UCGa5UuZqCT-kOUplRfJy8nQ,オーロラガーデン,0,5,1.841166
UCGiWuuh_5tDBungT7NES9Rg,スピリチュアルTV.,0,9,1.833804
UCEpMHWnYOf6aBfArnKkTf4g,カール・ユング哲学,0,11,1.83143
UCSK7KPIbg-Qwjo6xzoY7Vtw,YOTSUBA-LINE限定動画,0,4,1.828844
UCno7KYn24SnkRh2x4igOXdA,キクサプリ。,0,4,1.824254
UC3xSThOZ-ntYfDzTsrPBRLw,タカフミの語り部屋,0,9,1.823592
UC9N68lNMsQgCQYQJzMse54g,魔法の小箱,0,3,1.823525
UC6SUCSk-xgTLNv2tVnYSIcQ,タフティ【TUFTI】巫女のイシス神殿,0,8,1.821545
UCVY4tIDNM9AgYAv6R5mmxdw,Torus Star Channel,0,6,1.812589
UCEXsqnimYzYnv9ufUT_B-yQ,Healing Light,0,10,1.800672
UCqHw8AA-_LNisY1QgBV1G1Q,お金の潜在意識の専門家 山本芽生,0,13,1.799929
UCFO5v1aSGEiCBa1J1_A7rtg,時を超える偉人,0,14,1.796486
UC8mDThOHUX5zQRfpNnrh1SQ,箭内宏紀 | 残りの命の使い方,0,4,1.791775
UCGsh0QlgJHabgGOPehVJ-pQ,西脇俊二動画チャンネル,0,5,1.784304
UC7688KVTBJhb_gZ9kmDXaIQ,ヨグマタ相川圭子「人生を照らす太陽の言葉」,0,7,1.782806
UCQ00fCnON5qxMVKaqqm39QA,パワースポット神の道【Japan Road to god】,0,7,1.759631
UC-TvHSpf__bdfEp5oWOdkpA,宇宙銀河スピリチュアルガイド【アセンション】,0,5,1.755803
UCC1boqoA6w7PhggpnejsIKw,梨花です,0,10,1.753103
UCLE_Wqee6am7ZOnJx8ZkoqA,田宮陽子&西田普の部屋,0,6,1.751926
UCiFLFlqj2fjbHC_sX56ne5Q,スピチューバー美湖,0,5,1.74604
UCCVuYZ9nW8IPAlRyBml4JOg,Relaxing Nature For The Soul,0,9,1.744026
UC7D46mE2DKUL-T65PPNGz1Q,【沖縄ユタ】霊能者 あゆみ,0,6,1.732325
UC2gL3sJ-chGTbb2bRA2CvOw,ミラシア mirathea,0,6,1.727066
UC-5rzm-ycmKQxmSQnOaJJXw,cotocoto,0,6,1.72105
UCKpvPwurAJ_dfkdFXPjBiBA,フラミンゴの介護予防チャンネル,0,7,1.717097
UCz6YaiB1zO-MQjWe5XMuJeQ,開運超波動 〜義経〜,0,7,1.714096
UC0UHA4weNDGnzq-OakNyXrQ,ハピちゃんとさっちゃんの不思議な旅,0,5,1.712811
UC01eIu3mRgE8aMtq_WrazGQ,まとりんの現実創造ch,0,7,1.707819
UCUs_0uWRky0vo6-a4yVA60g,ONENESS JAPAN,0,9,1.700579
UC7s4rwX5KkHGzMYkP3Q6vUQ,開運日和,0,6,1.697309
UC1h483R01zEPVlMxAE2BOow,PUPPET SUNSUN / パペットスンスン,0,15,1.695291
UCLKKLSrNFofkKDWzsvX3jdw,宇宙の愛の光ヒーリング瞑想チャンネル,0,4,1.69131
UC_DopZ9OANqNGho0wFwADqA,けいちゃん / Keichan,0,20,1.684605
UC8w51Ewu6GhQfWZfI_NkUoA,宇宙経営オンラインサロン,0,4,1.684056
UCP2_5Bly1OKUdptPq1dvheQ,タケトのゾゾッとTOWN,0,11,1.677594
UCvSVTVx04_nUVNcrh6iycGg,第三の視点,0,5,1.671642
UC5450Xkqz8wdaRYJh7HTGBg,イヌヤマのジブン研究所,0,14,1.66567
UCw7qs_P5EnsBv-HXHhQ408g,魂との対話〜あなたが地球にやってきた魂の計画〜,0,12,1.665331
UCBadCJOOMbpyXRBvRlhuqZQ,ひすいこたろう&まなゆい王子・マサのグリーンズチャンネル,0,5,1.663644
UCB3o7x7OZLwr4yVoA2eOs4g,ゆうばらんす,0,5,1.655841
UCDfEaWWyu8L09eCCeqHbkrw,柴村恵美子,0,6,1.644884
UCJ-RBGBDNvD734OitiyWFcQ,天使のおまじない,0,11,1.643928
UCW1EfxKIaHuxqU_ea2RXrtg,Mental Clear,0,4,1.641364
UC9tsK0JJJJKW0zfHzkWhSfw,不思議大百科,0,8,1.63738
UC2C-x4yqDaNzp_wYLHga3QQ,TENDER SOUND JAPAN Official,0,9,1.633267
UC2Y2xrhzvZnPDsDQ75MG1_w,ネオホラーラジオ,0,8,1.626272
UC5C3_uHVGxdGKpty54JaVzQ,Melody to set the mind at ease,0,7,1.619969
UCjzHeG1KWoonmf9d5KBvSiw,Soothing Relaxation,0,9,1.613969
UCE86CxZkm32p0CSxGDi11Kw,潜在意識のおはなし 【2chゆっくり解説】,0,6,1.605832
UCsjOXwcbs8UgIjzI032xgEQ,神様が見える子供たち,0,6,1.603867
UCP9xzam22gMerjK60EhwJ1Q,ハッピーリッチ,0,12,1.60241
UCQIoREcxWRQbi-0txlIGQtg,手相鑑定士トッチー,0,11,1.597214
UCcOSfFvLNiCCXPB0iEUEo0g,柳橋唯チャンネル,0,7,1.59431
UCRLJ90qaKl0Fhgix8SbkEtg,エジプトの神々の図書館,0,5,1.592016
UCIgIVRs-VrV-pkkenE5lRBQ,進撃のミカ,0,4,1.588282
UCq4i7nmJ_l8J2XSfXo0qhjA,地球の夜明け-祓い師 T氏の霊眼チャンネル-サブ,0,5,1.587157
UCQSaNqzn4T13n3Lvn6gqZnA,開運の鍵【開運祈願師_玉置 慶海】,0,7,1.580311
UCsybS7dqdlGdRdDYA2gfnvA,窪塚洋介の今をよくするTV,0,9,1.579572
UC6VSFaHYbR-bhNer7DXxGNQ,ボンボンTV,0,16,1.573197
UC8_40d1XNuIZPXRzDhZz8MQ,【七福神様】毎日祈願チャンネル,0,8,1.561559
UCHmKiQzqOfp1sC7XUTQ60yA,整体師Jun,0,4,1.54995
UCBMPymO4stqHV2ckCdquvkg,ヒノキ -楽観的に生きる-,0,5,1.542206
UCP5ruIqWrYSKrFqkR4my_oQ,霊視ナターシャ,0,8,1.539699
UC4onP2o-Xiilt6L-6UyeZxw,年の差まったり夫婦,0,6,1.534923
UC9tHbB4m6BV70PSoxq1szjA,幸福の学問,0,15,1.529484
UCIOZvR4sG7IURBbQwGXFRUQ,若返るヒミツ教えましょ,0,4,1.52821
UCWqEz1OFw8g-4p5-ZVWLL8w,大人の教養アニメ:復活のシンプルタロットさん,0,6,1.518401
UCX76FfyeFPiY2gWuIKMUN4A,【西洋占星術】星読みカウンセラーAYUKAママ,0,6,1.516921
UCwr5J-OflO_OyotS8FOZW7Q,静かな瞑想と癒しの音楽【Quiet Meditation and Healing Music】,0,22,1.515437
UC4o54JLYBtfgWjsUeHQaLMQ,こうちゃんQ&A,0,6,1.513098
UCSVqU8FWv3U8trsE9MzMp2A,元ハロワ職員まゆみのお金の安心相談室,0,13,1.501659
UCQSDReqhok8U5mb4cc77wdQ,12星座と金運の導き,0,8,1.501567
UC32eV8m1229STWwLkUw0jwA,ネットワークビジネス応援 金城富雄,0,7,1.500922
UCJ64qOuF-buOt_b-A8GM8iQ,崔の店長日誌。【開運　公式切り抜き】〜金運・仕事運・恋愛・人間関係,0,8,1.499923
UCGxe7RjYvCgoD5l2I1enVsg,都市伝説探求機関,0,18,1.49955
UCgIUiYo9N8nmubnLNV6DBzA,ゆずひこちゃんねる,0,7,1.492275
UCs6c2j_cFkGDJJbju4MedGQ,偉人の哲学,0,7,1.488484
UCd_zQVbfoPmhGfd8gxpp3sw,宇宙となかよし Qさん 金運チャンネル,0,6,1.467309
UCKaLVuaT6Vu7I03_dpAo71g,神眼継承者【金海】,0,6,1.457256
UCdkKe0fxRbian8kqqXv6Mvg,秘密の世界RRR,0,11,1.45207
UCwz9GHmRYTKnvHOeYwy_u8w,純さんラジオ【潜在意識と宇宙の法則】,0,5,1.445805
UCFZo_KmSoS84X4QB6NEkLGg,JunJun and Great Friends,0,9,1.441378
UCBGBlSooc5Pp8VqGfu11AcA,music another,0,6,1.440202
UCFarL62IY4cxKF6YA6Wx-XQ,お金と人に愛されるがまぐち先生,0,9,1.433135
UCROeL9j9VBL7eCzmqWqcD5A,吉田昌生のマインドフルネス瞑想チャンネル,0,15,1.431167
UC6UkPR6DkVmfUZD38dzVhEQ,Misty no sekai༆tarot,0,7,1.419353
UCkWujacO-t0hg_tyUY_FBTQ,たい・じろう『本当の自分を生きる』,0,6,1.414272
UCDoPMqOICbpV2HLF6bd-giA,PINECRAFT パインクラフト,0,4,1.385216
UCiFpKFt3RNKnmTLOPFibOAQ,心理カウンセラー【公認心理師】橋本翔太の人生リノベーション！,0,18,1.383881
UCQh5QQzZR7F_3PdWaRWf8ow,恵美ちゃんねる,0,5,1.382906
UCgRYu_jroicOl-J8BP043dg,カイロベーシック,0,8,1.381621
UCHTv_nAJHP4xuMl3xnrCqmQ,umineco channel,0,9,1.374879
UCP0_qNfmalp0XGWZMTQcVMA,にょるちゃんねる,0,4,1.362666
UC92PsS_qPozfHvOxqJC7sIw,偉人のしたことチャンネル,0,6,1.357082
UCKmkpoEqg1sOMGEiIysP8Tw,Evan Carmichael,0,12,1.347686
UChGtkLi-4YlveEHSrpOnHIQ,ソラ【ツインレイ統合師】,0,4,1.346859
UCBk2QUDHc7JVBtHw3fXquVA,LUCKY引き寄せ手帳,0,8,1.346533
UCC0JkfmDMkdf-aAnAIoGikg,マンデラエフェクトをゆっくり解説,0,6,1.344464
UClcCJ8aGAjRC4Sn4XV13pdA,H IZUMI,0,10,1.342415
UC3fOqiQwk378AnjTu4a0TjA,園原夫婦株式会社,0,7,1.337662
UC8DP6G4mOpUkHbuJMJlD2Eg,偉人のキセキーミロクの世へー,0,6,1.337186
UCJ4hH5PkNgOlmqmvl7GVJwA,ZERO FREE,0,3,1.33217
UCU3BRw1lxx-8JZshKTord7w,阿部晴明あべはるあき,0,9,1.32303
UC7NbW-dFkECwYX9YAWrPSmg,斎藤一人さん全集,0,8,1.319486
UCJDlWbsmv37WvT-hdyiLNVw,Positive Vibes,0,7,1.314597
UCTKZagZIQGQrmSuvjmbxPZg,aki の５次元ラジオ,0,9,1.313762
UC54k3rhCSSe3uNpjhBxJXTg,石井光枝 / おもい通りの人生引き寄せチャンネル 〜量子力学の世界〜,0,5,1.313318
UCmf38_fEPtHVbH-Z4x3W8UQ,夢実現チャンネル-Y.K,0,7,1.309681
UCWsJdxm5vcpkcdcNVp5VD-g,潜在意識のトリセツ【ゆっくり解説】,0,9,1.309435
UCELLqudOPzvrGhF1f28vJFg,「ヨガジェネレーション」日本最大のヨガ情報サイト,0,7,1.301896
UCDiNAyLSHq4vGkyYTtFh0VQ,Mackay Kiyomi マッカイ 清美,0,3,1.300686
UC4tVPl8hCZXK7D-L5YPsxnQ,世界ビックリ雑学,0,12,1.294817
UCEo7Q1iDPTbuUyD-A6ddI7w,Good Luck Cherry Feng Shui,0,5,1.281234
UCBs6NiqRhYtjY7aoBqXnHVg,タフティと願望実現,0,8,1.279923
UCVFqasfeK_QcMGJL4NmwBVQ,Nomura Treatment Center Osaka,0,11,1.27714
UC1wu3wlRdRzCFLCO5vKp_nQ,DREAMS COME TRUE,0,14,1.271092
UCcOI48JKKKplZSuZkC-ZJjQ,三木大雲のポジティ部ラジオ,0,3,1.267362
UCRcujcZQWZGY8FYNJ9vWYww,Spiritual_universe,0,7,1.264773
UCuVya7waZM35G1uPUeOyDpg,島田秀平の旅杯,0,7,1.259315
UCO0HPFZFt2Wem8jTsMFFzwA,元CA凛子の「お仕事・生活・人生模様」,0,7,1.256454
UCaS1Q3X2u1rjCMCS1_bB-Tw,真実を語る黒子,0,10,1.253622
UC7RVPdtmeGgbaQe4qJyuMqA,door of good fortune,0,5,1.252273
UCpoShWHs1wgk2G6j2rnygFA,【公認】対決より解決,0,14,1.240256
UC9zLndaycT8CfNzdpMuVT4w,いるまのゴキゲンちゃんねる,0,6,1.229373
UCxKl8aZm4TgRD5HXyjF24JQ,潜在意識コーチングHonami,0,6,1.227372
UCJwrAS2FRQfBapMZlmKOGfg,パブロ【アニメ】,0,3,1.224822
UC0B4rD2QKkIbHjuMub4jXhw,魔法の恋愛サプリ,0,5,1.222375
UCIigv9W8ChJl0P-28Eev8Jw,WEB玉のタマえもん,0,7,1.220317
UC6BK84kcjPkJqXYZAZSC-sQ,Neovenus Journal,0,5,1.219311
UCvHBkEq9lnsNxu9mY9r9FhQ,The Miracle Smile Forest,0,7,1.215705
UCqZ-A0aw_EC1z8QI6F_biTg,元公安捜査官【勝丸円覚】,0,5,1.214016
UCF4HWvnnRsh_FQlDC2FieXg,Ankh Power,0,3,1.208866
UCn0xiftO38r3MIDFgum3nnA,きっと、よくなる,0,8,1.206556
UCT-4eksBPkqnkGX5JB4WfsQ,うたう応援家 にっくん,0,4,1.206107
UCsQc6fSakJ2ptE8ba9MX-MQ,トゥラクエ TOLAND QUEST,0,6,1.198011
UConDihjW2NC69JT39T7V9sQ,エム,0,5,1.194991
UC9nvT3uJaYxlKXDdvdOJJtg,《佐藤真永》暦のチカラ（吉報士 佐藤真永）,0,6,1.194526
UC1mv1_wL_UnCqXQEl_z7dUQ,Nao,0,9,1.189761
UC80kKTL_dNjXjX-NVIL8kzQ,hayamimi iruka1,0,9,1.184509
UC1m694k0A33QAnADuKcvR3w,The Soul Resonance,0,8,1.174817
UCJWNQY7tgrOuRAlNkd9mpxA,【ATBS】会員限定コンテンツ,0,3,1.171059
UCSZZl1jaQ3Z3Or2yzohWKoA,トレぴな【脱ムチコ】,0,14,1.170886
UC1lXpTHk-Vu5lJvzkTreAtw,アランのくつろぎ空間,0,6,1.169693
UCGG3FXOSui7m4AvJqmfpHmA,大開運チャンネル,0,7,1.168718
UC7wK0KSYi1cSAmoJg-03o9w,暇つぶch.,0,5,1.156407
UCjUwbvF5GAexeDDIOIBk7wg,Cocomi Channel,0,4,1.155941
UCdrVagqEQuZik85JRD_28EA,偉人の語りch,0,6,1.154895
UCZ1Qc5I1P5vxyZfJKQpO59g,運命を変える知恵,0,5,1.15181
UCJpcP-maoF0TZIQvB-1I8Ow,三宅裕之の潜在意識スイッチ〜毎朝1分で人生が変わる,0,8,1.150614
UC34aKaPDyHah3WW-cMCgcHQ,whitepurplish,0,4,1.149368
UCDJL2TDUv5Pg9ubv-Jtj3jg,鈴木健嗣,0,4,1.148915
UC5q7937st1xIqbijpH57D0g,PRESENCE akikospiritual,0,3,1.146025
UCOtcNU9wt5v72ma_ksHjlSg,潜在意識の研究 らいが【サブ】,0,6,1.145645
UC0K_Pq3D8cKGZE1-1lp4yrg,ユリア心理公式ch🍀みんなの鏡,0,4,1.142162
UCEC1pGuMfbnT8k46yA9jlyA,フィアナ 「幸せな理想の私」実現チャンネル,0,3,1.142053
UCzThCdH5WNBlJrfYdCaZ4nQ,タフティ現実創造研究所,0,10,1.140099
UCAjrXkbF7Dr6Hfq0hsUAe7Q,開運占い堂,0,4,1.13689
UCIOcwCsKnLhEaPXJD9LlnMA,斎藤一人さんの最高音質版【まるかんラジオ】,0,13,1.135705
UCfyxidpFRR7_f_drLzXX6nw,超意識スピリチュアル byメタ意識願望実現マスターCocco,0,4,1.132785
UC8bnwWsV8zw-2PNpdPJiW9g,杉崎仁志の悟りTV,0,7,1.126802
UCeUfv_-CzRphpruWg21QQmQ,やましたひでこ断捨離®︎公式チャンネル,0,8,1.125797
UCywiirCAHLPix_jHNyPpkkg, Only Lazy stretch,0,15,1.122467
UC9_zQvSZnEO8LYf5zfHN4Mg,Misaspi 魂の座標,0,7,1.106003
UCIg4JZi3ZSVcqjVMFcOHiOw,【Japanese horror】Ryuji Harada’s NINGEN TV,0,10,1.094735
UCcjTzdYJIzgvUbBI8sacX1w,madoromi - Healing Sleep Music,0,6,1.093757
UCewKW8SfYqnAZAXeghk9IvA,北村晴男とディープステートをぶっ壊す,0,8,1.093711
UCUGHfJwImyFsWwwqWwscBlw,みおん⌇ずるいほど全て手に入れる生きかた ,0,11,1.091975
UCcKJu6bQDknBNM5J8T0qRxw,Miyoko Angel 2,0,8,1.085241
UCzOOOu7_fOcSqXOMzTTpOuw,じゅじゅ,0,9,1.080231
UCFjFwM5vTxxq0UAI-yznvXw,羽山璃香の直感とチャネリングの学校,0,6,1.077981
UChe1pHb029mE9PKt8IOTpMA,Spiritual mind メイの宇宙啓示,0,12,1.077446
UCCRZkxGXpM6sWdOccFOfZtg,三浦さやかのおしゃべりで未来を創る,0,6,1.076347
UC6pvi8YDhx4O4LJiO8HcUyQ,聴くだけで叶う瞑想 | Healing Rino,0,4,1.075181
UCMu3Uk6yzuQ69PUBfcz3QFQ,ONENESSの瞑想と叡智チャンネル,0,6,1.068782
UCxFZY6DYZouzdnRuSUszQHA,ヒロのコーチング講座 - 受講生対談チャンネル,0,7,1.068281
UCQX7BmjgiFmitZWzIoHTLjg,NoBorderの世界,0,5,1.060108
UCWDwqSVO7WvD0UeB7rmxM2A,ココロ•カラダ•リッチ : いわた,0,4,1.059204
UC2vvdIk2GX0nnySaYTqABMg,天之御中主神様 一日一回,0,4,1.058293
UCGKgcgsc-_NTIiB4sQf7FWQ,【世界の言霊師】SUKUNAの心の救済,0,4,1.05535
UCZphkM_agy6nC2ypo6XGm8w,素晴らしい人生を歩むスピリチュアルチャンネル,0,4,1.053571
UCGk8kSUiSQpfR3OR7Zrwfxg,全国出版オーディション,0,4,1.051108
UCRY0kb6JfOaMOdyMckY-nmQ,潜在意識のパワー【ゆっくり解説】,0,5,1.051046
UCspcvMWF2NA1sRSB2JrtAig,Space Era Channel☆,0,4,1.046996
UC7B1x83eHNvg5vxJfRwcU7g,【左脳系スピリチュアルチャンネル】,0,8,1.04624
UCKd_GTpvcnIrB6IIB3nTteQ,引き寄せ研究所,0,5,1.039584
UCoauAvsIBZfj_PzCgwSBKcQ,フェリファブ哲学【楽に生きるための知恵】,0,12,1.039494
UC-dKGXS3u0a_j4e_5epWARg,スピの鐘【ゆっくり解説】,0,7,1.033732
UCrd2ScrHpsQsl4Z2iXVckWQ,TOMO&KOHAKU,0,6,1.030461
UCSf3GqZtw93x7S5Gzdxa2ng,の教え斎藤一人さん,0,4,1.025195
UCSsmlwepgyy46dWlLk9qa3g,先人の叡智,0,7,1.019717
UCSuwhWXeUgvt0Q_7Wy1cFaA,369銀河スピリチュアル,0,4,1.017592
UCwfEbb5Pt4zetZke4A0DAPg,エマスちゃんねる / EMAS CHANNEL,0,6,1.01755
UCggG46JsPD2E64kRdWa1VqA,Life Healing K,0,4,1.010217
UCMLp_VU6PBaHT8pg5bQnuOQ,自律神経専門整体師 前田 祐樹,0,16,1.009419
UCBM4KYw-tr6iihRpk_NMbng,天野佳代子の大人美容 【歳をとるのは怖くない】,0,6,1.004505
UCKylOi050KbZ5pPIEr8r_fw,神旅JAPAN,0,6,1.003855
UCbB_8erL9uXPiU1U4qCq4Gw,AKIKO HARTLEY,0,6,1.002094
UCiJzw5wQZjba84xDDqbvAvQ,シン都市伝説,0,4,0.999019
UC-tUtC7aQXLccSLqW7edsZQ,江戸発酵暮らし,0,5,0.997914
UChqf8gniKMDY98BEsRLOkBA,吉宏の乱暴解説と批評,0,3,0.990377
UCV2G7uXFvBq6XYrM5TDgfNA,Endoscope channel,0,24,0.985089
UC6eEt2sskiqP66clB2IAbzw,看護師マッキー【メンズヘルス専門チャンネル】,0,11,0.978689
UCCtpQIM0ddni90f2JVGy5fg,厳選アーカイバーZ,0,7,0.97826
UCP9RgJIwAbfVV2lqj6PsWBQ,アマーリア,0,4,0.97537
UCgLe3wgzjuY5-9jcOh6GlgQ,Healing Sleep Music,0,7,0.97282
UCeMDZESx89-VOns4xujHlSQ,城谷の世界城谷怪談,0,5,0.970781
UCKVEaJrqzvJIe2JJQhzQreQ,現実創造ちゃんねる,0,4,0.963832
UC2A0I1v0Tk9rpWyUZePEmuA,美光 HTL,0,3,0.96014
UCCqVvxOCyMw1qUOeoVSYUFQ,StarSeed CreateChannel-スターシード クリエイトチャンネル,0,3,0.959455
UCW2T3xgUYy8xrleUn67Fi-A,いーちゃんストレッチ【ズボラダイエット🔰】,0,5,0.957109
UCk42KOEc_Jdv3T2z9pOCSSQ,A Time Capsule of Words,0,6,0.956561
UCwquzhtTpP1VUOO7ribO-zA,知恵上昇,0,4,0.955004
UC9Gm1fZBpT9eJKMte-eyahQ,YouTube講演家 鴨頭嘉人のラジオ【Voicy】毎日NEWS,0,5,0.949596
UCsDfqx5o9Z4Qac_UOGxEfLw,【潜在意識・引き寄せ】探究ちゃんねる,0,5,0.946138
UC44j87GGlV5FbAgCp_Wre4g,タロットリーディング・LIGHT,0,3,0.943702
UCvSAywQ-c2kNmKCs0bmu2SA,Healing Meditation Relaxing Music Channel,0,15,0.939637
UCJXHtPEdxJyn7TeIJ-1-5sQ,開運引き寄せ占い師しゅう,0,8,0.939144
UCCg7bEa-kBEheVNgwTj1OaQ,自然栽培実施20年のノウハウ教えます,0,7,0.938005
UCxEUeEULgaQ2_-yh1751RIQ,YURI channel,0,4,0.936185
UCGysz2AZ7lHSUve9sQoNELg,【心の兵法】,0,4,0.935145
UC8DEMzEswfd0T9x6y1PepRA,COMIX Cream,0,7,0.928885
UChEo7IH3oAdrmoAynes5WOg,千遥Chiharu,0,4,0.927205
UCBYyJJpAtZU-wQEd9NK8dFg,ゆりあの最幸な人生のつくりかた,0,4,0.925942
UCSXCYll7OgFhYP8itBjTJag,知恵のたね,0,3,0.925619
UCKakiQJq-vssMy6P47TyBuA,ジョンキムの自由大学,0,8,0.925598
UCXCX0lZQkc4iDQoRqn-ugWw,Souun Takeda【武田双雲】,0,6,0.925438
UCGHKYXYUfpJ2_nVlES2jH6Q,先人の言葉,0,4,0.920326
UCT2ibORzXA3IVfDESA0JpIA,Sleep Meditation Healing Music - OTO NI SHIZUM -,0,16,0.916972
UCINWAmUCB4trthGrUIjEHiw,Bioresonance Music,0,3,0.912503
UCtrniVfwgTGHkGMqj43raWw,しあわせ右脳,0,8,0.911948
UC8S712cVcL7ajbYnOkRqJBQ,歌の匠 400年の歴史ある発声法で~ natural singer になる!!,0,5,0.906728
UCYOV5Rimkv-cQPkeQP8ENUA,CatTuber,0,6,0.905527
UCdqcCoXCjur2imt9IMiH5yA,幸せの雑学,0,9,0.902365
UC8PA0QKA7gQxtooT3adBdiw,りん先生【美容の医者】,0,8,0.902295
UC2dtfKwDRWuFKyWFwkMBsQw,のり35チャンネル,0,4,0.898058
UCYkzGyfezGziPS9UvV5RfZA,ソロモンクロニクル,0,4,0.897866
UCh1kyuWEHIVNF3wOKWI_jNQ,pure life diary,0,4,0.896031
UC8dQYBMH_mW_gXlSIusty7g,もちごめ兄弟ちゃんねる,0,7,0.895696
UCf7REsLnT2NeLVYj_4YaIRA,渋谷文武公式Youtubeチャンネル,0,8,0.891106
UCiqMKVo2wtc75qUOmiv5SVw,ひすいこたろうとたっちゃんのドリプラジオ,0,6,0.883398
UC1WmtOqbs2IiYNQTPI9Nxeg,森の瞑想家まっすー /三脳バランス研究所_瞑想研究室長,0,3,0.878318
UCHrbDMROEbWZ0mNncpdxbCQ,学校では教えてくれない話,0,6,0.878197
UCEesqGTE-oDi7nuq3IPX9rg,関ちゃんねる,0,4,0.874271
UC293LgrQDhHiODzHnbFUwtQ,Japanese Politics Room [ Seiji Room ],0,6,0.871535
UCHyPjoYJ5XGlkMYfsWmCyrw,AIラジオ,0,5,0.869501
UCs6ytcyNPX66WCcbLcWAh7g,バーキン君,0,8,0.869005
UCOz8F8OEqSPlRPRJfHyossQ,Cielo KIKI channel,0,6,0.859198
UCJxNM9sdDhENbZM9H7BeRGw,魂と覚醒チャンネル,0,3,0.848659
UCHrYZ-SUS8XGRaMguJBP9Jw,Kyoko&Cherrin Spiritual,0,3,0.847471
UCW6bTAhwHj_Tjm2vtuaUVtQ,うめ先生  ,0,6,0.844751
UC4ZsTSzZ8MwYuLgm3Mjj4pw,偉人の救い,0,8,0.837495
UCRvgCdrKWv8DvzX4enfYJCg,《船越康弘公式 わらチャンネル》百姓屋敷わら・WaRa倶楽無,0,6,0.8364
UCM4ASMcSi4FQSPBcwZesEtQ,最高位霊能者【天海】,0,8,0.833017
UC4Xof8DXNeUhANhpTUvAlQw,FP【こう】,0,3,0.831402
UCUSncLw7VuhfjztgDpiXdLQ,はつねちゃんねる,0,4,0.828485
UCgm2sr7ISF7ZXqEQe1mXkRQ,Cateen かてぃん,0,5,0.823262
UCI_QlCp40-dvrfjK-R8Y2lQ,【見るだけ開運】海外パワースポット旅,0,3,0.821261
UCHbeUlRvnF0Uh3nxYOX0xEg,ワンダフルTime,0,11,0.811907
UCpHyc0WYE_tN0IznyjnGL3A,Adventure with ZEO,0,10,0.811023
UC1eYizPhK0ol9eBwydHo58g,たまスピ【ゆっくり解説】魂のスピリチュアル,0,6,0.806767
UCKzv1dmrtFVVrR4LXrDB8Sw,佐藤智春@血液栄養アドバイザー,0,7,0.804718
UC0-rgUz06yQA3n_7w5g-Znw,Power for Luck and Health,0,4,0.803281
UC6QPOrsWyt2iMC7m5-xUMAw,開運&引き寄せ&潜在意識コーチ 田子裕己,0,6,0.80221
UC3FqX2adoxzuOwrbRt_c_Gw,これエエやん,0,9,0.799928
UCxgYmeLsD4FSUpM-8Uqro7A,YouTube健康セミナー,0,9,0.797246
UCrafRr56y56YwEhDSufXu6g,霊能者ミキティ【神様の声をお伝えします】　Every day is spiritual,0,4,0.794229
UCAOdPJ-pGAy5Ob3R8_-3VBg,ラッピー春ちゃんネル,0,4,0.793479
UCUbYZ_89KdGGgk8Fl3DCUcQ,人間ウォッチャーズ,0,3,0.793447
UClKezL95WNrPgDL70MnWFTw,Yomii Piano よみぃ,0,6,0.789469
UCr6LtSoJP0c7VPdNARUdX0Q,人生逆転の習慣,0,10,0.78784
UCTTGBdGwhyqzMH76C68DBDQ,古代の叡智,0,3,0.785894
UCW3K9Y5jAZjaut3vCmdho5A,竹下宏の九星気学,0,5,0.782296
UC1RG7m8FwFKgB3IpfN3ccew,Healing Tree Music & Sounds,0,11,0.781157
UC3QGwTAl02IeQftn5C2bKkg,YouTube クリエイター,0,15,0.77865
UC_EPrPoaSENuWuKmnQzaDBg,クラブ苫米地,0,5,0.776993
UCHcSqAneDxQJ2czvm-Jzb_Q,こじらせオトナ女子のための激辛恋愛相談【鬼塚アゲハ】,0,5,0.775494
UCnJ2tHTxpvB79RNvk2sGRIQ,Crystal Singing Bowl Sound Bath by Magali(Japan),0,7,0.774493
UCJxss3CRTSBi-moJpn0Z1OQ,ハーブファスティング・未来薬草学  織田剛,0,6,0.773634
UCOX9y_sgmfcA0cZtlou0l_Q,何か分かりづらいチャンネル,0,9,0.771877
UCnokQ2ICD5L9HD31iLjl6rw,石神天響,0,3,0.770706
UC56TOG1LvTO085p3EtPAUJg,GTO,0,4,0.769548
UCDTp3j1HLmhUCe2-gXqA40w,illionofficial,0,7,0.769054
UC5fO34mqiXSq2n8v8C9jIwQ,話し方向上委員会_みのちゃんねる,0,7,0.768913
UCVtWXeU803gEWIsApRi-Wvw,ちょっといいこと,0,10,0.767766
UCM7pJKGM7vZjHoxchOhysLw,369 Japan Sleep Music,0,9,0.767055
UCh990JFF8shUqSRhCvvztQg,Top Talent Japan,0,18,0.759451
UCpdTfxHl2l6kW_EHsDRiAVg,一条サトル (SATORU),0,4,0.75351
UCLCjf5gOkSbK3dWoX0gh83g,人生の意味,0,7,0.751123
UCcEK6yadX-BLeaiF12cDc9Q,虹のLIFE voice,0,3,0.749955
UCzycs8MqvIY4nXWwS-v4J9g,ONE OK ROCK,0,20,0.748594
UCVOfVbRp0a2ihzooX9AbiCA,30歳からの恋愛心理学,0,5,0.745944
UCsSvQ2TKDUiG4X8VLaf2jzw,朗読チャンネル,0,5,0.744631
UCsaJfLdsX___zc1OcWHQRWg,人生は考え方【偉人から学ぶ】,0,6,0.742534
UCMBg_eh8KTznao1hBOIqECA,高橋ひであき 自然栽培チャンネル,0,4,0.739955
UC7kBnWrhA0L8VwAG5XbDKgw,JAPANESE DREAMs 2026,0,3,0.737914
UC97XjcYfDAakaJUUgqVRNxQ,村上ロックの【ROCK ON AIR】-怪談話のお時間です-,0,4,0.737662
UCM2lyz-r88z3073oKf10TcA,Onmyoji / Kyomei Hashimoto's channel (Japanese fortune teller),0,15,0.735594
UCbfFwk8Qfr1R2xjjEHbIWgw,"""Forest of Sleep"" Specialized for Sleep",0,5,0.73348
UCFn7Xy-7AeR6cBMUM8JgIZg,潜在意識ラボ【事務局】,0,3,0.733434
UCPI61AHwYWwVbsXEOhPUZOw,おにまるちゃんねる,0,3,0.732433
UCBxILqHDQTfM-WYqUkgQhwA,🌟-hiroto & shii-💜,0,4,0.731895
UC5cX18srcc5Rh_wl73kuu8A,カントマ,0,6,0.731695
UCP5HbJczhcl-UnbIkS67RGQ,めぐわ先生のセルフケア教室,0,13,0.728309
UCsPo3x4xguwyTjidh3mZZOQ,心の浄化と幸せの引き寄せチャンネル,0,6,0.728294
UCPI0AgcDOd3kjNxfxq4yMcQ,新・堤未果のアンダーワールド公式チャンネル,0,5,0.72806
UCDrtUdrlSRzv5mxIgj1H7Rg,そーくん−アファメーション−,0,3,0.725758
UCp963wL2xwOPGktyERNm2oA,潜在意識コンサルタント・いっちー,0,5,0.725243
UCegO3k5HUPdEUnGlsYxqlqQ,つかさお金のブロックをぶっ壊すひと,0,5,0.722887
UCYxAVBIPSAIYFQKDNLIY2rA,【公式】白駒妃登美『歴史を学ぶと希望が生まれる』,0,5,0.720749
UCA_yWQWKUAFATozqhT4akBg,Lovemotives Meditation Music,0,4,0.720092
UC81VD6eeuLLSfyY_D-N8sVw,Madonna,0,7,0.716431
UCXD5JFCn8eaGgj55nZLubcQ,けーさんとたろー,0,10,0.712696
UC45Pz1FEXqHpE8i_9Ooa93g,44歳現役キックボクサー駿太の検証ch,0,4,0.712254
UCW0IMZ6MveaJgIDUERNyAcg,自分チャンネル ジブンチャンネル,0,3,0.70822
UC8ultlWgr72p2AXxUmQBb9g,MK虹の架け橋チャンネル,0,5,0.702895
UCDEwkjA9CX40IZbgiLPWkMg,有村昆のアリコンch【映画紹介・EV】,0,4,0.701348
UC57E7JB4znko4xADaDiMcjA,Fukūnu – Mystic of Qi,0,3,0.697293
UCazMoYkBrsG7pXsAX7erhOA,DROPOUT ドロップアウトした冒険者たち,0,9,0.695905
UCgJXFYJLje22iue3YrgsM-Q,VISIONARY.思考は現実を変える。,0,15,0.693517
UCMClRhJqryxk0f3otNCSjZg,チャンネルダイス,0,7,0.692095
UCGlBpsz0lEuh0P7fyz2x8Ag,ゴッドハンド通信 スタジオ,0,3,0.691628
UCP_L-9a-UvvZdCq1VUgU8pA,言霊ch,0,8,0.690548
UChuWxU8L77hyUPjej1QiWvA,現実創造ラボ − 名倉 正 −,0,6,0.689123
UCg5n8A9Kmh_njWmSC7oUYtg,吉田直輔,0,8,0.686441
UCgjQmQyLEMYh9qMPHbwtbAw,Dr. 苫米地の図書館【公式】,0,7,0.685873
UCUWZwGyVKMTlpC69fYE8SfQ,怪奇な歴史研究室,0,4,0.684832
UCPB26zyC0o8XNaNi0dN0u8Q,Japan healing - meditation and healing -,0,11,0.684285
UCbyMMPdOko7n9QnJpIWe-Zg,覚醒のタントラバシャールが導く真我への扉,0,3,0.683559
UCi_oOQqTNMvzp4PJVWrwwqA,HirowinMovie,0,5,0.682923
UC72D-16vI8YxxsfkH3yCkOw,小谷川拳次,0,3,0.682884
UCK-sGFgbvVDRTwCcb5N0_8A,Mind Garden【マインドガーデン】,0,3,0.682851
UCt_t4rAr9eJeFwaMlc7Mzag,Japanese stretching for over 40,0,10,0.682556
UCPYqqf1amUGNo1dlZK-YnaA,潜在意識ちゃんねる【公式】,0,5,0.680471
UCqwrDlJFP7pPCZ9wifqQXVw,まりんぬ - 謎の歴史、文化,0,12,0.677758
UCPyo82nWTaxHPhGOmsM7enw,スマートプロジェクト【美容ダイエット検証】,0,4,0.677482
UCb1QoxHEnJqvbjW28JMipdA,誘導瞑想クラブ,0,4,0.676747
UCTf50EJwtgn6sxblxqIJdZA,社労士なかむらch【中村彰利】知って得する助成金・退職後のお金・年金etc,0,3,0.676442
UCT6CK2jMuANQYpMZE4QP6Hg,50代からの起業の勉強 | かおり,0,3,0.674463
UCQ6f5_6v4L3QbbR5ojAc3iA,しらっちのウマ痩せレシピ🍳,0,5,0.671404
UC6m3vsgi0uKMQWSaBakV5Bg,郷右近丸彦いやさかチャンネル Goukon Maruhiko,0,5,0.670905
UC9m8XNJlfjbzZ6-zOi5618Q,【NY・東京拠点】食品会社CEO 荻野みどり公式チャンネル,0,3,0.669205
UCEI3sC39YM-HVlOhaJBYl-Q,三位一体の現実創造 | りか,0,3,0.666996
UCJxlLbKXh8lfKoii34icNfA,ご自愛九星気学チャンネル,0,3,0.665597
UCAr_I6Te3Y_DjhfgSYAKQGA,Spiritual Awakening Meditation,0,6,0.665149
UCG4LL-6G4Gp5InDUJElVSbQ,Healing Sound Lab,0,8,0.663753
UCd7dckfLIKyAywX2hVyELfg,Miracle Journey in Japan,0,5,0.66255
UC4pv0ooIy44xKnDAP1g6-wQ,星詠みタロットのローラン,0,9,0.661608
UC43SEWQx8HTQsf5hUpvCV_g,私という宇宙を生きる-Ayano-,0,3,0.660445
UCCG7n7KsRP4hQEL2ff4y5jw,旅行の達人,0,4,0.657385
UCLLCP5fpg8ZFa36ZS_TNs7A,ゆうきと小梅の純愛日記,0,5,0.656144
UCXOy6I6Hicgi_EwRj40OS6Q,永松茂久チャンネル,0,6,0.652011
UCCq-KYU6Bobeokb_thwLBrA,チビみらんチャンネル,0,6,0.650588
UCgBiouoPdC9HvS2SJEpanHg,学校では教えてくれないッ！,0,11,0.649042
UC1T3iaELXs4NdJc1dWmDMWQ,碇のりこ パワースポットチャンネル,0,4,0.648764
UCj_FeZwGbUR3_bqsCJlxZAw,KOKI MINAMIYAMA NLPE,0,8,0.646079
UCBn5kA_pu9_MdoueqXiG78g,セカイジュチャンネル(世界移住チャンネル),0,4,0.64531
UC-KVg-uMRL3VwYdGZmytocg,イノチテラス【ヘルスエコビレッジ】,0,4,0.643846
UC7NsnpfgnF4RfmbZBoKjZwA,【内野舞】好きを仕事にできる♡ノート術,0,4,0.643186
UCZ9qH9bedbEp7IDhlbNJfRw,VOCEchannel,0,5,0.643111
UCDaEohRDyNe2-K1IdMyLVkg,WONG WING TSAN,0,7,0.638991
UCqp4XuVal_aXBEpKOUjuThA,ありがとうをたくさん!!,0,3,0.638785
UCHzh19PRKmYw2oafxecTPDQ,心理学も技術のうち,0,6,0.638095
UCW4CXZa1Tm3ZnhhGfoCsE9A,シニアのマネーカレッジ,0,4,0.635852
UC0G-ZmBQE5WMRbP9Ij-sylw,西の魔女ルノルマン南の魔女トランプグランタブロー,0,4,0.635418
UC85sT-8owjwuH9lh3sOJ5Uw,「67才💓大人のシンデレラLIFE かおりん👠」,0,3,0.634644
UC9hNciWNab-C8_YRt0WPSYg,Hokkaido Sapporo life blog by Reiko,0,3,0.63457
UCkvIrJf6q-mZgz3QU2Z00PA,非言語コーチング・内部表現書き換えチャンネル,0,5,0.633796
UCaXeLPKokES2rhlaKqiw3Uw,封印されし書物,0,11,0.632334
UCKjAIKhPJEzxkzD9cSOX9_A,Tokimaru Tanaka,0,8,0.622542
UCAtDg_mnvPE7BLkCTuce47g,TOKUMAJAPAN,0,8,0.62235
UCCFAftemVO9AmwqHkvwL2ow,日野秀彦【医者や薬に頼らないセルフケア】,0,5,0.620958
UCY1MFNLgRDq2SBx8Bg51xnQ,Wa Resonance 428Hz,0,11,0.617756
UCb0mbKHNWXp_hrkTzbTbq3A,NEXUS 新地球通信,0,4,0.617284
UCOsSCCTwcMsncdWnvBHBEUg,美しい意識・宇宙知性・豊かな悟り人になるためのエーカムONENESSの教えと瞑想,0,4,0.614881
UCneeu0mchlAUS_Ev1X9Wlyw,Miyoko Angel 33,0,3,0.612783
UC8J8KLLn74Iku7onNa16LzQ,青汁切り抜き砲【青汁王子 切り抜き】,0,8,0.610229
UCJTwrG2jm-LgeESpW53nyVw,らいが 特典,0,3,0.609482
UC9HewHptBB5f7p7NoEWRRjw,アムウェイ公式チャンネル,0,6,0.60598
UCa9xhGNeNhGWeFScBoy-43A,やる研TV,0,4,0.603412
UC0MPlaIHIOW-dtr5lnxeAxA,能力No.XXX　-私の力の使い方-,0,4,0.60339
UCXH_nDRbcojIJul3HZQ4wZg,スキンドライブ新井 洋次,0,3,0.60082
UCkvK_6FH87moLN9dfWu4ZcA,しあわせカウンセラー井内由佳,0,3,0.599612
UCxrz4kzROyQjuAIvd2cIx5A,日本一予約の取れないサロンの美ボディメイク塾〜冨田勝〜,0,14,0.594046
UCEyoEzofIPXqYMzl0JdoRBw,SPIRITUAL LABO 〜スピラボ〜,0,9,0.590782
UCEokn7s2-NKsf7tHIxjvpiQ,世界一やさしい星読み・占星術ch 三凛さとし,0,3,0.588357
UCRZ_01oe1SwAQcduxuczHRQ,幸せ引き寄せ手帖,0,5,0.58796
UC7sh9WW-12WHGKcbry626iA,脳をハックしてチェリッシュドライフな生き方へ,0,3,0.586515
UCBO2rlaLdbAwPLNQNdjEDwA,ひより@ゼロから学べるAI副業入門教室,0,4,0.585523
UCMBE6TjVHJVQM78EkA_j-pg,かずほのFX.Channel,0,3,0.585207
UC3x4jfBYkeGRUv0udxL426A,Aurora Tune,0,5,0.581818
UChOQar11qz-WPRoufzZteCA,Fortune Healing Music,0,6,0.580562
UC-ZKE1FMAC4FmoV0-jwiFqQ,地球を楽しむエミール,0,3,0.580417
UCfQgDo4XidXGKq5nXlC1qpw,【SBI証券公式】ビジネスドライブ!,0,14,0.579652
UCSlZitMKafqSzWuaF-QwKPA,Happy Fun Collection 引き寄せ 波動 宇宙の法則,0,3,0.579142
UCqxqvEoVnuvTBau9wlTpTcw,dal 1855mm1,0,5,0.567407
UCJoQpZAJSXLx49uWiCoByuA,Lib Work,0,5,0.567155
UCRV0biiLdsSV1Zd3Qi6ID7w,生活に役立つメンタルヘルス【精神科医とカウンセラーが解説】,0,14,0.565517
UCR3qjsnq4PoSq1pSQfVxL9Q,しゅう社長 / 名郷根 修,0,3,0.561875
UCP6NLVdAx687m1DktWJfkhg,Healing Space,0,3,0.559289
UCf2Mmc-PPH5TMVk4csMSppQ,純ちゃんの小噺部屋,0,4,0.559047
UCOhe6qFb96OZorhMnzJOlJQ,伊豆のぬし釣り,0,8,0.558766
UC1HmooRgf9QaSGm2HpkzYNA,シニアお助け整体師,0,3,0.557548
UCMe89rQPkzvTNpXjNKXZX1Q,ファクタン【真相不明】,0,5,0.556954
UCBlcz_QeLbsSyesQpTi4Xdw,ハッピーカムカム☆ミネオ【恋愛・婚活ラボ】,0,4,0.55215
UCSTTPGPS-lm0YVb4DMJ3lTA,Dr Joe Dispenza,0,4,0.551475
UC9HbCn4LDlkeNyhUKUwNaAQ,チャンネルひふみ,0,6,0.549846
UCiFZoLeVq13G6M9x2i9EYig,人生激変・現実シフト【しのざきみどり】,0,5,0.54965
UCEsyE3q7R4hUPPtohWtFY-A,ポジティブ列車くらぶ_LITA,0,5,0.546845
UC2_1pbE1uAUSTOMrNUqyFJQ,入眠夜話,0,6,0.54433
UCYPpj5FpwuOz8POuKyC391Q,ファーム・アーク【安心・安全な食流通】ch,0,4,0.54409
UCEN6boxGSMUXPHW3OvOoIow,金龍巫女みこと ~龍神様とのおしゃべり~,0,3,0.543884
UC1V5i9mM_FlXrDhLBpESTqQ,たくみ_言語化カフェ,0,5,0.540692
UClJBCVEeYo7SLll6DZGZ46g,クノタチホの性学研究室,0,4,0.540543
UC7w0EcsocUo6VEN7XvLj25Q,伊藤宏美 - 40代からのリッチ起業,0,8,0.540043
UCnRN9necDUsdYpx9KOpeIlQ,偉人のコンパス,0,12,0.539468
UC9V4A0BK2lCKw31KxAX8E5g,亜希の母ちゃん食堂,0,5,0.534832
UCKuaIxNnzmvtjcWraz1kjiw,精神科医さわの幸せの処方箋,0,10,0.534441
UCNnZqVFom12FrV8ryvyKLCQ,ゆにわチャンネル,0,4,0.532362
UCBiPlz2DSFIzyd7C8FFkGmA,A beautiful and shining senior life,0,5,0.532228
UCP95ykse-lS9idAh0J9LEmQ,ヴォルテックスファミリーチャンネル,0,3,0.529204
UC_xvOxTgT9XqM3ngwibMzDQ,龍神様と龍女のスピリチュアル【ゆっくり解説】,0,4,0.528532
UCZCHxO8COYwlhV70sIUlUVg,ERIKA. YURU healing ,0,4,0.527932
UC7bi_AohDsTpAtMGUiuDBGg,MsOOJA Channel,0,10,0.527928
UCAE0rU6iSpBXPrPRwVkH_Dg,骨格美人ラボ - 三木まゆ美(ミキティ)の骨格ボディメイク,0,6,0.525192
UCk12t4otD01-oY0f2lIRcHA,かんちゃん住職〔Kankyo Tanikawa〕,0,10,0.52106
UCLHeIseMeODTvpccJ5RQk7w,ゆうた　こころクリエイター〜受講生対談〜,0,3,0.519813
UCWsWQnHO6OjrqzZPekiZtbg,Uni Verse,0,4,0.519548
UC6B_-1sUxxym2hIU84RsFXA,潜在意識の宇宙,0,3,0.51812
UC1PnX-pV16fUxhVbL81Ro9g,MusicallyZen ,0,6,0.517401
UCC5tyHf9E21htclw3O1iVtQ,なおこ,0,4,0.51721
UCITFmQ-IsY5PVkaxhJ_eXtg,スマホ在宅ワークちゃんねる,0,4,0.517152
UC-YEg2FdThdeD5m2OU8ZPCQ,大島英明の真我体現チャンネル  ノンデュアリティを超えてあなたの真の幸福を発見する,0,6,0.511639
UC-J6dgFIF8OFf70frRkS8HQ,light-workers,0,8,0.510105
UC8gphUopLGuo0dJoyAnNE2Q,動物の愛の物語,0,6,0.508676
UC67PofYeV9JwCdOonsUGLSQ,Ken Honda,0,4,0.507599
UCdX3V3WQujeALogygep2llg,FOG's Tutorial Channel for DaVinci Resolve,0,4,0.507054
UCAS3W12WIUilhQChrDzyTqA,雑学ちゃんねる,0,3,0.506043
UC3hzAiOjOThjNLCjYVwYlOQ,熱闘ダイヤモンド野球板,0,3,0.505871
UCNXn_hlJRAixli0hlRPxAhw,中山功太のYouTube,0,6,0.505268
UCnX2QqRfB-nFmS6Hn3rfCLw,かしまし歴史チャンネル,0,4,0.504775
UCo0GdpnVg8W4h2TVLG-nicg,【聴くクスリ】カタカムナと開運波動,0,6,0.501296
UC-EZPezUpwtN520FGl6Le_w,【金運の女神】エリサ,0,3,0.498414
UCZ2plezBUxJkxPhZGJlLmSA,「素」に還る場所 - Sanctuary - ミロクの郷,0,6,0.498124
UCG2aiAr-csSyXvKYpMSx0Jg,宇佐美の夜更かしchannel,0,3,0.498063
UC7XXQiw9lxz6G9iXxwXSM0g,シンジのスピリチュアルMBA,0,3,0.496764
UCgIT-e4Ts1vQF545FJF6SLw,雑学ぱんだ,0,4,0.493545
UCZhW_pZpmQ7Y8VSAn3fZ5qQ,長谷川嘉哉「ボケ日和　転ばぬ先の知恵」チャンネル,0,6,0.491868
UC2AeiawFRLot_I4SAyPWljg,みっちゃん道々国生みチャンネル,0,3,0.491797
UCqudWh-AbiIlVsYpjQndZmA,宇宙存在から教わる願いの叶え方チャンネル,0,3,0.48992
UCUzgnUoP36PAlQvSp7K97Kw,nekoniwa,0,3,0.488595
UCGlVjChFcpuwgd-cktfBSgg,Japanese Healing Music　,0,7,0.488454
UC2roF7I4LOS2jnLY9npkqTA,再起の人生習慣,0,6,0.488107
UC3tYhcyCIKvpRUf9QjcFECg,真我・佐藤康行 心の学校,0,4,0.48311
UCZj7wwmdKGnbS925JU7xUMA,AZ / ATOZ,0,4,0.479084
UC4wrJA5IJMpKvQ7ZVB4vw4w,まさとパパのお金の話チャンネル,0,3,0.477888
UCI60ALGCcYnRxKx86YIiT4A,リケジョの相談室 / ゆばしおり,0,4,0.477468
UCEGiU3ThQUUCgEMEZ7dCkOQ,ジュニアジュニア,0,4,0.476778
UCHjUj3SPDl4to2pGKVIS_aQ,月詠 | 12星座が紡ぐ運命の言葉,0,4,0.473634
UCyrrIhNJFOjgY4inIpkhqGA,ちゃんねる17んち(いなんち),0,5,0.473414
UCll6Sr6V_qJiV7HoLINVTrQ,cocoart channell,0,6,0.472947
UC4fX3u0gtH0z5LqJ7oDC4KQ,Yuu / Photo Journal PRESS,0,5,0.472806
UCEGa17XmL8uovohOiuoOphg,ココロ研究所,0,4,0.472657
UC6tagvrmq9unzn-Rffgo_Tw,【頚椎専門】かどわき先生,0,5,0.472133
UC31b2ASxYZBG_xLGJ1DmZjQ,会社員,0,6,0.471394
UCn-dm3LV62NmbY_WWFIX4Mw,ウラセキ,0,3,0.471271
UC8effD8dOhu52fH9vm4fJRA,Only One Channel,0,4,0.469228
UCx6uHC-VzNeakSFECf-U90A,TAKIMAKI Channel / 滝沢眞規子Official,0,6,0.465695
UCUFPKsm2OVH9i43beCHwYCQ,Groove worker探究会,0,3,0.465239
UC0ICt0ZAM7Q99OoCDTSg0zA,引き寄せの達人図鑑【2chゆっくり解説】,0,4,0.464025
UCPnCLcPo_QA-0YMfBBPZR1Q,うのヒカリ,0,5,0.462784
UCF6A5I7Y75HF_ox-SGXSUnA,志の言葉 ,0,3,0.458432
UCFeclNW0MMuoO00_BzISx0w,ST Travel,0,6,0.457852
UCqRtGdgTfp8lxyGilVgp2oA,藍田ともみ / 骨格ストレート,0,3,0.457777
UCsqS83xA38Ubo0fbgwQZzkg,天の川ch,0,3,0.457739
UC0CWt6zCnjno_UtzZSRxs-g,本物本当の歴史宰杜著者千田寛仁チャンネル,0,3,0.457392
UCJh7LcgKgjRc1KR_ArcYxyw,泉忠司,0,3,0.456815
UCvxEcELY85gNr5gooAZcCRg,深淵の探求者,0,4,0.454723
UC6JzprtHefW-uZEDxw0iTbQ,未来予報士 麻埜美,0,4,0.453706
UCQfwmB1C_TIFrC6ysF_MJbQ,みっちぃバッグ【ブランドマニアLab】,0,4,0.453442
UCzdZXsjJlHIVnaZYFXGWY0A,「私、ちゃんとしなきゃから卒業する本」公式チャンネル,0,4,0.452468
UCDsUsPNcNlEjFLHvL_68l4Q,カワナイ【川崎駅前大腸と胃の消化器内視鏡・肛門外科クリニック】,0,4,0.44975
UCHxtdy-q7xyWSYDcsoSXi3A,B級コメディ　しんぞうの逆襲,0,10,0.448377
UC6wjsDPE1I2QsDuh1atHYfA,ドラマ考察 トケル orz,0,3,0.447361
UC63cb-lg-sLGO5mLan3Z_PQ,ブッダの教え1日1話,0,9,0.443634
UCKxn803-Fers90ChifXRpNw,サイコパス甲子園,0,4,0.44333
UCuM5UFGWYmH_mh79V2yh_pw,田坂広志,0,5,0.43813
UCZ2zVp5BwM4tIT111ppW4iA,ビューティースタジアム,0,5,0.433917
UCnbP0ooqE4MCgzQabxpVUIQ,田中俊行チャンネル『トシが行く』,0,5,0.433161
UCeB4IXdxGdW_yAhAMrD6Eww,Nature Sounds nagomi,0,10,0.432822
UCFwFvXWuAJzpAJWx0RESZOQ,ブログで30倍稼がせる猫山🐈本気の副業マネタイズ,0,4,0.432624
UCMJ4M5FFS6xN8dq5JlCe_Sw,精神科医竹内ひびきのメンタルヘルスCh,0,5,0.431069
UCFSvwa6nmTLbeOIrpbt50xQ,ガーデンちゃんねる,0,4,0.429349
UC7DDkgrinCDkiqNoLBB89hw,メルカリグループ公式,0,5,0.428988
UCSe8c_zeaktqR8uXJ-7oHHA,集合意識で精神文明へ!カイフ改めカヰフ,0,4,0.428815
UCuxBhW13bQwT4oMWmU4AY6w,櫻庭露樹夜ツタチャンネル,0,3,0.427147
UCLU3mh6XKKgu7xZA9X5xRLw,自然の中でゆっくり雑学,0,5,0.426654
UCA9zIXK8lH3k2G-8AFDYWJQ,Dr.スズキの若返り革命ch,0,10,0.425128
UCA8vnqe_x4oxeYTPu98Zhgw,たけちゃん@人生再挑戦サポーター,0,3,0.424627
UCBfu0-20fcPg5KVznNBeUIQ,がすけつ【もう寝る人向け】,0,6,0.42278
UCOWktsAI5FeSZ2-RP1RQMmw,龍輝 〜許しの殉愛〜【男性心理×潜在意識】,0,5,0.421821
UCqPN6DgMpm87h3IaMua2NGQ,銀河の調べ,0,5,0.421497
UC7u6xWxfv56rQbWdSYUVXZQ,Risa Spiritual Channel,0,5,0.419038
UC9g02azGSkuevGrBKnz0DOA,Billionaire Hime & Oji Channel,0,3,0.418194
UCMsD9a7yMUGoh4Fhz_Jdweg,Trang & Jiro 【Vanlife in Japan】,0,4,0.414574
UC5JWR1otGbD8iJO4qN_dsfA,Nero Knowledge,0,4,0.413137
UCIYEAW57AFqhkmKTbZgNvBg,漁師ちゃんねる Japanese Fisherman,0,5,0.412566
UCk769Z_Mwz_TYiHLmgA247g,林慧亮 / uFit代表,0,8,0.411122
UCLyorWmGdPd4hKNHkymry6A,JAPANの品格,0,9,0.409977
UChhu___DZN1taFTtzdHObMg,おもち×和人 VLOG,0,3,0.409858
UCEAiHwhWEazKWX1k8hvLqPg,トッチT-flow,0,3,0.409473
UC5fAxGrOs0-Yy7x8QILOMrg,1丁目1番地はれいわチャンネル,0,3,0.407737
UCK6UcpNmgAV49wvRNf6Sm_w,【公式】まんが日本昔ばなし,0,11,0.406218
UCBIOa2R01rp130txb1edkGQ,高橋幸和,0,4,0.405673
UC2N_J7rKTayAFg5A6QSIl6g,時事ネタJAPAN,0,4,0.40398
UC7o9BxSHJzfKHYgDXH6mf2A,こころの道しるべ -ブッダの教え-,0,3,0.403
UC3Ru-Ct0IHXb6xaBpXOdRCw,kou,0,3,0.402411
UCAB5VFceCIpg7pKTOXpxysw,牛抱せん夏「この世の裏側」,0,3,0.399294
UC3gQ-maw51Ovz-Gx7aQ7Igg,Facial Design Channel,0,4,0.395434
UCXxhNwJYn9qcEaevTQebmCw,Misa / Kalimba Music,0,5,0.394081
UCRCWoyqIv80OrDeswAcCmaQ,怖いほど金運アップ,0,6,0.39336
UCsm4ABUy4Q-1TXaRPtOEPLQ,女性のための世界一楽しい潜在能力覚醒アカデミーメタスピ,0,4,0.391979
UCHsgsGmXU_eEfcrJ-TOAQaA,手帳の強化書,0,5,0.390849
UCsywJfWdZGEnn8KxIZsb2nA,ひすいユニバース,0,3,0.390582
UCX1dYLkjn5DkHrgDLyUM1CQ,団地育ちのひとりごと,0,4,0.389157
UCxWbp8dcBUF7XSfFefLt3Dg,プレアデス叡智航路 〜タリアスの宇宙案内〜,0,4,0.38664
UCsxp8VO4DJ-NpMJ2DH6Ol5g,べべ@元メンヘラ引き寄せマニア,0,5,0.38599
UCoc7N-ApnJ5o1SGPvahbtXQ,スピリチュアルを生き方にする,0,3,0.3855
UCbnB55z6h-cXlD5_pNrA9QQ,ラプトル博士【お金ラボ】,0,10,0.385241
UC3IjRApzHY0m8tx1soya6IA,世界極秘アーカイブ  -未知の扉-,0,3,0.384846
UCW1m4ZOBYZ8mWXCPX-5EMqg,のすけぼっち飯,0,5,0.382424
UC-N5VcKtH5XQLoOQonXDkow,zen place,0,5,0.381772
UCG1B4QnJv7rd-nut6YfoJ-A,【ワンネス】kiranチャンネル,0,4,0.378829
UCE7G-YbqilH1azWrW6eMU8A,引き寄せジプシー 〜 真の引き寄せの法則を教えよう,0,3,0.378783
UCmzsccXzzFU0LjW3Sv3VPCw,偉人の灯,0,5,0.378608
UCFjkvBmt2grAn_5xOPSmzrw,龍うた - 龍さんのかくれんぼ公式,0,3,0.377239
UCkhI25bWjFgNQOdPJOz7btA,ちゃりこ,0,5,0.375198
UCoWVB4l7q508W7Nn1cbKS1w,amakuchi Electone,0,5,0.375115
UC5ybFwdJFbkDVA29NQG7Ppw,夢楽,0,4,0.37246
UCJEj0eSGzTqlRGU0OFEJAFw,Healing Sounds with Tuning fork,0,3,0.371768
UCP_1xgZmGjcH5FpDSmFUGdw,今井孝,0,6,0.370533
UCCaQNgYm-uAqqBFPWVkEaLQ,音と科学 耳鳴り改善音Ch,0,3,0.369536
UCOgcJCuUrGkWq2FIoVEbv2Q,akiko ET channel,0,3,0.36759
UCW05QegDy11rAFRhuyED-8A,Healing Meditation,0,4,0.366386
UCHif6f3TRqwaqjqUsL4OBLA,はっちゃん【岩本初恵】,0,3,0.364443
UCZ_KBezI8i3wymeh7Y3gv7g,TeKe & Shun Music Information [J-POP&ANIME],0,3,0.363791
UCcNJyOQFlxMBM2pQ7NyzO1w,STRIVE_ストライブ,0,3,0.363102
UCdh0XuhsJaa2taxM6FoWPwQ,annyong Korean school,0,3,0.362858
UC3paHuiZIgOmWLSWYdOyVLg,Taichi,0,3,0.360424
UCYdZsppc_yahZhUOXV3bxDg,心理セラピスト・西澤 裕倖【潜在意識・使命覚醒・メンタルブロック解除】,0,5,0.359136
UCrrsHarrLoiLTqu1LHxDJpw,めざましテレビチャンネル,0,7,0.358404
UCFZYJCfNWv6ODTTETateSbg,旅犬リリィ Travel Dog LILY,0,7,0.357647
UCCNaJxkydTSNf1oWCtuqMVg,年金・給付金完全攻略チャンネル,0,6,0.354942
UCWHo7lkn89lXJrvZohpz-vg,綿本彰 眠りと瞑想チャンネル,0,8,0.354041
UC6KEU5-KSTszEOOnAl8ZwPQ,KING RECORDS,0,7,0.353158
UCXKIjZy24W9CZLTPiYFciOg,自分の人生を全うする為に【マドモアゼル先生】公認切抜き,0,4,0.35259
UCqwvTC2oyN46iMWOimLJlCQ,占星術新時代の星読みスピリアルアカデミーガイアハウス,0,4,0.352313
UCKJxdXHortD74RmhFGssZ3A,上野がいってきます。,0,3,0.351199
UCjp855GiMgUDIV0r778AFsQ,潜在意識を再起動,0,6,0.350937
UCATX-ITJvH2NP5R_AlI8pQQ,ティナの宇宙啓示~Spiritual Message~,0,3,0.348191
UCynpvAMEhgp_peTntmeUyjQ,Kousei Mochizuki,0,4,0.34806
UCOOjLLRDN7OVYk9Pflx0tGw,中川さん家のピアノ講座,0,3,0.347766
UC23qUaUdzmMjXkzD00JsYUA,れいわ新選組を応援する会,0,3,0.347749
UC6_irwnTuut0NgCFSwMGRvg,ASUKASINSHA,0,3,0.346322
UCKIhGjsMhuDw9duHYeP2_gg,人生面白いのは こ・れ・か・ら,0,4,0.344744
UCXe1nt8cWF7Pvnz2aHE2SAQ,Realinfo【吉濱ツトムさん認定】切り抜きチャンネル,0,3,0.340941
UCJ1RCz7m6zBq_XpUycAYn0A,ちょなa.k.aベンテク,0,3,0.34078
UC7kHjmKyNV9V0ZaJDEd3ylA,HERMIT ROOM - 隠者の部屋 - 【都市伝説・神話・古代文明】,0,5,0.339244
UCKkOEt3z_tUzbVoaSXWJSzQ,Takashi Maeno,0,3,0.33903
UCasi4do_1vvdFMUqdsc_uWw,Chie's Hair Arrange,0,6,0.338953
UCGYPQfDXsFv5OIuJ41NThdQ,tetsurin “どおもチャンネル”,0,3,0.338638
UC6ja9IcTpc592Z129zWmVoQ,50代看護師Yumaの婚活事情,0,4,0.337972
UC9-ZsCCu49VQgnyFWBjnTTQ,小林正観と見方道のチャンネル,0,3,0.337836
UCbz3_WeyfXWdYDV7M6b8vCg,自己肯定感アニキ 津田 紘彰〔つだ ひろあき〕,0,4,0.337369
UCsHOUGUpmJo73KONPz3DTkQ,Lucid Dreaming Music,0,7,0.337223
UCGF2wrIRRO7nVJjB5kJHEPQ,U-NEXT,0,5,0.336583
UCgEy6X84803fIFl64mZMOEQ,波動、気功チャンネル,0,3,0.335582
UCGmAFDyo2M7tNbaCb2MGl4Q,ナイトメア・アーカイブ,0,5,0.334632
UC78L5NK-4RfEpJMbf-hVgyg,サムライシンジのギターチャンネル,0,5,0.334015
UCV3o_sySWcdVrxUV9su3idQ,KENTO【マジシャン先生】,0,6,0.332711
UCOxVIQ25CvQjzLS36iB1OuA,5次元 BOY。,0,3,0.33256
UCBIg6EPqmBMhF8QD9-5wC9Q,ヨウムのレオ君,0,5,0.331431
UC4-4HC7-OVR_GWjFBre243w,AI Live-Action Smooth Motion Cinema,0,5,0.33063
UCaJXp2khH7LR65QPVjrC5gw,FOTTO TV,0,3,0.330291
UChU1SYl5xjQT72r3kcfPz0w,べべフィン Bebefinn - 童謡とキッズ動画,0,3,0.329237
UC7An_Lwdwg6VakgfNFbcNTA,Hula-Me,0,4,0.328705
UCd6w8mjNkUotUwDr6j-XhIQ,宇宙からのコンタクト,0,4,0.325911
UC5SbmCqZwNjPx6aA0XK1nGw,メンズナイトクリニック＠Dr. Iryu,0,7,0.324864
UC8XEUwuS13PDCA_IWwQ9U0g,レッツゴーよしまさ,0,3,0.324669
UC51lKaIR4Md_moBuejkRDAg,イエス！えっちゃんねる！！,0,5,0.324221
UC5kL22dSLqTJd1aunmgmLFg,Def Tech Micro's Lifestyling.,0,5,0.322323
UCIV67CitH7a3ZzlZVKPZH-w,天照の光,0,4,0.322199
UC20ED07lWsx3ahgG4y1H3iQ,Yama Q,0,6,0.321408
UCLiCU0qaVZOVB2nwj4wqpXg,Natsuki Yamada,0,6,0.320355
UCMkDNy9Sb9VgRcq1OXW8YwQ,一圓克彦 ニッポンのハエギワ,0,3,0.318635
UCeOhvId9laYom7snzFsJxlg,スピの鈴【ゆっくり解説スピリチュアル】,0,5,0.316735
UCX-MTLMCHWSO1r2tWhWuHig,"Energy Worker kumi's,ch",0,3,0.315115
UC8w9UDkccjpybMsf9gcFlmw,金の卵の経済学,0,3,0.314565
UC285VznWVFpSdxGF7fje0aQ,Hut living and DIY By Yuuki Project,0,5,0.312849
UCjdTN2xjIa6W230GTuJg37w,Ayako Sekino 🌕 A New Way of Living on Earth 🌟,0,3,0.311531
UCMu6ZEcaUIik3iCJl23_ldQ,人生を整える ブッダの教え,0,8,0.311491
UCOp0zu5AeQ8z4P2MArpNDnA,大場香門(かもん),0,7,0.310228
UCm-u12SnfVNjXg5rwiM-lDg,強運を科学するチャンネル,0,4,0.306564
UClUSoUXnpx7rC63mBsAzZvg,大地獄悪 憂国VTuber,0,6,0.306362
UC9i_7Uuf7cdNdtAFdZ6lZdQ,Dr.乾 / 〜医の常識を揺さぶる人〜,0,4,0.305991
UCaas2ujvYwqS1yxpne6p2Fw,【ゆっくり解説】ヤバい雑学まとめチャンネル,0,5,0.305703
UCmWkxQZ38jK1fO6xCyh3iQA,CHIERU travels everywhere in a skirt,0,6,0.30548
UC81kWrkzH1lIKJ8txEwYxhw,一指のILCHI TV,0,4,0.304946
UCm76xB1Yr1DMpHYP9QmT3Mw,秋山まりあ公式クリエイティブパワージャパンインク,0,4,0.304791
UCPHG5XWcXjdYQj3sM61sc7g,テラ144 統合ワークch,0,3,0.303824
UC0PTqoD9pYRN0HmOXiUAPqA,クラゲの星読み,0,4,0.303526
UC84whx2xxsiA1gXHXXqKGOA,Abao in Tokyo,0,9,0.302944
UCoTdehSPYfIM6p1sJZhLSXw,Ryu_心とお金の引き寄せ術,0,3,0.30264
UCX31gNILo4oM_hA9FohhbPQ,光の言霊【斎藤一人さん】,0,9,0.301713
UCLfLojtMGvgiR9efph6VKyw,英語1日1フレーズ HelloEar【あさ7時】,0,6,0.3016
UCFVM_PZ8A-gUcs5yFa3M--Q,結び方ナビ 〜 How to tie 〜,0,9,0.301557
UChn9kCZDRajh7nfp2LNkHbw,ぴよのカエルch,0,4,0.301453
UCycTHdg4i8ZC18GHjPadWRg,Nameless hermit,0,3,0.301229
UCvqL2XJmWLYp8zuaGeKdZsw,TAIKAN METHOD 体感メソッド,0,4,0.300498
UCFzh74uoP-T0FlSVE7g_D4w,人生の名言集,0,4,0.300446
UC1l-cSsy9wf2PMXVnQrYJ3A,【澤さんの人生いつも楽しく】ホームレスからホテルオーナーになった宇宙の法則,0,4,0.299856
UCS6C-eumiX-ZJFfr3N0ztdQ,あき【手取り17万→副業年収801万のリアル】,0,3,0.299419
UCYJdHBzUk_l1xsVVy6xy8Nw,ヒューマン伝,0,6,0.299395
UC0REOP_8nMLZDofOBO8kQTQ,うま馬クッキング【糖質制限ダイエット応援チャンネル】,0,4,0.298796
UCn_3atH6FYfjrV884LwSbnw,Budo / ぶどう,0,5,0.298543
UCCdg2XqMOhuU3G-neL6zisA,Momoyo Awakening,0,5,0.298517
UCsur6IHfIMF3O61tgLsS7JQ,副業ハンターの神谷さん,0,5,0.298121
UC-mIcnbX-OGB9BZdAUFHCkg,宇宙5次元ロード,0,4,0.297972
UC2rloXX7fuFvTFhLTGfxOEA,NOVOクリニック TV・龍見昇,0,3,0.294504
UCHuOGqY3pnkJYkznyk6PGJw,amanamana アマナマナ,0,6,0.293599
UCmfV_755JPAaXR6DNgkPwuA,白ごはん.comチャンネル,0,4,0.293566
UCAYxXVDSCTDXy4o5UPlvlEQ,山田 宏 / やまだ ひろし,0,4,0.293216
UCsI0OMXYChN5C4KhPWbJLmA,雑学道場 達人の教え,0,4,0.291383
UC92TKpIzZFW5ErmayV3poeQ,ヤンタラジロージャパン,0,9,0.290389
UC0DrmGgbfbOqV0erFaMbzVA,RINGOMUSUME,0,3,0.289584
UC3SE00eDruKMkCE7E9m3xvg,スカッとストーリーズ,0,5,0.288203
UCcZqOYPDBoCaY0b9VjJVjaQ,次世代_経営者アカデミー,0,3,0.288144
UCo5QphGnkwcd_pJQNp1WGQg,人生大逆転シンママの引き寄せ術💎みーこ,0,6,0.287729
UCFz3XyArh0lvMbDuBE-seig,竹原慎二のサブチャンネル,0,4,0.286774
UCWaUYINbH9a0C-_u2ZYUZfA,ギャル曽根公式チャンネル「ごはんは残さず食べましょう」,0,4,0.285427
UC5o8__B2BXoqFf0Et1fMSrQ,June Lovejoy,0,3,0.28518
UCdM7vsQUWcoRwBagAvWrWKA,一阿の言の葉(イチアノコトノハ),0,4,0.284258
UCHJ5lGMI0cfjpxWgy88rgGQ,Mizuho【タロットとオラクルカードを通じて魂と向き合う】,0,5,0.283581
UCPAIiMqlgYg01DYkw_IlSOw,潜在意識×脳科学で自分力最大化,0,3,0.282725
UCXi6VgIn75SiwYOIp2Rps3g,KEITO,0,3,0.282629
UCijSwM-JYoymEMIUmBP1pGg,日本の政治 研究室,0,4,0.282115
UCiVc9ZYawbkUxXkcs8D5A2w,地獄海外難民サブch,0,6,0.280948
UC-8HUbXxrVLbDWJshcAEaYg,World Healthcare Game Changers Forum,0,4,0.27975
UC4m3BXJ-M9FlKNzTPsb14qQ,Soothing music harmix,0,3,0.27971
UC3JIsi41JDQi0gKTg43bmzA,Shiiidaの絵画教室,0,6,0.27946
UCcnAhXswGOhqMs84mZ2Vptg,Super Tomato―英語チャンネル,0,4,0.277433
UC9Wesh1nf7vtrMHNF7DtUog,Yogetsu Akasaka,0,5,0.277241
UC2656chrY5MdTQO2_II7yRg,まあたその「もうメインチャンネル」,0,4,0.276666
UC9-Z4TFtqPQdShVD8OSC_NQ,【おのだまぎー】AIラボ,0,6,0.276653
UCLlh7AR7V_Z7FqHuLVccbNw,【たっくー切り抜き】たっくーTV切り抜きチャンネル,0,7,0.276316
UCKm9RvFzNZIU4Uan98K_law,カフェとノート - 手書きで毎日をちょっと良くするチャンネル -,0,5,0.276034
UC84gqoh7YRQk2vRyTDQkwBw,JPN Rap Battle,0,3,0.27483
UCIh7UK2xyj-j9cqZgNTQntA,The Wisdom of Magic,0,3,0.272412
UCDRI7r1kx-HQQ2O-AmzQRww,弥生【公式】,0,5,0.271925
UCRNuk2WyRQxWdiCEPB7ebUg,ママリ,0,4,0.271245
UCk5WumPJ3E4FvpWHemQCB4Q,宇宙雑学クエスト,0,4,0.271062
UCN2XKdUYlOHKRvxFi5Cc5dA,マインドフル・アーユルヴェーダ なつみ,0,3,0.270964
UCB3scYIDyM-f9h8OhdLI8jg,小池浩,0,13,0.270455
UCJbmhFMoJZgNsbmie8hBEYQ,Japanese god miracle and spirit healing sound ,0,3,0.27041
UCUOENFQDNOpolzMknBE_0zA,Great Quotes - A Treasury of Life Wisdom,0,4,0.269317
UCQt_Hv0xVgYGsKA2kr0j0EA,出口光のDの遺伝子 / The Japanese Civilization,0,4,0.268584
UCiS2AHYwommSgungLQRgoaQ,南大阪の整体師@こだま先生,0,3,0.26852
UCE05Loo-ADhXiofF6poA4SA,CLIP STUDIO,0,5,0.268032
UChb3mC8di8SM0WLrxV1pPPA,ことだまアファメーションch,0,4,0.267966
UCPqMEfLMO8EoDDRYQpU8-kA,50代60代からの簡単若返り,0,4,0.265313
UC2WhZEjPwbbvI1fpaP3N87g,武井浩三の「人類あとちょっと」,0,3,0.265193
UC-g3J-t1vt4TmdAogDbkDoQ,心と身体、精神と現実をつなぐ OHANA Healing Lab 〜みんなちがってみんないい〜,0,4,0.26516
UC8iJi2wdYKvz30EYnAN7Xlw,JUNNA,0,3,0.264665
UCPpO7BFblTOBjI6KJSosJNg,冨永愛 / Ai Tominaga,0,4,0.262662
UCWa-XkF-qF-p_ooV4XCr4hw,金屋食堂 ちゃんねる,0,4,0.260078
UCKcLnt9klzbZ92Zjz1JBwPA,Zeno Zauss,0,3,0.25952
UC70k6ZuvoHN2j3cGsqNoj2w,ケント@心身を整えるウェルネストレーナー,0,4,0.259421
UC_IXM652ArGOxwfZzo7sPyw,CAFICT,0,4,0.257307
UChlz62qIkNouRTXbwJhYyRg,ケツメイシ,0,4,0.257236
UCB9ZuDZIxbWPAtFsnbFe2ZQ,How to work and live as a High Performer by Akira Iguchi,0,4,0.257078
UCOvATvscOedgdjmSr1XhGOA,恋愛講師が教える「恋愛のやり方」-光太 -,0,3,0.253148
UCGVlTzpeRnQWgO4iW1jvxXA,竹垣悟チャンネル,0,4,0.251712
UC0RJAtZGjcUfwskb_AKGw3Q,さきここVoice,0,5,0.251153
UCB6RegeKZMTPaQXKnXeFRVg,影山のトレード攻略法,0,3,0.250996
UCUm4Dm-TFLJhan2nOHxfVQA,石の専門店　コスモスペース,0,3,0.249663
UCShU_EtP06kiDCe7CajnUhw,青林堂,0,3,0.247794
UCcb0oxkMhVnprQEo2pWWKjg,小堀訓嗣【こほりのりつぐ】の自己受容チャンネル,0,4,0.246735
UCp6p0FTVryoIJ7Suu8kginQ,大人の若見え変身メソッド・央佳（おうか）,0,4,0.246663
UC1xW9sWqMKwkt6BLYF8xx6Q,ドレミ付！1本指ピアノbyりょん,0,6,0.246456
UC53pUCQiOGUj6Eg9WmzG9jQ,DhyaanGuru Dr. Nipun Aggarwal,0,3,0.243493
UCxuuuG_hArKRyRWQaBhznPA,上沼恵美子ちゃんねる,0,3,0.243315
UC9buYyn4uHCO_hRJavUqNgA,哲楽の心を整える学び,0,3,0.24322
UCxwaC01S73yjkHbLWDNsMfA,ホアシフィットネス,0,3,0.242877
UCP7ERX9YZHICT24gU2BGIRg,【歴史家】田辺眞人のまっこと!チャンネル,0,5,0.242743
UCCfMSTNnVPzQRxtqh43p5OA,Relaxing Meditation ,0,3,0.242354
UC6jb9ZW92VA8Lx6f37QHDzg,沖縄ゆんたく放送　山羊の山学校,0,5,0.241105
UCf9FhGtEfZjXIT0jBs03q2Q,ねこ博識【くろ太】,0,6,0.239194
UCC0KP4WCVQPe8n54fL5pHxg,Lucky Tunes,0,3,0.235992
UCB_Z6rBg3WW3NL4-QimhC2A,The Rolling Stones,0,8,0.234674
UCIxZR6UCQLaqoF4p-KLxlqw,起業一年生チャンネル 個人起業の先生 田口真吾,0,3,0.234232
UCLGyUnZcuBT1BmKOe_oltKw,独学でマスターするタロット占い,0,4,0.234212
UC9QoverAzDaWM-8tEmGABWg,過去・現在・未来を思い通りに創り変えてあなたの願いを現実化する「超現実スピリチュアル」 池田佳織,0,3,0.233496
UCOyEb_X_zgA8fRXnBgcqzKA,2ch有益スレまとめチャンネル,0,3,0.230576
UCYh3A-9ZU4vuDeqAqjXlvEA,おにぎりとオカン＠酒飲み親子,0,3,0.23022
UC1MF4QvvvNIpogR6eCcUHcA,ナチュラルボディビルダー軸丸謙吾CH,0,4,0.229125
UC48MclMZIY_EaOQwatzCpvw,Aaron Doughty,0,3,0.22882
UC4PKBVKDZjGcmsaf3-gvCpw,na Relo 洋楽チャンネル,0,4,0.227958
UCJqAartW8DBhzLn4ZjTxWtw,富の意識,0,4,0.226253
UCuasqWbfGT1yKECWhExNvXw,spiritual artist SHO  / 陰陽祈祷師,0,4,0.226241
UCAohVr8sWOU2UMiLh0kmX3g,彼女と学ぶ英会話カフェ,0,6,0.226095
UC9rOWpS7IMMsSxWUwXOT63Q,Kyohei Hagiwara -萩原京平-,0,3,0.225294
UC7D3WNqIOXYEa2fG3nR4qow,ひで麿のもう1つ,0,3,0.225002
UCChPp626DZmccnKXrzgRhyw,胃と腸の専門家　新宿高田馬場駅前おだぎ内視鏡・消化器内科クリニック,0,4,0.223555
UCRUAobhJzYAxxmTkNakfJ6w,政治経済の闇 ,0,5,0.220631
UC2m77KGMIKZCD0Kw35-4shQ,Yuval Noah Harari ,0,3,0.219028
UCBp1_s5PCLgqTyUEoOJaOnw,ボイストレーニングスタジオTIPPLE,0,3,0.218839
UCCv5B0-mapBbpD_fgR15dGw,はなラボ⌇無敵マインドで素敵人生♡,0,4,0.216881
UC-ZHt5Zgadfx-B1CM63Lqew,WayV,0,3,0.216456
UCnhe3qlC6IR7ZKhD1PPHUvg,トランサーファー　タフティ現実創造の伝道師,0,3,0.212853
UC4Zl2LzFiNIxK_R9pPFJk4A,あやなべ🤎ネイル,0,4,0.212554
UC4mRwjdmGqR8wZhx35EKuaA,睡眠BGM研究所【5分で寝れるBGMをお届けします】,0,4,0.212366
UCSDiCxbak4mNoGxpYHW38cg,コヤブのなんやゆーたらオールイン,0,3,0.212263
UCLXxbtm_hN8tl-kbcjisKQQ,手軽に国会中継【桜子の部屋♥】,0,3,0.212057
UCC0EDAN3QKCw5lP3ZjXFKTQ,Yuki's Test Drive Show!,0,4,0.211712
UCcCD5sFQy0VJxXl2p7bfqSQ,Kookomi ,0,3,0.207771
UCnBfVA-8WFwOXACivW1rPyA,Abraham-Hicks Publications,0,3,0.206008
UCnXYQy7XqRgmD5orp7_nD7g,HIMARI Violin Official,0,9,0.20591
UCsO2AsQonW42P76RBC1A7ug,鳥尾匠海　Takumi Torio  ,0,3,0.205264
UCQ_LN6ELte7ug9IeS1VP1bw,メメントモリ公式,0,4,0.204894
UCCG-1MAEXcFPyf0ideG9IGg,裏恋心理学 - 秘密の恋愛,0,3,0.204339
UCcCq4yqL3SlLkLry7AdOBEQ,やっちゃえ伊藤かずえ,0,4,0.203488
UC8rFEsBOjTMDC8GAIGn7Bqg,60代だからこそ,0,3,0.203414
UCAU9BFIY_GXTreJEFdesDqw,朗読聞き流しちゃんねる,0,5,0.202397
UC0AYy5FU2odu8k2kpnCovaQ,かえでのスピリチュアル研究日記,0,5,0.200251
UCy3fP92-vzOmYfG1vzGIqTA,英語維新〜はじめてのイマージョン〜,0,6,0.19936
UCOa-WwbjZhI1dBVQmeAqj5g,Camper-hiroTV,0,3,0.199245
UC-YcwKIBD0kvwaICQXXlwCg,木佐貫洋平 LimbaTrip (プロカリンバ奏者),0,5,0.19924
UCFmhcCA-aWKFWWkXq2elYLw,猫の芸能雑学好き-猫雑-,0,3,0.198151
UCFOApREKZXDWZM92XGBoLKw,ツヨシ | techyou,0,5,0.197718
UC4RTbm1CKtyCtjWtWrp864g,マイニチ不動産,0,3,0.19704
UCk0KTMsHsTVhHP4f_42rCxw,そらベジ🥝ガーデンハック,0,4,0.196953
UC8YG0iB_Fu4lKmFZN6CcRKg,Nippon Gadget,0,5,0.196746
UCTHZeVyvzmmXj6CCyoP7QNw,武田邦彦チャンネル ニュースの虎の巻,0,3,0.196729
UCLsQNOJhukvrnUu8kE8fVsg,namiのHAPPY CH,0,3,0.196683
UCnc_NM0XIMWI_-8tIRF9iug,English侍[英語侍],0,3,0.196563
UCPn_e-7LD7SbzIBxdU_XBnQ,猫とタロー,0,3,0.195797
UCVbE1u_LJZ08xXK8uFOQ0Dw,中武優の不思議な館,0,6,0.194724
UCIET3Cbjq68zfx0ZoSvHZ1Q,source of power,0,3,0.193933
UCIdCjdPoSxI56n7A4gECDdw,Litty,0,4,0.193805
UC57_bqiBqkqA7nTndw1zmLA,nTechチャンネル,0,4,0.193384
UCNS3dqFGBPhxHmOigehpBeg,Love YourSelf,0,5,0.193293
UCz7-7HGtzfjlhUM3ex8owPQ,血糖おじさんのセルフ治療,0,4,0.19324
UCKgFVhDUqJSIe3YMFtaYruA,潜在意識のトリコツ【2chゆっくり解説】,0,3,0.192563
UC7kU-C7udSAB2VYY1sbWetQ,ぎゃおぽんの闇解説3rd,0,5,0.192448
UCqoN8rJqCLDkW_Ba_aOgugg,韓国男子TV,0,6,0.192189
UCFzsZ77W-oXfqamVQX4tzMg,ガゼッタch【SNS最新ニュースを呟く】,0,3,0.192057
UCKRmAzYcVEWPrjp0DCTRP9A,Japanese people are angry,0,5,0.191905
UCOftnU7H3ZaDtorSuYT7oFg,脱・プログラミング | AI研究所 | マツケン社長,0,3,0.191828
UCbSN3elYXovS2MZLq3lrKHQ,アヤトの育児 -Sumo baby Ayato&Haruma&Kanata&Akiha-,0,4,0.191284
UCRpPrfT9FS2Fy3MKJYoSNHQ,よっしー部長 【 警察組織の裏の顔】,0,3,0.190913
UCaCPFuPUkFadx3anWeJPMgQ,もり鍼灸整骨院チャンネル,0,5,0.190451
UCzb3FKu0YrdNG5CRvBl6atg,クキパパレシピ研究所,0,4,0.189596
UCXyxYiH3UT9VtLak2W1c6ng,junjunチャンネル,0,5,0.188839
UCYj70gb7E7-O76bOeA383jA,kazephoto _ 4 K 癒しの自然風景,0,7,0.188089
UC0kyAVjAO4ZPAu7UI7F2H_Q,HIROの相場戦略【エリオット波動分析×移動平均線】,0,5,0.187922
UC2Z_GthoSnSkBMpWkqb9Z2w,カワラの研究室,0,4,0.187848
UCdNCkiuyfHVB322FYWnIq8w,トモキンスイミング教室,0,3,0.186963
UCHBsoCdxAAvqnSkAwNdEqPQ,ブルーノ・グルーニング交友会,0,3,0.186301
UCAdiig-fVAzmz_zrsnoMHxg,日本チャチャチャンネル,0,3,0.186221
UCTJZxEAFru9YQMunxEpZaww,異世界への扉,0,4,0.185596
UCIQzfXsmjUObTWvg93gySgw,robot channelロボットチャンネル,0,3,0.185115
UCHpcx7N2bEUFmI78MuBG1Kg,clastories,0,3,0.183931
UCSRIoX8CImBlfmsmERHhqZg,ささきひとえ【VocaLifeチャンネル】,0,4,0.183886
UC-iS9wMqGK2ZmNgjJsCKXXg,Healing Love Frequency,0,3,0.183392
UCz3YGxYNeqGWI5xXPhmHyCQ,阪本直人,0,7,0.182924
UCNeA97Ut3EMnM7I1ACNLCAA,発達障害カウンセラーかずき,0,3,0.182833
UCg1VGnm0yxkCyMx4CgqoMuA,チル / Chill,0,3,0.182506
UCxOnNPd0-pJJsb4Zz7WxfBw,ようはなんでもいい。,0,6,0.181392
UCpFf0bsaAm8HLHmaWN-PQ1w,いじめ問題解決コーチ【モロ】,0,5,0.181209
UCJ98lzh2QJGp37QgWPUcwrQ,HIMAWARIちゃんねる,0,3,0.180908
UC10TxL8K3RaN8-q_DUs4VQQ,わかりやすい心理学,0,3,0.180871
UCJ10ejCQhsBrZEh3xi00eBQ,Irene Butsch,0,3,0.179515
UC81j4kDnNzBgB2rXj-Gibug,笑いの神様,0,6,0.179468
UCJSp5g0Q__p2y9ByIXdRHaQ,猫ッチョファミリー,0,5,0.179457
UCfMIdADo6FQayQCOkLYGhrQ,JAXA | 宇宙航空研究開発機構,0,8,0.179251
UChugK2lykFy2IAZFKex78fg,天赦音の処方箋 - Tenshaon no Shohousen,0,3,0.179012
UCH69wh50sV54_m5AAPqbmdg,SATORISM TV LIVE 拡散用,0,3,0.178397
UCGXhbEFtOJj2MnZ1tKBAF0Q,山岳遭難ファイル,0,4,0.178396
UCFJNuNezJ4GZjhRsf-eNWoA,マインドフル睡眠チャンネル,0,6,0.17824
UCwVfOiY1RQjkXgMmVZmFGvA,Dreamers TV,0,3,0.178239
UCKfsas7AS2Vu9JQW8ypVYbQ,パワーストーン研究家 市川恭子,0,4,0.176348
UCGEykUUzhqVuKI87sanyi5g,錦織なつみ | 素朴美容,0,4,0.176233
UCBbtQP8XYk44e00Jix3_bIw,初級英語リスニング don English,0,8,0.175892
UCHuSELHgkrHSCQ-rDuDjbhw,起業の先生つづみ社長,0,3,0.174791
UCism4-Y7-J19v-O5s9s29FA,KyoN 美肌研究家 | しゃべる真珠,0,4,0.174719
UCLxAS02eWvfZK4icRNzWD_g,Music Travel Love,0,6,0.174433
UCYQPmBte4i9fpQPHiAEgPIg,誘導瞑想の森ー睡眠・リラックス・癒し・アファーメーション・潜在意識・宇宙,0,3,0.172602
UCUt40mVJoo24wEYNz1PjWBQ,金運女神チャンネル〜所持金9円からの大逆転〜,0,3,0.171832
UC6Yqq3yCK1UD1fvWlSO8qTQ, KUNI fitness【アゲトレ】,0,4,0.171765
UCLVYuc15VyUHfhwBKP2qwpw,潜在意識のマスターキー,0,6,0.171537
UCq09Znsa9tbbPtT0jkTAcBA,ですわ【40代50代からのイケてる男を増やすチャンネル】,0,3,0.170522
UC9LYbpMqsFcT9Z7qOAmQeJA,真実の探求教室by真仙明,0,4,0.170435
UCO2rWR4ikBWfCA2XnU3EEKg,Relax Sleep New Age Music Channel,0,3,0.169588
UC2oc9ZvoYYuMNWHy41J4USQ,Tomoki Suzuki,0,4,0.16954
UCNuG8nL3ExIbYP4_wYBY9qg,ナラコミNaracomi,0,3,0.169225
UCMdLfSBEmAHXfjzG8nNwzxA,空気階段チャンネル,0,3,0.16899
UCW2i-T-clGAbJUutVJmFpMg,教育番組タイソンチャンネル‼️,0,3,0.1689
UC7aw1FDJNg8ug63NwJIrRBw,シエル-ciel- divine oracle & light healing,0,3,0.167176
UCGiBWxLKR6aPXZyuzY-BriQ,Joe V. Nguyen ,0,4,0.16679
UCe-NALFisUQxQHaGuaWXf7Q,ガンジー横須賀のピンポイントちゃんねる,0,3,0.166663
UCYITFc8_Soe-7tVtajoq1lQ,大人の品格脳 〜魂と科学で人生が動き出す〜,0,7,0.165889
UCcVGa86-LCVB6ZEFIDVL9yQ,NiceAdult,0,4,0.16588
UC8iQOVjvWIWIRCieZkOrrng,チルチルミシル,0,4,0.16563
UCc6yhEW9wamDacaX5Y8zLlg,田中慎一 Soleria 大人メンズ専門美容師,0,3,0.165351
UC2RY6iPTIwVVmkC-eFm8hog,金運アップ引き寄せの法則,0,5,0.165183
UC1vWbSpG34fE4Z00ZGBZuuA,にっしー映画感想,0,5,0.164701
UCV-XT71n19zhUQU834Hec6g,Sunny & Zia スピリチュアルダイアリーCH,0,3,0.164484
UCJFlUl22DQ-vtOWFvTUT3sQ,セカイムラ&MMM事務局,0,4,0.164253
UCDHRxyFlNe-7e0nxnQRkV7g,Eko Talk,0,3,0.163592
UCCp8jrTRrD8D2CU4edygkWQ,おぼっちゃまくん 公式チャンネル,0,4,0.16295
UCWpxjZ1gLVIYFo4pDGuDPtg,5次元意識探究ちゃんねる,0,6,0.162707
UCinAlEatpwEApW3y1YHSwjQ,Riyoko Takagi  りよチャンネル 高木里代子 ,0,7,0.162687
UCP3pJZppTTt5fvP-S1Ryg4w,K Yoshi,0,3,0.162577
UCfVEQ5WOlmsgywSwWFVrQ1Q,資格の大原社労士講座（社労士24）,0,3,0.162175
UCbNAbmb6X3MYJFwFIoIltOg,#シゴトズキ【フジテレビ公式】,0,3,0.161763
UCMEJicT1M5Nv6zhUNQp9Csw,世界のFX手法を研究する投資学 by 影山,0,3,0.161484
UC0hRaG2b237nFkQESi4_LhA,パラ子とヒデキのお得ちゃんねる,0,3,0.161295
UCH8okXYfGCqTUAMPgaUs-GQ,さやかの手帳スタジオ,0,4,0.161203
UCatCuk0vWueKRFU6zjBT_sw,TSURU_HAPPY,0,4,0.160931
UCN42zhwJo5otBSgJ_usYWoA,言の葉ラジオ,0,4,0.158964
UCZ2eIJY0phalm_MG38kE26A,Misha Charoudin,0,3,0.158624
UCQZJYWAjKun5B5xVl0b2AqQ,葉山潤奈,0,4,0.158614
UCD7Om7RwzlDx8jEigHFvo8w,波動の門,0,3,0.158203
UCC5xFesuC1guUjxh9XU3Hog,政治ゲバラ,0,3,0.157835
UCWacORHg9JrJzhEuE57EkFA,チャネラー純子　　宇宙語・ライトランゲージ,0,4,0.157765
UCB-199M49QFuC2PLp1mRTew,眠れる歴史チャンネル,0,3,0.157706
UCIjI6QO5Nb__nMZgl9HToQw,自分と家族を治せる整体塾・土井治療院,0,4,0.157496
UCrIjIlgwK1TUxZtIpIngkpw,FXトレーダー【ForexDog】チャンネル,0,3,0.157408
UC0Xj8gqkBiRlKqGi2fh6wMg,たなかつチャンネル　田中克成公式YouTube Channel,0,3,0.157272
UCMOkyebCFfaVhfV4Z7nruGA,水星亜弥子の占いCHANNEL,0,3,0.157098
UCIazaU3fElYr1GzltIXYcag,【公認】ゆるっとmikuruちゃんねる,0,3,0.156765
UCerl5qprPtAhh3S1lSb8IIg,Sumadera Zuisouroku of Yonin Koike,0,4,0.156492
UCj29OW6FVgL44EQlGAgm2sg,Alpha Umbrella,0,5,0.156459
UCrZsprAKqhH_KrRPGaZBfpQ,ようさん起業大学たのしい集客学科,0,3,0.156072
UCxYetwdd_jHbhFe6p013-rA,『真相を霊視』してゆっくり解説,0,3,0.155659
UC1Yeb_g__-7zf456zTjj7QA,開運 教えて法演さん,0,3,0.155428
UCFkq4MLSRPYndh4eIup3Qhg,箱舟Noa,0,5,0.155403
UC37j5pBY-mw3QoCMEdomE2g,⭐︎金母kinkaはぴねすちゃんねる358⭐︎,0,4,0.155166
UCuHtlWEFWjjSUFDJpoUuVmA,親子バラエティ,0,5,0.155148
UCqBiwXV1tuMzsON0egz2MpQ,だい先生のセルフケア教室,0,3,0.155042
UCfVvZGS8d2AFrvoX6zT5mDg,茶々茶(chachacha),0,3,0.154883
UCS_hnpJLQTvBkqALgapi_4g,SBSKPOP X INKIGAYO,0,3,0.154661
UCqHHBqk6MTq7bK2EkMRo3Iw,ハッピーすいれん,0,3,0.153606
UCAyxK7ENE4xFJ_rzvqjdPyA,反逆の町工場ビリー　モヒカンベアー,0,3,0.153381
UCoOae5nYA7VqaXzerajD0lg,Ali Abdaal,0,4,0.153093
UC6jhKETRm2O1JI-U2voBrsg,洋服の青山 公式チャンネル,0,3,0.152901
UCyX-mqGMDlMHa4AKxC_cZaw,風間印房の開運ch,0,3,0.151837
UCnx2cUtZncMc7al7UE0fzNg,Eye health and eye disease channel,0,6,0.151268
UC4Myy9m7nBkjg-ZdtEylBFg,たむじょー Tamujo,0,4,0.151006
UCdMF3ZGlIbtYkMlbJ4W6-nQ,保護猫ハク 猫の気持ち図鑑,0,3,0.150587
UC6mt9RoLyKA5J06Wu5EarPA,チカポン,0,7,0.150419
UCFhbSmqDGcM2I6AcDDo1zdw,DaiFit,0,3,0.150203
UCdDsJv_aq9Uip63Su45Lyqw,岸谷蘭丸とフレンズ【大森&MMBH&皆さん】,0,4,0.150032
UCZ--7sWVCq2Ko0y4VBgvn4Q,ワンダーマインド,0,3,0.149875
UC0lIV4BQ8ZZ5aBOWx5lYWbg,myth. mnm,0,3,0.149457
UCVNN1mymESxxJem-D-Tu8CA,Nピラティス〜ゼロからわかる解剖学〜,0,3,0.149291
UC8oLG2CTHG1zgPAc4VqcAKg,アカシック・ボイス,0,3,0.149263
UCUUcp9Mek6ZNGEXaeXtS0Hw,フォレスト出版,0,3,0.148959
UCKhRskZtvUYiX6cGdhLHpTQ,とったび日和,0,3,0.1486
UC3UiFp2HCmmceTGU_-U1pIg,やまのカタチ,0,4,0.148332
UC24_sB2euW3ijBYkOpI-02A,アンタッチャブルでやらせてもらってます,0,8,0.148086
UCmaLFsop21BSOxUC_5j9BAg,整体院 一心 -ISSHIN-尾熊 展弘,0,5,0.148048
UC3d2oVS3KEmmgORLYSrpKmQ,SOUYAチャンネル,0,5,0.147989
UC1Rg1u2rL4x7Pkgh5LOezWw,充電器メーカーの株式会社CIO,0,4,0.147916
UC56hW4JYdqULYBpeHw6veKg,Classical Music BGM (channel),0,4,0.147833
UC5Zq8bPxNI-RXQbBMZjCmbA,William Wilson,0,4,0.147735
UCLMnjEjefv0DfKQNuyZyumQ,S.LEAGUE OFFICIAL,0,4,0.147451
UC2N9Ma65qOYjJ_dhIj-HvmA,Non:Sukeサッカー情報部,0,3,0.147109
UCE14d37TnQN61NT5iy5ZD_w,PC Clinic,0,4,0.147087
UCX7Eh7qm6IxZ1iveOecjhkQ,Masaki Takebayashi: behavioral economist,0,3,0.146955
UCXPwyNQ4gUiZm-XJyP3TVlw,杉本錬堂の裏チャンネル　預言・シャーマン・瞑想,0,5,0.146404
UCCGda5_Ux5Ya6ECB2-fqACQ,石川新一郎ジャーナルチャンネル,0,3,0.145935
UCpZ9IV4RrV0zBUiCJsPOObA,ParadiseTonight (Meditation Music & more),0,4,0.145922
UCsPQML1ikP_ZHSd5vdi3CsA,むねちゃん│世界が広がる人生,0,5,0.145435
UCJkLl0vdX922x7KtxiQIYlA,柔YAWARA【長野市の整体Zen繕】,0,4,0.145111
UCRa2oR0cUebiucyOw-8FU2w,オペラ対訳プロジェクト,0,4,0.145039
UCq11GfjpICAE7hKANyVErfw,日本企業超会議,0,4,0.14482
UCWEtnEiVwUy7mwFeshyAWLA,RHINO,0,4,0.144495
UCz1Cwb8uEQc6bf6H3ASXb3w,Sorano Kaori,0,3,0.144248
UCJu623RXG95vXKxRQEAGGhg,Bialystocks - ビアリストックス,0,3,0.144182
UCZ08wb1RW-7GcfCZsUTWKpA,KEISUKE ,0,3,0.143964
UCrrh4Op1keM-V_N8ZlAOtig,本要約カフェ,0,6,0.143822
UC5579wa0cLaZW1I-ReXfqoA,Nagaoka Pro's Golf Lesson,0,3,0.14355
UCnjaJM9c9QNvkPO-95A61LA,pinkurou,0,3,0.143339
UCT_5ZVLU7zdeYbhiehj3f_Q,二宮こずえ -Cozway Channel-,0,4,0.143007
UCnHr_aTDJ-LIBcR8LP8G0ag,半熟仮想,0,4,0.142539
UCYYHd8GZtFsVlnhmfzG-HEw,白瀬あかり,0,3,0.142344
UCdjO7cf5visla1WQJWCVCQQ,Star Way Healing,0,3,0.142165
UCLawv056mWPlKH8QcbILXNA,Professional of luck,0,6,0.14206
UCNvDbbq0_pN4UrAC20fN2uw,IORI,0,4,0.142055
UCaUXIgbmUtmmV8hAu_vpytQ,Miracle Shift Academy,0,3,0.141659
UC6fw02-aomOsu9vrroAerDw,youngguitarmagazine,0,5,0.141578
UCU0LI3jhEWOb6rxw2rOk6Qw,笑顔のエプロン　ハネダ　,0,3,0.141398
UCjvj8CHOD2smgoJDrsS11Ew,美髪アドバイザー小山【こやゆう】熊本美髪専門美容師,0,4,0.140916
UCOCcbKYKPvoXbnqsNvXQDtg,RYO Fitness 【30代以降の女性専用ダイエットトレーナー】,0,4,0.14091
UC4MRrV5olz8pd_W2aUryj5Q,つのまる社長@人材と経営のコンサルタント,0,3,0.140789
UCpL-Tcg0XVUNhfMs1iMqD7w,yamakana farm やまかなふぁーむ,0,3,0.140276
UCJKyzzJ_ALysUJIqVy4lwYw,まかちゃんねる,0,4,0.140053
UCjz6uDi9ABwbhrNrOZg8GSw,人生ものつくり,0,3,0.139905
UCE4eTJGuuM8lvcW9jkqSX8A,WWDJAPAN,0,3,0.139584
UCG4oeq_m1Ypky0VFmmUpFLg,シニア貯蓄ラボ,0,6,0.139421
UC0EK-pxYoUR99dVEsioymDw,最強パワースポット浄化系TV【ほわいとせーじ】,0,3,0.138731
UC1KmNKYC1l0stjctkGswl6g,After Skool,0,4,0.138417
UCA0EMEKreL7tRmY4ULSES6w,雑学 ヘブン チャンネル,0,3,0.138166
UCnuaAAm6dx_yeiF0kvXaLwg,ゼウ氏過去動画ライブラリー(旧_Earth_Family_Channel ),0,4,0.137666
UCDmWZ2uMPLFHrcY9OTPFxTA,【女子ウケ大学】byおしお,0,3,0.137368
UCmi5lHYvmO-BWu96W4JmMOg,【公式】窪田等の世界,0,5,0.137197
UCepP0D-CPRIYAg1_A579VSQ,森高千里,0,5,0.137121
UC4T0-C_7REQkHt85r8IfAHw,トミー,0,3,0.136999
UCOw-k_-x_aMFPEFakdk6Bkw,レイビレッジCH,0,3,0.136942
UCe4lJO5QVlEgVUO7y5l0YoQ,竹田恒泰ch公式ショート(切り抜き),0,5,0.136055
UC1vq6rPxuQUzFFfaFSVfJiw,行政書士 /古川ヒカル,0,5,0.135925
UCCAopnzM8yqnwVX_t9GVvOQ,湘南美容クリニック【公式】,0,5,0.135904
UCDe08Fs0s0YKJuk5h45csAQ,Polyphia,0,5,0.135646
UCgrkEDE-r22DIDZtBIHbUkQ,柳楽直也TV,0,3,0.135396
UCEojdIMF62_65_iYQsvF50Q,Sweets Channel Anmitsu,0,3,0.13491
UCsTA142G2X9JEJ2CLKmC_iw,あとぜき,0,4,0.134662
UC-qGvSI8Md4FVpL4NMKuRsg,セント（香水オバケ）,0,3,0.134634
UCpxpcJZSb5EXrSFZE6n-BkQ,塾講師ヒラ,0,6,0.134624
UCu0ZR86Extv5fExgw2cXh_w,天才美容師　かに,0,5,0.134055
UCtZp_z6nFnzCxNxhXsdubCQ,知っとこニッポン,0,6,0.134026
UCHDfvwrTKE17xyzt4Fvhk4Q,オムオムアニメ【コント】,0,7,0.133687
UCVMc49AXwvxmOCiaUH5djRA,hirasawasusumu,0,3,0.133497
UCrKzS1-mBJHApqbSkQOLoXg,AsakoUniverse,0,3,0.13332
UC6VLBHsXtXtEMA3HpwAM2Rw,benio ASMR,0,4,0.133273
UCNmmzmFoJBHO5RA_DOXKOig,Sound Healing Room,0,3,0.133201
UC64M7bQ90lG89DEaHO-6xRQ,Deep Living - 星々のPhilosophia -,0,3,0.132908
UCNDCNcB4Pb0mENiMhU761SA,Tomoka Relaxation BGM,0,5,0.132743
UCobQHKwrslCC9aPpcL3gVJg,ジパングの誇り,0,3,0.132655
UC4vKVBK2hzL6W-s27R4OU5A,「心の法則」研究家　内山和久,0,3,0.132253
UCm_AcqhZjtB8DpipFW7hSJQ,名作レトロゲーム館／水曜土曜16時更新,0,3,0.132238
UCWTiCi4PG-FFe8L2afTbJWw,ホリエモンの切り抜きch【堀江貴文】,0,4,0.131865
UC4-zat5kcSiVlO68qWnP9vg,50代のための人間心理雑学,0,4,0.131394
UCEE9FszRzTsWHhgMvWxO2iQ,周波数を身に着けて人生の装備変更　人は周波数の乗り物,0,3,0.131049
UC-0jCtwu_7cMn6oA085VLyA,BRUCE LEE ☯ MANIA,0,3,0.130939
UCbK6S8jFtYZ3UnPhWRIJ0bA,Gabriella Quevedo,0,4,0.130765
UC7HAs7TmVYuhdybmX3gt2WQ,備長炭フルシティロースト,0,3,0.130612
UCoRRLaX-Nlph0xUtXthzO_g,英語ネイティブリスニング,0,6,0.130391
UCD44S3BWctom59JH8UHyxIg,開運倶楽部,0,3,0.130379
UCrMaWeN9aEuZo_B1oyCUtLA,政治の今を読む,0,3,0.130258
UChdHjIstRbvw6THj16qs68A,原田雅人,0,5,0.129912
UCdlyWxc0v31ePhm5B4yHkdA,Ame LIFE,0,3,0.129873
UCH-e8tCf5_AjfZxmIN7nIHA,スピで人生大逆転【ゆっくり解説】,0,3,0.129278
UCCLiBSh-727d4cHOPcaqohQ,fill_media,0,3,0.12899
UCNVs8WZdH1gbUiEL1DqmzNg,オトナ女子の山登り,0,3,0.128449
UCL-qJ5KwttDlMOga5hHJoGQ,まーぼーチャンネル,0,3,0.128324
UC35-8ic_8kwHxCKw_M-iq5w,神.戸.絵鈴(現実主義な霊能者),0,5,0.128265
UCF4fn2DTI-fCfiQMQjOYBlA,大竹秀明 - セカワク!! 〜ひとり貿易・クラファン物販〜,0,3,0.128252
UCobq8FTmlbctw88uB2NCJ6w,スピードワゴン小沢のオザワ倶楽部,0,4,0.128096
UCImTIsTnPmLG1WTNhO1nygQ,大切なお知らせの部屋【公式切抜き】,0,3,0.128089
UC5fdAGXUR7VyVnWANUvnANw,ナカジのお部屋,0,9,0.12804
UCizOPx8SDFGZ9R6VS5Zb4Fw,字幕王,0,4,0.127356
UC1kykFXRyKlaWrUXffn8n6g,wonder 不思議な世界【都市伝説】,0,3,0.126962
UCcKZ7-jWoGITaLfwznt_4iQ,【公式】neten channel,0,3,0.126722
UCGZwm3dNkEvGVGWAGg1IIPA,宮﨑ケンキチ【スピリチュアル・プレイボーイ】,0,3,0.126436
UCdeF7u8P3lyYzv6_Eaa0x2g,ウマヅラの撮って出しラジオ【都市伝説チャンネル】,0,3,0.12603
UCWGGH0RiCoz3FZbdTGk6yxQ,TOSHIHIKO TAHARA Official YouTube Channel,0,3,0.126021
UCQ5URCSs1f5Cz9rh-cDGxNQ,Bandai Namco Filmworks Channel,0,6,0.125482
UCQaO6CcURLrs_Hak2ZmvKiQ,山本太郎切り抜き【れいわ新選組】,0,5,0.125336
UCGXrtEYBbErNNaP5Tu1RbPQ,Youn-a Channel / ヨンア Official ,0,3,0.124626
UCA8Maj9i_MWyasVpezsk2RA,東京感動グルメ,0,4,0.124436
UC5CVHySclG0LJWhnjD_wbtg,tomosteen,0,4,0.124349
UCncekjmOND4PlgWTClTTMTg,バショウの好きリスト,0,5,0.12417
UCFLpS7vAGxlNgL0ZorC8oUw,Lemino,0,4,0.124078
UCC4107WX_cYsJ80fWjR5Hjw,Daiki Musihioka(Japanese Insect YouTuber),0,4,0.123838
UCVQ-O9pLuU4kC_pPUEgX18A,Fujino,0,3,0.123753
UCOgWIf8sn9BJYik_FtHrTLA,占いARIチャンネル,0,4,0.123669
UC8MKv07s8J4jSADwhalppFQ,とっしー,0,4,0.123437
UCJRCPS57wpG16AUfSmyCogA,ミノチャンネル,0,4,0.123277
UCqoCxnjeKI4y-FjxNJWJYoQ,看中国【日本】ビジョンタイムズ・ジャパン,0,4,0.123009
UCEG3Ny1smxrmXPEEqkE8nbA,aoya-kyoto,0,3,0.122964
UC1kzQwGkbzuBgqFWNAy_IQg,くらちゃん,0,3,0.122733
UCERB3OzRsmqz4y3N9as_iIQ,a,0,4,0.122711
UC1GMZewXvtZxV-Dyf7o0gPA,光の道,0,4,0.122551
UCKjr6stfZvu4Bpv1OQ2RPdA,イングリッシュ・ドクターの非常識な英語学,0,10,0.122526
UC5kZigJq97QT6yy50397mFg,【DAY1TV】突撃リポーター大和,0,3,0.122083
UCI_Uuz_7rXWP8rQJHteSx8Q,大魔王[Youtuber・Tiktoker・有名人・芸能人のネタまとめ],0,3,0.121966
UCJeid4dNjpbM7ZZ6i9Z6wBA,ヘビさんのアウトドア日誌,0,7,0.121562
UCHwP3CnAR8i-2eFEOKMZ9dQ,Made in Japan!This is 西ちゃんねる.Posing Now.,0,3,0.121471
UCZFLLw5ktzza5De6ff2LsIg,Ohga Guitar School,0,5,0.121118
UCAwylBbx8RiRD3VsaYdwNTw,Video Advice,0,3,0.121022
UC-T3JrzHtDeHAmspt1Zn40A,4AD,0,3,0.120858
UCeCVOFYRg1BDJOlZgIYX1BA,国会・政治をもっと身近に【切り抜き】,0,5,0.120747
UCbkn9BwxB-XwVAxeUlbxJ-A,YASUKOの神意識チャンネル,0,4,0.120486
UCBLp8X0ukYyUgMBbqCmcLiA,SICKHACK／シックハック,0,4,0.1204
UCHG8A7_Q87b99ysysdiWVbw,吉野真由美営業本21冊著者（まゆみん）,0,3,0.120042
UCFo4kqllbcQ4nV83WCyraiw,NAKATA UNIVERSITY ,1,251,22.004295
UChxtIA33ty53Hh4MmkXNASg,mikimiki web スクール,1,43,21.975641
UCC4NkFV-L-vVYD5z_Ei5dUA,学識サロン,1,199,21.828199
UCEixleMT76xDzoiEb9ZA7XA,本要約チャンネル【毎日18時更新】,1,246,21.629987
UCFdBehO71GQaIom4WfVeGSw,メンタリスト DaiGo,1,173,20.322699
UCfapRkagDtoQEkGeyD3uERQ,KEITO【AI&WEB ch】,1,34,19.140851
UClNZUVnSFRKKUfJYarEUqdA,ウェブ職TV@AIセキュリティ専門,1,30,18.910042
UC8yHePe_RgUBE-waRWy6olw,PIVOT 公式チャンネル,1,229,17.823796
UCNBWx9JET3iRoCXliY2G4rQ,AI様の下僕,1,25,16.939623
UCF7IKesFOYQb34uzNiuNDqQ,KYOKO先生のビジネス学園,1,42,16.524295
UC67Wr_9pA4I0glIxDt_Cpyw,両学長 リベラルアーツ大学,1,285,15.769099
UC7I3QTra4_kC4TSu8f7rHkA,マコなり社長,1,148,15.427184
UCPzSiosPjlAmQuO5VjYQFzg,あべむつき【ラッキーマイン】,1,64,15.094081
UCVARwuMmqP4tqQFUQm57oQQ,RKJ VIDEO ,1,26,15.012671
UCXjTiSGclQLVVU83GVrRM4w,堀江貴文 ホリエモン,1,101,14.805537
UC0PotgTwYxbOZuM9FbWKdcg,Paranoia_パラノイア【有益】,1,311,14.769272
UCJFzpJDW1yyaCBUZxmAz-3g,三崎優太 元青汁王子,1,105,13.813451
UCwKupwJ1EpdNH8Z98SKjY2Q,脱・税理士スガワラくん,1,101,13.76744
UCDxAawc6cuMP7bVQTIKLF1w,Japan Management Consultants Association,1,67,13.664708
UCW3MY7gdx-Gmha9IIx-EGfg,マーケティング侍の非常識なビジネス学,1,46,13.445687
UCN8IoQLjmcoPzY_kLg7cg7g,タロサックの海外生活ダイアリーTAROSAC,1,62,13.253973
UCaG7jufgiw4p5mphPPVbqhw,サラタメさん,1,82,13.12688
UCQAJlnmzlQGhDmjiSx8FH4Q,ヒトデせいやチャンネル,1,27,12.969618
UCVHFnMzUnQdqfw3LwnDXd9A,Dr.ヒロの実験室,1,70,12.554357
UCOwH1IiSenkSh3P3-A7Z7Xw,【魅力の大学】by 恋愛屋ジュン,1,30,12.164433
UCCb4JEa7itqmHTilclgTmcA,ナカセの本棚 / Nakase,1,52,12.13025
UCU0JjQr0I0DIRwV8joRIIBA,ハック大学,1,41,11.943515
UCMF3_IR9TQvAzjkQoNl-47Q,たくと@Instagram攻略,1,28,11.330912
UCCOM5OkoyUFJa5T4kJn3r0g,YouTube図書館,1,52,10.746077
UC67REzSALhOC8_xkgLyif-g,北の達人チャンネル,1,69,10.67062
UCDgLoYnv_7vLqjzww2XioZw,吉田ゆうすけ,1,38,10.635441
UC9hwDDT7femX1YJ_-HfSo7A,【リベ大】スキルアップチャンネル,1,38,10.566805
UC761NMYPNhxIbTXQvYl6oug,THINK.【願望・理想を、創造する。】,1,84,10.555863
UC6UHYyVoCrAUBsxF-ortrew,StudyInネイティブ英会話,1,59,10.462182
UC0xRMqPOyRNPTaL6BxhbCnQ,いまにゅのAIプログラミング塾,1,28,10.411135
UCH3goNChaODS4vVO3yZjacQ,竹之内社長の【非常識な成功法則】,1,36,10.375588
UC6I4vtYv0c4KkGbzZHZxBsg,謎解き統計学 | サトマイ,1,98,10.374475
UCPlreGCqby4Qg9Vuem5scpw,Bilingirl Chika,1,40,10.262089
UC9V4eJBNx_hOieGG51NZ6nA,フェルミ漫画大学,1,175,10.147382
UCMAUI5oKmP5nLITD-u9S8dw,ザ・レスポンスtheresponse,1,42,10.143975
UC4arQnli3ffEuCSrSgAD_Ug,大愚和尚の一問一答/Osho Taigu’s Heart of Buddha,1,111,9.805728
UCSwW7Cgtn1Bq74YGiIY2UFg,竹花貴騎 (Takaki Takehana),1,55,9.412202
UCpUQnk6MaY4o3NdgJmv10cw,いけともch,1,18,9.188174
UCGCZAYq5Xxojl_tSXcVJhiQ,ANNnewsCH,1,116,9.044472
UC91qteXE1f8puKS8lEBRUhw,サマー先生と英会話！,1,36,8.965923
UCNTxclE0N4qsUuirssL_D8w,Shin Coding Tutorial,1,21,8.871597
UC3b9jTrnME3V4J5zLnVSmtg,個人で生きる道-ショウ,1,24,8.842657
UCDHVK-W8XCARucIYu64MJQw,八木仁平の自己理解チャンネル,1,47,8.734269
UCMnKXHHgAIJH_zfd8W6dW0Q,AI副業マニアー東大生アオイー,1,27,8.620793
UCYhXmcP7xSyGd5RFe15YJOg,パソコン博士TAIKI,1,117,8.584444
UCb9h8EpBlGHv9Z896fu4yeQ,マナブ,1,56,8.487761
UC-23boc2hLm6irCZP7GpSbw,Canvaデザイナー Sayaka,1,33,8.400339
UCOy5sLcFLqYNqZ1iurp4dCg,西野亮廣 / Akihiro Nishino,1,43,8.31629
UCY92Ma2-tzt8LLqodw9UF0g,rの住人ピエロ【哲学】,1,60,8.258907
UCYqW2zUJUFLP5qk3h_XBAAg,しゃべくり社長,1,31,8.197724
UC6kSLiIgAcbXNSxf0JHjy5g,中田敦彦のトーク - NAKATA ATSUHIKO TALKS,1,62,8.077438
UC8jHxOIg9ST7YxiMw2xWYyA,デイナ / Dana【英語の先生】,1,27,8.032124
UCTYQzAi6YOcgv2mkzsfzmpA,Kendra's Language School,1,41,7.888073
UCduDJ6s3mMchYMy2HvqalxQ,アバタロー,1,72,7.724913
UCX2tvXwAItLs5RhFFSGn9LQ,『あいうえおフォニックス』英語発音,1,26,7.691562
UCZikuEIssIzv0fdkVEH7Djg,英語コーチ-イングリッシュおさる,1,28,7.574074
UCOk5YQTyq6B9lOZ1FqG54Jw,ニック式英会話,1,44,7.545385
UCXo1SsIDZ_dke2Nr1r3qk6w,AI大学【AI&ChatGPT最新情報】,1,15,7.476852
UCS2c1gBDV-y26r2tJ3ED5FA,腰痛・肩こり駆け込み寺【山内義弘】,1,106,7.429893
UCbpjjHOe-zZFUCkia1Si3WA,北原孝彦 -給料8万から億越え社長への転生-,1,44,7.417273
UC5k1lqa8EoA83AJW5FKHmWg,米国内科専門医 安川康介の医学チャンネル,1,42,7.405562
UCMdFdPJsBa6MrGC1AnLayjA,YUKI 【井添結琴】アメリカから配信,1,41,7.398313
UCW01sMEVYQdhcvkrhbxdBpw,料理研究家リュウジのバズレシピ,1,91,7.362328
UC97CxE2c4b8TptqpFE6dFfQ,ザ・ルール 【人生の攻略法】,1,65,7.358822
UCktDZ8vqySa0Pc7GfgYeCRg,AI副業オタク【副業特化AIツール紹介】,1,7,7.345334
UCI3WAlb0djrpodA-2-aa9Hg,- United Gratitude -ユニグラ,1,52,7.283612
UCLapF_KiSMKFWcVdXytOLgA,AI FREAK - Introducing New AI Tools,1,16,7.277093
UCKa_NCzd8zhw3m3eDJojHAQ,宋世羅の羅針盤ちゃんねる,1,49,7.202922
UCvwle25gm0dAecqQJjdBOng,AI収益化ラボ,1,16,7.159499
UCEWw6AKlR_F5_pbc_GOOIBg,BUDDICAの中野クン,1,33,7.119876
UCLyLesqvKaQwrGZg0cC6qRA,竹花貴騎の部屋【公認切り抜き】,1,28,7.104425
UCgeaC4OEk0t54m2hWQtjjIw,Atsueigo,1,19,7.099875
UC7FjOy53FpV95CXlwi7I9TA,力武 信 | Wellness Designer.,1,40,7.081342
UCByJqadfmjlA7gmUBAWc-zg,個人で稼ぐ生き方--健太,1,15,6.963403
UCf4uPehOe2HysSUMk-SkmCQ,AI ☓ TikTok攻略 ほし,1,6,6.777436
UCRxPq02pjQS_ax60gcTSDHQ,AI仙人 【AI歴10年・ガチADHD男】,1,25,6.71714
UC9AuyS7U4PxeDSNMJ2srarA,AIでサボろうチャンネル,1,16,6.701742
UCFy2R0BE58JGfJuM5jUd4Yg,本気AI(MAJI AI),1,31,6.604769
UC7bMtttgCTTyjUd_NPOjCBA,GabalaboCH-ガバラボ,1,54,6.597649
UCM4qOCYKzBbuK1qK3YW9Fvg,ジョージ -メンズコーチ-,1,37,6.472753
UCqO3c4rN70PR0yHWLDCNUXQ,ぴよぴーよ速報,1,31,6.465809
UCb3AXdX2Xb44MmkpGwQQ25g,会社に依存しないお金の増やし方-光成,1,13,6.366806
UC9p8D399KudRSP7MrviSbFg,ゆきのAIで稼ぐナビ,1,10,6.357022
UCaxV7Sf7pdNjlahl6BtJBBw,金子晃之,1,40,6.301848
UC8sHCoAfxXsEo6_p_HVcqTQ,葉っぱ Premiere動画編集室,1,14,6.172762
UCTQPGjjU96ssSm-URMG4Xhw,セフレンズ,1,15,6.080138
UCKSSZYcoRHkrF6lkarKYZvg,Ninja DAO,1,31,6.028895
UCotwNXfqRFO6dC5aKYzxNjA,Norihiko / AI Creative Director,1,11,5.845108
UCVC4gwk42731pbweE6abiPw,本要約チャンネル【毎日9時更新】,1,44,5.844991
UCcdd3kS52T9Zyo-SWfj86bA,サムの本解説ch,1,54,5.810253
UCrJNhVfj4BziaA_-2rHyHPg,副業太郎【AIで月5万GET】,1,25,5.80085
UCRpRQ48LGfMpYojZo7Srabg,ユースフル / 実務変革のプロ,1,24,5.768454
UC452hry4DI_pDn_CVT9ZKhQ,だれでもエンジニア / 山浦清透,1,13,5.651559
UCUv79JGy_1tGTINpEkjx_TA,AI たろう,1,11,5.6331
UCnEi7lDunUdVaHABvS-S3ag,mochantv英会話,1,26,5.627144
UC6eCFcJpPFNP_P6Y0bKHqKg,taishiyade@元シリコンバレーCTO個人開発者,1,8,5.571476
UCn_PTP4I-L8yB_T0ao8z1eA,YouTube集客チャンネル -株式会社EAVAL-,1,13,5.470414
UCfAnGaT97LJuKyZ65KhRb6Q,さき-インスタの大学,1,21,5.469892
UCrn6ukKQ9-t1mRYgany043w,与沢 翼,1,27,5.446737
UCN7fvzY4rUnFpBsN6ep1NTw,YYYOKOOO,1,11,5.42205
UCEH0dwKUzjCGNfkbCGpoZCg,[動画生成AI]  始め方_How To チャンネル ,1,11,5.405558
UC5sdz5WVIwOhU_yUYt9sjvA,川瀬智広【これからの正しい生き方】,1,25,5.342584
UCnucNrqBIliBl1m_Q90Iu9Q,【在宅副業女子】ぽにょ🐶,1,10,5.319504
UCNEJ5q9O3v45ioAkXVz1DPA,八田エミリの日常,1,25,5.283075
UCwd2zT96e5aquA99cad1HXA,見方が変わる1分,1,12,5.272774
UCLiQ89g4VP1kQbX10jUaOIQ,おがIこっそりSNS起業🦎,1,15,5.272705
UCX2c6V2YSdXvW0hzDtf4OPA,YouTubeマスターD,1,19,5.267753
UCiMwbmcCSMORJ-85XWhStBw,安野貴博の自由研究,1,21,5.266251
UC7P3bmkbTdAXaJYzhuF2obA,平岡 雄太 / Yuta Hiraoka,1,27,5.250042
UCE5AyzK4_rIgOyKj0T7-aYw,Creators ARC,1,12,5.231193
UC7basVkzCE7iEJ3rHYmDFuA,日常英会話school ksp English,1,22,5.22956
UCDivXwGnX385A4ueQVHR99Q,勇者アルファ【TikTok収益化チャンネル】,1,9,5.207909
UCNi8FZYLQvHs5ItlnKdS0Kg,忖度しない公認会計士 いのちゃん先生,1,23,5.195448
UC_nqXcloYTcQgc-nQrzYpyA,ゼロ起業・副業チャンネル【中卒社長】,1,14,5.174204
UCOXxfCRhJfwB5sMC1aCRJ3Q,Technology predictions for 2030,1,29,5.162544
UCJgMhwxo6SihiOLXuzgbl3g,英会話仙人トモヤさん,1,17,5.042003
UC8FwuifT73FtnO93ZUNSoLg,ダイさん・AI活用の専門家,1,15,5.004358
UCZluk9qJTcNvX1xhpwSpyuA,まじめくん,1,40,4.965861
UCHG6mjcrcdSmW6d5163rIAw,チャンネルは表示されません,1,13,4.949753
UCL_4-AMtK1q3plz7UGmXTfA,うと-在宅スキルアップの講座,1,13,4.919326
UCSSYU3AyYzO3zbNkjHbXNtg,Hina -TOEIC満点-,1,40,4.916818
UCDYj0iXVuKwd4bf9GSKgrfw,箕輪世界観チャンネル。,1,27,4.766386
UCEnIm3PHBjYjtwZdPnJwBxw,小玉歩【スキルを活かしてオンライン起業】,1,24,4.720186
UCujNsU8AMfDqa5LNjvAdzow,本要約チャンネル【毎日12時更新】,1,45,4.676377
UCAuUUnT6oDeKwE6v1NGQxug,TED,1,41,4.603527
UClfKOZSu0l_4tOZ9NmiAPVQ,Daikiさん。 「自分磨き」と「自己啓発」 /菊地大樹,1,31,4.601964
UCCIPlDofGZVef3HArQBRrEw,【さき】のAIでええやん。,1,29,4.577381
UCC-KuyRS_lc1-0kCTOCesfw,英語発音専門ドクターDイングリッシュ,1,15,4.575038
UCKgpamMlm872zkGDcBJHYDg,Learn English With TV Series,1,15,4.481519
UCXgd6LKq3xMCLGvW_AZhghQ,フレンズ英会話カフェ,1,19,4.470707
UCYxPWII5Kj5bCRuQ0whNN-Q,ライアン鈴木【英語エンタメチャンネル】,1,39,4.420401
UCgbjcHvWSPQ7en0LI5bMqJw,心理カウンセラー・ ラッキー,1,48,4.40226
UCmD3ZX3hXhihuzVRVe5o27g,トレトレチャンネル,1,24,4.40063
UCopTsucSPUP_N5n4fcLQtXQ,ここなのAI大学,1,15,4.338892
UCagAVZFPcLh9UMDidIUfXKQ,MBチャンネル,1,20,4.235989
UCJINANTSM0FbvzuJpFyJfjg,武井壮百獣の王国,1,21,4.218172
UC6NyO8meJAlUHslb-bIIQ1A,飽き性主婦ゆいママの人気副業チャレンジ日記,1,23,4.20329
UCS-l9TqZkne23sB9csP5PpA,EXIT JACK,1,20,4.147012
UCzmxo1Zj4KkM32FlObFWdeA,Thomas Gadget,1,13,4.096626
UCBp751ECaWfrw_dZtdgZu1A,ほんださん / 東大式FPチャンネル,1,21,4.090867
UCboaqA4fwGpljEKeUjO1iVQ,SHIFT AI ニュース,1,11,4.079075
UCHu48EkcUs0JTtL1naq3-3Q,まっちゃん社長 -熱血ビジネス学-,1,11,4.078437
UCG0LbYk5oOKK9V7w0IP4PTg,世界の偉人達,1,37,3.974703
UCKAXg84Mg4FighZJ14bxJvA,曖昧な思考,1,34,3.946065
UC6jrifjIAQ2hSoe9I7BwftQ,まさとFPのデータで学ぶマネー教室,1,15,3.936513
UCBw4OdGkD72f-7ifF8geKAA,AI×ビジネスラボ　Yama,1,10,3.909625
UCETjSSYWFly4vS0YkzcKTBA,ハル式 WEB集客スクール,1,10,3.898086
UCSBMQycqu57YO_pDInNhU3A,瀧本いち華の性知識アカデミー,1,16,3.852883
UCAnUUkliBXa1z4QPGUK3ikQ,メンタエクセル,1,17,3.849357
UC6merdM0gtSbJyfwT4e3AiQ,REWIRE,1,61,3.838479
UCGk3jiKD4ZULaFggKMbvtQg,さとりの世界一やさしいAI教室,1,12,3.827804
UC9OaXhVz6_Z0lvck01Qid5w,古川大策の経営流儀 / 年商20億経営者,1,23,3.808358
UC9MPbd2yIK6-yCjhVz9utLA,AI攻略チャンネル,1,6,3.77679
UCD-R2Y7wTvYMWIcBmob6a2A,study timer,1,35,3.651665
UCOnA15zQ7OafLsnN8J-CMvg,マリマリマリー,1,29,3.644139
UC7F3jAsH6cGXF-vMD9hc-Wg,やまとのニッチな動画編集チャンネル,1,7,3.638862
UCwCW-u-OMB_nyVUulSWndmg,みほ-こっそりスマホで在宅ワーク,1,11,3.558473
UCnVERvtm7EFP3KQLIjecDIw,カイシャインのSNS高校@インスタ攻略,1,11,3.540135
UCRCC0EqWl4lZNNfNQ9WUd3g,ICHIRO ENGLISH,1,14,3.521251
UC2aGNidfUAdJRRBmHqLjI-g,いなわくTV,1,23,3.515691
UCJDNw51SC2sRlmfQtjNpUog,ひで | SNS×AI攻略,1,14,3.507525
UC9buL3Iph_f7AZxdzmiBL8Q,チャエン【AI研究所】〜仕事で使える最新のAI情報を発信〜 Byデジライズ,1,13,3.504652
UCGDec349YIziUytZzc3d7Yg,【簿記系YouTuber?】ふくしままさゆき,1,34,3.485522
UC8w3bNlsLkSbd9AnpHWPLrw,モトキネットショップ経営,1,13,3.471683
UCWj_vk_I1S_Bh6yWmLALq3g,UP&UP,1,25,3.463334
UC_kTlZMryHFPMc7QMi4g0VQ,こーすけ先生のGoogle塾,1,7,3.439034
UCZQVTC3uLCyuJUOcRlguazA,にゃんたのAIチャンネル,1,7,3.413823
UCGkKhRbvDNXspkBzlBYOYzg,AIを使ってYouTubeで稼ぐ道,1,4,3.381637
UCqLhfqwlHN4qxnVmUJ_srXA,在宅ワーク講座〜会社に頼らない収入の作り方〜,1,7,3.380687
UC5Kgc_HNzx4GJ-w4QMeeKiQ,Pythonプログラミング VTuber サプー,1,13,3.326884
UCOPQ4nWRjA6BTwPE2hIiPTg,サイモンのイキれる英語教室,1,43,3.318085
UC4fJmw546DjVql_besPQ1TQ,マーケティング大学 by桜井茶人,1,12,3.306074
UCS7mhd3FSyeKAmPdZl1PbDw,タイソン【最新副業情報】,1,12,3.303055
UCCFOQO5aDK0xXam4cUQXT8g,SAMURAI ENGINEER [侍エンジニア],1,7,3.292517
UC6jGyRpWp7Q_EWKoQwWNjPQ,一緒に勉強しよ,1,12,3.286984
UCPcDzdFvEc5fQwT2n4SXnqg,Ryuの自己管理室,1,34,3.259918
UCn2GQYSapde4rh-ykVCdFIw,【佐々木啓太】投資チャンネル,1,16,3.25436
UC2tunZXxelGam73VcK3E-ug,棚田行政書士の不動産大学【公式チャンネル・宅建】,1,21,3.200188
UCazz0cfRzeLrpUOK10vD4Ig,たつみん│コンテンツ販売×AI自動化,1,6,3.196233
UC88KSXMWdkv50V1Wm8CAYWg,high_note Music Lounge,1,26,3.190423
UCZmJlJEshBDGpEqa30i6ltw,黒字社長の絶対つぶれない経営学,1,14,3.187919
UCfqRMJrg010qS35Kj_dhuKA,クリスの部屋,1,29,3.174886
UCkQYlpn0tWcqHgLJGtUWaOg,Sakura English School,1,37,3.174495
UCOjC3GENBOrFd38Zo5hIdnQ,Takumi 量子論,1,28,3.118926
UCPAm9wx6kWdUeUO9PsYmE2Q,マネーの虎で「冷徹な虎」と呼ばれた南原竜樹です。40年超の経営経験を活かして顧問業に注力しています。,1,20,3.096738
UCEWjRHskSiyelIvhhTUjsVA,おだじゅん│仕事で使える【AI研修】,1,9,3.095544
UCwcqq3V2BGQQh48cO1lkesQ,アーサー (IU-Connect),1,15,3.079504
UCRDj3fsO4eEwh1yHgRoRiww,ウズウズカレッジ l デジタル（IT・DX）分野のリスキリング就職,1,6,3.076209
UCnzFITggW6lJkeUjwiRtzSQ,えーあい制作団,1,8,3.073536
UCpsDJin8MZKIaIxtKlcK25g,牧野谷 輝MAKINOYA AKIRA【中小企業診断士・行政書士】,1,17,3.059429
UCJwFtQrEiidgl2naPxJZE7g,Ryota's Handsome Factory,1,25,3.050392
UCTMQ1_RyY5FAnUQ1W2p7KIg,Yota Naruse,1,10,3.043832
UCdGF4VotWpLw6e76ForUeeQ,【まっち】ゼロから始めるAI活用,1,8,3.01596
UCwiw2jEsTKU4Oig1u3w_qkw,フリーランス主婦 Sayaka,1,10,3.011712
UC4Cm8mh5_OlQlj5kJh0zY9A,ひかりのAI大学,1,14,3.008589
UC8RpUZc9jjdxpmtkSMaK3HQ,EJの英語狂室,1,9,2.924905
UCLuIcWmKVDaqJvtp6CpkHZg,岡田斗司夫マインド【サイコパス】,1,50,2.922262
UCgIIlSmbGB5Tn9_zzYMCuNQ,れいわ新選組 公式チャンネル,1,13,2.921585
UCoKRTudLOqjgdIFpCZIkW4w,Rupa sensei,1,16,2.921173
UCjEa-tDIQIJ-rLslyEGLZdA,AIで創作効率化とマネタイズby嗚呼蛙,1,9,2.897399
UC5uuiauBgK4Jpjeud0vr5_Q,ノーコードWeb制作コーチ　ヒロ,1,7,2.896158
UCzVXTGThZ0nMiIhWWHacpjQ,セルフケア教室 nobu先生 /格闘家整体師,1,21,2.886354
UCgh1fmHKuenZSZXtPvuPWyA,The Breakthrough Mindset / Shinsuke Omyo,1,6,2.884641
UCNsidkYpIAQ4QaufptQBPHQ,ウェザーニュース,1,31,2.876848
UC6pAU449vK_UYQOYJ1JgLaQ,動画編集の中の人,1,9,2.861639
UC7-XlNDMKDmEE6J7sipqggA,竹花貴騎の時間【切り抜き】,1,12,2.838665
UCGG7ylcrHTSWB_wwrofcpRA,さこ社長 - 教育事業で100億までの軌跡 -,1,9,2.836151
UCPSBOOXMQ3Gx8M5LZN8bO-g,溝部ひかる,1,6,2.826938
UCWdFb_w3JI1BPTiBCXERg2Q,AK in カナダ｜AK-English,1,16,2.813809
UC1JMhM9TJT7yMLx8ZtbDO8g,Yuka Ohishi,1,17,2.757424
UCsT0YIqwnpJCM-mx7-gSA4Q,TEDx Talks,1,25,2.742856
UCNtPeAI-agzpveYDx0ACvKg,ずんだもんのAI副業教室,1,10,2.687606
UCgwv7JsLDvGTtRdFI4TVRQw,ハム先生のAI教室【AI動画の実務活用】,1,10,2.662777
UCIpm0Hlz5r8IgBYYINEI3cQ,強者の道【モチベーションアップ】,1,14,2.638567
UCcLfcIIfnP-AOPlJ1ljPx_A,副業デジタル忍者湊,1,10,2.634727
UC8zsQuGZ7nQXsqq1qn3VfGA,セールスラインチャンネル,1,19,2.609202
UCLbhqkQDfS04ny9EEh5HRdQ,Kauzshi Uda,1,7,2.607519
UCgMLAT1cUvrQjyRrHFZvIlg,インベスターZ【公式】お金の偏差値を上げる,1,18,2.605681
UCXeGg0Pv1hAkAUYrhyf0aVg,AKIYA MOVIE,1,9,2.602422
UC7LnadOwPEGqGnIuwVGfjow,Utsuさん,1,14,2.587279
UCoR01KQRDnox6FBIn5Nc-YQ,仮メンタリストえる,1,12,2.582376
UC9D8vopYTSvGIdzyH6e_3oA,YMK / iPadで生活を少し豊かに,1,15,2.580209
UCJI7vQJbcRn8KkVr-DU6g4w,けんじ先生の1分大学,1,16,2.575864
UCVkVl4K1SbgS6nzuB6uT85A,サイコパスおじさん【岡田斗司夫 切り抜き】,1,36,2.569596
UCNsyrhaGbUUJQVln2KgvJ5A,NextepちぐさのYouTube英会話教室,1,15,2.567636
UCd0hscDvJvzRbo8Rk7JPQMA,homosapi,1,20,2.565077
UC16niRr50-MSBwiO3YDb3RA,BBC News,1,14,2.561428
UCzXvkcnU4Pho3k65564Py2Q,中野優作 / CAR and LIFE.,1,17,2.560876
UCFQEO_c41E-8VtQTSX7rKMw,おさるマーケ講座受講生対談,1,14,2.557669
UCh6vAmDoU-G9KENFjxsJTuA,KYOKO先生スキルアップの授業,1,7,2.552571
UCY6UMp-CCaztcG-Ui5OVXXA,日曜日の初耳学【公式】,1,22,2.53314
UCNlA_JiwrTZ1NxsryTRc_pg,ユダヤの伝道師　ゆだしん,1,14,2.530364
UCk5a240pQsTVT9CWPnTyIJw,ABEMAニュース【公式】,1,24,2.529506
UC16oMU-Ykq7Zm8JcgLWjzew,ZRデザインラボ,1,14,2.528605
UC4QyTvP-HC4Xcv9jGbHYv4g,レッツゴーなぎら,1,26,2.520364
UCH9YK4B72yMjRPsVgx-EXxw,youshu,1,8,2.508065
UCO3gOWCjoz9aeXdSUt6Fhmw,Yusaku Maezawa【MZ】,1,43,2.496217
UCj-RtRpv3C3rnJWApfb6zgg,TOM【SNS副業】,1,9,2.47792
UCQlZJcKLymLngMlnSOv9k7g,心に響くJAPANストーリー【海外の反応】,1,12,2.472249
UCAmdG83hIqRQfwLaNQS7H2w,AIワークフロー解説のトモ,1,8,2.468332
UCJsUvAqDzczYv2UpFmu4PcA,Nas Daily,1,10,2.467157
UCFF4f1oJefeFTpygfJnKvgg,日本人が世界に出会う日,1,12,2.461949
UCwywumWHI4_hQtZpJwsC8cw,高須幹弥（高須クリニック）,1,29,2.449301
UCXcjvt8cOfwtcqaMeE7-hqA,SUSURU TV.,1,17,2.413211
UCLqbWNi8Ym4gb3XbpHu4FMg,【漫画村】星野ロミの裏知識チャンネル,1,9,2.411014
UCLQpyq-NeNBiuKR4ZVIJSKQ,自分で治すTV【はやと先生】,1,26,2.408186
UCvHpETRVi1tXeRJoYiXHJqw,まさおAIじっくり解説ch,1,4,2.40487
UCGlgXjYVoHLD86TQQ799WIw,キノコード / プログラミング学習チャンネル,1,22,2.40283
UCeoQkHM8nZTmIY-GRvV4xyQ,さんご【Webサイト運営専門チャンネル】,1,7,2.393531
UC9SED_R0__JoyR-x_EFE2gA,楽に生きる研究室🌻,1,6,2.374631
UCDIeBaj-DMOS5GQnMqN3Dnw,かな | 社会人の勉強部屋,1,21,2.35982
UCWR6VlWOt4WkRGc4YTko02Q,船原徹雄 [物販総合研究所],1,21,2.344833
UCKlM7oQ1MaWt9ZMbMXtQyew,若返り健康生活TV【リーフィ・ラボ】,1,23,2.344568
UCslv6DEgRybnHvcw6ZNxrVQ,【斎藤一人】ありがとうch,1,12,2.326137
UCHG2F6GE3E8-4oT89-Ym5Zg,子育て勉強会TERUch -幼児教育・知育・発達グレーゾーン子育て情報-,1,9,2.311182
UCMyKJf1YPXkCfBvwT6K0g8w,Aira's English,1,12,2.302018
UCSmgxWssl8L45O6JCYb5NQA,Action Planet ,1,8,2.29364
UC9WJo5ZJVXMZiA5XV2jLx5Q,吉田製作所Y,1,26,2.292488
UCxrUZ6ASZWCHN8zWRT_GctQ,らっこ@副業noteの教科書,1,10,2.280806
UC4ZsonoDCBVwulbrtEkQ6Bg,【企業のためのAI活用】AIネイティブX,1,6,2.272195
UChD63R31attT5w8WOZeuXyg,NI-WORK,1,5,2.270864
UCxeOH32jDFcRBV1D2lh7eFQ,RECODE - 知性OSの再定義 -,1,23,2.255956
UCCVtmC1XwIOREVGQMLG8PfQ,一番面白い政治解説【無敵おぢさん】,1,13,2.242385
UCip8ve30-AoX2y2OtAAmqFA,NHK,1,26,2.238831
UCJ6QRG9oSJTUuIHXGIxmuzg,オフパコ予備校【X(Twitter)は無料マッチングアプリ】,1,7,2.237703
UCdoqNcqLb6b1qPzZW8wAIbg,倹者の流儀,1,24,2.234412
UC57H40XcMcL4Lbp_Uq2MVaQ,せかチャン - 世界一わかりやすい情報科チャンネル,1,9,2.231626
UCTp9YSJ-eDvZjEC5sC3kBHw,クロマッキー大学,1,12,2.212295
UC-bOAxx-YOsviSmqh8COR0w,【トラハック】Webエンジニアリングを学ぶなら「とらゼミ」,1,4,2.208015
UCjDjH1KH-X-tDmcBpuesTHA,エママインド,1,15,2.202797
UChGYJiYxIdrBCtYfrgjlnuw,cooker8 by 明治クッカー,1,9,2.200853
UCqDiOGM65_xyiXRA9s-1LGg,AI動画編集で稼ぐプロこーたろー,1,8,2.200032
UCWMrA-2fEycFnOwqzzdwWuQ,かいちのAI大学 / Saix(サイクス),1,6,2.191015
UC4nPvEed6-yII4LNxml8r_w,あやや の ITスキルアップ塾,1,6,2.187592
UCcXtyjK8wagT5LWS5bBgPPQ,amity_sensei,1,16,2.176344
UCHgtBEDxjLUKABQrbv0asmw,恋愛コンサルRieのモテトレTV,1,12,2.140019
UCQlOfsmvWrWDHdopzmoxi2A,Kazu Languages,1,18,2.132516
UCLrZExA734sj0fqj0enKkXA,【ヤッピー】AI×インスタチャンネル,1,10,2.116706
UCIat_l-L9fXdmCcQp7Y1hiQ,レッツゴー英会話,1,8,2.110623
UC00Q-DQ5V0C5H8xD2I9BICQ,りんだ【沖縄でのんびり在宅ワーク】,1,5,2.108505
UCORW3zZTUVdVwlY5Mnk8q9Q,ブレイクスルー佐々木,1,31,2.107028
UCgew41EnrAYSKKZmPhnm2ZA,Keisuke Honda,1,7,2.085312
UCU1XrS86ZqJVKyQCvLDuvkg,プロ目線のインスタ運用法 | SAKIYOMI,1,7,2.084338
UCmEAqouh-fckK_Aw1SVvYmA,動画編集-勝ち確ルール by金髪母ちゃん【YouTubeコンサル】,1,10,2.081649
UCbkWaBEs02oqmPOtz-zXUAA,Youtubeショート収益化チャンネルおさむ,1,6,2.071054
UCVmHbp7L5_SY7WkG0hSwh0g,むっちょ 【インテリマッチョへの道】,1,15,2.069691
UC43FscF1gzzgS1H60vbiQPQ,三日坊主男子『はると』のほったらかし副業,1,12,2.053894
UCp60qNFmqRy7Q5ymP20dsGw,やまもとりゅうけん,1,9,2.050546
UCOGRMsx2g1_FqdXvFRwiB8g,Japanese Traveler SHIGE,1,25,2.049531
UC911p4GBOVMaZY4ap_U56qw,ともっち【Withマーケ運営】,1,7,2.043967
UCsP3bwo92Q7DvMEvUaMcc0A,大将 / ひとり起業道場,1,10,2.028728
UCOe26hLXeypA8KGls6fXPxw,税理士河南のYouTubeチャンネル!,1,20,2.020881
UCgvRc6b_eCDA6v9MkBS7YcA,Principles of Success,1,26,2.007586
UC4l_Xj42vdPjuQTj4UY2o1Q,AIで時短ペラペラ英語 | 超進学校教師みなと,1,13,2.006465
UC84fyKjiilxssZVxhE_RiaA,ざすこ (道草_雑草子),1,6,1.998247
UCYAeIKiHaK9_1YsR_7dNLSg,PC活用ちゃんねる,1,14,1.996519
UCL9KXuGkAt5qCfUlMrJayMQ,石川典行チャンネル,1,19,1.98966
UC1JCb8qD6WpKnDq4qew7s1g,Premiere Note プレミアノート (Community Evangelist),1,6,1.98623
UCQfM1H8dRwUIUfHnl58unCg,むめい【AIマーケティング大学】,1,5,1.975453
UCEO389HqxYFp7WhfmXV-5WQ,らんさ〜ず,1,16,1.968346
UC54sClWiSScAfSfts9Cmk0Q,Microsoft Excel Tutorial,1,16,1.965883
UCH-YtSMJGW45FAp5DSYyi_w,リョウの恋愛心理学チャンネル,1,10,1.958506
UCF4c7UkIusFsfgdxcK3L_Aw,DougaFun（MovieFun),1,14,1.956194
UC8UXXTaoP6Xf-zGRLf0R46w,ワタナベカズマサ,1,15,1.953219
UChN700y3HeGE_gLnUy_9yug,西崎康平 ブラックな社長,1,9,1.94659
UCMd5Oj_Ek_jN45XKHqO30Hw,佐原まい / 動画編集の先生【クリエイターズジャパン】,1,6,1.945567
UCPrjycK4eiQhUw2PnVIq7Gg,CANACANA family,1,30,1.932521
UC7rWtV-JngmNWe01-zkI21A,WIRED.jp,1,37,1.927849
UCPRqPmrVoyAvRS5-QXxgOUA,まことさん【お金と人生の知恵袋】,1,22,1.924255
UCKUAabejjcxdp_x71T9nnmw,インスタ専門家じゅんl 副業で狙って稼ぐSNS講座,1,6,1.920883
UCs5AFbnn9X4Y_dzLEeI_6OA,平坂寛,1,17,1.918134
UCTRkB4JSVUBVMVrMqoZKJ7g,Hana English,1,6,1.914371
UCFmsibNUoKYxeBHTolJIwIQ,【七里式】プロンプトエンジニアの魔法の言葉,1,6,1.909603
UCnJTouvsHk82LnIdrRYTP7g,イリチャン先生の中学英語でネイティブ級,1,8,1.907607
UCzPpgCLTBn1EwEbaLiHksgg,わがまま社労士の人財革命チャンネル,1,9,1.90367
UCB3mOPzHaD-K1n7YlubgOqA,テックナビ,1,5,1.901435
UCL-KvYmTuKW4apbb9PryLVQ,🍀 Chinatsu The Emo,1,13,1.898173
UC8HzVQneyQg_rh6FA09xdhw,The Solutions Bookshelf,1,23,1.89789
UCCNdTWT_W0KDdZoZbPoSQWA,JURIのモテ男くん養成チャンネル,1,6,1.895093
UC3C8_GTxN0hTgjR4iTc_7Fg,山下歩 / Ayumu Yamashita,1,17,1.891693
UCWRzohBLiN12LF_7YHxNueg,マミ先生おとこの恋愛ガチレッスン,1,8,1.886741
UC3Q2mEFdbGF8GyVIQCRVXng,大人のブラック恋愛心理学,1,6,1.874705
UCCD76tKlE45u1YTX0cVh1OQ,Appleが大好きなんだよ,1,8,1.863327
UCKPIWq2EmGa-axa1Fmy7n6A,明日を照らす言霊,1,26,1.852809
UCW0D00jxNbKLS1zV5HWSjdA,HARRIS-ハリス-,1,12,1.825415
UCGqLMpNjiw5TZJH6CoQ5oIQ,ケンペネ_VOICE【公式】,1,8,1.820766
UCBl88cQQm3J8ltui9PGoDDA,零時レイ　錬愛学,1,11,1.800548
UCxv2fXOn1pl1X173WkSb1Mw,しごおもTV,1,7,1.796487
UC2oltT8x0Su-XR0JolJXqIw,FluenDay_Japan,1,11,1.795405
UCW1z3ZPvI9C_a2XXvCZ9GwQ,TAIGA YouTube Channel,1,9,1.791645
UCQ6eSpIbGaoFJNsu0d2QHnA,月光夫婦のシネマ,1,40,1.784594
UCby9CkfDlY8SuFnanp5-l7Q,キミアキ先生の起業酔話,1,8,1.77459
UC2NOk8DQ-KLc9ticdLPiOXQ,Rei丨暮らしとNotion。,1,14,1.771857
UCd-lcSKdIKFGC_nxLeFEPDg,Yasuhiro Takahashi / やすラズマタズ,1,7,1.770459
UCQsDp_bWTT1S0yLOo_IFgZQ,英語オタクMiyu,1,6,1.768599
UCge8FTPPoGnwgfYxPvbdCKg,日本一のマジシャン ポンチ,1,11,1.762925
UCHyTzbWXI67gm3RxSxnclfA,ちゃんぽんちから,1,11,1.75992
UCiY5ZQWukeZuSy3s8Ci8Vlw,やりすぎ税理士の資産革命チャンネル,1,20,1.756093
UCt5c4LQbItQhFDyYUP2RfEQ,English Buffet,1,12,1.7372
UCb-rELLoIh1Rwo9pIPSDM1w,結城おさむ・ブログでカジュアル起業のすゝめ,1,6,1.733985
UCAUGjq16HfA97h4JhD85zWA,イケハヤ大学2.0,1,10,1.733186
UC8IWoNfegB72Q2nT9GJy2zQ,セイト先生 by AIプログラミングスクールSiiD,1,18,1.726521
UClXDG2vqjCRVMabih9JliBg,土橋優樹,1,8,1.708953
UC8W63lHIHXef2fBszqrVdyA,資産形成アドバイザー 木村拓也,1,13,1.703801
UC1uj19dZQXa17-SqNGpVNLw,Python・データサイエンス入門チャンネル -はやたす-,1,10,1.703588
UC29qkYL1bp4aJDtGra8ZMuQ,ABEMA チャンスの時間 【公式】,1,18,1.702425
UC7q2KY0kZ2HoAOO9gvHSE1w,creativaier,1,5,1.702146
UC40MXYe9jrs-hNPF1HyA7CA,ルパン15世【在宅で稼ぐ顔出しなしアフィリエイト】,1,9,1.697456
UCV7WQE6d1_Ddd78oIyXsC1Q,AIまるわかりチャンネル【MINORI】,1,13,1.694589
UC_PUuYmn8e4rZpOHgaTdUrg,みかみ【東大退学させられた男】,1,9,1.693789
UCLuqpgqBqWga11QfalofG2A,事業創造ラボ-経営者支援CH,1,8,1.675553
UCD0IBEnmsLLKLAAtwaH2aTA,光杏先生ー現役プロが教える性知識ー,1,8,1.674914
UCKPZsaXTuIgEfzeKVFMpn7Q,パソコン修理屋の豆知識,1,22,1.656323
UC36SyFQ2jdH_YRdoYJx-t2Q,セクテク講師 相葉たつや,1,9,1.650656
UCiV5x1E-i-gS5ijT0KX7RFg,心理学のおやつ,1,10,1.641646
UCLI1ta1jCqMZeHSqY95lhlQ,研修トレーナー伊庭正康のスキルアップチャンネル,1,18,1.636421
UCebxxMx7lc2r7Vf0njXVJCQ,青木仁志の『人生経営哲学』-100回聞いたら豊かになる話-,1,20,1.62949
UCTzFJXMf8Ybh2jqv0TBM-ew,なみの勉強空間,1,9,1.62907
UC3kCoMOmTiqkjxjpBPKdt6w,テクサス大学【成功の秘密】,1,28,1.608025
UCF2Kl5aL-_vcwaNhUf7YqbA,Akichun★PG,1,8,1.603788
UC9FTrf3ryoNxs01o_a2FE6g,マジでイケてる宅建講座【ゆーき大学】,1,13,1.598295
UCKJ-E3yiFvZF7N4wAsUxn8g,桜子ちゃんねる3,1,9,1.594248
UCHTZAvwi69ltfFoJQRcxw5w,垢抜け大学®┃ヒロキ,1,6,1.592269
UCzocv7nCk2DyNCYSinYH_HA,社長の資産防衛チャンネル【税理士&経営者】,1,13,1.589751
UC9Zbff5V28xPi8_knRIp2-A,ここみらいチャンネル,1,8,1.567764
UCEip3Uo6j4d9Hgal-wdmfuw,てぃ先生,1,27,1.564171
UCs7rJz4WvRVd0-PbXKiBi2Q,大河内薫 / お金の教育,1,20,1.562112
UC822aOCP3OmdCHoDtx9FuiA,テッキーかけはし,1,3,1.548251
UCoorcrpmcdrB6F7GsBZVX0A,GLOBIS学び放題×知見録,1,19,1.545188
UC3gb9I2UQ_l8HEzxvewAyPg,iscle,1,11,1.541771
UCy5A4S8tY0pxvzRhYrxodwg,だいじろー Daijiro,1,15,1.529465
UCdc6yGNDvXynwA0pfCuxRzg,【公式】玉置浩二 Koji Tamaki SALTMODERATE,1,7,1.525304
UCkeE8KNMCelANUoWJNCydLg,不確かな真理,1,9,1.508495
UCFhVlDgJ8QU5IBvll6FDRfA,GeLa 英会話,1,8,1.507813
UCuWxfXrwYVz-Yv7WVGl0bRA,ラナ英会話　リスニング矯正専門,1,8,1.506827
UC-VygzWMWKztwNQ4BQh2SjQ,石崎力也,1,8,1.505047
UCkwBjpcVgnpprGV2qjUdRgA,竹花貴騎の為になる話 【公認 切り抜き】,1,9,1.497734
UCT_ByvEol9W0T6MwdL0j0Dw,Adobe Creative Cloud Japan,1,13,1.497412
UCgm5JFYUWqVTQKH15D8eqFg,毎週キングコング,1,12,1.49551
UCL4QAojeGy6CJ9R2PwmlmJQ,文学YouTuberベル,1,11,1.489424
UCAQ5N_-62VJa8TZPowzk8BA,コンパス,1,5,1.489383
UCLNe-hQBs8zwFrv_r-sV8EQ,note研究家ひらかわ,1,6,1.487498
UC5UvWEDpPVe8uA8AroD1G_A,Iraresan - Vocational School Instructor,1,10,1.455862
UCzgD13zxZyY-C5dVVOfsWww,日本の政治・経済を斬る,1,14,1.445772
UCV4KlwQA-H7XnT3or0m53Hg,みずおじさん / 誰でも分かるスマホ講座,1,16,1.433053
UCwXX4A_D6T1hSiZ6WSd5rEw,としおを追う【岡田斗司夫切り抜き】,1,11,1.42508
UCw88L36ZY-rpVdHwIrQ4EDw,ヨハク社長のスモールビジネス拡大ch,1,6,1.419435
UCAM-qo04KaioMWONDFlpx7A,”X”の思考,1,5,1.410834
UCqvaXJ1K3HheTPNjH-KpwXQ,Principles by Ray Dalio,1,9,1.409696
UC--TPTOTN0O178CcwvMNV6w,ITを分かりやすく解説【基本情報技術者試験・ITパスポート・プログラミング講座】,1,4,1.388763
UCtubooLn_qgqoWsWS-UWuHw,宮迫ですッ!【宮迫博之】,1,12,1.384775
UCvAV8AiAdvlRLLJf5AY0lTw,整体院 文-AYA-文野靖友,1,22,1.381863
UCNAHgqpOLF1hBJaDFwVGggg,山本太郎 れいわ新選組代表 チャンネル,1,12,1.38093
UCL4pNY8SkSg2evyZQHLjWwg,ザ・プレゼン大学,1,7,1.378471
UCDeSu8g3j-IxUG8iuxpZJug,【夜の心理学】心と脳の教養チャンネル,1,11,1.377077
UC2K343OmZu42W-m055WFi_A,SHIFT AI イベント運営事務局,1,5,1.373889
UCO4YgtcBvQhTgpCIAP9Y-CQ,しゅみすけ社長 - 英語が話せない社会人を話せる側へ,1,6,1.368679
UC-Z1TD10QN9CBtcyVYBkjSA,ヒーローゆうき,1,8,1.363699
UCJMAkFaXk7pdLf4xtCJjRAA,武田邦彦 非公式ブログ,1,10,1.358725
UCD78i6matvdCqvQ0hXFq_lw,社会保険労務士法人ローム,1,7,1.350251
UCBVatO1SggbqhQg2Kaukx9w,スタートAI学長クリスのAI教室,1,7,1.348066
UCzH-IRXHeF4jox0P4qBxWAQ,monograph/ 堀口英剛,1,6,1.339675
UCLsdm7nCJCVTWSid7G_f0Pg,ABEMA【アベマ】公式,1,21,1.325082
UCy3hoi3qmjq0qGQZJ4TnvPQ,サンデーマネーチャンネル,1,17,1.318332
UC1PCOKQ8W7_ip1L7v4tPXZA,副業の虎〜今さら聞けない副業のハナシ〜,1,4,1.317292
UCZVEJKuSM_xu3Y4El0p1Wyg,和佐大輔のインフルエンス大学,1,8,1.316789
UC9oiJQJR3MpxFRzv6S5S8ig,60代おっさんナンパ塾長Waka,1,9,1.315896
UC6DqUb5XSRqmq8X0YCv8Haw,アスリート社長のチーム経営学,1,8,1.313112
UCmWVwb1NqEe1PuVf199ii-w,かじがや電器店,1,8,1.30629
UChuwE7hMjONeLU54uC8Vigw,uketsu,1,17,1.29967
UCla3VSgIihcMKNYEitixgWg,ニック兄さん and高桑,1,13,1.299289
UCU1C6q8AhguoGqkhi2xUlnw,ゆっくり食堂,1,11,1.296187
UCgIeUSV91-FfmCayG4lSBcw,JFATV,1,14,1.290752
UCM8GvC0PNfzPF5k50Fw-5XA,pianist MAI MORIMOTO,1,6,1.288658
UCOofSRMgBLWgMKbERtQaZkg,生活する人,1,20,1.288345
UC3X5lXWdDrYRDCW7k01Ka4Q,Learn English with Harry,1,6,1.283108
UCBi2mrWuNuyYy4gbM6fU18Q,ABC News,1,11,1.277567
UCNNmRwe7h2dgl-nIUk1toCg,ちょいエビデンスの整形外科医YouTube Ch. |  歌島大輔,1,13,1.273532
UC9Yva5b_FCTXHWHtLuvT7cw,English Hack,1,15,1.273046
UCB48i-3A65IN7bIY0LhhTbw,華音チャンネル (Kanon),1,11,1.27158
UCRpIJNPiiMpuuYBhGkPd_gA,有益モテ情報まとめ ~男の問題~,1,7,1.250635
UCLOHfhO9cs751XPI5Fz32PA,WEBマーケターの学校 by 田中祐一,1,5,1.249575
UCbmlTXqrM45SvrkTbgi2hoA,funny education,1,12,1.249524
UCexbG17iFzRu0g3yqcs7l-A,Genspark Japan,1,3,1.246832
UCVmhuqz0HJkVbfmWA5eqyyg,Jamev_『内向型の覚醒論』,1,18,1.246147
UCQgF1mWFKBRFWhQoAydUSlA,ゼロカラ 〜0から学ぶ大人の教養〜,1,14,1.241221
UChBB5QZTBXyH5ZIC-qLeKJQ,note収益化ラボ,1,4,1.23787
UCmCcoVD8ya5ie59lfrbWkWg,Mappy Photo,1,13,1.221611
UCBUi3y0Q5dFr4gvj7tpw1Iw,革命家HIROのひろスタ【有能な生き方研究所】,1,6,1.220443
UCdU0lALBi35E1vqwpbZrzSw,PECO Channel - Heartwarming pet videos -,1,18,1.219334
UCNJG9cFS3hHZtp4JXtnpc5A,日本政治TIME,1,10,1.209204
UCKqMhdNhw1mB0Rg22t_btYg,Seina Masumiya,1,9,1.206559
UCC5nGP6Jgl2NDLaW0mezJZw, 双極はたらく+くらしラボ,1,5,1.203016
UCpJ3wB9cRqF_kDzffSTICVg,Lifetime Japan,1,15,1.201991
UCZm3dECbQU33IWG5MQ-NAdw,ギズモード・ジャパン,1,11,1.193117
UCgy1mxPcdm6d-NvUfmYrDWw, Nakamoto couple's Okinawa life Vlog,1,22,1.18971
UCq0U14WighKpLM2c-AfcrfA,365 days of learning Taizo IT Cafe,1,8,1.187536
UCLSyez-Jurmgoj-MlUuPYVg,Sashimi Master Mori,1,12,1.18099
UCsSuev_h2XixlD6FFGADI6w,Hapa 英会話,1,9,1.179834
UCLiPbjTEuGto_iRasBrfu7w,一分一秒,1,14,1.17952
UCQkweblNSECVohatSyswCjQ,VAIENCE BUSINESS,1,11,1.179135
UCKeSbR4kQK4RAPsrLVKJjCQ,埼玉スマホ教室,1,19,1.173103
UCrPX9lkIyE7tmN5-TfkmFeA,アラサー男性の婚活戦略 by メンズリフト,1,5,1.172527
UCBud-vIbfap8tPnwHEb48NQ,EnglishLab 佐々木みどり,1,6,1.171481
UCDJ0AMdC4GB1ndVKsCknyCg,あずきちゃんねる,1,12,1.164286
UCdmqgHXemFSdjw1QfLnuU3Q,まさもばチャンネル,1,4,1.158388
UCZrQbTFTzRKdcrRBZ9eCe-g,洞察ノート,1,17,1.154751
UC_aBYQ3phPsrkSXkpnZeDZw,ぼくひぐま。〜おとなの学びや〜,1,10,1.149994
UCOLdFGH65D6FotsrwBmphIw,ショート動画CAMP,1,3,1.14862
UCe6tWL2GoemBsKFLyn5ZpgA,せやろがいおじさんチャンネル,1,12,1.146371
UCcCl0ZR7omH6pwHEwTqEsoQ,わっきーチャンネル,1,9,1.146275
UCkwjO9tQfEzrkpMH0FC910g,『電子書籍 出版 チャンネル』コウ,1,4,1.144625
UCdT0zrTZB7zIKwnuBJ2BGhQ,LIFEHACK ANIMATION,1,14,1.132456
UClJSxYCkw4_a4J7ECkKubwA,れいわ新選組 山本太郎代表を応援する【れいわ応援組】,1,11,1.131815
UCH9oscRsKRFmVV2ASa_rVHg,飯島レンジ / Renji Iijima,1,13,1.12723
UC6IEwR-WtLcNLQz8GLlruAg,AIで稼ぐラジオ by イケハヤ,1,5,1.125943
UCdDZo0CiX4ghtoxpqmD6umA,Webライタースクール「WWS」by ウェブ職TV,1,3,1.121896
UCHxqQ8bUg5F2GW79D_DvSjQ,プログラミングアカデミー,1,3,1.114478
UCBAIZr7BislZ-qqy9iqCDNA,シリコンバレー起業家の哲学【AI時代のビジネス教養】,1,10,1.113729
UC9aPHpqz9o8wg5yfAR_91Dg,Kくん【X攻略】,1,5,1.113307
UCO0FseRJgZtULMoWhGEgImA,GloriousJapan,1,4,1.110565
UCrxyF4F-ComNkP_1laEsRBw,論文で解決 ~筋肉と栄養を科学する~,1,17,1.10963
UCrwNm80XyhxzE5dtxcC3jXw,Yumi's English Boot Camp,1,7,1.096018
UCbJo0uDZpo-XdlO4xyzdwNA,酒房 唐川『トレトレの裏側』,1,6,1.092639
UCxgAuX3XZROujMmGphN_scA,Mark Tilbury,1,14,1.092101
UCX-nFhpazzoU5NZfgPGXI2Q,芦名勇舗のASH RADIO,1,7,1.090798
UCWB63K_sgUqxhBEyxkg_74g,Yuichi Ishida,1,7,1.084967
UCVayEA8fHRKAc18AQXgnpgw,りゅうすけ | 動画編集チャンネル　AIM Creators College,1,5,1.083551
UC_XCzQX1YiDetIm5IUYvZ7w,ハカセ&ラム ~ AI解説のためのYoutubeチャンネル ~,1,3,1.082032
UCYtq42sVhPthVZ_Eok2XC0w,ロサンゼルス音楽情報RA'Z CHANNEL,1,3,1.066528
UCHLaNfUVnQZtAR2N5i0uYqg,オトナの恋愛心理学ch,1,8,1.066518
UC2D2CMWXMOVWx7giW1n3LIg,Andrew Huberman,1,19,1.066137
UCWoiNwdr7EEjgs2waxe_QpA,勝間和代が徹底的にマニアックな話をするYouTube,1,19,1.061429
UCYMQbTtQy1bCXIC7EUEKYpQ,なりお【自分軸形成】,1,5,1.058149
UCS4gZ0hf6T-rJuJycMnXNNQ,落合陽一録,1,5,1.057681
UC5ruajhMHGygJUZ6rCpJ9iQ,Japanese girl Chie-Maru's Shachiku (aka. corporate slave) life,1,8,1.056306
UCelY7Lf2lNeoMZWkJNwOcCA,トモミツの即実践AI活用術ch,1,5,1.05581
UCkJMIYlOR3rIuzTkxF8y6gw,神田昌典の「ビジネス探究」チャンネル,1,9,1.05504
UC6JoXVNP6LzIB9Yh__eXWZA,新卒2ヶ月退職ニート,1,8,1.052919
UCotZfbYZEgBMFTLmX_Oa9wg,闇金ウシジマくん【公式】,1,17,1.049493
UCQJaE9hvHI3muexZWj3LKXQ,OHCHANNEL,1,22,1.047767
UCJOGhcQGkbDJXzXEk54Ro5g,ノージョブフドウch. 【nojob.fudou.ch】,1,19,1.032666
UCBkEwg5bbH-O9XHFhnpn02A,岡田尚也TAV【およそ3日に1回更新】,1,6,1.03217
UCDMKk3oodt-LBkO-xcdsT3g,YKKゆかこ,1,11,1.024403
UC2g7VZ9c9ByCPYprFn82H3w,つねちゃんのAIクリエイターハック,1,7,1.019237
UC4AqSsuBfCryDHNt5eHksVg,動画編集で人生を切り拓く-やまと,1,9,1.013886
UCW2BcOkvFowIF6N8H4-eQDQ,ビットコイントレードルーム,1,4,1.013227
UCYAPVqVW8hDn9K0zgpL0foQ,音速パソコン教室。1万人が自宅でパソコン上達。,1,10,1.012785
UCxkjgt_ePhbOoCRPr0szT8Q,たすくこま,1,16,1.012603
UCIm6PH37h6wUs_q7GR0LNtw,Jim Kwik,1,5,1.012512
UCyach7GHJDlXTv6h3fcNwqg,手塚プロダクション公式チャンネル,1,12,1.012173
UCMSgwGfv_LfDKYqNRXBn7zw,ちーのゆるFIREな日々,1,6,1.007866
UCAklIi8J2iK-mAveqjjPhfA,みほ-ひっそりスマホで在宅ワーク,1,7,1.006591
UCEKgPdGWAEhc0pprEW9GVUQ,【船井総研】中小企業向け経営ノウハウ  Funai online,1,6,1.006153
UC0XtwfHlHgZHPAcUaNaUuLw,ニッシーの『成長哲学』,1,11,1.002285
UCMFjwhzuUI49CGu0Z6Q3iQw,Nalanda Publishingナーランダ出版,1,8,1.000419
UC7t6QJ4u8qF8pI-vibX-BUQ,WORKOUT,1,9,0.990808
UCNG0oQyGV5zPWEylPf164LA,CORE LIFE STORY,1,13,0.989381
UCp7qTB4PB4KZALKjsR6vQaw,ケンジさん - AIビジネス研究所,1,4,0.986929
UCySNyY7ZlIyIeQ0T_8ah4Vg,Stardy -河野玄斗の神授業,1,12,0.98314
UCcD89sg8P2miam7RWKz8eqQ,睡眠専門医渥美正彦,1,11,0.981544
UCPS2jG_py4joA46nqIS627w,AIリベラルメディア,1,8,0.978847
UCHXgFLFyqR-XqtxfTH3qiYA,Deep Blizzard's Art School,1,10,0.974862
UCU-EDOYvvD238y-sn18ICMA,ERIKO SHIMOSAKA Funnel Designer,1,3,0.96734
UCBs6Jha8qlgIunGJe0Nrzsw,English Stripped Bare ★Studying English & Culture★,1,6,0.966275
UChRDcw0J-_x1kEql9tDYaGA,リモート出稼ぎ大学 BY こうすけ,1,13,0.957482
UCki8CVBscF8svKRKnSGplNA,山宮健太朗 | すべての人に可能性がある,1,5,0.954244
UCDzwXAWu1zIfJuPTTZyWthw,競馬予想で始めるデータ分析・機械学習,1,4,0.949141
UCSxWTCZO5_rZPOHgezEbAvA,マリアの混浴風呂  by マリア大学,1,7,0.947615
UCG1XQ5gA3dtg70BzM9-LKQw,NARIKIRI English with Movies,1,6,0.945392
UCoBuFNBnXadVKDyWKFXxE5Q,ココヨワチャンネル,1,10,0.942901
UCsdpSVn4s0eAhlV144a8lGA,はりーの仕事塾,1,9,0.9378
UCFBlmoxGDWMI1aBqqkS7mTQ,なるチャン,1,6,0.933894
UCbxAeKe2f9WZGbKy1jHV0Dw,M&A BANK,1,7,0.933751
UC785cdGT0K2Xj5LYXQlNSgQ,英語のカナチャンネル,1,11,0.926582
UC7WHt6e6SnAAeCrSyNDZ5Iw,TechAcademy [テックアカデミー],1,10,0.92278
UCHBnOMB61Xe9eT4oSs3B_NQ,Bilingual Baby English,1,6,0.912417
UCg5DNAHl70st5CTapguVElQ,なろうぜくん【AIで月5万GET】,1,4,0.907814
UC7Yhy9EwOF343ci7O0xpQVw,チームみらい通信,1,9,0.905598
UCXftus7nG4Xw-ByjjaxwzEQ,借金ストーリーランド【シャキスト】,1,9,0.905393
UCH61VpwvpBYKT5BpGNbMUQw,【IT創造工房】伊沢 剛,1,6,0.90234
UCRNYfIK7BV_DCoR7KqdhBhQ,「ただよび」文系チャンネル,1,11,0.902332
UCBmLVRY5v6QZdn-Hz9IqgYQ,ヨシミはブログで喰ってます,1,7,0.900061
UCmVMV8vgaNv5Yzpv-yX2gIg,マナビジネス【コンサル仕事術】,1,7,0.899128
UCadjs-Yjosp2uQ8C0MMZNQQ,杉崎pua,1,9,0.898585
UC7trx683QVwH4B6Ivho7VbQ,【ユープロ】YouTube攻略のプロ 奥山,1,7,0.897216
UCSXmPO_dVAwg26eTYXP8S_g,今すぐ使える健康雑学,1,4,0.896894
UC2JoDSApSFa-u59StYLkKow,ささみりん,1,3,0.895717
UCe8A3KCdzNs92LupuKPeNwQ,Minimalist Takeru,1,4,0.892826
UCs-Su9v5Ccak5gfoCUF1afA,福田豊のビリヤード実況チャンネル,1,4,0.892559
UCAyQAygagukor6rGyXOdfog,投資でーたかじり虫,1,7,0.892112
UCNdhTKY9QYzeVQGF2xtaHKQ,【公式】オードリーさん、ぜひ会ってほしい人がいるんです。,1,11,0.891014
UC7t5WoXYPWpsvRMpIGVLtuA,インテリジェンス,1,7,0.890753
UCLfIAoXvqdV5vMPGfnRmUWw,乾杯英語,1,10,0.889184
UCF6LVDyQHr6oa6tB1u4OcHg,Sunchannel,1,8,0.888198
UCgHt-xgY9nRW8xfCIXn4EFg,スマナサーラ長老のおはなしch【切り抜き】,1,10,0.887165
UC0iJ8CReKfQUKJHmHjhPmXQ,LINE公式アカウントチャンネル,1,8,0.887154
UC6Vl96CAyFSfmUs1Ns8BmEg,美月チャンネル,1,4,0.879524
UC7FBLMkempvPEC4Z_y_H7dA,Fight Muscle Channel,1,9,0.878119
UCZoLnjygkKTAeeE8ZByMZ-A,YouTubeの中の人,1,4,0.875494
UCVPz_nauEJpqPxxvYiOpCHQ,カズチャンネル/Kazu Channel,1,11,0.871813
UCph76YzMKEXbVem2zqCM3BA,俺たち天下のゆとりーマン,1,11,0.871071
UCtH73krTrRqmEKabaq4UPug,小阪裕司の「商売道場」,1,8,0.868428
UCH2pXpYOUEKqvG5Ym9VvQxA,水紋堂,1,4,0.867822
UCVdr-eRqzvzKHMpiU4YuNIQ,CALISLIFE自重トレ,1,15,0.867237
UC1CmBZNCHu8Hq5gr7POCSIg,学習コーチ・タカ,1,5,0.866459
UCo3eo7zwygnn-I1a3ZY0Jdw,Haruto | AI自動化副業ラボ,1,5,0.864378
UCEhR8SgFYDC_pWPjHIOLnjA,囁き女官の館,1,11,0.863302
UC1HTrFwjiq27la2PO1T8IqQ,桜井ケンジ_アラサー素人童貞の逆襲,1,7,0.862825
UCECF9yRiWFmHywTSUiPIeaA,Simple Men's Care,1,13,0.861018
UCgSrkcAGVOGo-YG6mY85khg,Kajiチャンネル -加治将一-,1,6,0.859215
UChtBfT4OJEGEfnYimkuX2mQ,mocotarou / crochet,1,4,0.856289
UCeTVoczn9NOZA9blls3YgUg,Learn English with EnglishClass101.com,1,8,0.853487
UC2b1DGGaKy4e1LqbZYVqRqQ,石川典行サブチャンネル,1,11,0.846482
UCLIKDEuqzq0A6OBdcHKdoiw,立花孝志 クレイジーダイナマイト ch 【 NHK党 政治家女子48党 立花孝志 切り抜き 】,1,8,0.846011
UCfcL4A2akYa3RTe5C80KHUw,税理士法人松本〜税金の裏のウラ〜,1,9,0.845428
UC1nx4mpl9vEoELUAyI-u5XQ,土方隼斗のビリヤードTV,1,6,0.845427
UCJWCypkVLhIXiBz5qyIXgcw,笹川英夫 AI業務効率化チャンネル,1,3,0.844457
UCt2MPRqjJBaIKIdp18azYLA,マツヲタ動中記！,1,7,0.843658
UCecSTcJr0y8JUSCkPItjWwg,Testosterone | 心の筋トレ教室,1,15,0.842021
UCZW4d9ngMkJB6s4YJoSK2Xw,ソフィー,1,10,0.840928
UCJsEBx7hV04Q02Yz9iAgXuQ,デイトラ,1,9,0.840721
UCCuv7AYfilB3vqR2WU6isxQ,なかちの解説チャンネル,1,4,0.840671
UCVRPMmgRJcWkQarRh3bXWQw,hotaru-ami-kids,1,4,0.840357
UCnf0vxeJnEdTHVc4AXMUIlA,動画集客チャンネル,1,8,0.838601
UCwcH_4eFaCVC1NFOZPJVgEg,AIで副業を効率化_こにし,1,3,0.832918
UCSVynEZ9j-hFFukL4amIf5A,DESIGN ASSOCIATION npo,1,11,0.832659
UCSm96O5W1x1lK5kTvPusMHA,xxxJunaJunaxxx (BGM Channel),1,9,0.830403
UCbxNKPuL7G3M_Zjt03d2IYA,#usutaku_channel,1,7,0.829974
UCGQB4WynXhEkrJUOK0J6wHA,【時短】YouTube図書館,1,5,0.827604
UC33M0W_11wa_eIUZd1d0SAQ,ローズ英語塾｜Rose Eigo,1,10,0.825933
UCj2ALkLKy-4IZpe6hULVdlg,ひとりさんマインド / 斎藤一人さんの言霊,1,7,0.824581
UCTzPwCJl7pb37eyzhCTBD7A,わんらび@美女GETナンパ講師,1,7,0.818329
UCy4yDp3CnnedJVLyBFql8aA,【リベ大】リベシティチャンネル,1,6,0.817623
UCYm3MxTeHscZEyExtkt-i2g,英語耳をつくる瞬間英作文🌼,1,5,0.81749
UCqs2H8Yafu4hdUZclYGch4g,Moshin / ビットコイン,1,12,0.817098
UC6EWynzx1ox4NxA3OCSZnJA,pianomaedaful,1,8,0.816189
UCbkWptMUOpUwa2gaGOdQsvQ,Haruna Pianist,1,3,0.814158
UCv5iVjD-tFfl04V4AB4XRYw,Apple Japan,1,8,0.802625
UCHL9bfHTxCMi-7vfxQ-AYtg,Abroad in Japan,1,5,0.797105
UC1DlDWqOwD1B0SH4Hngh-2A,Brain Lab,1,5,0.796305
UCLyr-hfWVCKHcZjV5fg3jbw,English Speeches,1,4,0.792075
UCS4zz2k_1eRjJpUHAn07vUA,マサ内藤,1,7,0.791984
UCODSPVjWI7uaaXxhmaOCLTA,虎バン 阪神タイガース応援チャンネル ABCテレビ公式,1,4,0.789365
UCUDDG3vm-xZlGrND4uZ7yxg,包茎・増大・早漏 ペニスの悩み解消!元神チャンネル,1,6,0.785625
UC_156R2kX0JrDiP6SBgzyoQ,伊勢呂哲也 / 医師「泌尿器科・消化器内科」,1,7,0.782687
UCF3nsYOeEUp8RMusnpGBRLQ,英語はアメリカ人妻に聞くことにしたch,1,4,0.781146
UC3GKwKL4kT1bX8IMXojfc1A,Sasurai Surf TV,1,4,0.776851
UC_Wdncrye4Vf5o5IOEW3lBQ,オトナの保健室,1,5,0.775514
UC4ZBlcSK0j_SrNxNMCv_qEg,【簿記・会計】公認会計士たぬ吉の資格塾,1,8,0.768828
UCgbQYuakoZrX7DoSq5Q36jQ,ジェームス・スキナー 【成功の扉】,1,4,0.767319
UCW9_VXDKA9tJIZk1x4kLniw,KOUJUN,1,4,0.759281
UCJvgZCU2cPU8OuEg94mZ_1w,THE RICH CODE | 富裕層の思考,1,8,0.757902
UCQ8iiBr45MDWD7hDp3FDmQg,マフィア先生のエンジニア塾,1,4,0.75343
UCJsxAriYBUnKZVdMXZnGDoA,５分でできる DIY,1,12,0.748494
UC_eljPZb1g2NppQmqrwghaw,空海の教え 【全部うまくいく】,1,19,0.740632
UCgBf5j2KIkFBm29Z7fYDG1A,まさるの勉強部屋,1,5,0.739964
UCH8DlW0-pZecshY0AdI9_GQ,クロウマ | 恋愛×コミュ力コーチ,1,5,0.739566
UC44HcGUbzBsocfXLbx7Qtjg,MAGGIE'S CHANNEL Bilingual MC #TRENDIFUL,1,5,0.73904
UCSmXUiXCvdt_zpxc7LDCLnw,正光億投資家 大谷,1,5,0.738595
UC0oUADdo3lm5jUkOfkRSKRg,八木流 覚えない宅建合格術,1,3,0.737733
UCwMXGvuYJSK_Kp9LN3uzftA,JEMMA's style. / じぇますた。,1,3,0.737107
UCYMk7O2LXe0elRf1s0W1wXw,DAIGEN TV,1,3,0.735616
UCl8E6NsjN979gbMBdztF48g,岡野タケシ弁護士【アトム法律税務グループ】,1,15,0.731866
UCYlld48Qips02zzzmanVuZA,やり直し英語塾 ナオック,1,7,0.731652
UCgJzj2R9zPaTj6LR1fh8LvA,青笹のもっと動画編集を広げたい,1,5,0.731511
UC-JS7QLK-u70e6vRUZPLjhQ,Ryan Suzuki,1,6,0.725454
UCHuvIPMRdfFNxtCetdc216Q,ブーブーリスニング【聞き流し英語学習】BooBoo-Listening,1,7,0.723599
UCGnadkx8UNGjc3W_NTf5Keg,しゃべれる英語,1,11,0.722671
UCNPhYB4PmWN5Z5CH64mCypA,TakeAction【モチベーションアップ動画チャンネル】,1,8,0.721762
UC6A_15hJI4CeGB1qAYbaj6Q,石黒壮眞【営業代行】,1,3,0.720186
UCK1fzxADnYVhoTuqnAceXUQ,Fintech Investors-フィンテック インベスターズ-,1,5,0.715976
UCeeLf1P55LuUreLI5Ibk1yg,ひろゆけ【ひろゆき切り抜き】,1,15,0.706282
UCkRRvXs-Msk8elFSpMrhRRw,kuro-obi world,1,12,0.70588
UChKKfSjSQ4IeMI6TrDLpmCg,note,1,4,0.697957
UCUl6zEFBKv5uWoTAM-Unojg,YouTube声かけサークル,1,3,0.694327
UCQXH9pL5Pa5YP13qB2FPe_Q,なんだ！カンタン！Excel塾,1,3,0.693406
UCLSaULa0Rc-xdVbFg9oUhQQ,DJ BENGAKU,1,5,0.690858
UChXxbzzxzUHn7RRlgX0jaIQ,クウキデザイン |  Kuuki Design,1,6,0.688402
UC5RmUAcm_w5K9cxtQSj7W7g,TOKYO SKA PARADISE ORCHESTRA OFFICIAL,1,9,0.686484
UCDFwTQvplF-awgXcIXWl61g,らるふの賢楽FIRE,1,9,0.684204
UCSJ4gkVC6NrvII8umztf0Ow,Lofi Girl,1,7,0.683842
UCPW_DN_WCayt_BXYTW0Os8Q,norifura / のりふら,1,5,0.681622
UCWYLJZrK29OBQIkASbNRcHg,茂木流掃除講座【茂木和哉】,1,12,0.680947
UCfMgDw34gQ2cu2GfLAjMUjA,Apple信者１億人創出計画,1,9,0.680768
UCPsvZcvPTyKX9hxNwR6SNcg,みやじぃ iPhone / ショートカット,1,4,0.672372
UCYdDAETmGak42yfXlCyVW8g,mockingbirdravelle,1,4,0.671729
UC6LjoShjVTW0Y7RPHIUnyvw,JPN English,1,12,0.671293
UCg8q6vRYGoQ9TxZR5ARv3mA,Wondershare Filmora 動画編集,1,12,0.670344
UCkaS2LTKMlh5-vzW8HzyEZg,webサイトチャンネル,1,4,0.669684
UCK5C8OA4-Mw0JOEoyUQGh_Q,オープンイノベーション大学_イノベ大通信,1,5,0.668968
UCUw0zm2QHrimRNjlfpsniGA,せいや@AI副業でフリーランスになって脱サラ起業。AIとSNSスクール運営中,1,4,0.667856
UCLFnKYM9sG-psqwz3_6yYSA,愛と成功のビジネスパーソン養成講座【高須英治】カールく経営チャンネル,1,4,0.667093
UCu2-QqCjQCvUvfqy5EqMzeA,やまもとりゅうけんの人生救済チャンネル。,1,3,0.664845
UCm4nHHVBZeqnvZWf6mtjj4w,これはどう?,1,4,0.662391
UCicfCXUNhLTCMq6S7Q1aQwA,Ayane。 ,1,6,0.661955
UCBHu34kUlAAmQG5LsOKHlIw,あなたの知らない映画の世界【映画紹介ちゃんねる】,1,13,0.660891
UCB_BuOpGioQ7EVKm2F21dnw,西川貴教,1,3,0.658417
UCZNDlsZU0StifdExCdRaRFg,マオメエアニメ〜くじら先生と仲間たち〜,1,10,0.656112
UCVdjYnmDsyiUcpcryI-k6ZA,SUSURUのミッドナイトTV.,1,4,0.656038
UCyZ5dUAaK-sBc06ONj3xnog,クロノ【コンテンツ販売研究所】,1,3,0.655175
UC6ZZhovRZpUA4VafgBdECZQ,日本相撲協会公式チャンネル,1,5,0.654928
UC_rEwKM5zrQcweEHcbQdMJA,裏世界ラボ【Fliptoonで無料で読めます】,1,14,0.65468
UCfPtOzWRilziPB8D865QBrQ,やがみ【2chスレ解説】,1,7,0.654105
UC0lhYcxxgSqa8DP6p2h1mwQ,How to Google!,1,4,0.65391
UCKnWIMHA4Iqf901zvbQ16Rg,Knowledge Base,1,6,0.650873
UC2OlsHTyajsytNVS_iF-IsQ,yulma,1,3,0.650525
UC8k-mtka1KCgid5aNnY2umA,農業応援Tube【日産化学】,1,7,0.649913
UCjD0rydFA7UJwc9od5jJJrg, ぺぇすけ心療所【双極性障害当事者カウンセラー】,1,3,0.648855
UCL_f53ZEJxp8TtlOkHwMV9Q,Jordan B Peterson,1,4,0.64882
UCPlqr1qITVHRrZWEE-O8dng,かけち,1,4,0.648176
UCPzGDmDvt8xxs1_OTOxSW1A,平本あきお,1,5,0.647055
UCqRV_ZIQhVKfxG1_WkNiRbg,Fラン大学就職チャンネル,1,8,0.646002
UCJzd6hPg7Iz35SkBNzAjjWQ,J.Y. Park,1,5,0.645603
UC9fcd5KCJfOeRsdRJZdSaGQ,人生これから - ブッダの教え,1,11,0.639455
UCtAFn7bhMVpavKo5IZ9FM6g,BGM maker,1,7,0.63765
UCblZu3q9xb1RRqpazwVrrMQ,Relax music KIWAMI BGM,1,3,0.637519
UCfCV9rFg6MxvaXxY1Oy_EgQ,"証券アナリストハーリー『50,60代のお金』",1,11,0.637126
UCIBpLuD6aW5PaEUQgabzmMw,大炎上国会【ネット反応集】,1,7,0.636314
UCI2aobwWcHT9oF0CRBJLteg,Book Lover,1,6,0.6356
UCesnVnIDZYCYGUrh7x5m-jQ,船ヶ山 哲,1,8,0.635527
UCHTAtqhbj8kqAHvE2gJmFIg,来島美幸の婚活チャンネル,1,12,0.634791
UCKatN6slu1BFGUnZOTXSBsw,こねこフィルム,1,26,0.629868
UCXnR8M-dJrrldyUJ0UuP1QA,gekihit,1,9,0.629264
UCjSy2qn-nx6D57BS7WVqowg,サファはユーチューバー【AIイラスト】,1,4,0.627477
UCjE9jfmhyA0Ovhuwym19-aw,Otaku Ch. Xオタクちゃん,1,3,0.625351
UCeI8Wssgjr_iTuEZ8o95QhQ,English with Venya,1,3,0.625207
UC-c-_R1XjcAMsu0JJ9RpnUg,Ussiy_Films,1,10,0.623835
UCSAvLR2Y1_OKg4zf3gtef5g,人生ぶち上げch,1,6,0.622834
UCGWIHirDJZG__-VUuxXzWgw,Mi2taka,1,7,0.622717
UCKEJJbpI4K7R1zhGuNc51Uw,頑張るあなたを応援する,1,6,0.621637
UCGlpFZ7HivV90pf3TNnEDUQ,OUR's,1,4,0.617986
UCfMRk2gj1xIb8u6Ckn4vi_A,AI業務ハックチャンネル,1,3,0.6168
UC5b1FY8v9Pw5lb-f1PNjS3Q,Crypto Times - ブロックチェーン・仮想通貨,1,6,0.615606
UCSHzI-t58X8STwqjfSzp47w,井上ジョー公式 (Inoue Joe Official),1,8,0.615012
UC3Xwhwh6Gx0UKf2II1NFdYw,としお君の人生相談【岡田斗司夫　切り抜き】,1,5,0.614851
UCqbpJ4x4mwwuo5W94IpsYXw,アリサのAI×占い教室,1,3,0.609628
UCCB3azwNPnz9_pcjVz5IjLA,美女ナンチャンネル,1,3,0.607529
UCKHMZUmGJeXD6wysw-3ur6Q,華金カップル,1,7,0.600295
UCjzLYQcDartD4_SZR_GIynA,知識の館,1,5,0.592996
UCPsz6ZAc_5qoypNyvVZL4cw,Health creator Shota,1,13,0.591003
UCPHjpfnnGklkRBBTd0k6aHg,Avicii,1,8,0.59098
UCTo38efCGm5ywQvOgRNM61g,Learn English and more with Ms.Tomato,1,7,0.590364
UC6jZJ2MAfbqXjl0bWu2NsKw,17-Minute-Languages Video,1,3,0.588558
UCgapm5sQ7R9L4YvpGnZWbBA,広報偏愛家 | 小野茜のひとりゴト,1,3,0.587214
UCpcTrCXblq78GZrTUTLWeBw,FIFA,1,5,0.585337
UCC7jvB95AlEfMzAsoXecwjg,美術系YouTuberいとはる,1,6,0.585115
UCOR94yI88mVWaY3CtU_u_Tw,石原尚幸-絶対に倒産しない 裏経営学,1,5,0.581904
UCleQ9Jzd8alCHZkx7xvYeVQ,ピグマリオン,1,5,0.581724
UC8bE1G7fu7k9bW7EtqTP3Ng,たなSHOW: お金と経営の学校【田中将太郎】,1,8,0.580769
UCTzHnp4cz-ltphiQm8upUjw,圧倒的 乞食チャンネル,1,7,0.579922
UCekWWEt1QzxHUOEWlRwgeJg,Nバク【働くナースに捧ぐ】,1,6,0.577929
UC2bWwSFr67jee6n9s3gRUgQ,レン - 個人で自由と富を掴む -,1,4,0.577626
UCOBgmGlwvvaZnUo_PFM7pRQ,食健らぼ,1,9,0.577421
UC58XbhhF_npOfxfnLk4OLXA,アトオシとデザイン,1,5,0.574168
UCwT4OVvxdFOw74PinaSR6rg,女医 富永喜代の人には言えない痛み相談室,1,8,0.569868
UCeA73NtbKCw5eG789mhA_xA,平秀信のヤングシニア倶楽部,1,5,0.569301
UCorUZZI-dWCu3hop_hzgWzw,秦卓民 ビジネスコーチch,1,4,0.568971
UCLOl-BrCoVqzSnBsjemMkeQ,【Gymnastics】Shidaks,1,7,0.566706
UCA9344UYVPAypKnhspRsCuQ,人生に差がつく時間の使い方「谷田部敦 社長」,1,4,0.565115
UCPjtpwGeptBLPr7ZWXz97WQ,【スーパー便利屋】みっく店長が行く!,1,4,0.564093
UC_yZ9_c9mRjp8IvUjszlDmw,心理カウンセラー るろうに,1,10,0.560439
UCKxnXboujhwy7osAwu75-2w,迫 佑樹 スキルをつけて人生を攻略する,1,4,0.560224
UCpVm7bg6pXKo1Pr6k5kxG9A,National Geographic,1,7,0.557923
UCxr2z4ecW0df5zEtR1yFMyg,整体院和み-NAGOMI-土師和也,1,6,0.55396
UC8Om2b7cbbdN8pJK8h-QiIg,たなけんのEC大学,1,7,0.550862
UCIC5P57O-j1UWMUbkkdLlNg,心の余白,1,4,0.549949
UC7Ol58UGSFIZ_w0eYqg57-A,毎日中国語の聞き流し,1,5,0.548952
UCDuhQ6l_EgLTInETqWbOFgA,Aiki-Kobujutsu,1,8,0.547735
UCCSj64W5_FtW3ZJMWfyH29g,Life Motivation,1,11,0.546336
UCdmoHaT8UJeCm5KWAezF3TA,人生ダイビングヘッド,1,4,0.544812
UCd5F1M_XJeh20xbeT9DXTkA,あこ課長の宅建講座,1,4,0.541246
UCuDdJRJ6qR-wGILbpq-FXCw,Suit Travel,1,13,0.540273
UC53d1sJKJ8wt2hPqN2sv25g,ひーさま,1,8,0.537959
UCqx5zEgUZMtMtkIPuARq9mw,頼むぜエディタ,1,7,0.537789
UCmmTVdKowQI_IjemSQ8lNNA,Kawaii Sensei ANIME MANGA DRAWING,1,3,0.537195
UCJ9jwaeltiGth9xo4n55d2Q,斎藤一人さんの名言集【まるかんアプリ】,1,6,0.532886
UCpfSEgdN0vaR3Y5iBSgxE5Q,だいにぐるーぷ,1,7,0.532702
UCgLbewDA8yoyTOYmWVI9fuQ,【セレブライフ】ニューヨークの女 ,1,7,0.532409
UCa_Rzj1wlujH0xrBuL4Zq1g,生涯学習ガイドライン,1,3,0.532369
UCLd1GI9tIzrxy-3C4undbUw,億万株姫☆あばねちゃん【日本株 毎日実況解説】,1,5,0.531482
UCayCSFEFS_7YQViPjGJiwSA,失敗小僧,1,4,0.530636
UCO7YvmgxDlZ94KbwQo88JcA,福田卓馬 | マーケター最強軍団EXTAGE,1,5,0.528513
UChyLk7utaMRsA7qZ6zT8UUg,ダイヤモンド社 THE BOOKS,1,5,0.528363
UCc1DlsoyBaXpzQVOYavBHjA,山本太郎を伝える動画,1,5,0.526545
UCWFRCZp5L_SZnjHAA52l1HA,ほらっちチャンネル,1,9,0.52524
UCoiKVUuXvbjp9O4Ukf7dM4A,ステルスYouTubeマスター,1,4,0.523075
UCSey5Dv0VjppXozC7uKdlrQ,おもしろフラッシュDaiGo【メンタリストDaiGo切り抜き】,1,11,0.522674
UC2dOIa2BoOMN5rYBCKqymrQ,アポロ🇨🇦 Official Channel,1,4,0.520303
UCBaPj4pSO-V47R13OhvPaeQ,カール・ユングの心理学,1,7,0.519575
UCwZ5GUBnp82m6mpUwk-3ZGw,大人の教養TV,1,14,0.517976
UCeELG84k5r4j1w6uCbOiBdA,ロザンの楽屋,1,6,0.51631
UCekrnOmzEHhkkwXf0cV5qvg,人生これから - 空海の教え,1,9,0.515262
UCuG0Ay4D67uecldB_G9Ymeg,積読チャンネル,1,5,0.51398
UC5YZ9UHoBWq5mKkQULUB42A,CeeBeeDee | DTP Transit,1,3,0.513905
UCficseUOt7J-GlKVoAWSN6g,じゅえりー,1,9,0.513277
UC7uAxVwvlUB23s59FfmAJKA,イシハラさんの世界観 - Vlog,1,5,0.511981
UC7_bf5pZJsgqGhCg36PtOCw,ハッピー英会話レッスン,1,7,0.509861
UCOuea2SHLkJYQZzzaoVWCPQ,サラリーマンな日常【あるある】,1,7,0.509162
UCEshx4Ce8u7L4IpTJ1BF3zQ,中島大介(なかじ),1,3,0.508305
UCAmXp_W1h3I8T_Pz4kaoeRA,かんな┊︎Canva使い方始め方マニュアル,1,5,0.508182
UC3uODtYvKjb7gPY9EFOlUWw,Ariannita la Gringa,1,9,0.50689
UCEhZt-0fyRjY_sUqJtbc32w,時吉秀弥のイングリッシュカンパニーch,1,4,0.50072
UC6FadPgGviUcq6VQ0CEJqdQ,Juice=Juice,1,4,0.500311
UCI4mta4pWhYhPSLhjmUAfZQ,毎日新聞,1,7,0.499406
UCryn4Yq3e-cLf9opJ24pvCg,記憶博士の非常識な記憶学 - 吉永先生,1,9,0.499331
UCqLVH-L9FCuk-ZpDl0wQjjg,コスパch /ロードバイク安く買う,1,3,0.49901
UCrQ5VNR8ipYrXlk6xsmgG0g,Bestコーチ,1,4,0.498867
UCez-2shYlHQY3LfILBuDYqQ,Steve Kaufmann - lingosteve,1,7,0.496008
UCQL2-4yB7ykCs7lZJbqegPg,セカビタ 発見伝,1,10,0.494202
UCAPQjGskhqMqgLqqkQ4FbNA,TikTokまとめ🔥,1,7,0.493275
UCT0THTppRWdgM9CFUiLM-XA,ワンさん【noteとAIのお兄さん】,1,3,0.493105
UComVZJagtTz4d6nHKUvNnrg,DMC DJ K,1,7,0.49156
UCM6SJb18voXy12YI0WWvcWQ,Tobalog_tokyo | トバログ,1,5,0.488942
UCYyEV8TQJJa7G5nhSjrfxhA,生成AIビジネス・ラボ,1,5,0.487878
UCEOMSlnfvEeaA79tTwpxWVg,EITO MIYANAGA,1,5,0.487299
UCoC47do520os_4DBMEFGg4A,李子柒 Liziqi,1,6,0.486955
UCG8bzPVfkbpM9HzaDLm3zNQ,きりぽん村【初心者が映像制作を楽しむ村】,1,5,0.484061
UC0Hg2Ks00kCekyjZG_LxOmg,English Like A Native,1,3,0.483161
UC4mpv1hmSltJCSo0adVO5CA,Link. Quiz,1,7,0.482443
UC7B35r6aw6Pw625AyvmvrAQ,ぱぱのひとりごと,1,5,0.48024
UCoUM-UJ7rirJYP8CQ0EIaHA,Bruno Mars,1,9,0.479523
UC5grEZdq4Kz5gtjlHBf-P_A,やまAI_SNS,1,3,0.478471
UCPmTf7gZcJD9Fk6t781ZO2Q,としのフリーランス養成所【WEB制作】,1,4,0.477613
UCELbBPC-myjV0HRsGeeBR6Q,【公認】大チャンネル切り抜き,1,6,0.477428
UCoxy3r8oACjytszytpxQoEg,見るまえに跳べ,1,4,0.477183
UCwKNfdT49VN0fDNZFw7XEOQ,"Masato ""World Wide"" Yokosawa - Poker -",1,11,0.475506
UCcOMgIqCj3fHfU6TDynX4Qw,NetWorth Navi Channel,1,3,0.474913
UCC_P7nF8ICQR90Cj1SjX8gA,わんかっぷ/日本案内,1,7,0.472006
UC5fzhlCbtoirTvFj6-ZiK2A,りすこ🐿マッチングアプリ恋愛コンサル,1,6,0.471675
UCuXpVRWN_6lJ2V2x10vDjlw,【ムツミ】Mutsumi,1,6,0.471232
UChxyO2t2AanExNEPE6JinHw,TOM【投資】,1,11,0.471001
UCJEG2T3xeADm3NsUWA_85uw,懲役先生 〜聴く、犯罪情報バラエティー番組～,1,5,0.470394
UCMwattKBINQeVQBPcE-vxAQ,まとめシート流！絶対合格チャンネル 【資格試験・中小企業診断士試験対策】,1,3,0.469841
UCkBhsreS_wIyoL_7hqNVRWg,バイきんぐ Official YouTube Channel,1,6,0.468213
UCaqwCONkIsKkpMK2UlU_B4g,Zeehondencentrum Pieterburen,1,6,0.46702
UCFAaDYqFyrVsme5YX7VsC7w,AI is in wonderland,1,5,0.465965
UClREqD9nL7b4pvia9GZdN2w,昨日と今日のあいだ,1,5,0.465806
UCgymnFoaTVAH6XfnUd1bjGA,あおのインスタ攻略@SnsClub,1,3,0.46576
UCxZvMVUAvOidCSYFviR0NIw,モテ期プロデューサー荒野,1,7,0.464345
UC4tXaWuTZlzrMfZQUOVwPWA,こにたく / nikostyle,1,4,0.463866
UCBIQ72zUuxkl6QgHxFqISCw,もしもヒストリー,1,4,0.46055
UCLqjn__t2ORA0Yehvs1WzjA,文学系チャンネル【スケザネ図書館】,1,5,0.460496
UCiESty8E9YLs_o_pLiPoY2w,体脂肪専門家くどう・体脂肪を狙って落とすダイエット講座,1,9,0.45947
UCiuOgrYjhB4D-ow-UjP9B5Q,とうや【AIイラストLab.】,1,13,0.458542
UChHjlVYSthw2tsLNyCHglQQ,STUDY BGM MAKER,1,7,0.457786
UC2EPpDQJ5Uvu8xMS1FhPnmw,理学療法士ゆうきの整体ラボ【肩こり腰痛に効く】,1,4,0.457687
UCVJiAbpmTTh2aYeBtMcry5g,サモエドりんたろう,1,4,0.456734
UCRnS6RU9FWK_Tn8eV747_2A,Get Luck palm reading channel,1,7,0.454837
UCXaoLJD6Uct8rhf0c3_lBlg,かみしろ町は今日も平和じゃない。,1,6,0.454112
UCMMjv61LfBy5J3AT8Ua0NGQ,エンジニアチャンネル,1,6,0.452557
UCn1749t--I4z6MmVVIRfxlw,足底筋膜炎専門ちゃんねる,1,20,0.452403
UCIu9bc_ZLLmIZ1r_3UXi4PA,ためになるAppleの話,1,13,0.451968
UC3ZODI-xZfdPanPP6tKUg9g,Cosmosapiens,1,5,0.451899
UCGjSf8kAWTmpA-C6uLTpS3Q,波乗り夫婦ちゃんねる,1,5,0.451757
UCvpDuJLRV07mTu6gh9CGq0w,ウェブマニア,1,6,0.451284
UCH9TTQGQ-fpZnntZaL6tKRA,OKAZY jp,1,4,0.449444
UC8m4psokXaEWBD2UKtZbviA,竹花貴騎のビジネスチャンネル【切り抜き】,1,3,0.447911
UC4WgjelVmQT8xDvN00DA8Iw,MangaEnglish,1,3,0.446606
UCQO4HzPkRpczr3rECUOL3RQ,ヘロンの数学ちゃんねる,1,4,0.445509
UCCLXrlQZuNTY0G5kWjw3xmw,河野塾チャンネル,1,6,0.445226
UCt8oGxc3GJUqFvBTygzTr4A,みんなの給付金・補助金ちゃんねる,1,10,0.445065
UCaL53b6DHcs7RWIX5TofZ1g,不動産売却チャンネル,1,8,0.444894
UCEJ9hPjmge0UxpD9QA11MwQ,オリエンタルラジオ- Oriental Radio,1,5,0.443758
UCFfyEdsXlpzde6x4WNlN-_Q,frontier1,1,4,0.443379
UCCWuNCpEAd9GG1IZQ76Rovg,【佐々木啓太】ビジネスチャンネル,1,4,0.443308
UCHrYH5DrIkatCHDOKzkF7Fw,The Austin and Arthur Show　,1,4,0.439096
UCvTUlYhJ6p_O0SpvNSyEgKQ,あべ晋三チャンネル,1,8,0.437842
UCIZCmi9FyzHPYe2GVGJfVWQ,映画ねこ,1,4,0.437699
UCYrbht7gNUX3xlbGRXjhrnQ,柏原迅 | AIマーケティング戦略,1,5,0.435823
UCREjc4LkyuGdbaRUVMjBdtw,英語のそう,1,6,0.435226
UCAvCL8hyXjSUHKEGuUPr1BA,Shawn Mendes,1,6,0.435139
UCNVdLytLlLRJXSqOEbPfw4Q,hi Hi,1,3,0.43417
UCli1re30MxC6vSElc7uvLqQ,MJ and Adam Show ネイティブ英会話トークショー,1,4,0.430797
UCgwbUfRPiOIif9Rj1wKIN-g,『新時代の経営者』 山下誠司,1,11,0.430751
UCIIwblhvTHysIaUKlESEFZA,naname,1,9,0.428666
UCPH5lzdPh6tkqcYILtxizfQ,よしなり | メイルテック専門チャンネル,1,5,0.427186
UCgXl3Bb123ut3rww4DaYpOg,コミックエッセイ劇場【KADOKAWA公式】,1,5,0.426267
UCTfnfN4FmAUP75G62ekS7sw,Strategic Profits,1,4,0.425911
UC78b28nWZKzKuiYQSBkGaiQ,東浩紀とゲンロン【非公式】,1,3,0.425857
UCQEguHq__HM37Te8mzdvpeQ,六丸の工房,1,19,0.423444
UCWxMjF2z-UwnfplygdwYY5Q,斎藤一人さんのお話集,1,10,0.422972
UCGgS849t9dEQGo15QdcH6Rw,エルコレ〜裏・歌舞伎超TVサブチャンネル〜,1,4,0.422661
UC5h1sKIPpsRdK-8U-862OYw,ユダヤの教えタルムード解説チャンネル,1,8,0.421518
UC1SqP7_RfOC9Jf9L_GRHANg,Avicii,1,5,0.42129
UCJiB0XmBaN1J3UhkAzjG9ZQ,日本の夜明け,1,6,0.416631
UCdPCarwi28K5Z7s5l2nMiLw,Uru Official YouTube Channel,1,12,0.414271
UC0SWcHpA_TA00XUN9qZUn8w,Genspark Products & Guides,1,3,0.41388
UC2TAEBVhokPrTWjyjqkz28A,Kaorin tv JAPAN【公式】,1,4,0.411434
UCxVzyODLv0RINEjC1sU9Ohw,スモビジ特化AI活用のプロぶっちょす,1,4,0.410178
UCeoQBCaZ7p3KJCU9rU4ma2Q,アサヒ　音楽と文学は色ガラス,1,4,0.410172
UCNH2bTxzRd_2Cdoy4K7Ul6A,生き方研究会,1,8,0.409337
UC4nz5xX2qDqjtdMHfkiVnWg,武田邦彦ちゃんねる,1,5,0.407744
UCZVR9ScO4GPcjndZ6YgzSUw,まんまるkitchen,1,7,0.406207
UC_AyWbAZji0n7C15ZYZu4tQ,とれびず,1,6,0.406017
UCVx34dwwm34Rs9rxyHDZzIg,Webの神様,1,4,0.405238
UCsbQjjybGJNYNtK5xHdZSFA,ナノカ　心と身体を楽にする気づき,1,3,0.404407
UC32oVb-nfyRBNlWzUw3dC5Q,Wysetrade,1,5,0.404185
UCEQRKkqT9wXW5J1WNkS-0Aw,身長先生田邊雄,1,3,0.404091
UCP-OeZSXO2klQkvFIFZCZxg,おさるマーケ大学,1,4,0.401039
UClLqJVVD8uEwQWbWCM-YQmg,The Neutral - 中野優作のノンフィクション型経営塾 -,1,4,0.399043
UC9x9tF22N8ghdZJdlb2H3hg,おじとらチャンネル,1,8,0.399018
UCj14-CcW0idWlvh3kQp683A,夜な夜な生配信！ひろゆきと有名人に…【質問ゼメナール】,1,4,0.398954
UCDMQF-jsnhf8L0mPNOiuIqA,毒舌ヒヨコのAI×ショート動画,1,8,0.39666
UCSaCTA8JZlSZe9fCLbtmJuw,SYR Bros. from Tokyo to the World!,1,5,0.395826
UC6Qu_4xTqbCM8WnyQRGZTLA,ダウ九萬,1,4,0.395671
UCfLVonvdmrh52dQrAneGudA,LPの常識外れなゲームの遊び方チャンネル (LP),1,3,0.395322
UCA18dK57KNh3wXCEyM1iaGw,飯島レンジ / サブチャンネル,1,4,0.39456
UC1l_qPyQf9Fk3u59PoFe3sg,Komusubi Channel,1,9,0.393891
UC7niaxkvIxAB7F14gUnsrUg,SnowHub,1,3,0.393367
UCZooXyonKMFcM9egQkpw6dg,蝶乃舞,1,5,0.392241
UC-oskQFlG7LUZWniFPWL9Vw,池田朋弘の生成AIビジネス活用研究所,1,4,0.390862
UCPqrEgBEHVj4vDITrClNQIw,ABC Learning English,1,4,0.389913
UCUFAKwcutQ3WvQx4e0RE5tQ,鈴木さん-中高年からのAI副業-,1,4,0.388945
UC_SrKP4BqpnA_Ct41B3O4TQ,nemurimist - Relaxing&Healing Music,1,13,0.388782
UCC-rUzJ-kJ3fj5GQyUpgGmA,無添加研究所,1,5,0.388069
UCc-7D4LcsxH2JP9TtylRuFQ,DigiKey日本公式チャンネル,1,4,0.387742
UCSk3CGdTwYxglyYZvtAEVnQ,寝り子,1,8,0.387115
UCcDToNttP5AiSZ_bT0N5zYA,雑学ガリレオ,1,7,0.386452
UCIDa-QS3JhEmDzItroA59PA,竹内アンナ,1,3,0.3857
UCxyzciBLt1Hyw06dlqwAIkw,Joe Hisaishi Official,1,8,0.38487
UCHt5tSg_dBcBdZHGsUOI0SQ,立花孝志エンタメチャンネル,1,4,0.38353
UCupvZG-5ko_eiXAupbDfxWw,CNN,1,6,0.38175
UCW6as_Gj-yW_-TBV9Ur6Kdg,闇のずんだもん,1,5,0.378848
UCEwfs3eApC5ql41PdDjjilw,ヒロト♦️3億円ニキ♦️代表取締役,1,3,0.378539
UCOC2qIyMD92oBTttEFh9kGg,大人のための武田塾English ビジネスパーソン向け英会話スクール,1,3,0.372707
UC9xegsDUbUhHjcjp95zsiAg,フジファブリック Official Channel,1,5,0.371999
UC-J-KZfRV8c13fOCkhXdLiQ,Dua Lipa,1,7,0.371258
UCdEA8JF1Re6mVnYeTAFk8yQ,ムカイワンダーランド,1,4,0.369444
UCv74Pfa4uD1DC3kAv6vlJlg,神戸メンタルサービス【毎日6時・18時更新】,1,9,0.368885
UCBOnIhBvqwIKZRxuFLJP-Zw,東城千夏バイナリーオプションLife,1,6,0.368726
UCK2gUawXx8DmTZejYuJB-AQ,黒羽根雄大,1,4,0.367023
UCL-3q9TKxXvmlIntj4BQhwg,松浦航大 Kodai Matsuura,1,7,0.3662
UC59x74uwOrBaB6hwtC-4grg,オレンジページ,1,3,0.364776
UCuC-nZ73zoq4JQt1KmgAotA,コペル英会話,1,8,0.36476
UCDvLvvN8o6kdW7OaN7CciXw,English TV,1,4,0.364102
UCOH80gCcpDplolUr6lh8YAA,オプショントレーダー山口,1,6,0.362911
UCrMSLF2G2STOER6ccg9eERw,カラダヨロコブ・管理栄養士まるおかずき,1,10,0.361495
UCyTadF39uysQ99I7TxVNPWQ,ずぼら主婦みおママのあたしンち副業,1,5,0.361434
UCIDW0hG5_C7wfuksYOAMiEw,偉人のことば,1,10,0.361067
UCb8BrSXphiuGShym5dhdkwA,小倉知巳のイタリアンプロ養成講座,1,4,0.360887
UCekHbrlsTumi1bwRH_ftpTA,コイチルム,1,3,0.360693
UC3JdH3cAWaUrNzjkk-CaBdA,市川の最新家電チャンネル,1,7,0.359065
UCrR3bHE6ZJ30YUUTl-G2RVg,akanekikaku / avantgardey,1,6,0.358502
UCti6dG0zSAetLGGYcgNML4Q,しまぶーのIT大学,1,5,0.357579
UCTPDnENz4gJVIBQ7kZXGsMQ,K2ちゃんねる ガンガンいこうぜ!,1,5,0.356847
UCf67BYjA97Z6EbHjE6uniSw,加藤秀視,1,5,0.356281
UCgIgesHxhI1fa5nY7XNJ5rQ,Ultimate Music JP,1,6,0.355951
UCbNkFawObsJyP8-_iaZanoQ,テシマ【YouTube完全攻略チャンネル】,1,5,0.35539
UCIEzRynZsewtFjUTxtRbyUA,The Maker,1,3,0.354721
UCUja9rWHgeVdKjX2ffPRKoA,格闘控室【MaNews】,1,5,0.352986
UCKSrQjgzCKJPm25FaAaVt_g,誇り高き軍神の記憶,1,6,0.352085
UCTrStqH1Ou673MTxgso1yFQ,チル蔵,1,7,0.351901
UC-RmtLfG6FfOrZjtqWLDltg,もえぴ英会話,1,3,0.351661
UCEXiT75rguECswX3z7-qH0w,アントレ | フランチャイズ起業TV,1,5,0.350921
UCgSHf0Vs2HNgQfzTbe4UVdQ,イングリッシュブートキャンプ,1,6,0.350803
UCKnJGBv2QcETn4XXrawaNWQ,普段の北原くん,1,3,0.350732
UCDtMZkjSqswDkAbyNbDsV6g,RIZIN 格闘技 切り抜き,1,5,0.35052
UCXrp0H7BPBHx2YTYMiiKEAA,げんじ/Genji,1,7,0.349008
UCJwgcOa4-WoXbp_Kw4GTA-g,Eriko Nakamura YouTube,1,5,0.348218
UCMxKcUjeTEcgHmC9Zzn3R4w,しくじり性教育の由宇霧ちゃんねる,1,5,0.348158
UCvFDKtnSTUy48uAzRcayqJQ,田中りょうじ先生のボイトレ,1,7,0.34807
UCQfqM8lmBOMceTP0Nqbvd2Q,井上ヨウスケ / 井上FP事務所,1,4,0.347389
UCYwbkpClkTZHrdokM6mTISA,りゅうの留学英語チャンネル（ryustralia）,1,4,0.346829
UC14tEWWwUucpU8SVpIjKeZg,ほりだいちゃんねる-Horidai channel-,1,4,0.346425
UCPSx50w7WavmAXmYowlhNWQ,TAKASHii,1,4,0.345862
UCVHbha6hXQkrNmGow5XQyoQ,中星一番,1,7,0.345457
UCkMs-Zr9pGixbqm0mhO8J7g,Rola Official,1,8,0.345077
UCyNCbzWQKXGbfKwIqNcWNLw,US Life & Travel,1,3,0.344908
UCL3G4bQc4kuCHFfrl7YUoxw,みやびっくま【退職後の申請チャンネル】,1,6,0.343078
UC7LtYcOzu2amH6GWk-y8llg,Bilingual Emily Channel,1,5,0.343046
UC10Z3uA6Rs1pwAY0oBCG0FA, タイヨーエイガ,1,13,0.342337
UCyWp9HWdXiUD2nmJMJ0DY_A,天文物理学者BossB,1,5,0.340371
UCX_nNpl_WxGy17_Yl5zpTrQ,宏洋三代目復活のメインチャンネル,1,7,0.340186
UCpqY7KjMnMZvSe74n3wYZTQ,メシアの告発(・●),1,8,0.340052
UCihHCJJzd_zGd-cGBTj_kNw,真実をお伝えするCH,1,7,0.34005
UC3jlzr9B8y3ZgUPRRvAiRXA,マルティーニ,1,4,0.339817
UC9aIWbc7ekcsn6s15qXj-IQ,凡骨突撃部隊,1,3,0.339813
UCOFXzXxDq39i0vwkUD3mV5g,かわえi@美女マッチングプロデューサー,1,3,0.339643
UCn3uRPLOQ5YOSEPOOqZejUQ,MARCY'Sちゃんねる,1,3,0.339131
UCbHWA4a3lQ3KM1_TGHrCFSw,C-takebeats. computer music Channel,1,5,0.338405
UCmyzj9g3CSiEbfOIMMAzOkg,佐伯ポインティのポインティTV,1,4,0.337498
UCJaIMlyiJSBSgOJVieE_2Hw,AI動画ラボコイコイ,1,6,0.33687
UCfxSQOooyndH3zYv3nOjlGw,やなぎ【田舎でも動画編集ライフ】,1,5,0.336058
UC15dEhfMWAgwW0dsr9rC7MA,でき韓 韓国語講座_パク先生 박센세,1,3,0.334129
UCh8cfJu6EYhhty6g1Fx6Jrw,あっかんB太郎,1,7,0.332696
UCWq8IcYAhzf0njPFf9OSXhg,【アニメ】真実に到達することは決してない,1,4,0.330914
UC7PVR5Av-PmhlgI4Wbikf9w,佐川奈津子,1,5,0.33053
UC8uJ7olA7s1kla89hc5aYeA,psgips,1,4,0.329697
UC7zx7uOmqXsD153rPSUvxcg,数学・英語のトリセツ!,1,9,0.328889
UCA5fJq_6qUxHoN2NkQupCaQ,偉人の道標,1,8,0.328023
UC5u0QPy_0-sLwN3x1uTBAnw,マコトミノル【恋愛系VTuber】,1,3,0.327533
UCoT9z_M8H6OqupEmjeFceuQ,ドンちゃんねる,1,6,0.327045
UCKxITosvQ2XPr4Fzv1verkQ,雇われない生活の始め方-光成,1,5,0.32601
UCXf4PpMlRQ2qqD7LWVamO9Q,きよあき@ブログで最短で会社員を脱出するぞ,1,4,0.324822
UCxuS4FkzM7Bmuk8H2V2brKQ,【公認切抜き】竹花貴騎のスキルが学べる部屋,1,5,0.3246
UCUVWoy_rGPdZeUp7jjRHOaQ,株式会社ティーファイブプロジェクト,1,13,0.323643
UCX7gk9K2-vWvynN6pPNNwqw,鈴木心,1,3,0.323292
UC0fel9fma6YY2EanMR14dMw,Yuki Oda / Holistic Glow Specialist🌿,1,4,0.321623
UC85YAqrPAio1Zl0Y5clfW6A,After Effects Yasuda,1,3,0.321537
UC7BAsbEfT_U8WWlAaHCOYiQ,Urban Noir ,1,3,0.321111
UCP5XGQlQ6Mdi8-uDlbcgZRg,笹原健太郎の足腰チャンネル,1,7,0.320129
UCKMjY9yt-hH0d5OrMbi9SPg,旅行の教科書,1,6,0.318704
UCrd0NQ_WdJFzb6-hGkyGtVg,This is 英会話,1,9,0.316618
UCWH8g9K9eMWNjCuZkQsyH0w,NES & SNES [Popular Music] Special Arrange MIX,1,4,0.316277
UCI5qtINR15G1164muyJOQzg,海辺の工務店 気ままチャンネル,1,5,0.316046
UCKOtnsvTg7HLM9kbPfltl-Q,チームみらいの未来,1,3,0.314948
UCGWTfxwWCalekiUtZpjY6bA,バズ部 / ルーシー,1,3,0.313507
UCaprYODHt9TUjx1pVkxVQvw,Mamiyoshi,1,3,0.313327
UCimupJT4QaokCZiFKXbmk_A,おたくの王様論,1,5,0.313228
UCLdPd6xVWQpoUmcKW80EynA,長谷川良品「テレビ悲報ch」,1,11,0.312233
UC9w0E5sgqbM4LCZciX4h5gA,【英語発音】セイダイ音声学,1,3,0.311702
UCg9XCwhgMGo8sKtu0qsReYA,CABA NINGEN,1,13,0.311605
UC1y4zlm0Nw_AHLrb-zJzMTQ,日刊インプットCH【本 要約など】,1,4,0.311159
UCMe3-UYrkzd5BaWXqPHvNhA,えびlズボラでも整うマイペースな暮らし,1,3,0.31041
UCGyRkEejAlVZi0BB25k3oYg,ドル円FXで生活,1,3,0.309416
UCQjvVs14-Oo6CQw4M3BTAww,かんきち社長【岡田貫希の幸せな起業術】,1,3,0.308802
UCTxin65y9cs7FsSRGZrZ0-g,笑う小沢と怒れる仁志 / 小沢仁志,1,6,0.308366
UCCVJO-UBTAWmH6sP2V54eVA,まよたいー真夜中の待機室ー,1,6,0.306447
UCsFXqWV34kaZzQbbqGGEzmQ,皇室の噂,1,4,0.30642
UCEWR3HlY7xg5LgIDD62HYMA,深掘りTV ,1,7,0.304859
UCAfFfmcvyjLKtgcTMLN3i9g,筑波大学スポーツ【公式】,1,4,0.304851
UCfs-dCrHxlmYedwPdl9ix-g,JAL、サブチャンネルはじめました。,1,4,0.304364
UC4jbELyqfdqrhO2HWKL7mfA,二瓶有加ch,1,7,0.303685
UCp3gIkAx5B1PVefCn2TmITg,Kay's Room,1,5,0.302618
UC8YNeFa2xGP1WMKHmsgQPcw,儲かり学│スモビジまん,1,8,0.302593
UCoWV5SVB9h5IA4yz9j6Lt3w,Japanese cuisine channel,1,7,0.301516
UCrtQhbVplxKqCkQEBDH8wtg,Euhedral  Crystalized sonic nature,1,5,0.301512
UCdH77bOOCxkXb6VhL2AHj8A,English with Dragon,1,4,0.299757
UCcS35Hai07_vBgBC0Cwjr-Q,Gamore,1,3,0.299338
UC-opZ_LtdBgD0nqCo06Uxiw,Maiko - Sleep-Relaxing-Healing music,1,8,0.298618
UCUhjs8qOXAHqOBiPyfUM2vQ,メンタルドクターSidow,1,6,0.29703
UC3Rt1QZLTi_EG4vLOVBn_Ag,AI時短パパ | 今日から使えるAI時短仕事術,1,3,0.296857
UCHPARXha7xQNbfzwzY7NzUw,megumi sakaue,1,7,0.296038
UCs76GRz_pYj5KDnUF6WC7yQ,Voices from Japan: WWII Testimonies,1,5,0.296006
UCHCNY2mCdT7vf0-MaiKTOtQ,おじゃる💻Excel時短スキル発信中,1,5,0.295785
UCX159cvbQYBvMFvpdsbIDdA,PowerThoughts Meditation Club,1,4,0.294538
UCNK6sbxu8te2lwrXgYGX8Qg,紙兎ロペ,1,6,0.293701
UC3oPZC41Qvv0o3UKseuQLKA,ミミチャンネル　かぎ針編み,1,3,0.293633
UCRu3WtIb_VH7iYbuIvl4gVg,のんびりスパイスカレー調理室,1,5,0.293579
UC_F0B-7t_pnFu5rxFasFVgw,しゃけクレーン,1,4,0.293172
UCYQ-KobYn4cxCB2T_n05zEw,コロコロチキチキペッパーズの『よろチキチャンネル』,1,6,0.292945
UCOMLsUCr8F0zf6LSwxBnuRA,Prime Video JP - プライムビデオ,1,5,0.292925
UCJhEEnp0pjtesFIrctrNCug,ネギ式ダイエット,1,5,0.291509
UCDFkmP99_k-8hsS6PIMjFwA,クイズの達人,1,3,0.290751
UCSTXol20Q01Uj-U5Yp3IqFg,Chopin Institute,1,6,0.289907
UCM3UoIq-HtYzTaSUOZuPJxQ,AI club,1,5,0.288968
UCJoWDG8GuE626Fqs1l6-gjw,ウラ漫 ー漫画の裏側密着ー【小学館マンガワン】,1,6,0.288652
UCJeF3xZT_UZOOfmaxgbxd_g,Cine Frame,1,4,0.287891
UCe_9w0t_kIuNVbnZtSnl2kA,幸せの塊 ゆっくり,1,5,0.287592
UC9Y9unU9q6zPQfK5RhlzpKw,Angoro Cryptocurrency skyrocket,1,3,0.28742
UCnuKEojtIdLL8IoQgC7RoqQ,潜在意識書き換え,1,4,0.286479
UC6TTfEWrLUdotVDJlN1fe1w,あんどう,1,7,0.285538
UCSt0DkvQB2PssAJip2Pwamw,管理の山田 | Notion認定コンサルタント,1,3,0.284424
UCnk2d0LgBg4Ngm_TY1XSYJw,アニメで世界経済,1,6,0.283112
UCJlsQK_8Uq4_zaAEp8_Hq9g,Tune Pulse,1,5,0.282766
UCDLxLZnFeZcu822vGZ43CqQ,白鶴酒造公式チャンネル【日本酒】,1,4,0.282533
UCE7blD9XJY_RM0dG7Gs_LOA,Shifa's work room,1,6,0.28224
UCFRbBdmVBHA7PeAuctRx1rQ,いちなるといっしょ! ボンボンアカデミー,1,5,0.280996
UC-fJtROW71hGam_1bOMpoEw,isshin CH,1,6,0.280663
UC6Dwu4M399TxSSh4YJkrLUg,Mr. Ken / トレーダー,1,5,0.280134
UCVMUxg7FDlW1tZXzEdeYPIA,ノースサファリサッポロ,1,4,0.279561
UCK5X3f0fxO4YnVKVZP8p6hg,Alicia Keys,1,6,0.279116
UC5EZLmT84eddqYdidet2Mxg,RETOUCH studio | レタッチスタジオ,1,3,0.278654
UC-dmJ79518WlKMbsu50eMTQ,Clark Kegley,1,6,0.278479
UCBkR9OotvGvIjaJHp-2wiCA,Alla scoperta dell'Italia,1,5,0.278376
UCUkEdRatG8kVQlsm69jU0HQ,SM kawaishorts,1,6,0.277984
UC4MOVCr26MSFv3LpvWVVLvw,なるほどダンススクール,1,4,0.277921
UCFIeHdtXRZrKSj9bMQzHMag,政界24時【政治は最大のドラマ】MK通信社,1,3,0.277296
UC79M1QRQyIjqZRc7xKy30uw,Daisuke Kunita,1,4,0.27709
UCFestZOXrJ-Pug2C7QtmFLw,大人のチャンネル,1,4,0.276884
UCBOAu-K5ruyP4IY9TLCF1iQ,Yuki's Chinese Channel,1,4,0.276523
UCJcyQ-N0sbvwjYpDNXP9tsw,NON STYLEチャンネル,1,6,0.275949
UCMmO8fiv0J34qc0qIO6t31A,REAL AKIBA BOYZ,1,7,0.275595
UC1EjNYPvJoEfwoXoLFhfdjQ,寝ながらAI教室,1,4,0.274616
UCPOrSYNVdp3BmOGrV_1ceyg,虫歯,1,3,0.27407
UCHZB1f4TgWr__yEWzIXR2Wg,土井善晴の和食アプリ,1,5,0.273511
UCt7ROfC-kIfRFx7yl4WLMjg,令和の虎Youth,1,7,0.272596
UCpmD3iT-8TQzRuygIiS9bAw,Conor Maynard,1,3,0.272453
UCGLaLP99T8HYmuec1PFn_sA,世界秩序 政治 経済 軍事 歴史 宗教,1,5,0.27241
UCJrOtniJ0-NWz37R30urifQ,Alan Walker,1,9,0.272136
UCcsnQg-7iftf-djQS9-0rLw,【西野亮廣】ラジオチャンネル(Voicy),1,4,0.271162
UC6bA804uZSqHeEA772W2Y6Q,ダイクマン1号,1,5,0.269948
UCY6CvChiVV49x9T-RlxQ1qA,araguma,1,4,0.269595
UC9Dsz8ePgnYIjP_kXxJbPLQ,NOKO 男性専用パーソナルジム「Gran Gym」男性向けボディメイク,1,4,0.26926
UC1DijbzOiB3MTLNbCgqasHw,webの森・モモンガch,1,5,0.269171
UCYxMFq7es36gsSytFp-AQyQ,大関ゲーム,1,3,0.268675
UCjb4ZjyNkaWYSEtl2Ii6RNw,SAKI　エレコアメソッド,1,9,0.2684
UCopq2w7PPKEyvBPXg7QOBOg,田原トシちゃんねる!,1,4,0.26835
UCFoPuuZa3k-dBEgwnTU_G2w,【横山信弘】『絶対達成チャンネル』（フォレスト出版）,1,4,0.26817
UCTmjM0ygjHrnurGFe0vO9cg,しゃべれる聞くだけ英会話　ひまりーちゃん,1,3,0.267965
UCn16T9OsooqLgV9Sp-_aPQg,チャイナ娘くまちゃん,1,4,0.267316
UC3HQ1dhrub23loM-iUvJUiw,ズボラ主婦Kちゃんの在宅ワーク,1,4,0.266611
UCd0lXfZHpNsfLtOBPWHkV8g,スマホのコンシェルジュ「株式会社コアコンシェル」,1,7,0.265338
UCz1dvjLeOJzMgoYbdHk_EOA,クニトミ,1,3,0.260873
UCBmA3lBLakca7HWF0MVvcPA,投資黙示録チャンネル,1,3,0.26078
UC1t4enbm-c5uMac-lBLh7mw,悪役レスラーの日常,1,6,0.260671
UC6wabaaWOZKpnDVLMuiIKUA,大仏社長の経営駆け込み寺,1,3,0.260011
UCwSS61qrhX9zyeTTrrIWZQw,TERUMI Wellness,1,3,0.259643
UCPHChzs3MP7X5BXa1eBaz0g,コレコレサブチャンネル,1,3,0.259295
UCRex_B9uPGOMsofqrxh7ScQ,Wotaku Gyoseishoshi® Sakakibara Sana Channel,1,4,0.258163
UCKGfR8BVdbPZPKmHW4U1TCA,金運波動〜黄金龍神〜,1,4,0.257576
UCquZ_1qN2Uaxjj0Fw3ttL9g,Simply Three,1,3,0.257229
UCXExo806poERtWfNF6qBRWg,知識豚,1,4,0.256962
UCDBqpiKiOKhYvVfQKComlyg,恋愛屋ジュンの「恋トーク」,1,3,0.25667
UC02SKMfsAneHIGVjq1s0f7g,日直島田の自由時間,1,5,0.256305
UC9d2mNoH8coSqtnotE81Tww,RealLife English,1,3,0.25606
UCDTSJ4rKEDJs7FAIAezzgjw,XANA,1,3,0.255785
UC2NMPK10CBR5X9dF1kWT48A,山本 智也【ビジネスサイボーグ】 AI×外注で40億円,1,3,0.255575
UCc1sntWEyGXMhH0fXI5mMiQ,わちょんのゆっくりIT,1,3,0.254871
UCHC8L_WrLJCbv9L1MjEX51g,河北裕介公式チャンネル,1,4,0.254558
UCGzRqZDakqrEcUTRKJ03vBQ,50代ダブルワーカーの晩酌ラジオ@レモンサワーで、また明日。,1,3,0.254519
UCAL4AMMMXKxHDu3FqZV6CbQ,Easy Spanish,1,3,0.253314
UCC-Xr3O33ApZwx_V_pzVNVQ,東京の本屋さん　～街に本屋があるということ～,1,3,0.252863
UC9B6J4qn5M_TLMh7zX0ISBA,Brilliant Classics,1,5,0.252777
UCb1eRXbh9kMaUX6jKGQcw5g,宅建Jobチャンネル,1,3,0.252503
UCTi1Pp6pivo5Gw3hSixMaDA,【中古車検索サイト】車選びドットコム,1,4,0.251755
UCJvkiWAZgt76wx5Hnr23J_w,ゆるーりチャンネル,1,6,0.251572
UCKx5lHJ6Fr5mbT4TYVLh6ng,TheCottageFairy,1,3,0.251254
UCT0A6j1yHhCYMoV2LIM3HkA,Relax Lofi Life,1,5,0.250183
UCZDM8hBGRpJ6FQDT0W0n41A,Takeo: Digital Marketer in Japan,1,5,0.249881
UCc7Ygo3HC1zWJOrtNiwuT3w,Gamer Grandma,1,5,0.249219
UCA8Myo_LPwq-ED3QhKaSXJw,Office TANAKA,1,8,0.249114
UCRA4rkdE_dKMmDpm5OG-ZAg,瞬間ライブラリ,1,3,0.248993
UCncukXlTIgqfDldnE9UbWBQ,人生が前向きになる名言,1,4,0.247913
UCYG6qaI5Chf0wYJAP0EiF_Q,相馬カケル | AI副業でスキル0から「選べる人生」を掴んだ男,1,4,0.245324
UCY47aDuWPpH18NJlidLg04A,コレサワ,1,4,0.24529
UCQrf7CMFUrRWCgwWvLbnH2g,daimagic,1,4,0.244249
UCu8YDiJJe5Ilhpl7OI5shJw,島倉大輔,1,6,0.24384
UC8-Cg9tUuLGLPDhtK4APhhw,総資産2.5億🍁のスピリチュアルAI投資《トレード&株式投資を通して引き寄せ研究💹》,1,3,0.243788
UCWQt0ss1_e5_crkWpfTPzVw,INVANA　ウェルビーイングへの旅,1,4,0.243235
UCiQvv7FFjH3RenUJDW-XqAg,SeanNorth公式,1,5,0.243001
UCPXJjyaSnPsp2tNS8A5A4tA,空ぶらちゃんねる,1,3,0.241471
UCtkx8bbaISjERbLMD8EUytQ,メンズに人気なエステサロンのオーナー山口真央チャンネル,1,3,0.239851
UCOxXayL3TDwJkmR8DIuIi_g,Ami'sLife Japanese Family,1,4,0.239624
UCykh10qDfs-sHvIVM7ep1yQ,クマ先生,1,3,0.239133
UCCRsTn4VlUET2usxF9N7idQ,セールスYouTuber,1,3,0.238817
UCYW0i4J8F4YJ4KG6VXE5XEA,マーケ博士【SNSビジネス研究所】,1,3,0.237797
UCCla_ElVHdJbLu5TOJu2aPA,【闇深】フクロウの事件簿,1,3,0.237636
UCWXLR65oFXZGz_2HAM6gNgQ,スラみのドラクエチャンネル,1,4,0.235106
UCjzrf2izigX4KwRO9GFydIA,暮らしを豊かにするお金の増やし方-みおり,1,4,0.234743
UC6cMv-Z0c_SUhJh3GVnv2Dg,【開脳】溝江達英　14ヶ国語話せる国際言語学者,1,5,0.233072
UCa7aZzGC8heybD5XYFpBnCw,ショート動画攻略チャンネル,1,3,0.232205
UC8mJIW9ihUnoqBlfh5j7Odw,つじ田BOXチャンネル,1,3,0.231429
UCo9vQCH_cf9_8YIQ6xzjJSw,So yoi Music Channel,1,4,0.230915
UCRxoyCZtwiBlX3ONxQxYiPQ,埼玉うどん子TV,1,4,0.228458
UCBPlelKqrYlM9gqoLC1R9Lg,Natalie Dawson,1,10,0.227102
UCBSvZWaD7J0lVk7RfXSZX6A,ROBA Rider,1,3,0.227041
UCVqh4QpfEmRuVufvIEK7DiA,みんなのニュース2,1,7,0.226915
UCHFZUwH2x6EtBXEt_tEmzzQ,僕らは日本をあきらめない!,1,4,0.225351
UCKYzluBJPjqoIHOX7Nl8oZA,考えるエンジンちゃんねる,1,4,0.225275
UCX3AxwfpgDH2PFZNZV1xVpg,ONKURA (Living with Music.),1,3,0.224929
UC96ayIUKf6vLCLuIaCRYnXg,Craftsmanship Process - SUIGENKYO,1,5,0.223815
UCSmuKK6Y1HEwDRWHzWAMm6w,実業家 倉橋隆行チャンネル,1,6,0.223421
UCUI8jWalKaZ3HsT_-0qTqWg,Unreal Engine JP,1,3,0.220455
UCB-zAGKQshyciq-a7w2Chcg,YM視力福岡ちゃんねる,1,7,0.220432
UCXqTqWCkp54FZDQTDmKR-ZA,TAIGA SAMURAI,1,3,0.219359
UC8bzuVZ4Ke0ctrrLpoZCpYQ,Spooky Hotel,1,6,0.218439
UCZhQON4SjcmJdOKD0vXFpzw,シネマンガテレビ,1,4,0.217354
UCELbeMo1PG9sED_8TsHyccA,Roommate in LA,1,4,0.217053
UCXXYIbHwf9V6ScGbFo1YImw,Kreha Channel,1,5,0.215411
UCB6EVQ0rpeSveD918W1JOkQ,2chまとめ迷言集,1,3,0.214547
UCTUHN-d0rujv4DZI-sEY53A,ハチャメチャ空間,1,11,0.212866
UChMF23ZnWjThFZvM_llZOUQ,Dr.ヒロの第二研究室,1,3,0.212834
UCDzsyFHVALz4z_ouKgCdBDg,【公認】ノーボーダーの隠された真実,1,4,0.211876
UCQTrzcWfWJqMoSrP9lZqWdw,ikup channel,1,3,0.211575
UCQ_qNJ87wRtit6KYdWFBPhg,sound quality lab.,1,3,0.211119
UCH_ooLegdVwuhalm3rId9nw,かじまっくチャンネル,1,5,0.210687
UC2VenCdYaBl-VQZ2VKtC-ww,Cancer Channel,1,4,0.209955
UC9eIq7PwD0WA-2B_Sp7xGdw,English Fluency Journey,1,4,0.209614
UC4ewjVlTnIb7QQvUuoa79TQ,わんこ・1日1分でくびれを取り戻すアラフォー女,1,3,0.209019
UCd1sUnJ4AA_DnVf2Xs4MsmQ,オーダースーツSADAチャンネル【公式】,1,3,0.20836
UCBkYT6mlOpVVV9t5nRHn9Ow,TOKYO ASMR MASSAGE,1,6,0.208292
UCbqiUHfEXS9m3eljoGLIYeg,道産子アフィリエイタークロレラ,1,3,0.208166
UCdsaBup0zyfwAzDtkM6qvaw,3D Bibi,1,5,0.207911
UCQOkMREmJU1KbbbnHWhkzxg,しまじろうチャンネル（YouTube）,1,4,0.207515
UCGDoTG00rDPGjbiKhrdvQRg,與座 良太 -飲食店経営塾-,1,3,0.207029
UCHJlu-heOtYyfobsGeMhUyA,歴史をほどく,1,3,0.206334
UCKwFByWTQGSBQJYJh9pkrTQ,社会不適合者系Youtuber「たいき」,1,4,0.206164
UCfsGPJlM96bL9qIBj5D1biQ,リュウジのバズレシピの副菜,1,3,0.20607
UCBR1H0-Pc_harxCK8oxiEmw,いろ　　　　　　　　　　　　　　　　　　　　　　家事ラクでゆとりある暮らし,1,5,0.205811
UC69PomlaBJ2TRCtpAC0LQUw,事業構築チャンネル,1,5,0.203465
UCBU5Ki12EEQnOETEG0MeleA,saitouhitorisan_onsei,1,3,0.203051
UCdTwYOkqvWJPSZYWHNhTLcQ,世良サトシ,1,5,0.202115
UCRIYso2Ihpm2TPEzWvRy_vg,Lucky Kilimanjaro,1,3,0.201378
UCC_nn4TlgMKp2li_kvUcWsg,MIYAVI,1,6,0.199892
UCHdv7T_lzLYJmj_c6dxYyKA,どん底を転機に変える!あんの「どんてん」チャンネル,1,6,0.199684
UCsRRzwiGpo5U580FpH_ZEaw,SAGIRIX,1,5,0.198476
UCqtrOJnqLpH5dmW1xzWYpNw,松田さんの毎日セルフケア,1,3,0.198095
UCD10XbSRYB_1eIX8YMgWJtQ,GOAT football tactics,1,6,0.197903
UCFKE0Oh8J5enoQLuRzzsKGw,真・日本の歴史,1,6,0.197596
UC8IGKNkwoWPJYA8FlRarLrQ,Yuya | 目標達成研究所,1,5,0.197075
UCbL0KjqpRvCR8rkwqy1goKA,スプレーアートエデン,1,8,0.197023
UCwHnTIu0lp_5uS5OJw55vOQ,令和ヨットスクール,1,4,0.195726
UCKgsG0v2gzcUeTSCehV_LPg,人間関係の法則,1,3,0.195509
UCeG4g_DUvdWnZ0LkVz7dR5g,キートン@介護福祉士試験対策,1,3,0.195482
UCgC-qcaEMpXL8KsWT3xBJ9A,AmritaChannel,1,8,0.195444
UC75vlsQqAyBLdtya0CZteTA,ももとかーしー。,1,3,0.195285
UCMICjRLPCgeJpD_FPnUZ1yA,ユニコ🦄 ClaudeCodeセミナー11万人の人🔥,1,4,0.193367
UCBFaOy1_APEXEyA6Gws_Y1g,Black Eyed Peas,1,4,0.193189
UCkUZKZ17PeE0ATPKvmvEU5w,日直島田の優等生台TV,1,4,0.192965
UCeuKiwO4ZYBbUzJTTo8rW7A,taocamera / Architectural photographer channel,1,3,0.191706
UCdYxBQTSN28zDwwtMIxsfIA,【社労士資格】アガルートの最短ルートTV,1,4,0.190509
UCHAPTOtvj4rYeD9DnFQ5Z8w,渡辺レベッカ ☆ Rebecca Butler Watanabe,1,5,0.190362
UCARP_PGWffEg-GQeJJfEyfQ,PeyHappyLife PR,1,4,0.190252
UCGu4coN9ur2WgatqkHK82mg,漫画情報放送局,1,4,0.190155
UCtvdYG80-b5r1ZJY3EU_MHQ,未来収入ラボ - けいたろう,1,3,0.18999
UCJJ0U7sjpWUhR5rNBlLSqtw,ryo_oya Workout Life,1,4,0.189778
UCOV27P5lX9bx02rPsJYhFlQ,楽ゆる式 ◎ セルフ整体,1,5,0.18967
UCTfy16XiuYYV2jH8kaXhqsw,Yayoi Oguma and DAVID's Sokupera ENGLISH channel,1,4,0.18957
UC3pN9v5Tw6sBJXX8LtvO9Rg,終,1,4,0.189238
UCQNo02uM021AZH_p49OTm4g,英会話アレルギー克服教室,1,3,0.188624
UCSqwL2rB1qra-qOWVytZGaw,真誓会 YouTube,1,4,0.188347
UCIA94tBrYsTy5V03Rl98Cgg,おとうさんスイッチ（パパ）,1,6,0.188013
UCG-ailtQ0MgKwNjVIzNwIWw,石丸総理大臣になるのを見届けるch,1,3,0.187024
UC8JIxQptjrSJ0sXWKItb6VA,Alva BGM,1,6,0.186509
UCvM-MkpgLEKGOu_kiSBc0NQ,NEW SALES チャンネル ~みんなが売れる営業になる~,1,6,0.185701
UCKje7JeDnIjcMOEzjmLylEw,Approach to your subconscious,1,3,0.185418
UCF_r2tUc-yODM6eUOTPSk7Q,石井賢介 MDマーケティング予備校,1,3,0.185093
UC9DAfnFM-u6qvRcisJBPxvw,Luca / webマーケター,1,3,0.184528
UCGR59QydU4IKidLr3eS_VJQ,O'thus Sound Healing-ASMR,1,4,0.184372
UC3SyT4_WLHzN7JmHQwKQZww,이지금 [IU Official],1,3,0.184315
UCh1XCrJUXWwufS20QL_BzRw,Global Mind English College,1,4,0.183276
UC3mSxB_P1X8IFAlePX5QmQg,【ビギスタ】ビギナーズ ダンススタジオ,1,4,0.183229
UCMdx4o_DamjWCX0wKqs7Gwg,Modern Day Princess Mononoke,1,7,0.182897
UCUvak4he1DAsDkQYKd_CJ7A,Leto 英語毎日聞き流し,1,4,0.182738
UCn-ZIfv-MbtfLCuxHPgsahw,GTS,1,3,0.182413
UCAUefZUdVMVoCykeuwQMQPw,カブキン Kabukin,1,4,0.181795
UC-2roq7xkyzwFvuYFPeresg,猫ミームニュース速報,1,7,0.181575
UC2UuWL6rstjNOJaF0kxaHwA,MUUUUU.TV(ムーテレ),1,6,0.18153
UCjCrCgAo-_MK3JHrVec2WHw,裏社会の心理学,1,4,0.180815
UC0TnW9acNxqeojxXDMbohcA,Mark Manson,1,4,0.180649
UC_IWkSFj0qVD19D34mlL5Aw,MARIA AI Creator,1,5,0.180035
UCAVr_KAfrOP0C1twcdIA3Tw,WEB広告専門チャンネル【アドゲート株式会社】,1,4,0.17981
UCWNubczQi9tEd1e0m-ps7VA,ほいくんの保育士チャンネル,1,3,0.179222
UC0oMBBdVy5vGWIlG8I-AxTA,Nana's English channel,1,4,0.179133
UCDvhCOrkupP0Zfz45kbz2Hw,神の眼トレード,1,3,0.177696
UC62RmpUBOu8lN4T9cWwSFCw,igashinga,1,3,0.177333
UCaMgFwHtNTvF5JkcqWrDyOw,The ultimate gourmet of a Japanese chef,1,3,0.176434
UCmD-RvDMTdwmAp6HOev2FNA,川瀬智広【30代40代からのモテ男メソッド】,1,3,0.17619
UC7mwqMJZgGyK-7oeFwpy8Rg,新卒応援チャンネル【さざえ】,1,6,0.175998
UCoAss1j0VTHwQcoSlpJ392g,村岡大樹の無意識研究所,1,4,0.175815
UCVdppJ9ZzJZ0RdXZb2JiWvQ,France・Table & Voyage,1,4,0.17505
UCTdEhy-4vBa9f8mzXqo8EaA,maliétoile マリエトワール,1,3,0.174703
UCmhXdgYfZ2KfFDBWlheODuQ,明治時代の経済,1,3,0.173583
UCSmjNKPKMXCN8zIjFlaAeiA,極限を超えて自由になる - Freedom Beyond Limits,1,4,0.173488
UC1Crbfz9fyeP6HOAsiK9VLg,Mirin&Karin,1,3,0.173434
UCrFMxGJZIGITr8NnLMyry1A,完全感覚ベイカー:独学でパン作りに挑む人へ,1,3,0.171875
UCPCzTNwFZ9afU98GhRGRb7A,仲本理論,1,4,0.170816
UCf6Ngd6qqH5YmOsea1QWaeg,Healing Code by Shio 癒し×周波数,1,5,0.169964
UChWAEmiRXDhUx0-5jai-1TQ,ヒビキpiano,1,5,0.169579
UCO4ELjIyNuAnFeI-lTt869w,ダルビッシュしんご,1,4,0.169383
UCo2kwWSpTUbbus7syigi0Jg,寺島遼 / Ryo Terashima,1,4,0.16927
UCIvBts331a4QpU0D5GJcgcQ,まつうらなおこ,1,4,0.169143
UClXeVeuvKRPd9MsxciRGwpA,洋書Talks,1,3,0.169041
UCTvNN-x_l5SLRQyWMGnCHQA,コロッケの飼い主 ゴールデンレトリバー2歳,1,3,0.168973
UCn-23a-GUJ2j7Q49J_QXPAg,ちぃ,1,3,0.16884
UCVsLICvumTGl8Q0z2erOCGw,YasainohiChannel,1,5,0.168825
UCEGuZlXpfQjsALYlGVCyv-Q,British Education,1,4,0.168805
UCZJeS1CeIth990hXUtDeVYA,やまけん山田研太,1,4,0.168658
UCs_1Mw8sX8pfh8ARO3JesAg,The Secret by Rhonda Byrne,1,5,0.168518
UCyqZE-ERRHfY8SwcupWK5lQ,* Baby&Kids * Handmade,1,5,0.168427
UCUoh-YtyEGCUNEFzBJp5sFA,シータピアノ,1,3,0.168286
UCSvVHZVncyBV_1B4MRaRKCQ,杉村太蔵の資産運用講座,1,4,0.167831
UCSLHxi3owHFZaGaKooaNN5g,欠陥住宅告発,1,4,0.167625
UC5Ce1XGat0JJOXcFWZl1jcg,달마발 Darlim&Hamabal,1,3,0.167318
UC4MrJsZzZpif1fKxFLKfGtw,ゆい【SNSの裏ワザ攻略】,1,4,0.166478
UCfQVMceNwc_UdMeFopaTfFg,まるっと農業日記,1,3,0.166371
UCVsQ7-jOVFeFDR9DS4xxrew,もっかいちゃんねる,1,3,0.166017
UC5v3ouoirUedRiWtqqOMFNw,みんなのマーケティング,1,3,0.165265
UCTsRVfWFaOtZl4V_FFH3BaQ,はにぃ🫧簡単だけどめっちゃ効く宅トレ,1,3,0.165124
UCsPGPzbbBXRNlrV99fO9MxA,こころのケア研究所 SHINKA　心理学解説チャンネル,1,3,0.165076
UCBYpJ5pP6zd1w1yjTggpJLg,非属人YouTuberの本音,1,3,0.165069
UCUxC4kn4ErOYB32ZhEaq0WQ,恵比寿【膝痛専門】整体院蒼-AO-,1,4,0.164908
UC23qtHc57s61Ks8K3Nx4B6Q,こまめの「ブログの教科書」,1,3,0.164731
UCrcqCDrC5nn-8KrbzUNrvSA,ナカイドのゲーム情報チャンネル,1,5,0.164685
UCcvdaQ7bwKapB_YDd0sVHlw,フルーツポンチ侍G,1,3,0.164651
UCIwJNBqyWQjIRi8kYiK96wQ,島田隆則 | 人生全取ch,1,6,0.16455
UCAQg09FkoobmLquNNoO4ulg,linguamarina,1,4,0.164029
UCFzGbVttYpJlDToUmajzYGQ,サッキーちゃんねる🩰Sakkiii Channel,1,4,0.1639
UCU22zhPrGfW6YteBwQ-bAEw,トワイライトゾーン【都市伝説・オカルト】,1,4,0.163823
UC-4HCk14Nb7hkdZ1aiZYBeg,YUZU CHANNEL【ゆずチャンネル】,1,3,0.163594
UCojVbGc2ueYdKM9EG1AGGSg,CHILL TOWN,1,5,0.163519
UCQcP1QPlKiwH0gX-XNFETNg,Unique Zakka Collector,1,4,0.162972
UC2JzylaIF8qeowc7-5VwwmA,Minami,1,5,0.162771
UCN3bVMUo4iVTapACVNho_dQ,走る人参（気象予報士）,1,6,0.162761
UCiMjZzwEbN-xFiPll8R__KA,ゆっくり事件【悪人を許すな】,1,6,0.16239
UCCUhTDe1GOc7dihHxRUmezQ,Japanese Birder Miki,1,3,0.162291
UCY2qt3dw2TQJxvBrDiYGHdQ,Pink Floyd,1,3,0.162091
UCxJGMJbjokfnr2-s4_RXPxQ,Speak English With Vanessa,1,7,0.16187
UCmhL7Y0cuM2zBzUwaINDR3Q,ダイエットおばちゃんねる,1,6,0.161683
UCLmqOGpWDsqqoXcww4-Y7dQ,LEO's Playground (Ryosuke Yamada),1,3,0.161199
UCHzgq6ux-khWo1noTEnUYXw,Polissya Bushcraft,1,4,0.161051
UC51m8P0yzgD9sZbhDHFUN3g,TRiECHOES Official,1,7,0.160835
UCzqRV3p6NKWOezJw1UWDadA,紫垣英昭の「株トレード研究所」,1,4,0.160657
UCAVWa1Bbft6hGUrfKe9FENw,Japanese Bread Story ,1,6,0.160144
UCPKT_csvP72boVX0XrMtagQ,Cercle,1,4,0.159743
UCbLi97OidG1-Gu8oY4_hPHQ,アットホームチャンネル,1,4,0.159075
UCns9dyhvV-ySaSBeGyusf7Q,プリンセス プリンセス official YouTube channel,1,4,0.159016
UCtaW3xlyxSKFGZAYO6YFv1g,けんとのダイエット講座,1,5,0.158598
UCuV-nzzHZPeJDYdZSkBGZbQ,Asahi Izumi,1,5,0.156868
UCEmsix8sbBOb5tuf6YRsQvw,morinone,1,3,0.156819
UCIJmZ0E59FVqsdz9V7BlxZA,The Crystal Collector®,1,3,0.156622
UC63mNFJR8EAb8wAIJwoCmTA,5-Minute Crafts FAMILY,1,3,0.155858
UCxT1Is9FCbzx4ZoG8-n_Q3A,ゆとりモンスターズ【ゆとモン】,1,4,0.155847
UChh39BZUlqasUI4QRTkY5YQ,OCCULT SWEEPERS,1,3,0.15583
UC1BBFpPRq1JFU2798gTIwjw,Stereophile1isback,1,3,0.155652
UClAmofZ_thjVTbOfljY7Fug,小澤康祐 / ゴルフスイング物理学,1,4,0.15537
UCSBsw2T81rO38JcMv8Kem2Q,トヨタイムズスポーツ,1,4,0.154624
UCh4mgDXERAfG4uOrRfpEjwA,YouTubeフィットネス,1,4,0.15448
UCX65aRSQMMpgcVH4dlirwAA,現役化粧品研究員としくん,1,8,0.154042
UCQHVhlqmfeAHRhyqExb_wVA,正直不動産【公式】,1,3,0.153724
UCY_qQE1SSMciTm6qG4pgkfg,TIE Ru,1,5,0.153162
UCciTVyFEABep-FNc4PMy59A,BrooklynTokyo,1,7,0.153003
UCDU2QDBivhOOVLE73QLhOgw,カドレの休日,1,3,0.152993
UC7MyPlf3MBui90M-Eoy2RVg,タキミカ公式チャンネル,1,6,0.152712
UC_HLK-ksslL-Z_2wiIZDlMg,KENTA / 雑食系エンジニアTV,1,4,0.151864
UChpmCcZIn7YTGD9k17T3cEQ,おかだ録【岡田斗司夫切り抜き】,1,7,0.151508
UCU0EBpu6GPwDLDpePzpsl2Q,AI時代の自動化マーケティング@元スタバ部長やない,1,5,0.150928
UC_jUr4DkX3izho3kxzlGP9g,名言ラジオ【著名人から学ぶ名言集】,1,4,0.150778
UCElyYCCC76RT6z9RkPbgBpQ,Endomoto huy,1,3,0.15045
UCRLYb3a2bnXPAsxxA1A9vuQ,愛と感謝の宇宙法則 Manifest  Love & Gratitude,1,3,0.150384
UCPdhPuxvgqG6wkzVD0wpaFQ,カドリーどうぶつえんつくる部,1,4,0.150323
UCYPZb4-QJ7jeG7TKkvNip4A,あや💌自分らしく働く,1,10,0.150228
UCYtPcrlZoTqZyos-uQJ0kXA,むにふわ日記,1,3,0.150115
UCFBo8mq8czEPE_Z4ePW0JTQ,Podcast Studio Chronicle,1,5,0.15004
UCEtqfaTM400et9Lyg5WKTHA,ゆいな@愛されモテおじの流儀,1,3,0.149788
UCUudl1aPUmyy1wjBY8UOF0Q,メディア情報局,1,3,0.149492
UCCpN05aUxJ1QaoACCEBNeEQ,ミステリーの夜更かし,1,6,0.149469
UCF1XUBFFBXlPkGVSxRnvJMg,コーキ タコヤキ 大阪,1,5,0.149435
UCQJYGSTU6tXk0pC08b-lYbA,鉄拳パラパラ漫画チャンネル,1,7,0.148466
UCIP5AdIkbSf_1j10kG55MrA,ズボラの漫画飯再現料理,1,5,0.148089
UChVRfsT_ASBZk10o0An7Ucg,Pamela Reif,1,4,0.147822
UC7ziMVzV2hrjRvhKGHrAAQQ,Taishi,1,3,0.147626
UCkyMdN4Y8brNMONv6Z4yLzA,MASACOMIC KITCHEN,1,3,0.147454
UCZkq6PkauqM-3xJqm9mT9lA,JPSikaHunter,1,4,0.147428
UCMYwZ2TyibUdz6QSjqjJvxA,Green Music produced by Zurich,1,8,0.147355
UClDAOurZy6Q0ETjqwYdtr8Q,新もっと知りたいワダイ,1,5,0.147233
UC_XqSxWgEIpHoGvYlOutGWQ,ドドリアん,1,4,0.146835
UCsPT2Yp3zp0QkG8ED2wZosg,deriba | 脳研究,1,9,0.14672
UCDDiSYJbdFYQAvlLRqJOBhQ,トプシュー (転職 | 就活),1,4,0.146644
UCE6XF2VeWvtonTCjgNBNdew,心の違和感研究所【ゆっくり解説】,1,4,0.146549
UC8gvX_JnZF4CciHKpCeB3ew,清水Airの哲学チャンネル,1,4,0.146501
UCXlhHqw9V9cBqN5Sb1E4Zhw,Yudai Kawase,1,3,0.14639
UC3y2LPw58qEPvDok5rRFoQw,肩こり&腰痛改善のゆうちゃんねる,1,5,0.146013
UCj6ymte8u07COpT0lmlWyrA,MUNEO,1,5,0.146008
UCKrpUy--KNoS5YZo8F8xM9Q,Kaien公式チャンネル【強み×仕事×自立】,1,3,0.145911
UCW03mhXZjtlqE8P_bewxl6g,こぴ,1,4,0.145709
UCbk_QsfaFZG6PdQeCvaYXJQ,Jay Shetty Podcast,1,3,0.145686
UC1xO2eXAxRFjrp_0RPhcNTg,AIニュースラボ【毎朝配信】,1,4,0.145658
UCxaV0A3RjIneBQQExFeZ9rQ,JustUp,1,12,0.145625
UCgh8iBPyAusYYGdCwzN2jIw,しゅんの投資・医学のお話し,1,5,0.145481
UC5jvNi51u4nTM-ExZKOJYxQ,週末の暇つぶし,1,3,0.145419
UC8jFb9OgzNzKEbzHA5PREGw,プロトレーダーJenny先生,1,7,0.145316
UCbUWGenSE7bq6W1SFVWkZOQ,いよちゃん,1,4,0.145026
UC7g14ZEefjcHG3WHgeAI8Hw,ラジオ体操チャンネル【かんぽ生命公式】,1,3,0.144779
UCTPjZ7UC8NgcZI8UKzb3rLw,Fluidified,1,3,0.144743
UC5gVGEFsTwYEPsuZhb8cW1w,日曜アカデミー,1,4,0.144706
UC1oDlBaj8rBLS-NiC_85YBg,人生は100年,1,5,0.144539
UC2fv_39ZVL9FPvVoy4WC2Jg,現役吉原泡姫みるくちゃんねる🍼🐮,1,3,0.144293
UCA5tWRX4Tx6BV_W_Fi201sA,スキル獲得チャンネル,1,3,0.143923
UCC90MzTdgV9s4_InY37sGdA,確定申告税理士【コニ先生】,1,3,0.143829
UC34DbNyD_0t8tnOc5V38Big,Deutsche Grammophon - DG,1,6,0.143711
UCVnttbyrGP5yYs5_Xqf-lKw,Fuji Television F Channel,1,5,0.143163
UCAO_NuO5nCvrp9avrhYfBqg,結婚カウンセラー 工藤恵子,1,9,0.143102
UCVxfaJc2hrH74DeUQorWB7w,ケンコーTV,1,4,0.143083
UC0AODr3GAMcx8swRCaGt0NA,ダーク心理学コード化,1,4,0.142877
UCeKfUfq8joPboU8WbWEWo1w,SATO_HUNT,1,5,0.142774
UCCDwsSLnwO9BKVuFXfYIR3Q,転職.com【転職ドットコム】,1,7,0.142473
UCTFopUbU1l2NFKguwb7NU6w,怖い話 怪談 朗読,1,4,0.142001
UCDyY8IsDYCsnNvPV3bfdJnQ,マグ勇者,1,5,0.141952
UCIGKy7pnIeLDRF1As7S_Pqg,AmuseRecord,1,6,0.14179
UCVXM96yuiXY3ZT73Dy8HgCA,VIPS Conversation,1,3,0.140528
UCDgsqI10kJejcmctjeicayw,ホラー 怖ばなし,1,4,0.140387
UCnTIcALbqBiXkScwAcz-vKA,神の節税,1,5,0.140326
UCKeMJbQgVgR-1Sd_znYpAcA,KAMAKEN,1,3,0.139899
UCaNeANZEi3HAO-0Al-ds-OQ,Yusuke Okawa,1,9,0.139507
UCHooKLNx_Zmmp6W3gr2yyNg,ウィンウィンホーム(建築ザムライ語り部屋),1,3,0.13906
UC2Nu7atuhXpGz3vmIHJsN1w,ひざ痛お助けTV,1,6,0.138896
UC2SqgMqFn6xxWy2jTRpSPLQ,ツイ跡! 都市伝説,1,3,0.138774
UCpc1SDp4NW7S_FnXR7D3fEA,おうちごっこ,1,5,0.138158
UCZFqI-Z5N-zloMMP7gorRkw,武田邦彦 地上波NGチャンネル,1,4,0.137965
UC7ShkzYGbYiIBtanJ7YxDAA,さっさん / SASSAN,1,4,0.137754
UCQdMq2NXbvq1js7dkkuKkVA,SMG経営塾,1,3,0.13757
UCWN2FPlvg9r-LnUyepH9IaQ,Boho Beautiful Yoga,1,4,0.137566
UCIW1OQQSK0fl3XRFIEfYiIw,健康になりたいんじゃ。,1,4,0.137148
UCPzNj3UR5Sa8UDNL5j7_rOQ,福山雅治 Official,1,6,0.137141
UCFb7sTeyX1NHUNaGrkpd8Tw,海外アニメ,1,4,0.137132
UCCCg-6YZHKto6Hw3oe2JB6A,Dasha Shpringer,1,3,0.136937
UCLMmcT54e-pAIg80atX440g,にしむら先生 受験指導専門家,1,4,0.136935
UCKcuHCV3VN8mJ3qQj7Xr42Q,globe,1,4,0.136874
UChz6IB_C33vT_c8kZni77OA,ゴルフスイング姫,1,3,0.136535
UCMGRam1TXkCuVwV0vpJ51gA,【恐怖の心霊検証】Mtv,1,4,0.136469
UCnCjqoK_8VuCGSLsNWAQkHA,ゆっくり闇の界隈,1,4,0.136383
UCkVViCUTbRkDdy35WazXZng,ダリ,1,4,0.136324
UC924RJCDDV5QKA303_8IvQw,動画編集初心者向け🔰Filmora動画の学校 モトちゃんねる　,1,3,0.136307
UCk2U-Oqn7RXf-ydPqfSxG5g,Mel Robbins,1,5,0.136296
UCqAbcgEp4NqCRnLG3NVJezw,Hinoki-Cat,1,6,0.136142
UCEjrdwqHuMiuXBqhd8GpbDg,YAKfilms,1,4,0.135463
UCVBErcpqaokOf4fI5j73K_w,English with Emma · engVid,1,3,0.135458
UCD_42mbdoPPlruNej43Xr1w,JO,1,3,0.135449
UCp25axeKt9RDsenZKVi4NJg,つのだ式関節整体 角田紀臣(つのだ のりおみ),1,6,0.135334
UCVxDQE_RRTd2sCwBzKDQfbg,"Retro King ""Japanese nostalgic hobbies""",1,4,0.135318
UCWDA90eEvGBgtbOM997aStw,Ryoji Takarabe財部亮治,1,5,0.135121
UCaY2APM_iqQ9_kjaCRE7CiA,ひろき / 世界旅行,1,5,0.135066
UC1kTquR5w3BW59iR-4-zMXQ,姉なのね。,1,5,0.135023
UCQHldoL2stICpOoVLlDs-tA,Max D. Capo,1,3,0.135017
UCPB2Nalf_qKZuyk86ETxD8g,小川泰平の事件考察室　Ogawa Taihei ,1,7,0.134662
UCT0q8NipPzU_G4yUtcAhKag,精神科医が◯◯する 名越康文のゲーム実況チャンネル,1,7,0.134326
UCEickjZj99-JJIU8_IJ7J-Q,Vlog No Copyright Music,1,3,0.134277
UClPKS7S62cwYYaq6udr-G-Q,ABEMA 格闘【公式】,1,5,0.134211
UCI52ygROieO6qOUn_Kz3BHg,こむぎタルト,1,3,0.134193
UCcj-cHmS0uD91MLjtdiN89Q,映像授業 Try IT（トライイット）,1,9,0.134157
UC7PpnqgEGCk7voYVEPUWnZA,Smooth Jazz BGM,1,3,0.134033
UCAs25mIyXGv26bWJGtcV0ug,おかのやともか,1,4,0.134026
UCQMnJQyQd-I9-M2tDM7i1DQ,Rofu,1,3,0.133652
UCCgPgZzLtaDVN9eB4LOMZlA,neowake,1,4,0.133514
UCOd3Cni_rOr1gMre2ZgFuZg,USPプロデューサー 鉾立由紀,1,4,0.13329
UCdqR8Mq8DBS7YbpdhaxS2Rg,世界のどこでも木下レオン,1,4,0.133244
UCChBHekuIhRnJE10hSjr0pA,幸運波動チャンネル,1,4,0.133178
UCCwEF50J44w2meeqKVHBHzQ,Relax Melodies,1,3,0.133133
UC59CcEUwE3wFCkHg5nO0L4Q,りゅう,1,3,0.132554
UCfEUQrCx31yDdNPiKqkApMg,中村りんの心理学研究所,1,5,0.132535
UC617gzynzJ_oKGlY63XKdhA,岐阜県PTA連合会,1,3,0.132122
UCT4_Eu49Yy0ydqP57DUl3nQ,majiko / まじ娘 OFFICIAL CHANNEL,1,3,0.132085
UCY5x2KlK08TUYUJEs4rvLyg,ナパーズ,1,4,0.132047
UCBGKtYOQaGWpqUsmUnTNYaQ,キモ面白ッ2ちゃん解説ハチとオシン,1,4,0.131827
UCpwcLpXvZPopdp2YOaae6EQ,車の維持・節約ch【元ディーラー営業マンが語るリアル情報】,1,3,0.131791
UCBBB-JN3iI1yjEgOcOoy--Q,アカデミックライフハックス【有益】,1,5,0.131685
UCCruo-KVM0xtugiwoXf7ahA,にっぽんを真面目に考えるch,1,5,0.131312
UCI10k3bf8Xd-FdJqriyl3wQ,ちょっとええ話。,1,4,0.131252
UCNjHT-PGWtoHAJzDbP_fKaA,仕事で差がつくAI活用術,1,3,0.131123
UC2Qw1dzXDBAZPwS7zm37g8g,COLORS,1,3,0.130998
UCAcnIP_u8vDfH0_0Z07WbKw,Seiho's Youtube Calligraphy School,1,9,0.130854
UCxO5HNRIVDO4DKlZ0ooRDJQ,なおよキッチン,1,3,0.130599
UCwJXtk_1CKlCrh7YJDP2uPw,共同通信  KYODO NEWS,1,4,0.13047
UCFlrqdzUox9mNu8vPcWZjwQ,だいにぐるーぷのサブ,1,4,0.130308
UCZdJVjbrC8oOrMssXHMekyg,偉人の人生,1,6,0.129845
UCA-mN_H-HUgcKeshknhdWRA,YAMAP / ヤマップ,1,3,0.129799
UC1R5dkg2WF8-zvDlkDEMDUw,ジョーカーのゲーム攻略チャンネル,1,4,0.129458
UCgc00bfF_PvO_2AvqJZHXFg,Boyce Avenue,1,3,0.129154
UCDrxHLzhOwvR_7kB91kav_Q,ヨクワラウ,1,4,0.129072
UCDATKGbXSD0XYUkYnpeX57Q,リーキのゆっくり世界解説,1,5,0.128979
UCsh-oI4qh607Nd3dGf1YvnQ,ばななちゃんねる,1,3,0.128973
UC0UJ2ZphiSp-ye0mxM_MIwQ,Grow Mind,1,5,0.128742
UCmspQNRIYeeOKIkzVd0mIFw,カツキ / メンタルの専門家【アニメ解説】,1,3,0.128695
UCRVxrv5NXdnT0F_L1Lynkow,ライフガレージ,1,3,0.128406
UC52XvxNr9ULdeB3LG-9JB5A,クラロリくる実,1,3,0.128393
UCFNH-kBMYFIo3GNpwFAowxw,2浪4留で大学中退した社畜は今セミリタイアしたい,1,4,0.1281
UCd_4vjwddAOc6TJrs81r5IA,タロー・トレーニング強化書,1,6,0.128097
UCO7Xwc2XagJgURZ5VnWidmw,垣内重慶チャンネル,1,3,0.128067
UCoGxk6_LJqsk9Bo5FeWNbMg,女流棋士 山口恵梨子ちゃんねる,1,3,0.128047
UCgXTZhho1Oigy9XkXsi2abw,ブッダの言葉,1,5,0.127859
UCmdm86ugRCSnA_MmrPsb5nA,刃牙シリーズ公式YouTubeチャンネル,1,7,0.127818
UCbSlQeAep9oEqG3lYQEIZLw,前略、歴史を語ってみた。,1,5,0.127802
UC2aowd8rVdATPOruRonOVnw,Natsuko Nisshoku,1,4,0.127422
UCNNI7XtOshk_gN9FuuLrn7A,緑川ゆう【0.1gの誤算】,1,4,0.127364
UCSoKaD27LRI9nBPJ2KB1lnQ,Alexis Ren,1,3,0.127307
UCLmAKyomIcwaDQmF46Rpl-A,やまこう Tech & Life,1,3,0.127208
UCD3dbSdE9LJmADxTvY07j6g,シャボン 朗読横丁,1,4,0.127167
UCUQimQnitcih_yPXtkq1Ruw,Daichi Miura,1,3,0.127165
UCwtumC79iopIPsk7WAjKaZg,ハッピー辞典,1,4,0.126901
UCHaSHp1HNwQzQqr9Tg3LhYA,衝撃の雑学,1,3,0.12657
UCZhuJj-JlKmy8Czd-uk3kRQ,FUMITOMAN TV,1,4,0.126498
UCAaThwhgEMfisl0GMsd4SIg,マメ,1,8,0.126457
UC5D2jDJY6i3tDtymn9Vwc9g, Only Lazy stretch,1,3,0.126302
UCxT_1qcezF0OBzliMxan-8A,Calma Musica - Ambient Music for Deep Focus -,1,9,0.126121
UC7VV0SvElJXqif7BaGgFC8A,DJ Big Mouse,1,3,0.125753
UCUyDOdBWhC1MCxEjC46d-zw,Alex Hormozi,1,4,0.125733
UCkUaAS-UNgPvTvZOeHHURkg,mimi【40代の体当たり厳選美容】,1,3,0.125459
UCCwVcqTiwFXyplIN-RqnfDg,今の気持ち,1,3,0.125403
UCmX-jNy6ML8bJn7g6gq-2qQ,Sax in the Night City,1,4,0.125252
UC0NpvUitN6rR_9CZJFgIBbA,チェロ上ジョー Joe Celloue,1,3,0.125201
UCXJhPliXqH0M7c_ysUpe20A,百獣の王の哲学【武井壮切り抜き】,1,6,0.125087
UCqcufnRichGBohzClI3DalA,防衛省 海上自衛隊 公式チャンネル,1,4,0.124481
UCWtOKMY2FKxyqBKDEfRAB5g,関節トレーニング 笹川ひろひで,1,11,0.124321
UCxgASUaTlfhG3m2ca1RfN3A,Genki.jp,1,3,0.12423
UCH6S414gVXNvzL7Ui5qiP4w,トランサーフィンの考察【非公式】,1,3,0.124223
UC1cHlPIE-kqiPvpyYz2O8rQ,Junior CHANNEL,1,6,0.124177
UCp9SyzQX5etI5fzy2zagR0w,ジョンピーチ🍑,1,4,0.12414
UCRSpm9XyS1qolUX-eNY4DZw,Sofia Shkidchenko,1,3,0.124079
UCKW0QGHMt8moOSgk08q5gAQ,Anzu Ngoc,1,3,0.124053
UCgEg3DFj2881SDcMJEI8L9Q,yakulab info,1,4,0.124044
UCLmd59Z9Jx1P75M5Jvsibtw,Hakaloco Stories,1,5,0.124034
UCihYMokYrglpPKgjzbZYgqA,takachannel,1,4,0.12399
UC9EVeiu4mjSv6FfzE9KqGJw,SUSHI SAMURAI JAPAN,1,3,0.123738
UC1twzcEtggCksJg56HKnS6Q,NISAチャンネル、さとぽん,1,3,0.123399
UCGLDtG2tl0uG8P0eNstbLUA,Tool_Tips,1,4,0.123276
UCAyDqVzzsGZ586aHDCQ7nQg,Hiromi Iwasaki Official YouTube Channel,1,4,0.123192
UCi8_blbAUzg4lX5tsjcTVTw,よっしーチャンネル,1,5,0.12316
UCN4CDAi-VbMWrpNoZyC_YsQ,康仁寺子屋チャンネル,1,6,0.123128
UCG8nVOl500FeDYUF37nTRow,パウラちゃんねる,1,6,0.122816
UCo72rUcAcuJO4MLlPXCZxaQ,永田　ハードオフ久留米国分店,1,12,0.122457
UC85F3ATmc2UJvfqbgw8Fdiw,MASAマサ,1,4,0.122412
UCo4AlGogv-HTW1Gw0kQysrw,おんくん【年収1000万円への道】,1,5,0.122332
UCP3md-ANHo7O9NFgjcfbwTQ,イッチは食べ続ける【2chまとめ風解説】,1,3,0.12208
UC6HdLya4hG6Vq6pczwNT-jA,街録MV,1,3,0.122027
UCEITxzSSA6E8HxJ2ZhoDJJA,healing music ho oponopono,1,5,0.121703
UCcvLSRIWJIAGFDyWtzkbiHA,marasy8,1,4,0.121582
UCTjmBvF1OigdH2g47b96f9g,TSUMUGI  かぎ針編み🧶,1,3,0.121234
UCmKt2T73O7hmpT37xoyQLsQ,トリリンガルのトミ【韓国語講座】,1,5,0.121148
UCSuLkltljBBkaqescTuswvQ,Hiroyuki's Work Hacks,1,3,0.12114
UCRw7iLrPaJAZq1we8ySuDNQ,ふとん大学（話題の本を紹介！）,1,3,0.120985
UC3xlP_Ds0CGaacD9XzkATIg,テムテムアニメ【コント】,1,6,0.120715
UCwGm9sb5ylpI71FZg8KxP9Q,SkiMagazine.jp,1,3,0.12058
UCxaah9N7CqdtM2qULc2N43w,The Solutions,1,4,0.120548
UCmpCJHtQ_qgjUmtCqgJhQNg,ReHac9−リハック九州−,1,4,0.120498
UCz9-5v09NoK6S7yk3K-Y8HA,経済クラブ keizaiclub,1,6,0.120479
UCGwuxdEeCf0TIA2RbPOj-8g,Stanford Graduate School of Business,1,3,0.120355
UCXkTUvGpbyvufhip8J04G5Q,Hyadain,1,3,0.120308
UCLe26g9dDVhx-pwscUZ9_kw,紫藤ナナ / nana shidou,1,5,0.120269
UCFb4_MjMnoBy3RHp8zH0PcQ, 文学YouTuberムー【 ノーベル文学賞2023 的中 】,1,4,0.120125
UC-kF1uMFhIfvw6seHqDGwkg,アシタノワダイ,2,84,32.55054
UC-km1012mEUQQLGxggmrazw,Haiji's Japanese food collection,2,33,31.276851
UC-noa6HH6h4YnjhAAJwUNkg,占い師けんけんTV,2,61,30.352603
UC1bmnUH1ffc63zohkPvtXcQ,ブライトサイド | Bright Side Japan,2,122,30.347908
UC059SA_tX-AptG0JdMgDG3g,"ひろゆきの部屋【ひろゆき, hiroyuki】切り抜き",2,53,28.759482
UC0NEFJxGzqMUVzh7b0sc1Uw,ショーツレンジャー,2,35,24.644222
UC0aToF412eWBjYJ6pPzUuZQ,井川意高が熔ける日本を斬る,2,75,22.570785
UC0AuyBe0-TDTqSWY27nhYBw,Gyoza Quest,2,22,21.581803
UC0e6zo8oX6ISSBjPaSZsjeA,懲役太郎チャンネル,2,48,21.57055
UC-5eTKa5UQsHZAgDPqpSBBw,なるためJAPAN,2,22,21.403739
UC1zsShDyJp8AafQu9BPo1PQ,JOE VLOG 【CRAZY CHALLENGER】,2,77,20.24614
UC-pkVT7PmmhoBUYfqz7JN9Q,ダイヤモンド公式チャンネル,2,42,19.919416
UC-IdN5EFZvzzZGqgul8eXKQ,戸田覚：ガジェット【辛口】点数評価,2,29,18.773951
UC1bt4jsQi5JDW9tR-qaI4lg,雑学王子ミツル - 役立つ雑学,2,37,18.474372
UC46u5qG6vqDdrNYgqRVvq3Q,GENKI LABO,2,38,18.340731
UC-rTBOFUf2IBumga8RzLdWA,北村晴男の溶ける政治,2,21,18.228381
UC3-1iYGHfR43q_b974vUNYg,フェルミ研究所 FermiLab,2,87,17.983809
UC1oPBUWifc0QOOY8DEKhLuQ,avex,2,68,17.729338
UC0L7F652u_2kIsirLNI6ZLQ,100年生きる！眼科チャンネル,2,36,17.563518
UC14QT5j2nQI8lKBCGtrrBQA,アニプレックス チャンネル,2,34,17.276027
UC09D3M_DdLaZMJnZp0v4pLQ,山田玲司のヤングサンデー,2,29,15.665502
UC-ZjhJ0IBqWKbk3ENOE32Dw,よーたろの超教養UP,2,16,15.480009
UC2-biDVK0E3d_Rp6rYoh4cQ,人間のトリビア,2,32,15.083693
UC-3QY3npvAhdBncds9bim5A,Hiro's room【4chan】,2,23,14.377061
UC-6DVb3QQK2_2oso0RqgNWA,Nakano Hiroshi BooKtube Univ.,2,34,14.206238
UC0D596LYDZO95xGiNAGYs2g,ワールドフォーラム（真実が未来を拓く）,2,28,14.170122
UC0YdreHTXA1FXHNb6psd2CQ,ひろすき【切り抜き】,2,19,13.99294
UC-GUnpgY8Er056ZUI_CdDOA,Kyoji Horiguchi,2,20,13.988844
UC-jwpAXw3_HjHqb2zo_k34g,歴史ノ書,2,15,13.455517
UC0LfDpgSw82vYg_mL-OQR6Q,セクテクチャンネル,2,35,13.364364
UC-HuiLFNaJ9yELFLHAPEnOQ,ゆっくりダークな世界,2,13,13.287293
UC0FkyfBoJXIIuQeZ9iurwNQ,5年後の世界,2,66,12.82592
UC-8udhbheRG8eg3s-6AFmXA,Tomo,2,9,12.665476
UC1sCMCM2yQqS3dggBcTbNSg,Yusuke Yachi,2,22,12.558118
UC2hZOjUdQ-dPrLO2fP2LClw,世界でバズった,2,20,12.541566
UC25f1FyMuKnMapFO5w98N_g,Japan Sci-Fi : Everything Sci-Fi,2,31,12.522852
UC-SJWaFbijf8GpZLTayy8gw,令和の話題,2,6,12.475956
UC-9t7dZ3xvpjMGtFukKIhPw,ベーシックインカムちゃんねる,2,35,12.454004
UC1N2_2vCoyd3EvGcVuwTfmw,ナショナル ジオグラフィック TV,2,65,12.439011
UC-IgiloHdns1NIRZ4KcQXQw,キンブラ【禁断の歴史ブラックファイル】,2,12,11.931255
UC1WkFVOCTPdY782AJ1PZ-JQ,Dr. Zion Kabasawa,2,152,11.860319
UC0yQ2h4gQXmVUFWZSqlMVOA,"ひろゆき, hiroyuki",2,85,11.812586
UC35BdvE8Q4G5nLo0X1nBW5w,SAMEJIMA TIMES,2,26,11.745133
UC-HtWWWFevZy2WSLWDQksgQ,TaimanTV,2,8,11.675187
UC02JeoV59i0yhDj009s73GQ,ほんこんちゃんねる,2,19,11.610285
UC0XmONh3BZgA6I0G4F7ZCDQ,YES │Yopi's English School,2,34,11.27177
UC-kwiDn_sPRckNtYLs-B8Tw,Momoka Japan,2,34,11.204611
UC0nP81Fj8D1HveiG45W_G1g,"望月りんの研究室【フェルミ研究所,漫画大学切り抜き】",2,28,11.131543
UC3PWWshMfLtdgDOvM5hKT6A,ド文系でも楽しい【ゆっくり数学の雑学】,2,22,11.092643
UC-H2m0nZt6k0SJ5o04gS0nA,ガグル〈話題の事 語る奴〉,2,32,10.97258
UC-QZSLpCPi_RlACN2Xg59lg,ヒストリースタジオ【旧数分で分かる歴史】,2,18,10.79778
UC0FFHRF1mytLDhs6nxqGIQg,OTAKING / Toshio Okada,2,119,10.641295
UC1TK5h3syFd9Z0_EbHCXvDw,綾人サロン,2,27,10.601451
UC3GEdr3hViGQqibBucxweag,『お金の雑学』ゆっくり解説,2,42,10.349314
UC3C3YOGFjn7Pq3lOCeUFHfg,花江夏樹,2,13,10.305197
UC-6aa7WG4qz8PrsNBHGU1Iw,トラブルバスターズ,2,21,10.069542
UC2ak0cfMQ4zP3w_Fo-Zj-TA,きびまら,2,21,9.926866
UC-go0IiemkJJuA1gPLm_CoQ,【鬼才】ブッこみのサトシ【浜田聡応援ちゃんねる】,2,10,9.922781
UC1tk9F5-MGXEq4LWnjmrtpA,カラオケ歌っちゃ王,2,27,9.908511
UC0hh25w8RfCziRWRMvUJ5lw,みやわきチャンネル,2,19,9.894372
UC0BSwbn-6xUz_ZiRzwVj27w,ハロー!ミキティ / 藤本美貴,2,19,9.887048
UC1HdrNDAxCYgAZI8RKGtdSg,ゆっくりニュースタウン,2,8,9.866312
UC1KM0FPG8NvCWKRZURZZEfQ,カカチャンネル,2,18,9.682618
UC6YD-hqIJ1UIOcVyQ07HGAw,TOMIKKU NET,2,27,9.665277
UC0xHBmgiw3O4JuDt_nMkJBg,魔理沙のズボラ飯,2,10,9.093237
UC137dAgXEQc0QfRqBoDPNng,SEIKYO SHIMBUN,2,14,9.002536
UC-g-w1lS2yYmOLKV6UPrR_A,GOMA  - Japanese Horror Stories -,2,17,8.920531
UC47AYUs8AVU1QsT5LhpXjaw,SHONEN JUMP CHANNEL OFFICIAL,2,42,8.894766
UC25Ah0_XF2lOUwWV9VSfl2g,藤森慎吾のYouTubeチャンネル,2,24,8.875257
UC-IJviKGjvsH7EmYYfi1ihQ,Veritasium [日本語] - [ヴェリタシウム],2,9,8.864487
UC-pQL-6zNVmjbm0qpaas8EA,TTMつよし【海外ニュース】黒メガネ,2,17,8.754107
UC0rvsDnTlvualb1EkgbxBzQ,金運上昇チャンネル,2,46,8.703229
UC6gf55fuoTIhEOh90cZKINA,まっしゅムービー,2,32,8.556893
UC49IcjbsspFVpukiVYN05Hg,ARuFa,2,20,8.198011
UC0om5rcyyqFfTKLSI34uCdw,一瞬だけ,2,16,8.17161
UC1H5dv45x2aFKk-6JZLSWIQ,粗品 Official Channel,2,38,8.103392
UC1nVq5-LTEdUVmr5FLfkd7A,税理士YouTuberチャンネル!! / ヒロ税理士,2,38,8.098446
UC1X8VrX-c3i33XDrE7vIVOw,みんなの政治チャンネル,2,10,7.932831
UC5SR5ITPwHGHJrQjHEzefGw,まどねす !,2,23,7.90602
UC8g17oXkRt8buwQL8GU-NSw,ラムダ技術部,2,24,7.844329
UC23NNO_TnlG-ToA1Pvv5ekw,格闘技情報チャンネル,2,10,7.829453
UC0mhOaiTObQ9hsCIBQM7Hnw, japanese motorcycle,2,22,7.820949
UC2b1bVPPJgpf4qb6Asij33A,sexyfitness　40-50代ボディをかっこよくする筋トレ法,2,37,7.7707
UC3bBCyGyGfI9elWm6cEAcGA,クロネコの部屋,2,16,7.740975
UC4khoc98iEkW-5p1h9iakgw,D-FILE,2,28,7.727194
UC17s95XZ2Eow-pB0AudhSeA,rainbo6003,2,8,7.711858
UC-fF5jc4VLBIxZMiGpHSQAg,養老孟司の脳内,2,11,7.625832
UC21f1t3X_sYMD28XclLNpUw,たくみっく,2,16,7.614759
UC7umTzIrIJq8Xh428lj0M5A,ヒューマンバグ大学_闇の漫画,2,41,7.58606
UC1EVRR14B8PtgszWOwu1opA,とモヤシ,2,15,7.565887
UC2oNx3mSUClH3_AUkT0lsUg,MindfulMed ,2,20,7.499431
UC1CJfkyVslTkE9yAAnHRRrA,Level 0 チャンネル,2,11,7.293179
UC6mbbiP0fzB0wWLNfioiOeQ,ミステリー劇場,2,25,7.279837
UC-xyiQg7nnmiybnigfTuakQ,Ruriko_675,2,9,7.269396
UC3BSzbgMn2vLYS4Dp_i-bow,佐藤 健 / Satoh Takeru,2,26,7.04932
UC2L2dBbBWuexPgOE4IdGu2g,仏教に学ぶ幸福論 by 菊谷隆太,2,59,7.015967
UC2GlmiEscZjR0bz8Ken0r4g,国民の声ニュース,2,17,6.943232
UC2boXfwHHmiu_qCJItGjvvQ,MJGA,2,13,6.858161
UC-nnLy6jkVzy85i0N6G4HHw,kumkumline,2,4,6.808827
UC0psEsKVbWwPKHOvKIyMDrw,武井壮のマインド【ライブ切り抜き】,2,21,6.756867
UC0yC436FBaQDOzuSq2imYlw,本当は面白い国会答弁【政治切り抜き】,2,8,6.701537
UC2dMZ0-RekJkm4dQYnraW7g,川端龍【ドンマイ川端】,2,9,6.66385
UC-J7_24mTSMqC3f3vwIEUdg,石原結實 × 石原新菜 / 東洋医学 断食の専門医,2,21,6.656472
UC4YaOt1yT-ZeyB0OmxHgolA,Kizuna AI - A.I.Channel,2,18,6.619118
UC7WWaOF8NL-h_9b-KPiBFRg,しくじり先生 俺みたいになるな!!【公式】,2,35,6.601517
UC-AEBG91PCbcrMj8AMAUDmA,興味深い真実,2,16,6.553141
UC0L-tB35SQhl9WJx7Rkumwg,還暦杉太郎,2,4,6.461826
UC1xI5CdPneTWx0Tpc-0Gb5Q,Doggy Men,2,12,6.370515
UC1FQWQ3y3-e8l1pCtWhJt5A,Vaundy,2,40,6.351541
UC0I_4R0GPWnUnM-b4-KXnLw,wAtARu -CAR and DESIGN,2,10,6.293201
UC1ax6Oh62fiv2Q7L51bSvYQ,謎のちゃんねる,2,15,6.27606
UC5dzkTCM0Jxnc5widb8arDw,非株式会社いつかやる,2,39,6.212527
UC14Yc2Qv92DMuyNRlHvpo2Q,TOHO animation,2,30,6.180397
UC0jLSh6zOCYjhfBZWLr1-0w,PLT協会,2,9,6.106806
UC3iLusLK2meeAaswRlxNjdw,美少女映画の扉,2,8,6.102036
UC09IhH4PS_dWxz8tqqlDN7A,芸能里見八犬伝【芸能人雑学】,2,6,6.088236
UC0dXZdPnEK8XOa-uiQyXeTw,ユジックの手品教室,2,13,6.053547
UC-1E5_HQLNwmbih1cTM4CJQ,越前屋弘之午前の部,2,9,5.985788
UC-XcLyfIh3bfc6GikZAcWjw,政経プラスチャンネル,2,10,5.934757
UC33_tIj4m1_XaqfFcomShvw,BABYMETAL,2,19,5.797684
UC0_J_HiKEc4SG8E8_feekLA,東京グルメ,2,17,5.790692
UC-1ESuGluoxdNy96lkpfDSw,コミックDAYSチャンネル,2,16,5.668071
UC0M8YI6T69ZgGxWERk681tQ,太田上田【公式】,2,14,5.606177
UC5OrDvL9DscpcAstz7JnQGA,Michael Jackson,2,25,5.539719
UC1OdBHC5rlBb1VRtxrlGl4A,悶絶整体で本格整体『骨盤先生のカラダメンテ』チャンネル,2,17,5.403369
UC0KlnhY6jRI2_kXBFlaFP0w,生産技術の馬【元工場勤務・大手メーカー】,2,7,5.347572
UC31M0CSqyr5HLOEukpLe6Cw,大の字フルネスch_不安、考えすぎが物理的に抜ける不思議なポーズ,2,11,5.343808
UC2RbAVMA2HJ6usd9wDmo6ug,HIROYA×大雅チャンネル,2,7,5.279058
UC5qT3ti_InvGxnmDAP_xyrA,ダークトリビアの泉【ゆっくり解説】,2,8,5.258822
UC-mpreu42R7mLtyOlPKelxQ,シュン@億マーケ,2,21,5.217005
UC1JBJvZYuTbW0qvSBq-PZeQ,ミシマ.,2,12,5.207652
UC7wu64jFsV02bbu6UHUd7JA,ガンダムチャンネル,2,46,5.18
UC-CA4ND0DqLWio_i_RMOngg,獣神サンダー・ライガーチャンネル-Jushin thunder Liger CHANNEL-,2,11,5.162879
UC-PYFlNwRzLcGfMzT4pSl5Q,KOJIMA Horrors Channel,2,7,5.139702
UC1T8XKfOYOFO3Wuo4lke9sA,健康感謝チャンネル,2,9,5.126728
UC-_JkCD8cRwUV5Z4MLAF7wg,スピリチュアルの慈眼【ゆっくり解説】,2,15,5.095132
UC12RsAZe2Wmx5D9sCWesyNQ,フルコンタクトチャンネル,2,8,5.058026
UC1VghyKU1Nb-Gs8Hv1xmaJw,警視庁公式チャンネル,2,11,5.041462
UC-Gu3F7CjVvTW-AZffmWFhQ,古舘伊知郎の煩悩チャンネル,2,7,4.986712
UC01kcYpT2NKrrJWkC-h90YQ,【DeNA公式】事業家のDNA〜事業家を目指すあなたへ〜,2,13,4.980805
UC0pyyPwW_-1Ug0itc3NCnjQ,塗り替え道場,2,10,4.851628
UC-SEmxk-bEGxHFMm78NCLNw,WWUK Sub,2,6,4.844712
UC5Y35HzjHnxi2Dk8Xk8Cllw,MaxMurai,2,15,4.77475
UC-zbEki0l8lx5HGfb31YmOg,さっchannel,2,23,4.725099
UCCWLJImQvwHTXTe5Z_88zmw,ozoz japan,2,14,4.714604
UC4b2j0oY5iop4cqREcBGs3A,ひみつ基地。,2,27,4.687845
UC3cs6g4_Rl4hPwEjEuxvVjw,大神さんの謎解き部屋,2,65,4.674901
UC1S2_rXnhdcLkiQAV0kwGIg,Japanese Animator Mr.Gobunme,2,30,4.667419
UC15ebOqdhmvl1eb0s0jk5aw,戦極MCBATTLE,2,12,4.666431
UC-ojORjRYHOSXLXc1EyI-Yw,レイナのロジカル政治学,2,3,4.653324
UC4HOY-3PwLSV9c-Xoe3xQrQ,Kyokushin World-Champ kouketsu YouTube-Dojo,2,16,4.652675
UC-bDu8Pax2JQBvpWO6W5ugQ,昭和スターの軌跡,2,7,4.651305
UC2GuoutVyegg6PUK88lLpjw,兄者弟者,2,21,4.597628
UC5lJz69qiFu-F_0t-FXFg6w,世界一のゆっけ 、/ yukke,2,15,4.597418
UC3u1lQRR5MKOWH8erkGn3zw,オオカミ少佐のニュースチャンネル,2,15,4.56514
UC12S2ItsGX5UXNyg9tk2dfA,2ch動物園,2,16,4.530235
UC3GpbpDEr8mp3ZZ8DDO65fg,佐藤航陽の宇宙会議,2,50,4.506577
UC0nFKe_NyHM5UUQ5J40ktHA,ソフトバンク公式 ビジネスチャンネル,2,14,4.488409
UC3OV3t8V5pgKOAbe8W6nCxg,弘輝channel,2,6,4.484991
UC1z2nYFeSleV9iKSSlc-afQ,OPEN MIC,2,12,4.465841
UC7r0AqZWg-PZHMTI2scpYWQ,看護師ぐらし,2,14,4.46339
UC01Ng5lwle6eRSl3rUrbBXg,鮨・寿司専門 【Japanese sushi】,2,16,4.45241
UC2yGhvadahttGFIgS_Bzgkg,fuc youtube,2,9,4.416218
UC7X4DPyFfrnIEBor1MbX7Aw,みさきのお金つみたて教室　,2,15,4.415528
UC5xJEhW1NjC6ZjQlP0dNkTQ,写真復活,2,21,4.332879
UC0D3mF1sUXy6FGE9zelfHJg,健康が一番,2,11,4.279835
UC15oAZnbkwc0NFn-20kY4OQ,サイエンスライター北村雄一の地球放送,2,13,4.21995
UC0BCfHbNORhd7dsw1R5rw9w,ゆあちゃんねる! 三上悠亜オフィシャルYoutube,2,9,4.152893
UC3CBHAAwtaoHRQOI8vNGcwg,ハエトリフィルム / Jumping Spider Film,2,8,4.138467
UC0ksmumBTu2gltpZpwksbcA,ゆとりくんチャンネル,2,40,4.13707
UC1laSZHo_6VBXU9FmfGNwFA,こっちのけんと,2,17,4.090613
UC2GblKtloL9AFi8F223EjRg,ゆっくりミステリー事件簿,2,9,4.05637
UCKeB3X0Akxxo3VfG46D_Dfg,Yukopi,2,8,4.054897
UC0eQ6Jyi9qjSVIhPVDDUEdA,政治拡散ラボ,2,4,4.051541
UC3eadaBk_BNK_kjurO7hitA,噂のスカッと,2,11,4.042706
UCDy22j1Z7jDpyI14KWVgmQQ,サイエンスドリーム 【Science Dream】,2,17,4.024838
UC0OskCvXSgVsle9WVLbO9lA,よしひこチャンネル,2,10,4.00272
UC0-Q8LcXk1LnBUqVr9bhI5Q,フェリーチェCH-恋愛四季報-,2,5,3.998524
UCPVr7clenPjpD7WNsSI3UBQ,レトルト,2,17,3.989388
UC1zDA0fVqjcBUFjDU4hsMzw,闇堕ち世界史【ゆっくり世界史解説】,2,9,3.927595
UC5Gln-uR3dCnYakOMV2yBOg,無敵のレオ【世界1人旅】,2,48,3.877348
UC34oyKa3OSUt8IXfi9MtrEA,オールマイティ・ラボ,2,17,3.866272
UC1AWYKpGNZhH699x1-2J4IQ,ゆっくりの怖い話【2ch怖噺】,2,6,3.856203
UC0P2khjAMqd-FGkZmpVk1dA,ふらちな音楽談義,2,8,3.805448
UC18A5-KezRSqS9mV4TX4OlQ,すずゆうチャンネル,2,13,3.786812
UC-gVzqx-OqiA7YMx4yRkY8g,モバイルドットコムTV,2,12,3.784134
UC0psccsS47XmuJoYmdXuuHA,Always van and garage style [DOCUMENT],2,4,3.754016
UC0AVyhbJ1kGqVOfX-MEzrxA,Japanese Noodles Udon Soba,2,9,3.702114
UC-8-cxyElvXiW9SPBAkZgag,Secret Stays: Japan Hotels,2,11,3.699661
UC-q_tseVpOJdn-IjNnsIyPQ,JAPAN要約局,2,3,3.697111
UC2LL6qH11MX3uNemU0KBokA,acane channel,2,4,3.694829
UC1ees-fSpiNAIy7O7idjLuA,スーパーポテサラアニメ,2,13,3.688869
UC3a1VGD3D8wSpFT9WsruDZQ,心が軽くなる心理学,2,10,3.684227
UC04hG7RZA8iPqvyrAyL4BFg,UJ 世界はラブソングでできている,2,10,3.677848
UC-XB-i3kEn7ykApGZ-GTtCg,すけこむの動画,2,5,3.653583
UC-3TbnHMwGVKvENnYgVhVmA,賢者の言魂,2,14,3.645356
UC4jXkx1hMl-94FVwquYcPVA,パクユソンちゃんねる,2,9,3.610339
UC1GsBI4yJhQmW-Zp-NuXDNg,Official Soka Gakkai channel (SOKAnet),2,16,3.591162
UC5mkrYaXqYXa1CaKXTzF9tA,ゆっくり心霊ラボ,2,5,3.566434
UC-APJUQWxnTJ3JR1EDUi1wQ,TEICHIKU RECORDS,2,8,3.529761
UC2otzOMMLeJHZVwwyAQaA_w,スーツ 背広チャンネル,2,21,3.528559
UC4YT50DP7hbMsor8FmyEPMw,Victor Entertainment,2,21,3.502444
UC4URX_WLZ2EHWuIOtTpYXyA,あかびんたん,2,17,3.482455
UC6-MaImY4vEpNqmEtfLZhOA,世界しくじり発見【ゆっくり解説】,2,13,3.468549
UC1NXqVCJjepStQ1BHSTfKNw,ゆっくり遺産の探検隊,2,5,3.438962
UC9yE5zNQtT-sItF53GfQs7w,ぷらぐら,2,18,3.434626
UC-kzC82QwWLa26a-RPIrQTw,元気が出るニッポン,2,6,3.431321
UC-J0pIKmHc6_chLUCch_wNA,フィールドキャスター,2,8,3.428591
UC4Z1X8kxKaHrcRVbNK--5QQ,Mr.GTA5 MOD,2,14,3.382766
UC-gZc7yRmyb9DInZX2DxhdA,日本帝国速報【2ch・5chの政治経済時事まとめ】,2,9,3.377907
UC0-Cp_cg9_Orij5XDoNyJ-g,東スポレースチャンネル,2,8,3.375916
UC-zeaPnxZHE3EcTyVl1fTdw,ClariS Official YouTube Channel,2,7,3.374271
UC438NzuH3byhVc9KSXKc8ZA,私立パラの丸高校,2,14,3.349011
UC1P6fv0uCNNTBQIWlhUVvaw,ちょっと一息 ch,2,10,3.330922
UC-Af3-DGT0jxDn8siJf3rNA,速報!時事トピch,2,4,3.321161
UC3guHRx3Vrq05UuHlNVh_bw,トレイダーズ証券　金融を、もっと面白く。,2,13,3.31168
UC1DqlLj1onQhBfxW81OgQTw,GLAY,2,18,3.28719
UC0eYgQRvh_lbrD-VKQA_t6Q,uedax,2,8,3.256818
UC-QzGqCGi0ny2fZC3v5s5Cw,コトダマノヘヤ,2,15,3.226756
UC4T-dSpkAT8xGprFjXpBeMw,エトラちゃんは見た!,2,6,3.212353
UC0QB5nAzJxcFVcwGFxxc3kg,井川意高の論破CH,2,4,3.20335
UC0pHUMEOtul5NlaT-Rt-34w,ゲスの極み乙女 Official YouTube Channel,2,8,3.182907
UC37so-pB6Lhmertb39NulOQ,世界はたまにバグってる,2,15,3.147894
UC57B9xk6laSCfacAwZsMmOg,ツッチのムビログ,2,12,3.145116
UC1NtXVnJ-VffY4fCmI2tLxw,Ayakamv,2,8,3.144898
UC-1nyHi2btOf7d40VJrPl_A,涙ぽろぽろ感動の秘話,2,8,3.126967
UC5vwQRngGPrqgt7W455A7Bg,Yonemura Denjiro Science Production,2,11,3.124238
UC-Zrs1kNTReEUfKWnDO_X4g,【THE WORK OUT】北島達也 公式Youtubeチャンネル,2,14,3.109649
UC1pMU0_rKL0NrxZ6yi3FJ6Q,末永 雄大 / すべらない転職エージェント,2,11,3.093299
UC2_729TkAGJrT3iMWs-tndA,JAPANに乾杯,2,14,3.090358
UCBfRS5pGUUDXFPuiiobW_LQ,フィッシーサイエンス,2,13,3.086458
UC6VjNLslXbb6Stl0I2MkQWA,ガーリィレコードチャンネル,2,12,3.044265
UC-V_W6rIRooNIHFJ-ha9MAA,ヒトコワダーク心理学チャンネル,2,8,3.031594
UC1bLY6ldt_HTHE-kV3yqO3w,George Kamikawa - 上川ジョージ,2,14,3.028217
UC1ACSJY8lvbo-7koOpBtD4w,花澤香菜,2,6,3.004753
UC6uo7Swuhid4KcK97n2l7_Q,PDRさん,2,9,2.974065
UC-jn_5BNteTejcvG8gSu3Xg,S&P500最強伝説サブ,2,7,2.930821
UC4rpEwr7ZFqKZWYzNx59vig,まんガメ【ゆっくり投稿】,2,7,2.922932
UC-gPpbr2XgCArB-_3VD93lA,悠悠ホーム｜自由設計の家づくり,2,3,2.922807
UC1ayVmK30NzErsWze--IozA,HoyKey 一刀両断TV,2,7,2.91045
UCD-8FUA2E1FrNYxdA2QUP7Q,ツナボーイ🐟,2,18,2.882326
UCLqv4vhAFj140bSh4W3EDDA,そろ谷のアニメっち,2,20,2.868892
UC0jXLUyh5N3mz8V_Kv28fuQ,Galactic Energy Overflow,2,6,2.865721
UC5U6NY3537bZ4JHfgtRnkqA,【ビートルズ高校】小野リンダ先生,2,9,2.864561
UCBSG65p0ojOJ8EodxnUNd3A,スカッとLINE,2,8,2.861464
UC4h3X7qMLKpLT0yzbyYHj7Q,日本軍事情報,2,13,2.858737
UC-3LVluQysOhLXVUQUBUhVA,PRANK JAPAN,2,6,2.855649
UC455V0qKA3T-87i3Y5eRw9w,苫米地英人博士の教え,2,19,2.833532
UC-BuGM5xGth9UFgYGTbP3Zw,ぴーす,2,9,2.830038
UC59gHK7pW5W245V6ES9jQEQ,コジコジのオタク文化 情報局,2,15,2.828246
UC0EepDQSD2VQyKUhRhPakxA,Tanoshingo's LoveTube,2,5,2.793801
UC0K9cia9k4eN8cNoi1hXjlw,chichirou,2,10,2.785428
UC0YewJU_GkRsZNdkOZz-h3g,CASTDICE TV,2,10,2.770328
UC1ruWuvkAyg56jf0gzIPo1Q,樋高リオ ちゃんねる ~Japanese Rock~,2,7,2.76653
UC3TedlV9Hpleju2y0Kyb47A,成田悠輔のマインド【本人公認チャンネル】,2,12,2.724521
UC4S7FmJAcEJ_JubmjarL8kw,久保優太ちゃんねる,2,8,2.721445
UC2iHI3kGrPcXeluLZ8H1CEA,渥美拓馬/Takuma Atsumi,2,15,2.71632
UC0R6UO7KdbteolkybHkrWVg,リサの世界,2,8,2.713385
UC-ycq4ls2trfu-erEBxNPLA,アリスの量子ワンダーランド,2,5,2.711515
UC-U63hTXJs54YNIOECNN33Q,ぱんチャンネル_ぱんちゃん璃奈,2,9,2.704759
UC1NoyV5DKqt8J1TeHib8bUg,石井貴士　人生は変えられる,2,12,2.677436
UC2DDxcEudeyvMCeVNgk6TgA,格闘技ふれあい広場,2,9,2.649567
UC0mPwepVHMKsMJKfMDs5ezg,Driving Schools in Japan,2,9,2.647407
UCI2-ki0BQzmQ_tE4mxG8rXQ,Science Experiments with Physics Engine,2,21,2.64688
UC02NqJExtFNxXvYHvLufUpw,人生100年物語,2,5,2.645682
UC3pgkL7r8vaO4yWDm0MtDEA,スモキャスぴえん過ぎる生き物紹介,2,9,2.633338
UC0iQwTs59wwDHnyDI9LYGBw,薬剤師ぴよ | 幸せ体質改善コーチ,2,12,2.620168
UC-kl8i6lq_ObZAn4kTL2WHA,in living. ,2,5,2.618768
UC0U408SFijimaTqkgvNYmMw,TheWolf,2,8,2.60871
UC2NXLCH1PZO423_7xMf-Lrw,3150FIGHT,2,9,2.605894
UC1DwW7Il7-7JEiZHvRBa6lA,リーハイバレー,2,6,2.571548
UC-2uqKWcAteAt_OTYRow3-g,カズさんの村,2,8,2.56951
UC99oQMKAPOHYVi4LHvGVZSA,きすみ,2,8,2.566491
UC2Z-fDplbC4jR1FYmIBt84A,ゆる哲学ラジオ,2,7,2.548841
UC1F_4Y4NsStLew7q-02T0Pw,kurumaKozou,2,4,2.544667
UC04smQUaEReyLytN8yTzkHw,細川バレンタイン 【公式】切り抜き,2,6,2.542509
UC5PBnSG7C0WXp5gjd4bzKtw,ウルトラマン公式 ULTRAMAN OFFICIAL by TSUBURAYA PROD.,2,20,2.539628
UC2cIh29vyhZqbjkOe9ovQuQ,Comic Panda - JPN,2,7,2.529762
UC1kIG_rmi4__Oky-KIlL2yw,やまだ | 旅するクリエイター,2,7,2.512925
UC7L_11j3h-LAzN671GKFnsQ,FamilytimeFT / 格闘技エンタメCH,2,26,2.486988
UC8EbMVnVcW2D4x5xDY3haBg,ワダイのハナシ,2,3,2.478885
UC7cX0YzW_fF7JkB78lOnEAw,暇くまラボ,2,3,2.478885
UC0_5c7kyg6I3uRI-5LuOdeg,もっと早く知ればよかった金融学,2,6,2.474936
UC1cXbuoJphlHgSPnncYHRLw,ぱぱしちゃんねる,2,4,2.470887
UC-smeLB9AnOTeypr1YyjJ3A,ARTE Concert,2,7,2.437116
UC1p2KhFA_poWyYlUTzAxXRw,THINKpod /シンクポッド,2,18,2.436774
UC15k_5OYFByt5wM9ozG2sQg,オカネノワダイ,2,8,2.419885
UC1EDjct4lQ4lkFGhxQvUf1w,クレアの食速報,2,8,2.41671
UC53enbRbZACHdAfbLq6AQ_Q,【公式】世界の終わりに柴犬と【キャラクター吹き替えチャレンジ】,2,8,2.397623
UC0uLbuliPODKPbRy77hqmXQ,歴史の語りべ,2,7,2.392486
UC0yjJhXKaBs8rQiOSc9p7tQ,NINJA BOXER KENJI,2,6,2.383632
UC1mzmtmzRUb4_IybHZx041A,宇宙遊覧ツアー ゆらch,2,8,2.372212
UC3okDWB1iS-veVGvU0ZwOrw,スキマ時間にサクッと健康雑学,2,10,2.362656
UC2BElw6HXoUSyCrahiWbylQ,ワークマン【公式】稼働中,2,6,2.348293
UC-GAhNmY6bkuuRPUSaRI_oQ,Flashback FM,2,9,2.342484
UC0AagSlBxG7IQPGRwwoGDWg,3人勘女＠カマたく,2,18,2.31751
UC0jwY5fVb-KGCsI3_wR2eMQ,イミシン,2,12,2.312987
UC0HIR9Eg9ScbX6f5suiZJIA,2chぴえん【ホラー・面白・伝説】,2,5,2.298127
UCAcGenBoh-mXpufzPtNh0hg,hide channel【顔と体の描き方講座】,2,21,2.291394
UC1QOBWG-X63hFb9_bXTN2PA,CARINAR - ヤマトヒューマンキャピタル,2,6,2.284719
UC3w1YwbdVpEy-uzv12xQiMA,保守猫,2,11,2.266773
UC0O1BPRKdBRt86b9JcvxjuQ,福岡テレQニュース,2,5,2.256325
UC2JJiHkY6PHLm3b4PVUOZmw,愛内里菜 オフィシャルチャンネル,2,10,2.241376
UC0v-pxTo1XamIDE-f__Ad0Q,Pacific League TV Official,2,20,2.224786
UC1S31PbQRHVqGbe2mSwyQ6g,KEIちゃんねる / 犬飼京,2,19,2.223743
UC0tbudYwaVgu0nZu1Tvp1yw,Naito Dental Clinic Channel,2,5,2.211155
UCHkxn-9n6Z3yQzg5fZgc0tA,遊楽舎ちゃんねる,2,8,2.209674
UC2kM-GuFyvSk2wpxs3OtPag,シネマぺディア -密告者-,2,16,2.206211
UC0VZdw86ay2WPGrkKZLdLCA,2WPGrkKZ,2,4,2.202157
UC-y-VzSbT0YU2K10BV4qg1w,ずんぽズンズン劇場,2,5,2.200279
UC43tgREPXsbYS5Iy6sW3TXQ,スーパードミネーターリキ Super Dominator RIKI,2,7,2.173667
UC-KCDAFaIerSgTmBKFIZLUQ,鮪アンダーグラウンド,2,7,2.160773
UC1A9ZQaEIgU_zL6cGTIQW8g,ワールドブック,2,5,2.157625
UC0_ZXOHTaFGkvpxrsMT3sog,国際政治ch,2,7,2.135466
UC0j5Sk9XqwibZIh_Dxml8jw,SENGOKU BANASHI【Mr.BUSHIDOU】 ,2,17,2.130944
UC19k_7hqCBqCPupBlAPKOvw,ミルキの事件語り,2,7,2.12722
UC2Kaq_xADsJSi97iWbttPlQ,MAISONdes -メゾン・デ- / 日曜日のメゾンデ,2,6,2.10132
UC6uX1CLi8Z3Ruo85uF1x-3Q,怪談・都市伝説・人怖【OKOWAチャンネル】,2,10,2.099824
UC-9BNQSqNx9T6j63UqdP6hQ,作曲家・和田貴史の庭,2,6,2.09851
UC1Q-QHjKod7chfFLwYqpn3w,Lacampin たくむ ラキャンピン,2,8,2.094317
UC1XJ01wgexiFH4fmXDmK_pw,うさ耳情報局,2,10,2.087849
UC-mp8DlAK23xhvkF-aKpoKw,Slow Distel Channel,2,3,2.087826
UC7MQgeoNg9S4rOZBU2k9pqw,kubota,2,19,2.079965
UC3Z8Tf-ponSKcr2p7Z8N09A,Superfly,2,13,2.077196
UC-w8-nqBLx50SaGsDcB4rZQ,人生のいろどり劇場,2,5,2.069998
UC-O-iSYkOiozB_KQ_SAbaig,ロディマス,2,7,2.059209
UC1Z82r17ow4o7cdMUEm1MQQ,Happy LGT チャンネル,2,13,2.05768
UC9dCAvswN-ts7XScH9x4EFw,リンダリンダ【ゆっくり解説】,2,7,2.055157
UC02s8Qvi4R9sKkARv_H5WGg,Curious Fact JP,2,8,2.052461
UC4LPZMM2cZGkUBAZpBMU2_g,ヨメトオレ【音】,2,15,2.051502
UC1qicJIDF8N9ObDvz8s3AgQ,あざとくて何が悪いの?公式チャンネル,2,7,2.048034
UC2qbc9D3CcDRi_r394bGuLA,PHOTOGLISH／岡崎修平塾,2,12,2.041351
UC8HIQJyMpEveMjxQbxH135Q,PATRICK MORDI,2,12,2.04122
UC2RoFFUBgHLR55WoxrMFb2w,人生の物語,2,6,2.031969
UC2Dn71tJWdu8UqJrJRekU9Q,ちもろぐ（やかもち）,2,4,2.027971
UC-w7LMa7Soxe_ml9aFDIV3w,YOKARO-MON よかろうもん,2,6,2.02505
UC2bXo5ROWI6LY6m1jTaKNsg,格闘キャスト,2,11,2.01724
UC-wJmWixKoDH3ycRrCRvPAQ,なべのだいどころ。,2,13,2.006407
UC53z0ag3b8XtKNux__WcX2A,心理ハッカーねお,2,8,2.004196
UC3jFrOriO8aLufC13bsWT3Q,恋愛マジシャンMAKOTO,2,9,2.001618
UC6dLNfG3yovI7QMJaW9p1Iw,伊東彩のほんのり昭和回顧,2,9,1.997112
UC-RJloUzsh1DQWGVh0pcrkA,これが国民の本音だチャンネル,2,8,1.982181
UC3JV2Z15vUHSB6EFEh06YVA,TMK BOX TV,2,4,1.98023
UC-SuHonAEkrikvs2oj7LLXg,Lifeder,2,5,1.972589
UC8CQ1dyYT4p8kdI7ApaN64g,もへじ【交通・土木・廃墟解説】,2,13,1.968887
UCHk5QD2cZFzhUXcokAGXeqg,メタボールスタジオ,2,16,1.9639
UC-zBhlzcQkT-bbvBqlE5SnQ,KM_BONELAB,2,5,1.958224
UC3gNmTGu-TTbFPpfSs5kNkg,Movieclips,2,9,1.952541
UC-VxXyLMfviUYS5DA7zOBBw,雑学まとめ,2,5,1.94939
UC1NA4BY6P7IHy3xgvALFSbw,Horikoshi High School Channel,2,3,1.925891
UCF6wuHiDCITXvafXYP93TMw,I love machinery,2,11,1.916948
UCYQ2j85UM2QZ_fTW5e_DddQ,忍者オヤジ ポール,2,4,1.904328
UC23GRd-qpGILX9pLti5UVbg,【公認】かなえ先生への共感【Vtuber】,2,8,1.898266
UC-U71b403ypwVxAvYeBaR4Q,とら吉博士,2,8,1.894651
UCENoC6MLc4pL-vehJyzSWmg,もこうの実況,2,11,1.889521
UC1s2W6VK-34ZXehFgnNMwoA,気になるショート,2,13,1.888001
UCRS6ZXyvJirID_ovtaYFV-A,Arrested Love,2,7,1.874655
UC4OtRobhmEjQgT1vTKBib5Q,ニート医師「井たくま」チャンネル,2,23,1.871877
UC0TzHhkV6l_p7a_oheaFVQg,PCニャー速報,2,4,1.85542
UC2i1WBffS9JVNlHBX6ye8sA,営業&SNS攻略【かずま】,2,9,1.854781
UC3qLKsWOOXgPrVGabFX-Vvg,Masaニュース雑談,2,11,1.851269
UCEd-UViXbnKaAscbQeMoT-g,ダヴィンチアカデミー_欲望の漫画,2,20,1.849916
UC0Hys8wdmWVQK06Jvq8Xnvg,なんちゃんの部屋〜鉄道〜,2,4,1.842199
UC8Ah27TJstSmttkq6X17kfQ,鉄人28匹ギコ&しぃ【2ch面白いスレ】,2,11,1.835047
UC0H4IGyB-bpKvralbeTFVwQ,Sushi Bomber TV クッキング最前線,2,6,1.832001
UC0hV1fTCDR1PmpwklNx-_zg,タカイチの部屋,2,5,1.830291
UC00ePyq0hdBw_am5X1nfe4Q,ゆっくり闇ガイドブック,2,5,1.825587
UC-hVOGj2apTeEvc49CrjQlg,Inner Lotus Music,2,14,1.818741
UC464r66lcf6absw_jSqzXpA,KENT for 任天堂ゲームレビュー,2,11,1.810154
UC535cb0wYOY6ME52hs9UHPA,仮面ライダー公式チャンネル,2,3,1.791517
UC0YZwJK11AtPPazhWnSxd6Q,Cat is Cat,2,6,1.781071
UCKpkRVkhAYA-wLFBPDB7OMA,佐倉あましん,2,9,1.772254
UC8sqFN_BPTa-m0sO_mpnVhg,えらてんチャンネル,2,10,1.769733
UC6pHj6SQA3eDKgR7dc5PV0A,小澤辰矢 / Dotcon,2,11,1.767717
UC2fHPR-NxuYGd1oMOGXLwFA,Hiroshi Hayashi,2,11,1.755591
UC6apctA-A5U2GprzKo8C4BQ,動物の面白雑学【ゆっくり解説】,2,7,1.754508
UC3Pp-znc2wC_L_jJklhVAjw,ミナミナちゃんねる,2,5,1.749943
UC0spRC-eGL7EX5h9dQIHwhg,フェルミ漫画教室【フェルミ切り抜き】,2,3,1.747189
UC32NkirZNOVbV_0mXf2_hog,船木誠勝【公式】 Masakatsu Funaki,2,6,1.746077
UC3LAEwEhZ0Yn3l4-WatZo2Q,えっちゃんねる/悦子,2,11,1.742152
UC0OTR_hAbsXP1XSfXqP8Byg,JAPAN特報,2,4,1.737286
UCFPF0NOszlUX9_0ji1lPhHw,実戦護身術DALF,2,5,1.736423
UC-tvirGhzgW0COFrpUiciqg,マイベストのこれヤバ!,2,8,1.734382
UC6YKyjNmfwmXsAfW-8yY5CQ,LALALA Mystery second,2,7,1.721278
UC0GZNP_j1q1jQTyylQU1cZw,project makeover,2,18,1.71028
UC0R7eZe3BrPRcD0tvxzpWzA,野球愛,2,3,1.709023
UC-JXcCsb5HXhxyllDstBU_w,ゆっくり怪談怪奇禄,2,3,1.706514
UC008cuJ34I24TmRiIbPpMKg,Fun Eats,2,7,1.700414
UC-lHJZR3Gqxm24_Vd_AJ5Yw,PewDiePie,2,13,1.698554
UC-_YNYJiiIUo4IQeEiT1M6g,beautiful girl,2,5,1.697703
UC-f2WBfSCZiu0bOBydjot3w,Yarnhub,2,10,1.692887
UC12FUHVhwpC5lMYsMPMbmyg,Dashcam Roadshow,2,6,1.683528
UC5VBfa8KC6glxlyugTERIKQ,RIZE,2,5,1.680212
UC-QTcMOL4F_B922ClrkoI5A,大学全部行った,2,5,1.676528
UC4T0v46s8yxJuTOW1_mD1xA,PRO-WRESTLING NOAH,2,6,1.672802
UC3-G_k3qv0vsK9iBCldVd8Q,【公式】大チャンネル,2,12,1.666342
UC-2Y8dQb0S6DtpxNgAKoJKA,PlayStation,2,7,1.658427
UCX2GBY7RgpzF5GJxX1YcM7g,有田哲平のプロレス噺【オマエ有田だろ!!】,2,5,1.653857
UC9d_g8p4e1T9tEhTppMRdBA,うごめ紀,2,16,1.635353
UC2PSewd-r11tmn1sZc3TiBQ,ゆっくり銀行,2,8,1.631864
UC09aZDuZfdu_zdzBZ9d4lcw,【公式】呂布カルマ沼,2,5,1.629858
UC7A4X1pT3k-Ax8i4A1EuiXA,くぼちゃん,2,8,1.622905
UC96wny86zC-UVnX3A-ysB5w,勘違いくん,2,8,1.612166
UC24T2Vj2uSukiOwWcpG_9fA,極楽とんぼ山本圭壱 けいちょんチャンネル,2,8,1.585162
UCBGx3CFw0jQLi2_K0QyB_cQ,4ST,2,8,1.584137
UCDPjpWErZOYsoqfeCxYTd_Q,エモル図書館〜時々、エビル〜,2,14,1.570116
UCAxUzEKUVWvrM4nRL1trxmg,Angelo Bissanti,2,9,1.568327
UC-aug4qxWTqQdgxkh1jgtpw,サムのiPhone激安情報オタク,2,8,1.564386
UC4sJvvrvmVlv2Pe1AMtCBMw,嘉門タツオ 公式チャンネル,2,6,1.553291
UCDGm4PWxBV187HcoFse91Ew,ごっつチャンネルGT-work,2,8,1.543979
UC0Cw0CEwS1QGPjc7OBMbLJg,川邊の他力本願チャンネル,2,3,1.539205
UC4MN7RAV-KCWzb2-yiUkFAA,PAKUCHI-OHARA,2,9,1.521294
UC13FiSa-DsQNR5ltiOjc1gQ,やの先生の整体教室【埼玉の整体院優葉 代表】,2,6,1.518544
UC2F8NMAOxmzQsuWfOYRWfbg,中道改革連合,2,5,1.517783
UC75NfjEdgZ3BvqJ2ssCyHdg,なこなこチャンネル,2,8,1.514577
UC4p8BImprkspK5m-tawDVGw,こわ動!TOP5,2,7,1.511659
UC01lvQi26d2XogE2yDucRjQ,Yuto Fujita,2,4,1.507689
UC6tCT6LpekaoNPjpWVN9SYg,土佐兄弟の青春チャンネル,2,6,1.503504
UC2HMFpwY_F1NurrTTlwPvWw,福良真莉果まりもんチャンネル,2,6,1.500592
UC-YuscBTW_-8VJkxPT-xSDQ,モテコンサルはしかなチャンネル,2,8,1.498944
UC1qOSES4sqEySqc-PFmov1g,デュラ村【広報部】,2,10,1.496741
UCJeCKqR6uqrdCw6021WuWlA,PORNOGRAFFITTI Official YouTube Channel,2,10,1.492326
UCG-26O8zWr9zZCmkuPTa62A,ナオヤ鉄道ch,2,8,1.492166
UC3Tdwq2rCDwY6coIoJfvVyg,気ままにマン,2,3,1.482594
UC0rPzOftAFIF2zHwQpeu6eQ,YogakuDaigaku,2,7,1.480339
UC0-NdXj3Hzcr7EFh5hP00vw,netkeiba ネットケイバ 公式,2,9,1.479422
UC-HWI0yixpGwN_ezsJw4cpQ,ANA CHANNEL トリリンガルあなちゃん,2,4,1.47317
UC-eZqLH9Aos5x8Z-XLZgC6w,警察の取締記録,2,3,1.468369
UC-Ph0Ur0voQNTr_Mg8uS4NQ,オミオミー和田博臣,2,4,1.462564
UC7q0T--7aki86kABeZMiHjg,プロが簡単解説　あなたを守る　情報セキュリティ,2,10,1.455775
UC0SuN-OIrsPlsHOsXtmJEAQ,Kumami Travel,2,3,1.453805
UCBAT4zf90xbcd-Bkem_tYNQ,ユキムラとミンゴ【プロ競馬予想】,2,5,1.444244
UC2a_rh9UOBmSiT20MspeIOQ,高級時計専門チャンネル COMMIT TV,2,5,1.439606
UCFUgQCaHHvsANCX01uiG2Nw,ジオぺディア【地理のゆっくり雑学】,2,5,1.438957
UC06WalpLcwTx-0ZVgglMc5Q,DOMMUNE,2,5,1.430679
UC3gp1pr5NYX87DU7nPjlmpA,めざましmedia,2,6,1.422222
UC2LhrHPR8tf1lDDT8O688qw,テレビが報道しないタチコ政治ニュースch,2,4,1.418319
UC1b_S6pKoB6BQayFYHBgYQA,神様(ほんもの),2,8,1.41187
UC5iOuqUPyR4dBLYnrD0tB9A,人生の物語アニメ,2,10,1.410825
UCFTOnoDyJgVHqwdQb5JViXQ,はじげ　Hajige,2,5,1.409259
UC28VlSMKRAERsXYXCAMsyIg,藤澤一樹,2,5,1.389224
UC0-j58cdkb21DyFpwc6xyFA,ペング局長 / ニュース深堀り,2,4,1.386037
UC0NRyTXrKmSm_RSoBEJR41Q,Rinco connect,2,6,1.380033
UC5xkAVIjB7-a7dYCJTN_feg,🔥リベルタ久保🔥0から億まで3年で達成,2,6,1.378467
UC0K6AgNQ19dBjzOZkY-ySyQ,MrMoonligtt,2,8,1.369877
UCEBZSg72CyeB4T_8rqfYUsA,ピロの火遊び,2,15,1.366999
UC7K4mHHCAu0bLVw3PLSINqg,クリラ,2,3,1.366518
UC0iJlc4CZKwYW0zj-g8y4Pg,最高の2chスカッと話,2,5,1.363815
UC8embhEdS-QrY3K6XcoyyNg,バキ童チャンネル【ぐんぴぃ】,2,16,1.355011
UC01zvtvxRnJeVZwTtgnAX7w,【進撃の巨人】大好きチャンネル,2,3,1.351537
UCaLdUVhPXB3G-WV_h62jqRA,ザワつく!おもしろ図鑑,2,8,1.344364
UC1YI9PkfUYmY7FYbfuxcFKg,社会人ですけど何か？【NewGame】,2,15,1.337232
UC-ojS63IBNqKmyBn9EP-NdQ,渡邉哲也show,2,6,1.335576
UC53WDA2XjMn-3Eboc0VD0kg,鉄ビジョンch,2,4,1.334012
UC3GqXsYKXcrDiiwqoAKA-Yw,ANA公式YouTube ,2,7,1.32855
UCCJm5G9w23fPCq2qa4ifg1w,ゆっくり解説『不思議の雑学』,2,7,1.327622
UCUu1RXivcsExBBDeD7vy3cg,YASU Road,2,8,1.327601
UC-vybO5ufah0HhuHjiVYNOg,CAFUA,2,4,1.316139
UC6lVC0afS_ZrbKiagKm1SNQ,なおこ先生@歯医者,2,11,1.314692
UC5TstGk5UmTkvg1Ne78VEQQ,ORANGE RANGE,2,6,1.312419
UC6Ri6mOkaYecBefJxaeSJLA,おすりんちゃんねる/翠衣すず,2,7,1.306167
UC90i8yDvAs754dTRhplAQdg,ジャパンイズム,2,5,1.302335
UC1a7bmClAeLYrchvRrQFOHw,ココチャンネル,2,9,1.29068
UCMvIgjeVXKAFP0mC1cYpiEA,KYS動画研究所,2,15,1.290463
UC-Bb27tzz2NXmA1TSX6JuDA,総合格闘家  上田幹雄  チャンネル,2,3,1.290324
UC2Z7UBL5mvNUvehH6ph4MNw,Mumeixxx【むめい】,2,8,1.288746
UCWHkw0DdTCtbMpzeUkqtGRA,新日本プロレスリング株式会社,2,4,1.287076
UC7lp6-PeAHaeHLSVGj1LPmw,Kazuho Monster,2,16,1.281974
UC-FNlCXs_xEmBomOUC33EIw,ゆっくりF1な世界,2,6,1.280004
UC-V5up_YoHqFArkXE9ixJvQ,しんかわ不動産,2,10,1.276176
UC4TnL2yRWdT4GXzXaACPATw,キャッシュレスしすぎた【杉田】,2,7,1.271872
UC2p-ml9kf8BxFKBURXOx0Bg,ゆっくり戦争資料館,2,4,1.264077
UC1azPTdA4tDuET5yfsWwbzw,【手回しオルガン】Yuki Kojima - Koji Koji Moheji -,2,4,1.252972
UC7VmnAo1mPIA4ab3vuPv6eg,katsuki【研鑽の部屋】,2,6,1.251179
UCA05MUctSw51GcDzxF3iDAg,Libido Controller 「Strong Aphrodisiac Music」,2,12,1.249901
UC2Xn_1DDZJaaEtpPwh-qJtw,さよなら婚活チャンネル,2,7,1.249369
UCAWxPGGuIfWME2KTLUmSCHw,ぱかチューブっ!【ウマ娘公式】,2,9,1.245443
UC0pUJA3EJxD_psR-U74xTvg,松本いちか / ICHIKA MATSUMOTO,2,4,1.230099
UCCBs_VJNLuJLC8u4G_xZHWg,あきらをプロデュース,2,4,1.229717
UC7AnBGoQKgUAuCyxgaG9FxA,ニュルちゃん!【クルマ系・ゆっくり解説】,2,11,1.225908
UC-mHxZS1MAMmRqpTKZZf8Fg,医学生のための情報チャンネル by 医学生道場,2,5,1.225788
UC8ydwIlXSlvrWRlX94gpUBw,闇ちゃんダーク【ゆっくり解説】,2,6,1.222215
UCFEt0_aIkl1PWCJuCx8JClg,FPSgamer201,2,5,1.219763
UC0zpHW7uASrLjsGYHx7aT4A,KNOWAVE | ノーウェーブ,2,12,1.215064
UC67nOwkRPcY6W8gOK0xLa2g,Replay Burners,2,6,1.213956
UC2zCD9ChVsAu6dyaGfPBEVA,ソロぼっち,2,3,1.209242
UC0l4tjS60zEod6OCC97-9BA,Souzoukan Technical Report,2,5,1.200867
UC-8Q-hLdECwQmaWNwXitYDw,Katy Perry,2,6,1.200546
UC2vvNviMCmRBDs0w4neGZIw,世界の裏側ファイル,2,9,1.194165
UCRbyjyOWHO9W7wyLSlLeeIg,明日香ちゃんねる,2,7,1.192144
UC6nbBHKbr13G0JOpDUS_3ew,人間の取説【ゆっくり解説】,2,9,1.186072
UC1pl44-S8XZAoh37-KNt14A,プリズンアーカイブ,2,8,1.185283
UC1S9OikrsLmAyBhc2yYleyw,山下達郎   Tatsuro Yamashita,2,5,1.177041
UC-HNwUxGklhKSe67EitgqgA,ゲーム夜話,2,12,1.174372
UC-31Es0zqiSFHE7OTiA01Jw,北の達人ラジオ【マーケティングキングダム】公式チャンネル　木下勝寿,2,8,1.172444
UC-4NAdFIP6h9BmtGUFL94Pg,Carly Rae Jepsen,2,9,1.172379
UC9Wv6SreCwLZow6XqfzTq6g,ウマキんグ,2,10,1.171416
UC6cJPKVcHh31efgzk4W2_EA,TMNETWORK,2,13,1.171297
UC5l7m5x9bMEx6eb_6FTq1wQ,村上隆 Takashi Murakami,2,8,1.16919
UC5f_SLaEHtvcqOCpHX4Ogig,まったりゆったりチャンネル,2,3,1.163307
UC27e9lK-KS5EGvhx-DM0ShQ,定年前後の「お金の悩み」解消ラボ,2,9,1.162741
UC5_ysmYn5fLLmKa0z2kFOiQ,Mr. Big,2,5,1.157089
UCACBeSOH0iA0L2okeeigy5A,田中理恵の姐さんTV,2,3,1.156659
UC38j6ybpTrEaeO8Tbtv7d-g,西川隆光のスピリチュアルチャンネル,2,5,1.155124
UC3McPdkyidCBzdV_XbQu-4w,ひろぬけ【ひろゆき切り抜き】,2,7,1.152595
UC0Im7ayDlKNfdlBtMnOdXrQ,東京の街と公園ガイド パークナビ,2,7,1.130168
UC33QMJ9vVdUX8TFxnoXuD0g,厳選グルメ〖東京グルメ〗,2,4,1.128418
UC0eKvieg5gnnbNfo5QsinOA,ラブリーサムデイ,2,11,1.12676
UCBRf3apxzFUEPEX7xtOGymA,シーゴ / CgoChannel,2,5,1.125121
UC038ST96Lg0E01VVSOCAMnA,ゆっくり未来channel,2,7,1.116883
UC-xhr7EEqSks3enwRQB6SRA,営業ハック 笹田,2,7,1.104101
UCIamfrKx4hVCqDIBD8NAh-w,ハヤトの隠れ家,2,6,1.099746
UC-5ztjRXOCpOsJi0xMES52A,ガジェ丸 / iPhoneお得情報,2,5,1.096034
UC0wyLDkqBNeJ3NxHC0WWbFA,ナックルズTV│実話ナックルズ,2,4,1.096021
UC0z4aPH95GA94fKH2OBdNIA,有益ガル美ちゃん【Girlschannelまとめ】,2,7,1.095581
UC0qwrGW6Qkf_TGEplv_XQAg,鍼灸整体院WATO 野口歩,2,6,1.08757
UC0LHhyNIIh5L2WXu1aAK40w,山北弘一ドラムレッスン,2,8,1.075305
UC1_kDQ6oRMhs8JaoMRK5PPw,SUUMOチャンネル,2,7,1.074501
UC1tvFKTF1kzTcar_Qv_yW0w,グラフやさん,2,6,1.061445
UC34R9pd6Rb3Vb_Wlii2XRfw,ガイアメディテーション,2,5,1.056115
UCJ7zf-ZVOVR3c2swL4qajGg,いぶよへスカッシュ,2,12,1.052353
UC34VgiXBm6r47pTZEhmaxMA,人類未知領域ジャーニー【ゆっくり解説】,2,4,1.05097
UC-JSOjRnW-3GJNSzmDWkYww,夜のひと震え,2,5,1.050962
UC7ZJE6US_DjsgVKF55fimgg,MOTIVE RIM,2,11,1.04368
UCtadsCKKCV3z7mkhB5SvXMA,みなこの圧倒的モテ男TV,2,17,1.038879
UC25QMQvXLnp6iHySF7nEIbQ,なるため見聞記,2,6,1.036191
UC1SvfAFIkNrLvz17isUO6sg,DOKUNO 読脳 ch,2,8,1.035271
UC1SKpkLky1mYmwFACEJb1sA,川嶋佑の心技体チャンネル,2,5,1.023467
UC3Cj20prNwsPV-49f16n58Q,闇の歴史ツアー【ゆっくり解説】,2,6,1.020755
UC04SqLqLWaH01DOka8e2yEQ,OBS News,2,3,1.014207
UC5jLzUQiTIk8CWiShdqQfDQ,たこまる/TAKOMARU,2,9,1.014204
UC5zCGuN9mZifTlSgzwXbuag,annachan,2,5,1.013033
UC5jLCyltbnart3k4iLFQvZg,GRe4N BOYZ,2,10,1.008699
UC1UjnpUFu1f_2_7XBXu9NPA,ゴッドハンド通信【サブチャンネル】,2,5,1.007877
UC-UJ0Mq4s4fKxGZod1NX-pQ,高原さと/SatoTakahara,2,4,1.00319
UC-bMuuURNr7l322zHQr_hlA,禁断の扉,2,3,1.00082
UC1siOb3YGln2SqwT03jEZZg,PODCAST:多教養大學,2,9,0.998862
UC1CfXB_kRs3C-zaeTG3oGyg,HAACHAMA Ch 赤井はあと,2,3,0.98845
UC30oq44rPcvhB_tXJkUiyog,THEつぶろオカルト調査隊,2,8,0.988294
UC2Bh_FJpzE4cLZQYIp2kMOA,『After 6 Junction 2』TBS Radio,2,5,0.986379
UC-BY_zp6Uybc9qyr_LFRs2w,トッサン 【原付二種専門】,2,4,0.977474
UC1T4ul91XoevOE4P4F9DluQ,カンテレSPORTS 公式,2,3,0.976806
UCCiOsYX3Q3wtgvtep-x_yjA,Naoki Saito illust Channel2,2,15,0.973337
UCCs3JLOh2IUlVL-Yqj6kEZA,公明党のサブチャンネル,2,5,0.97112
UC0PuB3OEu9AwSUIVtx9LwCA,TesAnma,2,3,0.970284
UCKP8iLZRf5ZLVyZ_rzWQHhA,秘密結社ヤルミナティー,2,5,0.969274
UCLMiHPFHgoBFNhnfCHMiL2A,さぶめる,2,3,0.965194
UC-vKwDHcbPLtjml81ohGRng,5SOS,2,3,0.957051
UC0P8fXzj-JxUsvDFEbpAkSg,RIDE NOW,2,5,0.955834
UC-3vUR0FDZLtv9nh9YBxlWQ,元警視庁刑事・小比類巻文隆【最後の取調室】,2,3,0.949298
UC3IfqphfSpYgHY-x_PA8oqw,AKRacing JP,2,5,0.949286
UC4A0ZOrruCUJ7Orhx8AeeQg,人生を変えるマネーアカデミー・ちょーさんch,2,9,0.948081
UC3l6kWQqO_2aP5TUuKGZp9g,ハリウッドラボ,2,4,0.94195
UC0ZCCCa89PaXRn-7gFE7ksw,橋本絢子Ayako Hashimoto,2,9,0.931099
UC0aJdBlxidP5FBqJ6UAEPPA,Zeebraのラップメソッドチャンネル,2,7,0.930501
UC9fuAeKuA2BtfFKRQBqcTNA,Avgeek Leo's vehicles Channel ,2,3,0.929885
UC0Whg8Zz7TT1VSpWeCjghKg,-sokoninaru-そこに鳴る,2,5,0.928546
UC0ykX8zdiaViP0dNJMIyN6g,言葉の光,2,5,0.928408
UC1RRPqHifX8oCr6Yzt5TPFA,テコのスマホ相談室,2,3,0.927992
UC1kS0UwEOoHpgzgnV_goVZQ,清水貴裕,2,5,0.926282
UCLi7GGLL-djJz4xwHW5KGRA,Topical Incidents,2,5,0.924654
UC9qzBf1wP4tGot4qi__1B_g,クリープハイプ,2,4,0.923293
UCkNRrKGSsIFAlfQ4AIB4Ihw,Kobudo - Asayamaichidenkai -,2,6,0.919403
UCIdHGogBsSnFENZMyH0FbyA,やさぐれメタル,2,9,0.918895
UC0fEvJwjg7ITUdL4VDBf_PQ,お金の学校TV,2,4,0.9177
UCURjfN2wbFD8hBbQxXiJeZw,マドギワ競馬研究所【競馬予想】(元ニート競馬研究所neetkeiba),2,3,0.916221
UC-RVESJTf_zSaFB8qGoxOnA,should be asleep,2,4,0.915775
UC5_6HzflTSqLSLOpWOGXelA,かずえいライフ　kazueilife,2,7,0.91369
UC2vnK-QoXQrl1LVTNFDfUaQ,[ラミレス公式]ラミちゃんねる,2,8,0.910916
UC7ut8F1dJarjTYdd8oJiygg,お肉のおじちゃん 【炭火焼肉あおい】,2,6,0.902426
UC0tYLO131TXKa9jpRzr8TZQ,世界が見た日本の誇り【海外の反応】,2,3,0.898567
UC-SlVdCnyGUo_UrlZxmKGgg,Otogokudo Music,2,7,0.897951
UC03xL_ToxDESN8icNsPyHeA,財務博士しのざき【税理士も知らない経営の裏話】,2,10,0.896939
UC1KUo8aNFK4pUYhIbr-qnEA,戸塚ヨットスクールの真実,2,6,0.892336
UC1LQXgyqEbr7Rf64hCCTXUQ,江戸時代への時間旅行,2,3,0.892139
UCVw9TvBYMkFy3OHqseuTYVg,SUMIDe{すみで},2,4,0.881482
UC6hCRgl89LosT99NJkB2JPA,Sachiの内緒話,2,5,0.878624
UC1EQj7_kM2__MehPLoVtTnQ,エハラマサヒロ〜鼻につく男〜,2,5,0.875709
UC1bC-gMNeeIgSqde28zWnjA,名越康文TVシークレットトーク【オモテ】,2,4,0.869808
UC1MxI2VxibHOHVmpzdvmZJQ,なかのいつきの日常,2,8,0.869293
UC5KTuammjOmKU23_QCa09ZQ,ヤミツキソロキャンプ,2,4,0.869165
UC3idNMi02O9sLmTKTZS3e9w,へいるまん,2,5,0.867367
UC6_LJzAnhSItVsJzH3C5l4w,2chお金や投資スレ【株主優待】,2,11,0.865756
UC2tN8yIRVdZ8-Ig2REhPPWg,ano official channel,2,10,0.864446
UC32HlZsC2tfbkDisSLnmM_A,Emoco Ch. / えもこ,2,4,0.86076
UC1aHmxIBnaJ_a1UXIo46Rug,開運ガルねこちゃん,2,7,0.858839
UC0p47apUYF0NuIki7Xq5tOg,フリーランス料理人の簡単レシピ,2,5,0.85534
UCF6h70_MzCIVpv9e1IHx4LA,儲かるものしかやらない投資家 斉藤,2,5,0.853029
UC-_fIaQi9ImX_JW5-thf60A,花香琴音 Kotone Racer Vtuber,2,4,0.852991
UC-sWzLHLSDNlplekMxY00QA,鉄動画チャンネル/TETSUO,2,4,0.852375
UC8wjVVibBt6e5dZT2H8FSFg,第三文明社channel,2,5,0.85047
UC3Bjw_Ek1FTbhEKZsh9uo1w,SudaKeina Balloon,2,4,0.85001
UC1rUV89a6t4kEI8-M8spNtA,データ競馬予想ダイジェスト,2,5,0.849309
UC8CaMvVNKdPq1_RYrkxkf1A,トラ猫 鉄道ちゃんねる/Travel_Cat,2,8,0.84816
UC9CR9ZDPfBrE4jllwsxoMTw,ひろぬき【ひろゆき切り抜き】,2,14,0.847601
UC1l6v1t8cYuIuLDtKFjORIQ,ピョコタンチャンネル,2,5,0.845449
UC-Tb3IQgPdvmcQTXPqsTPvA,Vegetable Studio,2,5,0.842356
UCA0cuJmic8yuvd4jeJP56tw,教習所YouTuberアルバカ,2,8,0.837158
UC0C6oq3TlGiSlDCei57hY6A,幕末志士チャンネル,2,5,0.83133
UC5-25wJafhl9AS4F-k4_eeg,機場空論,2,7,0.831031
UC67qwAAlqkEwUFvxKbUrlKw,時間切れ,2,4,0.828606
UC3CLSi30yl7uqYHvxGIr-iw,堀江貴文&ひろゆきCh,2,6,0.827699
UC1A3FDXxms0u0vV5d7_dChQ,Naotin TV,2,3,0.823468
UCBKqbSl9bK_ln9zZ-C5rP0Q,ばんばんざい,2,11,0.823381
UC0JR9ZTJIvB9VX8xz7LyujA,NINJA TWINS,2,9,0.823373
UC45-01kcJeBvPczl1_22KXw,HANABIE. Official YouTube,2,5,0.82177
UC4BdqBRtJXpOGJg2KCzQmvg,たまゆら学園,2,8,0.821389
UCCOsvx8rIAX3rADmx3Bro3A,リンダリンダヒロイン【ゆっくり解説】,2,3,0.817336
UC4lxqbiQLkGU8zCwwalJJLw,シン・懲役太郎チャンネル,2,6,0.815391
UC224ibt8cUb87SvAs1Pi0Ug,sary motovlog / サリーモトブログ,2,6,0.809409
UC-i36SWiUZRxW9S0ROCoseQ,Mods Clinic モッズクリニック【脂肪吸引・注入】,2,4,0.80508
UC0qQmKEox2C4fT_o1kedZLw,しおの日々ふせん,2,4,0.80469
UC1wAXMiEvM4h__1aYqhQsdw,きあチャンネル,2,3,0.802824
UC0GgO2x6jsXWnJw3ZVxCk-g,ノージョブフドウセカンドch,2,9,0.802172
UC9ONFULKbf6D21l5dGwkrlw,ミツハのスカッとLINE,2,3,0.798414
UC4GXMHCwmONp6XFRB5SayAg,なとり / natori,2,7,0.793282
UC-9xDciS5-k4LAp6RYcnn8g,macaron,2,6,0.792784
UCGHaxlZ9ixHeGt7eRtxWUBA,ズズちゃんねる!!!,2,4,0.789362
UC-sUWj7fzOBSyhT_ohEGvZA,あばれる君,2,6,0.788235
UC-kgS58sTGDqxyqIu_8aV0Q,とよまるの建築さんぽ,2,4,0.785444
UC3nxalfo0dZ79qv8zXO6e-A,MONSTERsJOHN TV,2,5,0.782173
UCB6pJFaFByws3dQj4AdLdyA,Reol Official,2,7,0.775509
UC6Gqkt9KEsHe7mBX2h2pw7w,hakaihan,2,6,0.77261
UC31JWr1b3A_hrC79VVZPHUg,コインアカデミア【仮想通貨でFIRE】,2,5,0.772272
UC2NLcrj9ny8KnCnQpK9HKXQ,富を築く言葉,2,8,0.76999
UC3izwVclRb6VknlOp6sNUcg,ChickenMom,2,6,0.765663
UC0Es_RHY2j9r53EnOZ14sDA,TAKOベース【カメラドローン等】,2,4,0.763677
UC2PPs9QKvKVuZwjlAc4LaFA,HIDE FONDA,2,4,0.754569
UC-KK_-m-w-Jr73bvbgQJSzQ,越水はるか弁護士-守りの経営ch,2,8,0.75392
UC3c8PW1C5kJGbCRjFJoTDwA,ブチギレ氏原&サカモトの【GGチャンネル】,2,7,0.753068
UCH2DxTwinV_cBKR2NTHNVWw,和風総分家,2,6,0.751424
UC1xd0cAOryAMTTG34joEgdg,べりたんで検索お願いします,2,5,0.750883
UC0RBTQIYLEQbcahZWkmzeTQ,Garand Thumb,2,4,0.749847
UC2vM8cLoKmnbryMz4Uknatw,ズバッとタロット占いたまきチャンネル　時事ネタトーク,2,11,0.749356
UC3cALK_0HTGa5SPYSZm7O2g,きぽちゃん (重盛ちゃんの友達),2,4,0.748278
UC2qtKvccH5fqdFv_aH0RYBQ,Curiosity,2,4,0.744262
UCNhKp5ZvcAiTmPWClVrrIkQ,t hashimoto,2,5,0.74343
UC8P1LxkgXiHSIsz4D-jZoOA,Jorge Linares ,2,4,0.742377
UC81-XKUnQkUsVogVknJllIw,しょうたろさん,2,3,0.742117
UC3J-txytRWiRtNXrLS95eEw,ASIAN KUNG-FU GENERATION Official YouTube Channel,2,6,0.738015
UC2k65hImlOq8bj1cUh5exMA,人生の雫,2,15,0.723631
UC-gB0g1LBY9NRKSaWYyNJ9Q,retro,2,4,0.719726
UC9TiDWPi8bVxss_cAO2vBOw,Ai Ninomiya,2,10,0.710705
UC3Plc3Vm0C2KE84yFlXathA,胸キュン漫画ナナクマ【恋愛漫画】,2,6,0.710396
UC-eGkbYVZtCPXxFeJTuy1cg,花咲れあ (花咲姉妹),2,4,0.710161
UC3mm_8VUTwXyHXFkGV_GbYA,コルクマンガチャンネル,2,9,0.709439
UC2V7CAr0IFr0ECt2DPYOgNQ,にゃんずはうす 長浜の保護猫カフェ,2,5,0.709197
UCan6lszm2IMyMpnSYinewTg,資産価値ZERO -限界ニュータウン探訪記-,2,5,0.708409
UC_QmWAdFCquOuYHnp1FsuCQ,【公式】蝶野正洋チャンネル,2,4,0.706518
UC22-CEEaEYfE3yZ0k6J2SPQ,金輪チャンネル,2,3,0.702765
UC3S4_Bl0kE__RHMmTuYxEdw,スカッとムービー,2,4,0.697955
UC-t4VmxWKOTOfYbqqK0OZqw,どなひる,2,3,0.693182
UC3FJaXWlVvF368Wp8hWzteQ,あ,2,5,0.690739
UC74VHLru6qqrAw4e7hzdDsw,GOLDNRUSH PODCAST,2,4,0.690373
UCA1sDVCgWfwtpvGvGezBnQw,ラーメン屋の師匠,2,3,0.688346
UC7cFgrMVnwK4jWU1IN3T_Xg,闇の雑学ショート,2,3,0.684675
UCKMh2p72n733ReD2uI-iUUg,衆議院議員いさ進一 チャンネル,2,4,0.682537
UCKW5cdR5gsUPRkm_bXQUvCg,はうはる,2,4,0.679929
UC2NujFa5X09CdV0YCntmQDg,板橋ハウス,2,5,0.677498
UC4sYz6pv_JLlQ4pctVbRhfg,ウエストランド井口チャンネル,2,4,0.671983
UC8mw3yrgLfoLntTQvkiFIkQ,レオレオ大フィーバー,2,8,0.671826
UCH-lygWpHodDff3iQurnWnQ,加藤純一切り抜き集,2,5,0.67117
UC2Jccx_IvT2iDSZLAiUg3Pg,世界のニッポン,2,7,0.665942
UC-ltIgkALuC9liu6rC_m7BQ,チキンボールチャンネル,2,4,0.665615
UC-txAMxMd6XPc5CMfZ_5-qg,にわ,2,3,0.66542
UC0OHutiYpCY3lnpf2ob_zcQ,玉子おすし,2,4,0.660522
UC3VlelOxfbRLVdwAPTCgciQ,キック the チャンネル,2,3,0.657457
UC-EIQoKszZjiQ-c9neLBgrA,CONOMI CHANNEL,2,5,0.653574
UC4EAz9lsrBMMINUGRBDHwoA,ハリフーン (hurriphoon),2,3,0.652438
UCoTZGGLMexsUwrAQkg_h6EQ,俺はアントン,2,5,0.650254
UCVeVPFfwu3pXwhUP4YrM-mg,ひまわり公式,2,6,0.649793
UC0dyPXaF19VobhmnwN0PNqA,朝倉 ケンスケ,2,3,0.649355
UC5rTP_xczVvdgol9tCt5KQA,Heinkel,2,5,0.64915
UC2QDgMJWRQHEJYyVX3Rt08w,ichijinshaPV,2,3,0.64729
UC0MwTuNA7dqMjqVaGkz0bow,HAL PROJECT,2,6,0.646957
UC8vzbjthwDMK8dAHEte6eMQ,Cyndi Lauper,2,7,0.644495
UCId_V8QsdROCiyCWo8oUxkw,心理学コード化,2,9,0.637989
UC1vg_us6mbjJdmVxhBCl17w,ゲソブラック,2,6,0.637573
UC5-eIS1eLeBcLR-2CuZsSSA,世にも奇妙な都市伝説,2,4,0.636585
UC5_MpsOL3lyCdaRfy6Whh5g,曖昧と無意識,2,4,0.635733
UC9G6cVN89XFM5DCZGU8yn-Q,Hump Back Official,2,5,0.634125
UC79leLDtct4ghhd3gLjR8ug,Saccharin  Rock and Music Channel,2,7,0.628769
UC6pDJs3tlf2iw-t4JaG7Qsg,ゆる民俗学ラジオ,2,3,0.628679
UCCZNEfnWS6E5JshwMEPCCJA,癒される2ch動物スレ,2,6,0.628374
UC4o9JBgfkUWyq15Q9Dc762g,中田敦彦の英会話 - NAKATA WORLD,2,5,0.627309
UC0ox9NuTHYeRys63yZpBFuA,Learn Japanese with JapanesePod101.com,2,6,0.623683
UC7GMEszZEzIeoXIUipWi-nA,幸せの道標【50代・60代向け】,2,7,0.618629
UC9YNcTF5HzHdq6l6J7JPY0g,いくとん,2,9,0.613119
UC6pyjcvkrwbQJaC8cj8kxFQ,GIMICA - powered by MAGICA,2,7,0.612809
UCArdP3OnGGsmwYfCKUE7Z-w,うじたまちゃんねる,2,4,0.611748
UC2yf1R3Z48xe7faHhvhaVQA,Kleber Koikeクレベル コイケ,2,4,0.610597
UC4mgXjNHXaG5axg-kFlUBlQ,フーミン,2,3,0.609771
UC4gEBoueqfbmll444pncnxg,降人の部屋,2,6,0.60624
UC0KmL2dKsyuzRvgsTJUblww,Lizzy Radio,2,3,0.605808
UC1LZ2bCB7jfp7iT498AW5dg,ゆんばん윤방韓国チャンネル,2,4,0.604768
UC3Q9OHiM79nm5RTgD5bB_8A,岡田慎一郎の古武術介護と身体の使い方研究室,2,4,0.600424
UC3PfHPfAbNg6XM0OIuwWJQQ,アマプラ生活上々委員会,2,3,0.599591
UC-0-GJ_ThO567EMoINxORow,りう,2,4,0.594862
UC2d3OF1rMWkpjb0hVabdoBw,鉄道業界考察,2,3,0.594253
UC3zuCTNN8RcMRpBuHUy8L4g,弁護士ビーノ,2,11,0.592261
UC3ZyXaDaDyKcFff8l1fI8Og,まーラボ Lab.【格安SIMラボ】,2,3,0.592146
UC14BVGkO-UDJRGT2T5FCyDQ,Sora-TV,2,3,0.592064
UC-l19NJz8T-VQSBm62oISxQ,英語学習チャンネルオナキ,2,3,0.59141
UC9Oc6YThD0r7dhG6Z_0qMTg,南海先生【地学で命を守る】,2,10,0.588878
UC1rwj_XV_cH1PLjDnw6Jf-w,ゲーム燦爛チャンネル暁,2,7,0.586139
UC0VNYnTb0sIuWRMFgjesd-A,サイコパス考察集【岡田斗司夫 切り抜き】,2,4,0.584718
UCVuuT7x1BQsfljcWeL-VacA,平岩優奈,2,5,0.583323
UC-hn5ttL3Huk4xfbXqb6k9Q,クラッシュオブクラン（クラクラ）公式,2,3,0.578027
UC00LLNK4no5sv-HzT2a5owg,Wink,2,6,0.57665
UC4R8DWoMoI7CAwX8_LjQHig,Live,2,13,0.571078
UCP_y894q38Xk_0n3DpcJ64A,POLINKEY MOVIE,2,5,0.569618
UC4UCJa4roHHjirak_vFtxEw,JENY PRESTON official,2,4,0.568695
UC1sM8gHRdx4bdABrjrnmCdw,Boxoffice+ Japan ,2,6,0.567155
UC0U4rtC-yuhNdxdT4XlPp_w,真-1.1倍かける君,2,3,0.5641
UC2DO7wKf1BVwt47qRz_cACw,ひとコマ世界,2,3,0.562885
UC-xCx4wNZckomnkpO4YbVCg,カッパ恨島,2,4,0.559469
UC1vK3bPAo_uZMW8Q0mXT3_A,至高の領域│AI,2,3,0.558627
UC1H59h2CTpUTzqIQuekL2HA,Kazman,2,3,0.5551
UC0EV2xq2BGR7m0JJddd8k-w,tomo,2,6,0.552066
UC8in1gA1O2duL2y9rVAjBOg,ゆきゆき,2,4,0.551345
UC3wNxV5ZWOL9kf4v2oXGQbw,入江慎吾 / アプリ開発FIRE,2,6,0.546793
UC4C7RgjbBGKicJYQ0h_djHQ,神のみぞ知る〜アニマルディスカバリー〜,2,6,0.545808
UC0oXliBFU6MYmiRvJpovHqQ,とある女の本音,2,4,0.545226
UC0rzYB5Cr7cV1AO959n_IGg,Wolf ch,2,10,0.543388
UC51Dkxcc01mSJ6TknHqxSiA,佐藤 優里亜,2,4,0.542225
UC6mapl4x2P0Rr_iZhaJZMzw,呉 善花,2,3,0.542202
UC0WzQBlIpVN844TxezyHIxg,ステージ21チャンネル,2,3,0.542192
UC3_BoJPqoY59NcwBkYGpDVw,広報PR関連・動画共有用,2,3,0.541704
UC5hWVscIL2ODOmeofu_9ldg,ゆいぴす YUIPIS,2,3,0.541436
UC2vqCJ6nxx0io5CywXoJzsQ,Re:横浜から始める黒服生活,2,5,0.537004
UC-AY8iLKFPhaJRnQt2IiReg,金黒レビューチャンネル,2,3,0.536177
UC1EB8moGYdkoZQfWHjh7Ivw,ぽんぽこちゃんねる,2,7,0.535163
UC017xz3VeP2OjFq3jMcy_Eg,【モチベUP】マインドチャンネル,2,3,0.534795
UCT42Lnw-fowdoa5wzp-J-Pw,ゼロテンスタジオ,2,5,0.532273
UCF12AuT-beSk-61H8sxA0vw,Dragon Ash,2,8,0.532209
UCFv2z4iM5vHrS8bZPq4fHQQ,HIMEHINA Channel,2,5,0.530614
UC2sQjNCIMchzKhXJOTEqUcw,富山の遊び場!TV,2,6,0.529551
UCaoYKqANdTyW42RBVRF1Zlg,武田邦彦 テレビじゃ言えないホントの話!,2,22,0.526614
UCLE2PTNDt--NLGLVbfOfHkQ,吉田研究所【メインチャンネル】,2,5,0.524306
UCKDK8zp4t2iStNiK-_BifQw,クロネコの楽屋,2,3,0.523947
UC2fFpFuTvOtZU9HnuAjmGIQ,YANAN CHANNEL,2,4,0.523309
UC-9NClmrFl4XLn4cj7l5-2A,シークエンスパパとも,2,4,0.522378
UCChJ7RL6mr2lzHj_S1Y_eIA,KISHITAKU-TENCHO,2,8,0.519158
UCQSiZtTYitqsgEHiZ-Lxn0A,【元国税・税理士】日本で一番楽しい税金の授業@じてこ先生SASA,2,6,0.517488
UC-db7Tl3VZJIlICjaoV69iA,GOOD CARLIFE Channel /ゼミッタ,2,6,0.517213
UC-JBd3hzV7TmSqwAQItp3AA,ポケカルビジネスTVーポケットサイズの学びをあなたに!,2,9,0.512355
UC8LlYCnHPg9X0k3IOyWiTrg,【公認】レペゼン切り抜き世界一【Repezen foxx】,2,3,0.512115
UC-0VaC5FJX_IxQZx25LX1Ew,音のひとくち,2,5,0.511962
UC0q6vWtZ0gZhzEr5C4sjhsQ,Endless Challenge,2,4,0.511451
UCVDK3VcWWeghifLPxIQr3ww,おもしろ地理,2,6,0.509609
UC-LGGavoeps5RegITdHegrg,Gadget Guide Sakurajima,2,6,0.505683
UCDtbqtsrrz56EmgPy51x2Yg,ヒューマングルメンタリー オモウマい店【公式】,2,5,0.505217
UC6WcDW527KWU4eE9OaWPh4g,かずえちゃん | Kazue-chan,2,6,0.504228
UC6xk8pfV8lAup0YLuZQh0kw,アビーのヲタ活部屋,2,4,0.501311
UCG127CoLevCc8JrYxyrGMYw,オタキックス【岡田斗司夫 切り抜き】-アニメ漫画専科-,2,6,0.500864
UC6IgaxFzV520MH8B7fcvYQg,タイガーリーク密着24時【ネットの反応】,2,3,0.498465
UCD15l_9Bs0Ohhhej00W0QLg,日本時事の会【政治・時事】,2,3,0.496446
UCLK63mzEn9yPcwrjSEWBK3Q,【ゆっくり解説】9割が知らない雑学,2,19,0.495442
UC1l7wYrva1qCH-wgqcHaaRg,David Guetta,2,8,0.494557
UCAIJt14horEp7FZzHBmal9w,【公認】NoBorder ダイジェスト | 世界の真実を暴露,2,3,0.49443
UCkJWpEWshW8BAi3nAzWBoLA,Jessica0701,2,3,0.494322
UC887i8_cbn5e5H2fT7AsHig,美的,2,3,0.493767
UC0L_Udg6BpKp0TkBE56OxZw,Reiwa news everyone’s voice.,2,3,0.493533
UC7fzrpTArAqDHuB3Hbmd_CQ,Whitney Houston,2,4,0.49334
UC6f-LkWJhwHcbbEVzN9TQrg,マサカリチャンネル / 金太郎,2,3,0.490541
UC0jmXsqswuu-SU9w3jExzpw,裏迫ですッ!【宮迫博之】,2,4,0.49035
UCJJebyhORW53caDVFUrTwGw,エピックヒストリー,2,6,0.488682
UC-f_5LnZkQa44fQFb0Q_bJQ,玉川ボールのスリーカウントは叩かせない！,2,5,0.48539
UC3TvY0biJcMRzQyu5hyOkXw,大石昌良の弾き語りラボ,2,4,0.483589
UC4VqIY1x5e3J9GDlY0mLVrw,ネッコフリックス : Movie & Drama,2,8,0.483317
UC-auJhWla6MpfOFNdEOmAPA,奥山真司の地政学・リアリズム「アメリカ通信」,2,9,0.483133
UC73Cla79COot99ltD8wuH0w,コブクロ 公式チャンネル,2,3,0.482728
UC3Ysc5vmMFFKdUijrZcs5IQ,YORIHITO👍🌻よりひと,2,3,0.481617
UC5kGJ1VQ-mH8dW_Fi1NU1-g,所長の漫画動画劇場,2,4,0.481546
UCIOgnwv7IOAjGf0onKlbNLw,MOTOR STATION TV,2,3,0.481515
UCJKBuEIUq80WaJ_8LZs1vrw,まるきの心理学宅急便,2,4,0.477972
UCKKAqT8sPBNmFFM3Fs4_cBA,せいやんアニメ【コント】,2,6,0.476529
UC-InbUMe7DQcbVL4j-pCPsw,野村謙二郎のノムケンCHANNEL,2,4,0.474218
UC5T2VT-pvEEzTtkBrxlEUOA,青春ロケット団🚀,2,5,0.471475
UC5Gixpehh8NNlFVfz1yRMbw,日本のイイトコ,2,3,0.470899
UC-ShOLmYCqoYBW4PiCDe5Xg,八木沙季,2,4,0.467587
UC0J7Yk_O3g1-x-xD7xxAE8Q,スタビジ【誰でもAIデータサイエンス】byウマたん,2,9,0.466293
UCAbjDdgNdZjLK9GdBhBHIjQ,事実は小説よりも奇なり,2,3,0.465847
UC3mY2SKYhPjqImtBBXsR6_Q,MayTree,2,6,0.463175
UCNrobxPXFCA8Wm-z-NBIcAQ,ばーじぼぶ,2,3,0.462448
UC45vlXkhmQRs9fZag3L1Bvg,パワー営業TV 行政書士杉井貴幸,2,5,0.461162
UC1CzWN54chg7rzG7BBU2H2g,オンナのソノ,2,6,0.459967
UC7pFIvzJa43xjbcPz2JOS0A,55ドライブ,2,3,0.45739
UC20H5QFRzwG9QblF2Jxew-Q,組織活性化。TV,2,4,0.455058
UCBxUeqnJ4Saff9b7d8C-h5Q,ジョーのボクシング解説,2,6,0.454696
UC0cL6JIp3ekG0_-CbeZoA0w,カネマン,2,7,0.450976
UCGyt5axcq_yeBojI0o6Fhlg,リロ氏のひとり遊びちゃんねる,2,7,0.449732
UC7xs32H9wVTlR_7cprrKwQA,IKIRU MONO TACHI,2,8,0.447215
UC5AqN5Bt8YvqrZzQM2ySlYA,DanCreator / Cardboard Crafts,2,5,0.446407
UC2anAxlFg64q98Ba176msrA,のりぽんチャンネル,2,7,0.44616
UCF0F2yxOnfJGii2R-RyoqNw,2ch生活知恵袋,2,5,0.443542
UC1q8qzHHDFPP1il1w-yKEeQ,Travel skills improvement committee,2,3,0.441278
UC8-fXmLTcTVtUzy2zmOK0kA,ずんだハウス,2,5,0.438344
UCTDMT3aL30noTVFgNPA9XtQ,東宝MOVIEチャンネル,2,16,0.436593
UC43RDed8mIy_O75pXWUogpA,Kuriemi Channel,2,4,0.436266
UC-PfrH3RV-wUlYh8UBL-SOg,狐娘のユズ,2,5,0.434589
UCE33_W2rCzr8OPncaGTNomA,ニッポンが好きすぎるんじゃ,2,4,0.433801
UC1WHOPS3M0FYe2D4ElTD1-g,PROJECT 極光,2,3,0.433492
UC6qEUMw2GJbuDYoK0Y33xHA,マッスルクリップス,2,4,0.433009
UC4P3g-o4f_iA5hg2XEGGQMw,【文化放送】田村淳のNewsCLUB,2,3,0.432947
UCM4y31BLBY-E8TNOmy3zPeQ,最強ジャンプチャンネル,2,7,0.432723
UC0E-n6k-gW3gHuTb1cTy42w,Mizue【宇宙の法則】,2,4,0.432675
UC5mGuCfv9Nzr1QXt5a19pRw,Japanese Kitchen Tour,2,5,0.431043
UC0QArRTuApgKFbX1OZUAJGA,ゆるっと退職,2,4,0.430303
UCF-ELGbzi_r-VdJAb_Gh32Q,そろ谷の一発アニメ,2,9,0.429601
UCCdQ2pvKeHbszKc2Wfsa6Wg,ぺろりんず!,2,5,0.429385
UC-5qpyx3gcMuKyCdklO_QoA,居島一平と学ぶ歴史見聞録【月刊歴史塾公式】,2,3,0.428196
UCNiXCniQU6D32nYxJVd3fYg,PCER24,2,6,0.427435
UC0y79zXEXQbW99IuK_OLjCQ,コンテナハウスドリーマー,2,3,0.425959
UC8yS5dCzbiPGf1HnAwwcnhQ,MBS animation 公式チャンネル,2,5,0.423957
UC7-YMmnc0ppcWmio8t1WdcA,System Of A Down,2,3,0.423389
UCT6iRPtBcmLrK2f0U1iDmjg,アフロマスク,2,5,0.42299
UC6M_ZoV9jNDLT0qGboMZxQg,License service,2,3,0.422733
UChX6YTx96D5yEW7EUD7KdZQ,【公式】ドラえもん / 藤子・F・不二雄チャンネル,2,4,0.420341
UCaG1Qs7DpSqug3zozdXrErQ,葛西美空のYouTubeチャンネル,2,6,0.418576
UCFU_oYKmxNI_8mYNQMhmLvA,ハウスダスト,2,10,0.417012
UC4-TyXnEzuu7j-6dbXNxrkQ,井原良太郎　Ryotaro Ihara,2,4,0.416914
UC2WSn4tjvIrWO1NrljInDvg,税理士ナガイ,2,6,0.415985
UC178IqFF1Mbe64lRfJSin9A,国振チャンネル,2,6,0.413528
UCSPkmZyeHlDNE-6YMSg5Fbg,しなこ Shinako / ASMR,2,7,0.411367
UC46vl5hdHauSdKE3sF8IZdQ,偉人の心,2,5,0.409582
UC08xdTMKb_imvITR1dhglgg,知りたい未来,2,6,0.408856
UCFJ6Hf-2SLtTGA2WHLiFltA,Ubunchu's hard work AI,2,4,0.408638
UC7Lw4JOlr4fFDNk2yvIhX5A,5dB,2,4,0.407089
UCAlz-O5aYqN9KFsr-PIa0Kg,ひじき桃子の小さく生きる焼き芋屋さん,2,6,0.404776
UCMFDhI-zeWRzLMCdxFnlw9A,もえりんちゃんねる！,2,5,0.404547
UC-vLa_egwF6rhTcr1BqjFzg,せいぎのみかた☆,2,3,0.403708
UC4ecXnxgcGBJIVI1-rJ5Gvw,WC Works TV,2,3,0.402721
UCEqNWsDeYLCrXzepVm1V3rA,Eiichi Ohtaki - Topic,2,3,0.401662
UC5hAUBi7i5kL9I1bnmlZ9hA,take.moneylife,2,3,0.398518
UC5ifnfGonLsy_jNMzTBvqUw,おかきチャンネル/リクガメ日和,2,4,0.398312
UC5KD8iN4gO6R_1zWuEShBXw,Tatsuo and Umiko,2,3,0.397604
UCLPEPhWzaJlWVeMZoGYrJHg,アイキョウ バイクチャンネル,2,3,0.397469
UC4XD3kr6gx6x9p7YZN-o4Xw,ぽぽのPOPODOC TV,2,3,0.393937
UC0U2GG9WNndvt1wK41l9iqg,スタジオぴえろ【公式】,2,8,0.390176
UC5FDura4wgTnSKehFau_qvg,Thoisoi Japan,2,3,0.38912
UC2zqZA5vjmk3rI9WgZfRZHw,Retro Fighting game channel,2,4,0.3877
UC3fl_X3GckgYVMSQmhGA9kg,バズウォッチ,2,5,0.386847
UC0XwmKYoAkybFU8lw4veZrw,OHIOBOSS SATOYU,2,3,0.38611
UCoWLq-o8v-oX931RDp7cpFQ,創価学会の日常ちゃんねる,2,4,0.385794
UCRxDTCmIjgli-Xgh2KPE9dA,シネマトゥデイ,2,11,0.385046
UC0we5YYZrcaY8c4-vtiFEtg,地理ライダー,2,5,0.38451
UC3Rq90SdhL4lcqbPN9yzE_A,ルナの恋愛日記【恋愛漫画】,2,3,0.384449
UC1WzYBDziThS0_T9C47DTOQ,みなかみのはらさわさん,2,4,0.382754
UCJw-lp-C-Rhwe4WOTZkOxaw,カンテレ競馬【公式】,2,5,0.381194
UC0YZCUchSEj29C1YMz8MrGw,管理栄養士 中村りえ「米粉おやつLabo」,2,4,0.38008
UC0iNpcyM6QkUlX9mzziauQA,DJキャブヘイ / cabhey,2,5,0.377245
UCQulb6S-9jF0pN9Sq9CG3FQ,極太ダイナマイト【都市伝説】,2,4,0.3746
UC0v4soreOVnrfsyDrZl_giA,社長名鑑,2,4,0.373292
UC7sif8wOhCqmsP7uTyfwVfw,井川意高の切り抜き,2,3,0.371961
UC1W_Jc9UmyttYlSo0i5DzJg,Show Me the World,2,3,0.371068
UC-1yEeK8Br75QxGIHTU2gkA,きくドラ,2,4,0.370792
UC4JVSozJ0CXatYcOLQSdDug,【公式】脳科学研究所-Brain Science Lab,2,7,0.369549
UC1EKIEIaGOiliEm1QP2Y9lw,竹内 謙礼のビジネスゼミ-明日からすぐに使える!,2,3,0.368213
UCC9msaXrXng5OO-C5Y1s-wQ,マツヤマイカ Maika Matsuya,2,3,0.366508
UConIcs8o0z5vYTamGtq-Lsw,東京03 Official YouTube Channel,2,4,0.365915
UCtvh0wC06tV2EeRBk1OfUhg,BANDAI OFFICIAL,2,4,0.362885
UCpacNz-eu6q9kHhlFKrpzgA,懲役太郎サブチャン,2,9,0.360882
UCEmeeX9K_89X4dhCurCIdtQ,CRISIS TV,2,4,0.360197
UC6454ctklRFUiE6CMzuw0hQ,MeseMoa.,2,3,0.35864
UC0-8T95B-JheVF3-I3Yeeew,Macro Stereo / マクロステレオ,2,8,0.356235
UCRmF5Y0mEXwdqH3hSiiTXNw,TOBE OFFICIAL,2,5,0.356178
UCGWg0JeiFi3LBRiVCz8xpOg,NetShort-日本語ドラマ,2,5,0.355319
UCQzXBO3VmZ_JY_6lJMOoDrA,スピの世界【ゆっくり解説】,2,5,0.350761
UCHvFSU5OP6c7QcJxIr87YtA,ウタエル Utael,2,5,0.349426
UC2297woXJ7Wk6XQ8M1chj0Q,OFF COURSE,2,4,0.346411
UC-Uc-bIDatPKxzMAb87q6QA,奈良とびっきり観光ガイド by　 佳山隆生【奈良観光】,2,4,0.346358
UC4xzLYdwvS3QwSDxTdqGNlg,未来完了形資産家JM,2,7,0.346241
UC6MlluylILbTelNRAvofO1w,実況者ジャンヌ,2,3,0.346203
UC1MLyvCxKWwmKPmfktx9z4A,Noodle channel,2,4,0.343437
UC3EEJsfEG8BNn--Trc7zoNA,叛_夜鷹,2,4,0.341684
UCO59m48Bb4btNVNnL7fCmAQ,アイの告白【MADtv】,2,5,0.340572
UCg-KFZisJjG45CSC4eNjSxA,1分だけ,2,7,0.340498
UC1YZ4L4GNSNMejfkUOCgcNw,アニラボCaddy,2,3,0.340157
UCJXkIBxnyRbiS2lTy2W5D9w,緊急!JAPAN速報!2,2,4,0.33894
UC4pT0wZpz1BzKG-fYQA_nMQ,心温まる物語,2,4,0.338539
UC5VoEl2DEg_7NSoWNYSPJPA,FANZA 公式,2,6,0.337416
UCANmix8PISKsVHE0XWmUSzw,れもん,2,6,0.336088
UCFPHQpoMgjUSoiQskdJeT_A,Ballerina Farm,2,3,0.334696
UC-082v9qNgRuPfsS-gV2foA,三菱UFJアセットマネジメント ON AIR,2,4,0.33417
UC3LmMDfuPiaKdZ0xy7OcpYQ,日本人の食卓【ゆっくり解説】,2,3,0.333807
UC54D3HEGG8xqnr0r2iMYZyw,良作鬱ゲーサークル【ゆっくり解説】,2,3,0.333254
UC8-Th83bH_thdKZDJCrn88g,The Tonight Show Starring Jimmy Fallon,2,8,0.331353
UC2jE2i2lC7ZJQl4tQoIiX7g,NottinTV,2,5,0.329708
UC6mOyeQGSYJrB-DzxMyzozw,【世界の終わりに柴犬と】切り抜きch,2,5,0.326734
UCDDaXL-u0YbFQmF_relnnyw,kothlakothla,2,3,0.326567
UC0Cd8o-uStBqOwddAN9VJLA,J-POP Quality,2,5,0.325369
UC3A0nuJpz3NnPi2luPj41fA,Kenrick Sound -- ケンリックサウンド,2,7,0.324567
UC-lafsH8pDHkFwWYHWkR_7g,金太郎の年金、教えてもらってイイですか?,2,5,0.324472
UC0gENqFG6rc_ZhmT5COHCRw,translation,2,3,0.324096
UCJquYOG5EL82sKTfH9aMA9Q,Rick Beato,2,3,0.323514
UC-ofVTkr2OHvMiLWOBLb2gA,リモートワーカーTips Saki,2,3,0.32302
UC8uUxuEC9EIhaMS66JC0YWg,アリガチズム,2,5,0.322602
UCGkbhPqWn0mCGrJAc03imWg,Lil Kio,2,3,0.321978
UC0tZzQK6ZSzQ4h-qR5lJXgA,新しいカギちゃんねる【公式】,2,6,0.321763
UC2RlP8krdmazCXdXSZhkZBQ,和牛ティーチャー,2,4,0.320887
UC3YmzUiwFIUsaBHmfd3ztZA,車屋の本音チャンネル【スタートベース】,2,4,0.318073
UCDqvZvUgRq5RRmy_zZd5Yaw,有吉ぃぃeeeee！【公式】,2,4,0.317124
UCDcsyCt9Oc9T105iywgLScA,不動明王のお祓い,2,7,0.315453
UC-Xy0Y2JF43LA61s1N-EiTQ,偉人の人生訓,2,4,0.314536
UCBAlxilA8y2whSSKs60ZDyg,Ahahana Inc. Pre-Mind Life Solutions co.,2,3,0.313922
UC04upX3blwqu1rJK-rLFYHQ,ナマケモノはるひ,2,4,0.311983
UCke5D1VwgqJjCs7v9xmok6Q,アシタノワダイの避難所,2,6,0.311408
UC3jjjmiOOuTcIR9SVo7cxBw,北のロッキーチャンネル,2,4,0.309446
UCFpyQE-JRZIPimREFboRD-g,まーみん麺TV,2,4,0.309393
UCNFhaCR_nid2XbqdFNgLoWA,スマイリー,2,4,0.308695
UCTZT_Lm9vlqNR0eZMO_nLYQ,STスタジオ,2,7,0.30745
UC--zuEfONeFXPvLqX0Kvbuw,松永依織 / IORI MATSUNAGA,2,4,0.306789
UCClxbBAfDbFUjQon8ZT-Jew,ちはやYT,2,3,0.306583
UC39IUb5IEvTWL-sPEyYMG6Q,2chしあわせのなれそめ,2,3,0.306008
UC169FIKMFQKr1n65N3UcQag,夕闇に誘いし漆黒の天使達,2,6,0.30582
UC9SqmJ0P7PbdLZI_g-0evoQ,BillyBanBanビリーバンバン菅原進チャンネル,2,4,0.305728
UC39XSPdtkU5Gup6zrXvGp-Q,鬼滅の刃研究所【鬼滅の刃考察チャンネル】,2,5,0.304948
UC3XzCnzwI9K389mV3u3o0Rw,がんふり〜ガンダムFREAKS 〜,2,3,0.304726
UCpGpA7mSYmNJjLiJxKso5QA,しもふりチューブ,2,5,0.304699
UCEVY4jg0d1X-JIlSwUodtTQ,Rap EJ,2,8,0.301128
UC5FRJMlq9IE4IvKog8WYfKQ,SF カフェ・アステラ,2,3,0.300963
UCLzDkx9lWOsbNk2jrrtjK_Q,YOKAI×NINJA,2,4,0.300346
UC6sQ5abFMQmX5a2gf2hJdXw,金曜ボイスログ,2,3,0.298665
UC-zHKPw_XqtMrOAl7Uor_7A,富を読む者,2,4,0.298295
UC7ly4Q6oT3rcdOKQcQVvMgg,PASSLABO in 東大医学部発「朝10分」の受験勉強cafe,2,11,0.297696
UC6Slbc0vGqIZTGVoeQ2op9A,エンセン井上Channel,2,4,0.296092
UCBQBJdFxIyEXvUUNdX-xvpA,ゆっくり日本の近現代史,2,5,0.29566
UC5Uj9R7egLuoYwNUj_duMEQ,ぷぷぷ博士,2,6,0.292009
UChgwVXJ3PkuxAZPQpmIi5yA,ばっしー【東京お得グルメ】,2,4,0.291747
UC5rFKCcAXMzNjSWYIk1UHsA,雨降りカモメ（アレクサの同居人）,2,4,0.288796
UC5vjcV9KfyhxkomDCLh8oAw,百寿の知恵,2,4,0.285478
UC1VQpKjn669uCTaP7zbnfFQ,上勝町ゼロ・ウェイストチャンネル,2,4,0.284158
UC-QwEsnc_f8JEboR-jwLLpQ,キヤノンマーケティングジャパン / Canon Marketing Japan,2,6,0.283672
UC8jVLWb_sJOVjVzQX9oTwSA,Angelical Meditación,2,3,0.28149
UCJoLZUjlhidhKG0MrSd-8Pg,HISASHI TV,2,5,0.279116
UCKEUwnF-h0VwDjKrJvd16ZQ,癒しのあいろん雑学ゲーム実況,2,6,0.277043
UC_-N7PdWbQKGjbH2s-4K2Ng,ゲスナーウェブ,2,4,0.275185
UCB8gUdHweo--1aou95RQvQw,お絵かき講座パルミー【公式】,2,4,0.273226
UC2NHbsoAQ5LdQWQsgQKuu5w,あいかわ,2,5,0.272624
UCu5cGD1O29jOC6wVqXSfjTA,川原卓巳のビジネス戦略ch【自分らしいプロデュースメソッド】,2,7,0.272429
UC2y5TKmYgZ5Bmwp9xRKDtQg,Karin's  Piano  channel,2,6,0.271719
UCBiqG0LxaE7PS4A_HKYfsHA,地頭道場,2,4,0.270683
UC2-_WWPT_124iN6jiym4fOw,Asian Boss,2,6,0.270097
UC6v1mMddgoti_AdBAmXzk_g,"ひろゆき三昧【切り抜き,ひろゆき, hiroyuki】",2,5,0.269776
UCAvfUDLRz0jIHbg7RQ3plLQ,YuRuMu整体院,2,4,0.269059
UCCQ8YJHownbEL5PzUXowC1g,まとめ | CTHY,2,3,0.267641
UC3MEHVxWH61MlRaJx1LQXbA,オシロサイクルoshirocycle,2,8,0.267084
UC1zm3Nlw9eJA-7nkZqDndhg,モテ男変身計画,2,5,0.266696
UC49seSdqXuMq8vEsHxH-l3w,しろしろGameTV,2,3,0.265821
UC8LYG4zYVSs9bqc2C-mLaKA,バズった動画まとめ,2,5,0.265591
UC-wl03qZ4HYrcjLSB_4whoA,まゆ l 痩せうまレシピ l 健康ごはん🍳,2,4,0.265172
UC1IBxJEfhdp6c_Z6cLg4Svg,新作のハーモニカ公式チャンネル「新作の新作」,2,4,0.265105
UC4N11oeD0ilU4rk3ZI7UTFg,GOW TUBE,2,3,0.264329
UC5nP1UNt1FI2WrPdVfIwNhQ,お金と投資の雑学ch,2,4,0.263605
UC6bs8RwwSyCJQSulIEoajsg,ヤザキ電気の部屋,2,3,0.263044
UC5f5IV0Bf79YLp_p9nfInRA,How Ridiculous,2,5,0.26222
UC2kTZB_yeYgdAg4wP2tEryA,emimusic,2,5,0.261427
UCEYofMX_W6-vqtg-FT-oxlg,Dog and Cat Disease Dictionary　By withpety　,2,3,0.259819
UC15UIzGd6mNR2rUVb7ha5qg,フラミン子,2,3,0.258155
UC0tOS0tPX0w_JWOcLAxCOUg,漫画れりあ,2,4,0.257104
UCQU_9WCmWtH9mAI4HcyOeXw,Leo Tohyama,2,6,0.256999
UC0CYMd1EmqjKqI9sfvvNf-A,しゅん。,2,3,0.256697
UC3RgWyxVJZA0Puv_FBoXfEg, English Land🎉,2,4,0.255928
UC5-lOB3_zMkjr2ji8sYBfvg,観るだけで賢くなる理科の話,2,8,0.253431
UC2-uEmeE03S_hOQgUssCOZA,事件ジャングル,2,6,0.252889
UC0XVEWjE-St3oaYbYaVtjzA,パジャマ家族【ラク家事ライフ】,2,3,0.252875
UC2OetCavEd3foO6GkU5NOyQ,Brain商材研究所@AI動画で紹介,2,3,0.252481
UC4DC4_-EBzx0H2Dgu42lVgQ,ゆるふわ軍事ちゃんねる,2,4,0.252249
UC3L9_cHfdU61_0grcYs0vUw,激動の中国,2,3,0.251255
UC4f2PuYxhEsp412yRCL2tdg,こもれびの診療所,2,4,0.250969
UC5mdXHvM__5saU70XfrWuqg,ジャムとこんぺいとポテチ,2,6,0.250648
UCDWdfDSX84er7kKushurhQA,【家飲み職人】せるじおのハイボールチャンネル,2,6,0.249803
UC-ATEtXbjrzLsmLQ2PpeqjA,心に残る風景,2,5,0.247769
UC0NZkGecxVT4e27FCL7lvXQ,MarStyle マースタイル,2,4,0.247748
UCLoXHeaAKIH49taiLcx8iig,【知恵雑学】日々の生活に役に立つ、有益な情報をお届けします,2,3,0.247578
UCHdw4I91ZuaweFXaYfyvn4w,ごーしんフリーランスTV2 Gorshin Freelance TV2,2,4,0.24486
UC1O5wACg3amBBrFlzVPEPTA,ストラッサー起一 [ストチャンネル],2,3,0.243872
UCTL6kYiTpKh7UV2OKS9PHWQ,ほぼ日の學校,2,4,0.243158
UCA2GVvSzuuN44eCB74leyDg,パチンコ・パチスロ必勝本WEB-TV,2,3,0.243106
UCA0vvXUznSmjJpI7f5FXfgQ,英検オタク,2,3,0.242075
UCP7vUKe4_FniMv3RBt7fZwg,昭和パパの子育て雑学ノート,2,3,0.24019
UC5FCOAgGl149ZyOb5Ku5PVw,Takagi Travel / 旅行・街歩き,2,4,0.239773
UCB_yXsjKt5kx_71vJegZvZQ,TK@人生の本質,2,6,0.238384
UCPoh0LDoMxJ__4sB9ZMeXfw,satoru爆裂株『ゴールド&シルバー』,2,5,0.23688
UC6bM374Pt4lLoao0ESTU4MQ,Masahiro Street Dance Studio,2,4,0.234303
UC8D_NXFBh8A9KSwo7x-wFdQ,8K VIDEO ULTRA HD HDR,2,5,0.231198
UC8H4FWNK4XIN_Fo2Upg5Z8w,야차클럽 ,2,3,0.229825
UC4QBHK32zckCVflVnA900Jw,Stephen Petro,2,3,0.229054
UC3wQT7ShYpSidrzZNlVZwTw,お金の研究所,2,3,0.228259
UC7KBYs_ncYr36UssF59MZTg,軍事防衛タイムズ,2,3,0.227117
UC40Yo2lkpI5WJ8O0Zf4aQqg,ジョイの小部屋,2,5,0.226739
UC9IUL2mhXkPXQrH_x0XYzIw,うどんの機材部屋,2,4,0.22611
UC22y0-2FLYGXImsFsBQq2-g,小芊枫 XiaoQianFeng,2,3,0.225495
UC9nvLJhH9dUfShTr1VuhxVA,土豆の日記Cat's diary,2,7,0.225315
UCCB5jhX5jI9lWt3OL4U6Gjw,Takuya Nagabuchi CH,2,4,0.225026
UCWvr04hMa4k4wSilYcQ4qoA,キャベツの人【ゲーム紹介】,2,3,0.224961
UC6-ynq_9dP2MjqLs1vRSdZg,人生攻略屋【学校では教えてくれない賢い生き方】,2,3,0.224319
UCGlsdZEBIGGPiGpG1BK9g1w,地図で語る合戦史,2,4,0.22381
UCH58d6dGp6b0hisvkCh7sNg,iri,2,5,0.223491
UC5Ghe5TBQGYIOANuiNW4hDQ,Garys Economics,2,4,0.222002
UCZBv_NDgA2hHd_SMXTXnsDA,まきの部屋【違いがわかる大人の恋愛テクニック】,2,6,0.221932
UC4XwoZ806Ga4STcg5WoO3zg,大工社長しばさんの家づくりチャンネル,2,3,0.221363
UC8xkzBruPP96NI22ki4mB_w,バーバパパ,2,9,0.219157
UC2iRNnc8THhdu_Hrd0a8bVg,ゆっくり人生論,2,4,0.218269
UC0fwIt3KwTqN1SKv5oS6OJg,営業の神様 ユダヤ流チャンネル,2,6,0.218159
UC0jaKuz0tmPEAX8s_TDqlUQ,政治をサクッと解説,2,3,0.217552
UCGiMm6ix3x_83YzxoL4MnMQ,気になるウワサチャンネル,2,4,0.217216
UCKjNLv64SPXmo21deA0jq_Q,VIPコミュニティチャンネル,2,5,0.216425
UC6E2mP01ZLH_kbAyeazCNdg,Brave Wilderness,2,7,0.212887
UC0q2peQDgCOham08-95bR3g,LAYERS CLASSIC,2,4,0.212714
UC5-1o0J3IbPsW2piG7qZ9UQ,DEBUNKER-けんけんTV,2,4,0.212117
UCQFzzXa_uh9-f-LirdDCEHw,公認会計士ひねけんの株式投資チャンネル,2,3,0.211238
UC04i6MWE-U6GLze6bp29l0A,赤座クリスティ(15才) / ChristieTheRed (15th Anniv.),2,4,0.211119
UC7Nj69kzQ3ARDEuetOibj6A,KOKIA official,2,4,0.210226
UCAIXtdY6Z84XDUb05w2KnjA,Chilli Beans.,2,3,0.210168
UC0khIIlMoSTDHMmAZGBAftg,大島 ケンスケ　Youtubeチャンネル,2,3,0.20943
UC0GuRCC0LOGIBgU0rpeVRAA,食べ旅チャンネル,2,3,0.209092
UCAkWkTbj5Le1GpWo_8ilMOw,haru,2,4,0.208761
UC8Gj-yMpZT2C9UKzpWygxkQ,おざしんミュージック,2,5,0.208618
UCxbMSNEellw7sPcFAHAyQXw,津崎まみ,2,11,0.208326
UCJhlg_QtJSZnBerqfApXDMQ,メンバーチャンネル,2,5,0.20803
UC-YMyraUiYnA1c8IMy-JjGA,Family living in a diy camper in japan,2,3,0.207757
UC51xyMjSvgQPyqJ2xwHNRGA,vsr 10,2,4,0.20689
UCXxg0igSYUp0tqdd6luPEnQ,読売ジャイアンツ,2,4,0.206885
UCBfVxqnPKKJO4l5E1iH3UQg,なかしーの電子工作部,2,6,0.205699
UC4RzuYIW8sRUAj7kbCk3jvw,ピーターBaN TV,2,4,0.205065
UC1T_pR-Rt-NdHgytn2GkTeA,Abao Vision,2,9,0.204445
UCCL6Cck2xKL8cLdO2Ydattg,為国とセナ,2,3,0.203296
UCm6Zr52gLnfDcszsF4RePuQ,アウトドアがツマミ,2,7,0.20304
UCXB2Y52edz61jSJR1MVysMA,「週刊西田」,2,4,0.202848
UCCvfzbKO8ea1WMuj7yBPmWA,豆腐パスタ,2,5,0.20275
UCAYNO1iDf9FG6VuLgbz-Inw,agunesmusic,2,5,0.201059
UCCPzlGr00YZf-PnCUFW69Yw,文章の専門家・山口拓朗の公式チャンネル,2,5,0.198544
UCJYlUB_mZuDnYaNV4OVgzNQ,高嶋ちさ子 公式YouTubeチャンネル,2,6,0.198442
UCRZlPWCO_Gm4Vy1aytkUl6A,SHUPPUNK,2,4,0.198341
UC3ICcukYYeSn26KlCRnhOhA,Origami with Jo Nakashima,2,3,0.198123
UC7XVwt1jpQtWwp1QD4Vf6kw,プレアデス銀河放送局,2,3,0.196647
UC-xeP2WMX3GLak9H4H49Dcw,ちゃんねるsatoshi,2,3,0.195388
UCFs59mUnVbCxapNbAJEHKSg,蒼い彗星 Blue Comet,2,4,0.195326
UC-re3cAbDJ-3u1Lzt6AK8Jw,うちのピアノロイドが殺人鬼である可能性は微粒子レベルで存在する,2,4,0.19478
UC3CUX9lODey4neWlVtftTlg,暇坊主　鐵坊主第2チャンネル,2,3,0.194704
UC-49KzRk_RnbrYhITt6FfKQ,ユメドリ【YouTubeバスケ大学】,2,3,0.194031
UC9kkLTFR6fS3uJB75yx0idg,日本エレキテル連合の感電パラレル,2,7,0.194014
UCOp438F5YZ_eda2MPPA8S2w,ついてる音楽サプリ,2,3,0.193557
UCRes-O48zVJ_X-wTQvhnw4A,目黒外科｜下肢静脈瘤専門クリニック,2,5,0.193427
UC09hP34zPnnDJ92Ww6l-NpQ,イヌクワチャンネル,2,4,0.19315
UC0P8gxPArYmw7VrObGc_F_A,ナタルTV@DQX,2,4,0.192466
UCI4U-dqwy0xC18BHwZPUycw,角由紀子のヤバイ美容〜不老美死を目指すオンナ〜,2,4,0.19205
UC1KsyVFMu6Aq5x235IoalZQ,Karolina Protsenko - Violin Music,2,3,0.191799
UCFU_qPI0IfzX3PyBrJYLd0A,マリンブルー[珍道走行],2,3,0.191493
UC5iKTnUx70LOT1_zUOqCUhQ,qtyoshimoto,2,3,0.18795
UC_JY1bKNWd2fjf2RxM3xLLQ,ずんだもん末路ストーリー,2,5,0.187303
UC2ayjOIKh_A959tLROWSe2w,Ecomフランス語ネット - French lessons,2,3,0.187141
UC0yqjDdsDfmzHasfbEk0qmg,Daisogen Channel,2,3,0.186223
UCBqwGkhz7niVhr2parIP2cA,100均つりにん,2,4,0.18591
UCGvxeQKQYxTPd0cZU9z7ZVQ,ヤマレコ社長の絶対遭難させないチャンネル,2,5,0.184805
UC-BMmo6R55fikE2uQe26uDA,FantasticYouth,2,3,0.184613
UC-kHdyfI8TjS2j4s4gOsqsQ,ローカルアカデミーチャンネル,2,4,0.184458
UC1rXqUIkZp5XsuuneslkIQg,宇宙の兄弟たちへ公式チャンネル,2,3,0.183833
UC0DD3sx9lF2jpXqF4YGBmTg,ロックの伝道師,2,3,0.18332
UC6DP_0fgMiSFj7O6DJinhHg,あかでみっくラバー博士のくるま奮闘記　AMC Racing,2,4,0.183151
UCsABPC_SPKUaf7BkZGs4wbQ,犯罪学教室のかなえ先生 V Criminologist,2,3,0.182074
UC4HOoReKY_ySLFh9Y5Y25sw,Kdmt Nice,2,3,0.181599
UCSQgrL_2MzeitldTJti3sMA,channel JU-JU,2,4,0.18087
UCAge71Coca0hnIZ8UQiiEcw,関斉寛,2,5,0.179888
UCF_m0v8P40g9UgKkkSCJVdA,ペラペラ小籔,2,4,0.178714
UC-aUeFvMdYKkwncCxzpFawA,くじら神社【金運・恋愛運・健康・ 商売繁盛】,2,4,0.17848
UC0SKZewYTd-6t1HPXBjIV9Q,発達障害コンサルタント【ヤマトチャンネル】,2,4,0.177517
UC6M7Qk2It63qD0jhiKgLWZA,こいこいの人工知能研究室,2,3,0.176872
UC8JdQwv3gZQvAdOAHb5wigw,理学療法士のもっちー【青山筋膜整体 理学BODY】,2,3,0.175702
UC9tl2qIQWcKMf9UPhiuNAcA,COBRA Girl,2,3,0.17546
UC-d1SG2Gk11r-d08Bz-PGog,森三中ube,2,6,0.174338
UCxhEMv7GDpJqeSW1VbOEqDQ,KYOSUKE HIMURO,2,7,0.174242
UC1x4glZJGNfDwNe0Pz75RsA,mediaspacetv,2,3,0.173057
UC6qrG3W8SMK0jior2olka3g,EarthCam,2,5,0.172636
UCgTScpqNaT_oQDSqMwZOFIA,TERIYAKI TIMES,2,4,0.172363
UC8xOsmHH4EjgKIkuGnV8R6Q,KaraokeStudio by Harry Black,2,5,0.172254
UCCIgT92kI0MdE5vI1pBCXLg,教養としての映画入門,2,4,0.17217
UC0fvGpDXi7sV2hbgD-O47yw,Amaury Guichon,2,6,0.171742
UC2KmmQKVq2WgF9vBrydh3HA,テッペー社長,2,3,0.171401
UC-aKuxFeTwiTD9Lr1VyAIdg,悔いの無い転職&キャリアチャンネル,2,3,0.170108
UC9aB5b9qMlCeLcp2wTyjS-w,ハゲに翼を。,2,5,0.168806
UC-YiW1rw2vAMDOFwsFA2Ong,猫とタロット。コーザリークのうお座応援チャンネル。,2,3,0.168419
UC-bCNOEwD-Rc1uO0s_JZ2vg,カギッキ,2,3,0.166316
UC2N33I9TadalUThr2g-AmWQ,Japanese driver FUJIMOTO,2,3,0.165974
UCTe2PFyNniNw7IyT0Ijk8Cw,免取りちゃんねる,2,5,0.164739
UCHxqtnCwn_NEm4aEIU-O85A,なうしろ - GameWith,2,3,0.164267
UCAK2R40V3ww0XLB6K6FGYhQ,BLU-SWING,2,4,0.1642
UCDc4ifGtrq28N3WcncYrcsg,COM / ガジェット研究所,2,3,0.164056
UC8Jo18fwnT_-imqoBTNFclQ,ひろゆきの政【政治・経済・社会専門切り抜きチャンネル】,2,3,0.16308
UCB8thPrLTirbGfJoqvAuLZQ,マヨネ,2,4,0.16205
UC1rDo_9Mb4bcynWoqeGbLig,MokaTaro,2,3,0.161463
UCFYwGGcs5qvLoYy5hcxZaWg,実験道場 / Jikkendojo,2,3,0.16031
UC76qzx2tBnCgzMdExjY85ww,熟年女性攻略ch,2,5,0.160118
UCPmCaKjzYF3pXYLfaRhacwA,Kassia,2,5,0.159669
UCgipy6-EqjT-1BCDndXX1PA,back number,2,10,0.159597
UC09INRWNHVXnng53-lgOf6A,カリフォルニアの空 朗読2,2,3,0.159473
UC55Dg54ko2ymq7SX1TRuP-w,ゆっくり人生どん底イキヌキ隊,2,3,0.159274
UCN3TCalSgJs436xX58M8C8Q,絶対積極【マインドセット】,2,4,0.158447
UC1DM5DmIu093-ZhjvR7f2Zg,やま / 日本列島のフシギ,2,3,0.157773
UC1JfPWPhNvstzJzfqKYGzQg,zzzzz,2,3,0.157748
UC3_RugFhYykGLFTkD4-ShcQ,Athletes' teachings and quotes,2,3,0.157734
UC6Tzn3v7aHfcBzMUTLAWoew,チーム ロンハー&アメトーーク!&テレビ千鳥,2,3,0.157056
UCo5gNHUxY-YNRS0FfvTMubg,諦めないアキラ,2,3,0.156552
UC50QYb9wi7VorCzDiwoGW2w,ジャパニーズマゲニーズ,2,3,0.156093
UC-N-yc-Jipy-5T-vyghDbvw,daily nacoco,2,3,0.155806
UC2L0MeiLsfJf4rH_xTVteDw,♡Necoma Ch.♡猫羽かりん 【けもりふ】,2,3,0.155338
UCW_NLYVGF-2hqltH06DQR1g,carwow 日本語,2,5,0.155242
UC0u-397edk1t_SNtgOcymMQ,JAPAN HOUND DIARY,2,3,0.155207
UC-dZPJXCj58SlfjYlJh-xRg,ムショク不動産,2,3,0.154667
UCSBiCQ0VsGK8A0mrDzHf2JQ,チコの恋愛大学,2,4,0.153671
UCD_YCUXPoEojkQCUs81KTpw,Na Sa,2,5,0.153202
UC0vvLjubjmT_dgTJWHKZLmQ,大人の恋愛相談所チャンネル♬,2,4,0.153198
UC5OLer9Pelq9RUCy9xVOVhw,須田慎一郎チャンネル,2,3,0.151547
UCOZXgvrB-oUtwGsJTbI46Gg,ゆっくりグルメ紀行,2,4,0.150953
UC8EcU6CfremWm-yDb6DK3wg,Dog's Life,2,5,0.150605
UCEtCh8FFI2S20Iqbe3qoOcw,美女研究所,2,3,0.150161
UCJyb9WugOMXPgZFspXsqkLg,"Efty【3,5D】",2,4,0.149835
UCMvBOHekeyJQfF56PG01qhA,ハズム,2,3,0.149615
UCUZNK80DemBN3kyxusDLwrA,The Soul of Wind,2,3,0.149344
UC4N9V8J-QDrNx7x1eDPE75A,わっさーふぁんくらぶ【公式】,2,4,0.149021
UCWC0EZRRyUK-iGZjIe4YLdw,まなこ,2,3,0.14844
UCEz4YHGP66QE1-0Wwe9ogtA,国税庁動画チャンネル,2,7,0.148038
UC3jHauudGOs9gzzhKPZYA7Q,TAKETAKA,2,4,0.147151
UC1wab9BUkW3odJbjX0YLDag,見っチャイナ,2,4,0.147012
UCKBgNNEkYKZD2eo1Jxa78dA,【復縁】大人の恋愛コンパス,2,3,0.147011
UC3n67WNRT_dbZ2nQBIPEosw,TSUJI DAXX,2,3,0.146642
UCBkp3jdPQXerFmiLL_jspGw,Kushina Music,2,6,0.146524
UC2dWSCQluKtkppFXLQAp0vQ,田舎民カイジ【shorts】,2,5,0.146411
UC-e9-vYGGXTeKynjhteqZWw,Older mechanics in Japan,2,8,0.145929
UCF5W32LLCusYlhYGKbjIZig,Incognito Official (Bluey),2,4,0.14531
UCH3Hnp10783cqjty6GKqVCw,メカ部チャンネル,2,4,0.14468
UCAw3ISFhAY2NZntvoDju1ag,大東めぐみの小さく起業レッスン,2,5,0.1445
UC0mlWomIbCXSHUC4RekLjGA,ミリタリースタジオ,2,4,0.144438
UC5E2vTQ1J0L0hO1ekJxTE2A,破壊事故の雑学をゆっくり解説,2,3,0.143263
UC5r2GmjgMvPTo38yC0u5ASw,たいきち,2,4,0.142788
UC92Eq4HX1lc3AzT1dgp7XfQ,アンマスク,2,6,0.142715
UC5l9qmpr3ym8BpyKCHio5kQ,Triangle,2,4,0.142219
UC2QL7V5nEX4w0r7loaOEz3g,【AI副業】完全攻略TV,2,3,0.141997
UC4Oy3PNUqNZCJ2CyAXT_xOQ,Ko Hirose | Parallel World,2,3,0.14194
UCLue5AhDOIpePYzlc3rOVVQ,Jazz and Blues Experience,2,4,0.141285
UC17VdsjEB57Ozzt6kGfQrUw,ゾクゾク家族団RUNチャンネル,2,5,0.141024
UC4Ws3VbmjUATvxsJlznaqdg,SOUL'd OUT オフィシャルYouTubeチャンネル,2,5,0.14063
UC0f044PCt-QkUtql9FS6sXQ,Diary from the Japanese Country Side,2,6,0.140326
UCk0IUODXaAFr5gEFlZDbzmw,ponycanyon,2,3,0.140129
UC4F54RXNV29Cp7fiXHcebrQ,のんChannel,2,3,0.140129
UCPJCP_fon2mOMfibbBPUOYw,SAWAYAN GAMES,2,3,0.140039
UC6jw70h1-oQpj14no4D6dbA,HondaBeatH6,2,6,0.14001
UCkOtK1Ml5Kln01WwkCkqmJQ,はじめての三国志TV・はじ三,2,4,0.139711
UC-9m87jx_umby9JZc-vwsfA,温泉モデルしずかちゃん,2,3,0.139653
UC1ZZXxFmKCIxoaIaye3OQeQ,お米チャンネル「人生を楽しむ食べ方」,2,4,0.139458
UCG3nFVakbZwK99vTqwQhO8A,パソコン博士 そちゃろうパパチャンネル☆,2,4,0.138787
UC-hlkO_qHp5CqQOLuFToZqQ,ゆっくりピアノ【ryo】,2,7,0.138102
UCCCRJTPAau62jlJyu9mw-SQ,Jim's Fishig,2,4,0.138088
UC29WTiD3xtcD1gLQo5zI84w,大人からの人生開花 みかみゆうこ,2,4,0.138032
UCrWPEGAR5gLMBVgHEMk9rNw,【絶対成功】君ならできる,2,5,0.138016
UCIZzHNbzlIskx3TxGznRyYg,主役は我々だ!,2,3,0.137352
UC1W8ShdwtfgjRHdbl1Lctcw,NASS,2,7,0.137119
UC-tjELSB12C9j8Vu5XJLwNA,バイバイモーション,2,8,0.136944
UC23JicKe2dg6HSZHri5tVow,ようこそカラスのリキ,2,3,0.136729
UC6WTSTLDn83L4I-7UAs3lNg,鮎のゆるっと妖怪テレビ,2,7,0.136682
UC0UGWALYRrid6pFH7sJEurA,バズみっけ。あにまる,2,3,0.136354
UCc77xjLi2koAOjUYIsUeMBg,Forest of wing,2,6,0.136207
UC707xK9t2yW35T1aAHPzFQg,akkoni,2,4,0.135953
UC0X5cHXGEt49jSt5G-LCr4A,Classical Genesis,2,3,0.135452
UC18i1Xayon5BuyVPqujg-Tg,裏世界ラボ別館_今川動画制作所,2,4,0.134652
UC0Ow1HW53qI8ZxxvI_pqtEQ,sak,2,3,0.134421
UCS-oqMXs_ML51vAwLWrTgzw,そら〻心に残る名言集,2,3,0.134203
UC0cpUGlqr4YlEmRG7543dEg,ぎこちゃん / GIKOCHAN,2,6,0.133658
UC2P6EH1JPzs_UZSTQJ78Ceg,ひとり起業家売上アップCH,2,3,0.133345
UCFq6-y2AM13SvD-nnaUZ6OA,KEIKO by BEST BODY LIFE,2,3,0.13237
UC1Fgn2YxBxviecK8QP7vsdg,浅倉カンナ,2,3,0.131834
UC4lZ8vGPy8bwmKILb-YlhzQ,satotintv,2,6,0.131774
UC-cXutYzvqARF5wNKx1KCNA,ShoProアニメチャンネル,2,5,0.131234
UC2OZ8B2Apet_fhh992no9ZQ,BICチャンネル(BEEFITCARS),2,4,0.130958
UC6zFlyvSS8lFc5LA7nvduKw,【日本語吹替】イーロンマスク,2,5,0.129975
UCOQbu_y-fT-_ZvzCsz1r-kw,アインシュタインのYouTubeシュタイン,2,4,0.12981
UCE8whwLtsR9EPWMvYhSFeoQ,名作RPGまとめ,2,3,0.129666
UC2VAeNLtZm8MBdcgVOFSTxg,oriental DS,2,4,0.128882
UC2q0Lisd92TAnWJCPycUQDQ,DJぜふ,2,3,0.128172
UC1jfDyd_EJA4c9I8gBmscSA,くっつーの株主優待チャンネル,2,3,0.127598
UC3CTaykzx84LM2c62FC_JkQ,ADHDと戦う森久保,2,4,0.126354
UCEf5Mv2LlVYsltR_h6RlS7w,Kinoshita Kimono Lab,2,3,0.125917
UC3mtBpKLcXN_9Bv3pA5A6Jg,果林,2,4,0.125769
UCDKxywF1yKTHosRSgK388qg,美少女生徒会,2,4,0.125511
UC3h3iD9kKsGnHWqwGN8uIlQ,イッチを労わりたい【まとめ風解説】,2,3,0.125051
UCBu9lR8BFTMSrywN2ejV88g,セキルバーグカフェチャンネル,2,4,0.124499
UC-Md_S_A6VcSJiAhStZCKbw,Jordi Koalitic,2,5,0.12444
UC0W-zBnGpMqQGkjZPgj7N2A,tamayuratv,2,3,0.122241
UCWRHaxmOQ_K3CkSi66Bm1yA,Hair diagnostician who grows hair himself: Abe,2,3,0.121967
UCMEvbIRJiGcPAY2ay3KkL6g,ますみ / 生成AIアカデミー,2,3,0.121736
UCS3WYgMERqeURi8HtV2RyLA,Love trivia channel,2,5,0.12011
UC6d_ptgRNDMHgZocGC6G9lA,大紀元 エポックタイムズ・ジャパン,3,27,32.527599
UC6uzoOQ3Pitm5uhbdig8GYA,Harano Times Official Channel,3,28,30.103046
UC2vi2elY5r_NiMMar423Xwg,おみそちゃんねる【世界どん深闇ニュース】,3,88,29.06426
UC0LUZomFWMyUA9JywQb-GvA,カピバラチャンネル capybarachannel,3,31,28.117162
UC5Yrsm8-X8nZj4uKgvE7CBw,今こそ！三千年の底力【藤江3rdチャンネル】,3,23,27.990626
UC7dXPammhcS6lrPzgq7WAPQ,文化人放送局LIVE,3,38,25.817905
UC28hcmMG3TJv60Byo528VVg,Niconico News,3,47,24.805834
UCAMT4hftbWt0kNK7PpKBgEg,むすび大学チャンネル,3,105,24.560349
UC3FKwhMnGdubV8oc54EOlDw,百田尚樹チャンネル,3,35,21.396029
UC7Opkf9V2DMmw9SXsOcSOeA,原口一博,3,37,21.319552
UCCYNZu_NQIm2-PzMyHg55OQ,我那覇真子チャンネル,3,27,20.5325
UCAN0E9cZN7n22Ka1-TuVb-Q,松田政策研究所チャンネル,3,30,19.961633
UC3ULbNt5-DFM0aPZdhRwi7w,World U Academy/ヒーローズクラブ,3,17,19.207512
UC1uHbAbleaXjfegbmFV9TVQ,ウマヅラのお茶の間,3,59,18.025786
UC4dQUfQeA-Jy2T_C-Jdf5rw,TOKYO MX,3,33,17.958968
UC-xs_TO6k_0TZ91OsBv0d-g,養老孟司の部屋,3,40,17.782183
UC6ylTkexHwwJo_22V35lx0A,Tsukasa Jonen Channel,3,33,17.594875
UC6Ze6VcAXK9_iBYyOSbtc5A,西田昌司チャンネル,3,18,17.445858
UC7mXyzaRLWLq1fQtxvyGcEw,Steve's POV  Steve's Point of View  スティーブ的視点,3,50,17.328102
UC80FWuvIAtY-TRtYuDocfUw,立花孝志,3,60,16.464388
UCJD2JwJNPzi1qcLizxmxbJA,深田萌絵TV,3,52,16.154266
UC17qqZ8hk0HkHLm3zj5bnyQ,内海聡【公式】 YouTubeチャンネル,3,33,16.045721
UC0hUsLLUfRY5-Q05alte43g,Lizzy channel,3,9,15.730531
UC6oal8R3H4V_yY4-0NpY58Q,西鋭夫チャンネル (PRIDE and HISTORY),3,67,15.594056
UC3-ReVazV9vfnKVeNl9mrfA,alien channel,3,36,15.582408
UCAPpxMVxcbix9NEckFS5hLg,コースケTV【時事ニュース】,3,22,14.803113
UC24I2gsaEx_zfrRHQphjj-w,「THE FACT」 マスコミが報道しない「事実」を世界に伝える番組,3,18,14.533616
UC3_oSWRmPBpnhlzaWLZBafQ,香椎なつ【政治のガチ攻略ch】,3,33,14.200964
UC2dhkM2mQXMlIXcd2vMStvQ,ニッポンジャーナル,3,23,13.790941
UCB4nWNauim-qxiaDOcH0dLA,街録ch〜あなたの人生、教えて下さい〜,3,106,13.773872
UC-dL5Mh7IZKUNl9iYGFqfrw,神結ちゃんねる 〜かみすちゃんねる〜,3,31,13.510095
UC2bcMbj2L8pcdzkAIYAg0tw,光岡かつみの政経社会,3,33,13.270505
UC6AG81pAkf6Lbi_1VC5NmPA,TBS NEWS DIG Powered by JNN,3,110,12.742473
UCPzzBZLtD6DdHYfdGMqFqiw,弁護士北村晴男ちゃんねる,3,51,12.497805
UC3y2J3W87lyCSNSaV-kD3IA,大人の意見が聞きたい,3,16,12.210706
UC0gpekdxUu5gN5SPGd9Nrdg,"参政党の部屋【さんせいとう,sanseitou】切り抜き",3,27,11.758231
UCECfnRv8lSbn90zCAJWC7cg,髙橋洋一チャンネル,3,77,11.48326
UC1zYGo1jIIjMVDTLL3dydow,産経ニュース,3,24,11.316222
UC2LJKazqzQ-4ZFWPZFPLDSQ,預言天狗の開運お告げ,3,35,10.948604
UCLC5Mv8VO-VM8wfrn1Twohw,葦原大和 DEEP MAX,3,32,10.84124
UC1eJbTQqf2AXQIiV2wTee-Q,上島嘉郎 公式チャンネル【ライズアップジャパン 】,3,18,10.783171
UCNkl6sk3xpHcSpIfiuV2AIA,ChGrandStrategy,3,41,10.688734
UC9KPuuwSyeNvVo26tf4mqPw,test,3,50,10.658528
UC5rCR7sm9m_uUrY6EVmi7Kg,暮らしの発酵ライフスタイルリゾート,3,10,10.641561
UCAE-jd-plCRuYmeu8GqF-dg,政治の裏世界,3,28,10.440079
UC8nlwBiuAcuLKOFz7V-NGyg,マッドフラッド フラットアース エンドゥ一日一食 OMAD (目標)【マトリックス突破編】,3,29,10.219136
UC6cZRYwUPyvoeOOb0dqrAug,管理栄養士:関口絢子のウェルネスキッチン,3,37,9.842741
UCBvB2lvfRiuPG_0bKoo_Y5A,さとうさおり　公認会計士,3,82,9.75613
UCDSq0kw7KL7W2sTZW65LC0A,AkikinnJAPANチャンネル,3,26,9.627883
UC0AanNmw5A6nchQca8IbKMg,大切なお知らせ,3,27,9.450173
UC7d2VBUSrJwnACKNwBcxmAw,やさしい予防医学チャンネル【医師解説】,3,28,9.38469
UC2kmAJVx75W3ZYm98-yg5gQ,マタタビの羅針盤3,3,11,9.249447
UC8Niu74NfPEg82yvHBKb4YA,1日見てもいいですか?,3,43,9.241667
UC5bShQfuEBkzo4GQoQOB9TA,野中しんすけ＠LIVE放送『アレやコレ』,3,8,9.231953
UC-eQC7XwFpCy-2fFtw-NtIg,Eden Media,3,27,9.020711
UCAmJvDLNL3-2UGFu_AiSjPg,言論テレビ,3,42,8.95818
UC1st2Mo2UrKD8YjmyU02NTQ,イエアンドライフ,3,28,8.953224
UCHUU8VHKcePqDgkjuX60aUg,チャンネルつばさ 【つばさの党】,3,26,8.714293
UCa6f9DFhQo7HuTW-ICHjPFQ,政経プラットフォーム,3,28,8.681732
UC2y2UgUdCrPYSaP3YnMPo5g,禁断の真実~触れてはならぬ真実が、いま暴かれる~,3,18,8.608163
UC00lzukQcBYz0gMCvlmM5_g,Live with Nature自然と共にある暮らし,3,11,8.524186
UC85dOBxevq0k18Zac8myquA,FIFI CHANNEL,3,34,8.519579
UC4D2dyCRiSOJJQq87-bhtgg,大人の社会科チャンネル-村上哲也,3,11,8.473711
UC3bc4PNLgnBudG19N74Jjzw,苫米地英人の銀河系アカデミア,3,44,8.464951
UC4PJ_OncfmJ1IEeqroBqOAg,元予備校講師の宇山チャンネル,3,14,8.407041
UC736dhe2nTr0mAsvEnz7IWA,Self-study ramen Store manager channel,3,12,8.402548
UCMeULnWVsuBMo2MpEZs7AHw,張陽チャンネル,3,19,8.367238
UCFm8u_ygHo24HeZCYygPygg,THE CORE,3,39,8.089166
UC6agKBePA9Ht4UT_LnxlEwQ,天乃悠の朗読アート【公式】,3,10,8.06617
UC-PwctTg1kRVzPcBQlodYcg,もりちゃんねる。,3,22,7.919667
UCiJwlAlhqeglBcDtqj55pjQ,Unfiltered01 | 元米国警察官  永田有理 ,3,42,7.856984
UC90UTL_T6hQoLnWGATfOc8w,政経電論TV,3,43,7.694878
UC43ekYDmSbZglc2ndwDNtAQ,日本の政治事情,3,20,7.677481
UCawFpYvbwCH0_Pznf43KN1Q,もぎせかチャンネル,3,19,7.654098
UCE8qPb4i2vMjLlnRHJXmL1w,『表現者クライテリオン』チャンネル,3,30,7.624322
UC4wMRvFkrG1H81EPDA0zsIg,富士地震火山研究所byえいしゅう博士,3,34,7.485661
UCBWx5mzeNavl9cno30KTCTA,Dave Fromm Channel,3,21,7.409942
UC79wHRs0_beJE0MXU-4P1Rw,Fermentation and Seasoning  - Simple Brew Life - ,3,9,7.389214
UC75KuCecKVZt7Wzu9yAU99A,BUCKET LIST〜死ぬまでにしたいこと〜,3,30,7.362229
UC3vg17IZ1IV73xx069jG44w,OFFICIAL HIGE DANDISM,3,52,7.334814
UCDrXxofz1CIOo9vqwHqfIyg,チャンネルくらら,3,16,7.310592
UC77fE-CthS26aesRDL6PMqA,都市伝説の部屋,3,15,7.246015
UC9I5l3CeCsxFdE0p0USWC9g,HISTORY公式,3,37,7.245543
UC6bk01PE2teoKjpdAi-VO6Q,BOGDAN in Ukraine ,3,29,7.231397
UC3V3vJd0voRW2LLQ4KxidYw,にっぽんの夜明け,3,7,7.183664
UC95PHJuPANJAg8btjUpMwvA,からわかラボ,3,36,7.133144
UCBXmzsEMl6mgNPenwOqfT3A,室伏謙一『霞が関リークス』公式チャンネル,3,11,6.974587
UC7hHF4W8gkHEc9-VqZiK5uQ,ドクターA(麻生泰),3,21,6.958308
UC2FmqYe0DgxgKVHfzcTl0vQ,小崎壮平の日本人覚醒チャンネル,3,13,6.94986
UCearf15zMK46uSyUAl6SrFw,【越境3.0チャンネル】石田和靖,3,19,6.920424
UCuSPai4fj2nvwcCeyfq2sIA,真相深入り! 虎ノ門ニュース,3,25,6.89331
UCLbv0iWDAqgEw60Dn2Rv5CQ,デイリーWiLL,3,23,6.728339
UC_9UuV_nrWuPfioQEXMQSPw,ねずみ,3,30,6.697514
UC1N7anWYlh4aJd92VIq7wPA,とようけチャンネル,3,5,6.674385
UCIL7Ge3syncYxljvQCKvKvw,ニキータ伝〜ロシアの手ほどき,3,9,6.620657
UCDe1U0tcuU-UsSJsbSEsGuA,別冊！ニューソク通信,3,18,6.613715
UC9zwG9Q30cX20gWQorSVr3w,石平の中国週刊ニュース解説,3,11,6.608942
UC8oDE6oMo52OlGAUrXWRpvQ,調査報道  河添恵子TV / 公式チャンネル,3,13,6.604396
UC3dh_fQslVReCLOmMsS4pJw,防災士いろはの『健康防災ナビ』,3,24,6.597902
UC0U3SshJ2N0T8Lewn8Kwx1g,秘境やけん,3,8,6.498343
UC-OV5Egso9fMqc1YuAxGkHw,港区議会議員・新藤加菜チャンネル,3,15,6.474202
UC8i7FuzvmbaQI-93WE92jQg,日本第一党 公式チャンネル,3,15,6.461936
UCWXd_NoLb-QpsMYt9UlDllw,A channel that pursues the truth about Japan,3,14,6.389675
UC1HZhN0HjriRUhqH7wGyRQg,てぬキッチン/Tenu Kitchen,3,21,6.384811
UCtMcFmuTmrXpdTAMnr25xdA,カナダ人ニュース,3,8,6.354404
UC0vuJWDHkmoJJLmRe6PEjbA,小川榮太郎の平和研チャンネル,3,6,6.323274
UCEkwfBCUsHZmtmYMCAJFgaw,野中 しんすけ,3,11,6.315672
UC7Jm0X3mfGf4RotnN4KpQUA,NEXTV LAB,3,7,6.283005
UCAli6feLI_lHzdCWjjqydZA,ダニエル社長の経済ニュース,3,15,6.243229
UC271ED-UDlMVQlJfJyeVr4w,林千勝 / 月刊インサイダーヒストリー,3,14,6.230529
UC7ziq_cjJO0KJ1NtVCObX8Q,精神科医 芳賀高浩,3,11,6.155032
UC7BYJDxt7M3yddgHJAF4ZeA,自然治癒クラブ,3,22,6.136865
UCJEbpN7ovbrGvtQEQ0Qg6kg,まなびばLIVE,3,17,6.099472
UC9AE6MneoakfIEOcWc8hUUg,Gariben TV,3,30,6.039001
UCTxDz8sXbnpYAfulQMRFNEQ,【公式】竹田恒泰チャンネル 2,3,25,5.904334
UC-VuNhvBm3bnOpzsYk-o4mA,The Message,3,5,5.883298
UC8yA5ym-0X4GJsAFDytuPfw,ベン・ゼイン,3,42,5.729451
UC4feg3_vUrGepbNH97fV-Iw,voice【ニュースラボ】,3,36,5.676926
UC7nw5Icr8rsIZAglM2DR9TA,波動整える資産ポートフォリオチャンネル,3,8,5.655394
UCdr9GSa8Mm_2W039apA_1sw,前田日明チャンネル,3,20,5.618072
UCudswRVodQ-GaaMJf1sy-Iw,藤井厳喜の『ワールド・フォーキャスト』,3,17,5.613489
UC40BxbSAaJVhMp-1XK6un8A,Aosトラットリア〜青池のオッティモな食卓,3,27,5.588068
UC-oB1viuwdIH8dkss87KSYw,ミラクルひかるチャンネル,3,29,5.572564
UC793WyAnqu2VU5m9mplwfpQ,全国無料テレビ BS11,3,19,5.562018
UC1qf8_Vt6zIW2XP0j_FLtqA,野武屋本店のぶ,3,15,5.558302
UC8dmh93djcaFUtzTEBPyW_w,帰ってきた三枝玄太郎チャンネル,3,16,5.512487
UCemj6fzwjj_8C1yJilVKdVQ,高市早苗チャンネル,3,38,5.464945
UC_iyfnSmONeQWFaiCKt5cpg,CPAC JAPAN,3,10,5.417289
UC68CsNyASsyu0S6hPBedtBw,Shioda Masahiro【Aikido World】,3,17,5.357016
UCWwB48zxhF6OZSKAwDyuvCQ,【1st】河合ゆうすけ塾【歴代最多得票記録でトップ当選】,3,17,5.331843
UC7bpetJeyr12k8ryA2sIRnQ,Kay & ZooKatsu,3,22,5.313385
UCGjdlQhiDyBH4EdGCpqZl7g,さささのささやん,3,7,5.225755
UCBFKWpFK-8txGnT60Xw_Usw,吼える!ニュース一刀両断チャンネル,3,13,5.215387
UC1Q_aQ3PCjpuuKYeVq4lKAQ,やなっちチャンネル,3,12,5.20191
UC5_XVLU_brtDnNSMoBHDHbA,HEAVENESE 5.0,3,8,5.17796
UC5oLRA4CAPwZdZ-o0yLF-Tg,videonewscom,3,15,5.133745
UC6cQzKPk_dmA9cpKRk4wBtQ,へるすらぼ・ともゆき,3,5,5.122661
UC0bSCu9Ok99CHKOHpUyhCoA,JJチャンネル,3,11,5.055445
UCf-U7BeuCtiYPc9tlDZ9UFg,じゃがでぶたぬ日誌,3,4,5.033133
UC6uLYhQE3WixpcWa5z-As6A,都市伝説解説局【ミステリーボイス】,3,10,4.974122
UC6nW5kYg0DYrvKXjO3RNnjA,ひまつ 【時事ネタ語り】,3,16,4.917706
UC9OvLVXb-okaVtoK9V8Biwg,ABEMA バラエティ【公式】,3,42,4.907121
UCDu3QOdnvOt7W6JvovL5QFg,心理カウンセラー則武謙太郎チャンネル【メインch】,3,11,4.894314
UC9U5fM7JcXt3jQlKyw9iOdA,神社メシButler 2nd,3,13,4.857927
UC3HeFoKr_C_ep4-5HJS_0OA,日本の夜明け 参政党,3,3,4.853721
UCLubQ17jEPLmYmfQ0KW7dGA,Kanta Hara,3,35,4.80243
UCUGc7d8GW02ibfbUpVy3wzg,Dr Ishiguro,3,34,4.799773
UC4iYZ05Xu5bYmFXz3gLjXrw,Rebecca In Japan,3,13,4.770925
UCRVxf5lU0Vl7CLCCMLkf7eg,大井幸子のグローバルストリームニュース,3,10,4.757678
UC-b2dAUTIM3lJdsbQHy22-A,アスパラ屋仁左衛門,3,5,4.697692
UC5p_nshDQNGjh2B3h-FP33g,ジュジュワールドJUJUWORLD,3,19,4.659362
UC3wH7xOa-ucryv-c7Oy-6Yg,パワースポット358巡りチャンネル,3,10,4.632588
UC2ctq8sYlRXDUmsg3cEvvHQ,DAYTONA INTERNATIONAL,3,21,4.598126
UC4HUtmqN3N26PoYTmmvDQ5A,にこねこ【保護猫の保育園】,3,7,4.590545
UC9DEl3jyY763VXco_s-LFJQ,あえるば_【公式】藤原直哉,3,15,4.583483
UCOOt1AsvDZoav6XjN6Tly1g,悪の秘密ぼっち「ヘライザー総統」と言う名のファンタジー,3,45,4.513645
UC8emJyyIsrlzo3V3nwFj_5Q,竹中平蔵の平ちゃんねる,3,7,4.501835
UCGqAwDaTHgvVPjpJSUsUgeQ,山田玲司の原作が10倍おもしろくなる解説【切り抜き】,3,24,4.434676
UC6v2P2MlDFdIrspuTnvFTfg,yagai_no_moriko,3,11,4.370655
UCBma_jaZKkPeH9P8IhMVONA,横山直宏の高波動チャンネル,3,20,4.327059
UC3SMMsAG5lFTBlvgsTH5Z_Q,小春の政治家ターゲットch,3,14,4.309269
UCXXB1U3eVVWhpEFLCMQeGww,WISDOM BOOKS,3,7,4.278645
UCACUd-GAlz4brbapgRSbNbA,ゆっくりお金アカデミー,3,22,4.241964
UCA-8EhdVnGL3Ig9MsceW9Fw,国会探訪,3,10,4.227689
UC4BAIGs_Q97zgbgR0noqicw,Horizon Power,3,7,4.185519
UC5uDVXCTLx1RUgWItSTb57A,J.R.P Television,3,13,4.179168
UC9jO_1m8jvu_85q8p52mRzA,TAKASU TILE,3,9,4.165065
UC9wKlIKoF_8zCBVndImrq3w,SKY Perfect JSAT Corporation,3,21,4.154444
UC-ggcrnvqCQls7Us_7vnrCg,闇のクマさん緊急避難&実写版ch,3,8,4.148081
UCqzmfJtdV4E7itdybS_Di6w,新日本文化チャンネル桜,3,8,4.130373
UC05hg43mGDVPsb0iyPLSU5A,タカミチ世界征服TV,3,5,4.096405
UCIvVJaNmUFJ8MKpyBfgslCg,茂木健一郎の脳の教養チャンネル,3,24,4.048184
UCAPnCD967WqXc4UgIAQgRRA,Lanaの街角インタビュー,3,7,4.007962
UCAC2bmK5igWGZ3VWyUfhrJQ,なすぱらTV-那須グルメと観光を孤独に味わうマンガ原作びと,3,8,3.992751
UCEdcHQhfWM3Lyz-Lpt0_c4g,幸運すまいチャンネル,3,36,3.9581
UC07a-1FKy4sJ4ZZTpp2RN5g,ニュースあさ8時!,3,17,3.948792
UCQO3qJmwQEkpeRdK0Xna0cQ,金子吉友の反DSチャンネル『あつまれニュースの森』,3,9,3.929255
UCMDJ0S8xvn4tv89ShMooYzg,URBAN LEGENDS SHOW NEO【都市伝説】,3,15,3.926437
UC4xD9wgkE7cUk85abrvQ5rw,ゆるパンダのネットの話題ch,3,16,3.908613
UCBBY5m4G2N8iipjHq0UQoMQ,おみそんのかわいちょLIVE,3,13,3.905607
UC43KSVyRxlUGDaL09wRjxLA,清水ミチコのシミチコチャンネル,3,24,3.886512
UCBt2v8ieZMfllVYx3pdNccA,トモダチTV,3,8,3.886179
UC8XBizOfQBLUrUcv_9DHCog,THE PAGE,3,19,3.843294
UCGaY4m96OF5wzITtPmokOPQ,アキラボーイズストーリー 〜世界の知識を学ぶチャンネル〜,3,8,3.824422
UC4OqUn5DHBYhk9VOHs89lWQ,洋一の部屋,3,9,3.824395
UC-h_pyU0NBIu12JN5u18sOQ,Hirochan-farm,3,10,3.824364
UCARRXzT1owe5Z4d68V0vUdw,偉人エピソードX,3,23,3.763627
UC7gpEgE0816wVjZxvplE67g,あろはにほへと,3,5,3.756958
UCC3840XpFQIuewAcIni-CnQ,須田慎一郎のただいま取材中! ,3,13,3.744112
UC5FCURSdp8ob8NoOG_iB4dg,独ヲタ女子【＊アッキーch＊】,3,15,3.733691
UCASe2_T_6LtZgzDS_KjFrkQ,OTAKING Anime Seminar,3,35,3.720781
UC1fCwOqLbh7EybsBLhVOu1w,都市伝説の真相ラボ,3,8,3.71908
UC31tv9pB5vAkGPUMeIxI9wQ,Freeman,3,7,3.710952
UCGhUL4AZc1d5ozCxYlkYVhw,ズバッと政治ch,3,18,3.683539
UC1uVJSclfUKr6RNa5C5zluw,科学的に楽しく自給自足ch,3,15,3.654854
UC9GNcWzLq0k7io20AHjN4qQ,藤井聡,3,9,3.642166
UC7gPnAS0AUYqwaWdXUGzQ1w,日本政治塾,3,7,3.624236
UCHRc_1iAPXP0_H1eMvjvFmQ,伊比裕一郎,3,18,3.569687
UC30CBOokCpXIdSuYJgkjsuQ,AliciaFord,3,7,3.554667
UCFdD4l0QtLRrWwO21VTyhow,浜田 聡　@前参議院議員,3,25,3.554164
UCR7g9HrNeDl8so2WEiDXyxQ,HEAVENESE 2.0,3,5,3.515579
UCA5dBoYZe7dgvk4cTl5PLSg,石川テレビ公式チャンネル,3,4,3.467298
UC-WdpyFOCjNhF9Qp0A_K9sg,脳と心と体の専門家：田仲真治のブレイン・アップデートTV,3,19,3.445074
UCuDdwCGl5QubEqK32Zfc_Gg,吉野敏明チャンネル〜日本の病を治す〜,3,37,3.431625
UC9ABQZ9kvD8rg37VdOMV5UQ,【現代医療の闇】熊谷紀幸 -Kumagai Noriyuki-,3,11,3.40588
UC5agcP_z1DKwZHG0tp7VnBA,ナビィの暴露,3,25,3.402168
UCWNamN52M9gMa9W7ea4sRzw,ガリレオ Ch,3,21,3.343552
UCFhRGsnRq6eq_rAmqbcJNSQ,伊藤貫セミナー Ito Kan Seminar (公式),3,7,3.343104
UC-8Z9RmKDF6qEYeMekdC9DA,市民がつくる政治の会動画部,3,8,3.313236
UC8q4zg4McLWSfaguwg2HZaQ,時事ぽぽんぷぐにゃん,3,7,3.298889
UCNqbJ7zpxAxC2BxPx-xmx6g,KAZUYA Channel,3,19,3.281097
UC1_4Dgxm7gwcs7TPXPjcNwg,原田武夫国際戦略情報研究所(IISIA),3,13,3.253166
UC3qtgGE9R6fJ4h-jcPNixjQ,茂木としみつの改革チャンネル,3,17,3.219104
UCt72ppsrAi2PWTLMA7P3LiA,【公式】吉野敏明の政経医チャンネル〜日本の病を治す〜,3,10,3.180986
UC2xMnpXn7RGm83UYdOnV-0w,Northern Alena,3,7,3.16673
UC6QTbaBZPQQfj63BvtQNKrQ,スカーレット CHANNEL,3,10,3.061716
UC9oa-NEJhRpDPF7wFWzjBoA,頼むぜアメリカ,3,12,3.059827
UC7OZ8V7plonTU229Io2myIg,世相のうっぷん晴らしチャンネル,3,15,3.050832
UCFyWOIOYgyM9YlJLi3ATr2A,WWUK TV,3,17,3.048869
UCBBLybG7OxGtnaGuJAr1xjw,Alive Korea Japan IKITERU TV,3,17,3.042806
UC8fTn4DsxlAlql3OXJ8syRA,海外Yパパラジオ　世界を読み解く,3,17,3.040348
UCOaCBG0fGtSncQGsFPNWpaQ,日本人に聞いてみた,3,10,3.039319
UCltDCUVMCVXo8pDzkFUeHOQ,元気の学校genki ac,3,9,3.030378
UC283U3dPUk0RD-etygZJ11g,RadiOyazi,3,21,3.004625
UC4IMXIZ-7yyra4G5mc6pdNw,Deku's Car Life,3,16,2.996925
UCKW8-HKiFj1Y5HwH2TxgMNQ,伊比裕一郎 公式チャンネル,3,13,2.965436
UCFU-ZKrHWs8qYnOQSESukkg,おかだぬき夫の超解説【岡田斗司夫切り抜き】,3,22,2.961979
UCEMBoBatPnl--hCCE7OC3UQ,石濱哲信チャンネル,3,5,2.922949
UC3tbsC83WBCqaBJD9BbhbLA,セイラの人間分析ラボ,3,20,2.881733
UC3pc1Em-ucFRuCr_1EzKMIw,山と溪谷ch.,3,7,2.873915
UCjrN-o1HlLk22qcauIKDtlQ,参政党【公式】,3,36,2.862021
UCMlrVxS7xTrXaP9MzF6jAmQ,鳴霞の「月刊中国」plus,3,7,2.860716
UCAIUchPdCmUvbRTuWWyY-NA,東京まなな,3,8,2.850716
UC14cfkhEN-LQUL9xrRlXUTg,AngelTokyo,3,6,2.826865
UC-bQwtI1nN6t2R7Eb5aa3cA,長生きする健康雑学,3,12,2.821959
UC2dzekIER9onv3YZq2ehCbA,宇野正美の講演会,3,12,2.77201
UC7sYsbWhhzOPEBAP2A0bsvA,令和書籍株式会社,3,10,2.753847
UC7tRKHQSqaTZjUd1CXp0_uQ,もしもジャパン,3,8,2.721384
UCKeb1zCZ8mGNtQT1fYQGigA,JAPANの逸話,3,15,2.70744
UC72A_x2FKHkJ8Nc2eIzqj8Q,「チームみらい」公式チャンネル,3,9,2.662893
UC4u5LLRLnUt-BYEDpDiOxIA,畠山-政治ニュース解説,3,12,2.648417
UCJKKSCy7lzH7p1wC3UrUsOw,【公式】日本誠真会,3,9,2.643874
UC3jm_V8mHVvkTUr0GYtyXjg,高松あい_violin,3,17,2.607491
UCHnky-Dh9z3xdNW1UOXax5g,イージスファイナルチャンネル,3,5,2.594841
UCMJzMXTBAoUqh_K9V206dZg,リッキー社長,3,8,2.594155
UCAIDFVWA8Lj-YLK2guq8t5A,「かくじかん」,3,13,2.584219
UCAbl86oHLjWauHGqnRSf67Q,腎臓を強くするセルフケア講座 l 看護師ざき,3,12,2.564479
UCA7z8DYFLXeh8nT64uN-82A,ある日の思索,3,8,2.544032
UCvtYqZEkhYlfgPgMYxzGhUw,Yoshino,3,3,2.541482
UC7QNTYluvd9JZs6wPcJk3PQ,日本政治の夜明け,3,11,2.530775
UC4g8Es9rhKA4A-gxk_Uy_VA,TOYA【英語でおもてなしチャンネル】,3,6,2.525425
UC3UdzpG0Dpzh-1xjheknSEw,論壇チャンネル「ことのは」,3,4,2.519425
UC-9J07yyuXQTx_uZQchtwsg,Rudolph Giuliani,3,4,2.492468
UCcLDPsTg7cMSwbqK9KSgZCw,片山さつき（さつきチャンネル）,3,10,2.487985
UCT9FuRjodK0Yr8gHJ1KCi_g,古是三春_篠原常一郎,3,4,2.485214
UCDhjThxt99rkGcjcEreyOQg,李姉妹ch,3,13,2.467329
UC5DBMPZZC31Y3YfWNQfZTMA,くつざわ,3,15,2.461692
UC1_eNNjFjV8Cp6QlxbOAnjA,鳥羽さんとなんかやる,3,18,2.450643
UCgMv7WJ_RsZZpgEcCBd2xaQ,水沢美架チャンネル,3,4,2.439983
UCCh0PGLIYi8W1tXhWBakFaA,暴君ハトコイザー【へライザー姉妹チャンネル】,3,10,2.431573
UC2EVii_AEBh4SU4K0T3gatg,2ch時事特報,3,5,2.424523
UC53UUqtuAh5KE_RR3XApJdg,山口孝志 / Jin　資産100億円のFX投資家,3,9,2.422147
UC15vLSz0KCDI3NYekDW-pBA,サンクチュアリ出版チャンネル,3,6,2.379644
UCI6o-2z45qzyXbn1TmBhh-A,栄養先生ひろし,3,16,2.369071
UC_39VhpzPZyOVrXUeWv04Zg,SakuraSoTV,3,13,2.340919
UC4v0hpO933h8cdjemR-q7gQ,株式会社ぷ(街録ch運営),3,10,2.315965
UC2svCyhzrmkDHzE8yTyid-w,N高等学校・S高等学校・R高等学校,3,10,2.307992
UC2PpqV1q47sUzKfk6zvEuEw,ヒロシのひとりキャンプのすすめ,3,5,2.290742
UC4dHG5n-zjvEmWlLua2p5hw,闇の事件簿,3,11,2.276215
UC-xxfDccYd4Kdp2XuiJs6Jw,佐々木農園,3,4,2.249826
UC7FdbGVb7oIUNtk2EoBNhNg,【公式】文化放送 おはよう寺ちゃん,3,13,2.249776
UC1AMI-vrGHT9xl41LcIOu2g,みんなの無添加情報局,3,7,2.248346
UC-4MViUviF32myAAN3G0alQ,カヲディ(Kawodii) | オデュッセイアの世界,3,6,2.243811
UCGh9gtsi185cmzwjRW1iOrQ,ERESTAGE LAB,3,9,2.236872
UC2XPueLhlWjOJvTn0BwC2AQ,【国会•政治】散歩(sanpo),3,4,2.232022
UC1ENP5pocbLPCMiIpq8iroA,教えて!山本太郎,3,3,2.195632
UCaB1xZDw9q3pZ6gLI4I8Imw,ヘルスアカデミー公式YTチャンネル,3,17,2.162417
UCTHQRDOuwAx6A1xISmQPERQ,SAKISIRU 〜サキシル〜【公式】,3,8,2.157878
UC9wZvShnPpCMnnGp03beVEQ,桑港たかし / Takashi Soko,3,9,2.155101
UCHpFyLQgg4h9VZuFyby7RbQ,SCIENCE CHANNEL（JST）,3,15,2.154666
UCFf21op6Q2OG_H7-pQmCc_Q,【公式】そこまで言って委員会NP,3,15,2.150201
UCCYejcSq_WlblJgZ3i8g7ZA,矢沢永吉 Eikichi Yazawa Channel,3,12,2.145305
UCueFlCvu9XJI3EbK5s5ocWA,青山繁晴チャンネル・ぼくらの国会,3,13,2.14179
UC0maaIVfCFgN_nJNdagpskA,ドクタートッシュ 緩和ケアの本流,3,15,2.131072
UC-hy4O_rQitXGoB4JzYHZ2Q,日刊ヒロシちゃんねる,3,10,2.127307
UC5Ou3Sy_86_pfHlZf7v-REw,聖女イトコイザーさん【仮】,3,19,2.123242
UC77ZfLyTydI70dfjDZONsIA,ネット大衆紙「ブルーカラー」,3,10,2.115517
UC6GIDNtN5rQZjB318ssXEOg,るい村長,3,4,2.108655
UCGL2699xGK-6p0AAnTVS5-g,和田憲治のスタンダードジャーナル,3,5,2.09882
UC7ej2unlEhWYvNj8giI17TA,新時代news,3,6,2.093888
UC4hQbfN_ZRy4lSngWxuhHxA,ma ko,3,10,2.088808
UCGbSDhzR4hbRAmSuRK-z_ng,日本文化チャンネル桜・別館,3,6,2.082102
UC4zNRgdhLb7wczrMcfdrsVQ,韓国 JIN,3,12,2.07346
UCRew3dDh-waiBEF6FRkK5fg,イワキチャンネル,3,4,2.047155
UC8uW6oNjwzhEFdauTVyPgVA,通勤タイムス　Commuting time,3,10,2.046327
UCkhZRVnDFiGF9A9s5zYiwxw,大西 つねき,3,7,2.045431
UCBFcM6zw-0ygsRAJzo29iHw,岡田斗司夫セミナー【岡田斗司夫 切り抜き】,3,22,2.02203
UCj9RqrqHMyiRTBhKJ3aiz4A,ゆうじ,3,9,2.017393
UC9AFkn7ekQnvt8qYHVrxe4Q,テリー伊藤のお笑いバックドロップ,3,6,2.007386
UCK9ucXacaCBnlUwtX_xo3yw,竹田恒泰 夜の○○,3,4,1.98254
UC9OoUYKsl6lgyLqLeN94mnQ,ドラッグストアゆっくり堂,3,9,1.969572
UCKCSbSJtNTo9r-HMEwvIc4w,厳選クラシックちゃんねる / Classical Music Guide,3,14,1.969229
UCCnpddpO0f-llNaC8av-EhQ,ワタナベケンタロウ,3,14,1.964514
UCSYLUvNxxTZY6zzACsi6tJQ,Bappa Life,3,19,1.947599
UCAmfstWXkAnAVBdfAci4bzA,哲学チャンネル,3,16,1.923099
UCNWAKY1SCCJrsxrvN37IVDg,【リアルなアメリカ】モニカちゃんねる　わかりやすく発信中,3,9,1.901721
UCU2xF5_jjTdl8pGdQ4bwXBw,世界史解体新書,3,14,1.898458
UC7IoYYcmNrSg5GP31UCSsZA,悪魔の姉妹,3,13,1.884868
UCbz9DRg2pfeTEuz7CgxPM9g,【南雲吉則】Dr.ナグモの命の食事,3,12,1.880457
UC6dvyIhDcHROKLuNaQyRk7g,みんなの無添加研究所,3,12,1.875785
UCtY61Iz5qYSKObseuv0eWNg,竹田恒泰ch公式切り抜きチャンネル,3,7,1.868318
UC3D6ZIuBbLNZri9VztaZTiA,AOGASHIMA Channel,3,17,1.865821
UC1YvITgTwB93QTGCMXQNe9A,black cat house ,3,7,1.864211
UC2-yhQkFm5p3_PHl7v4twTA,Yuki's Morning TOEIC English Channel,3,7,1.839764
UC39k3ok2M6ewPaA-IKEfazQ,よなたんの斬れる英語道場,3,13,1.821598
UC7qxQhQR42hJKI66KvcTkPw,覚醒の日本マーケット分析CH,3,4,1.818288
UCAVsrjjj-835t1BqnenHtSQ,立花孝志の編集局,3,4,1.814227
UCCH2SYnxGfgS0QyAcpYS9AQ,トッポギ侍【おがみょんがんちゃん】,3,17,1.799805
UC-sb7kM8fmYhlRrXEm7W18Q,Long distance.    Channnel,3,9,1.796254
UCMi9r1nHusrJRq5gFdndcOw,ワンダーウォール !,3,16,1.795024
UCF7k8BrfIwPSennLMByxyuQ,ロボマインド,3,12,1.793449
UCL9PYKYGmPnCnkXpECsfXSA,須田慎一郎のウラドリ!,3,5,1.785313
UCCQ2mSHWMRiLlHWMQaQmt0w,ヤンチャンCH/楊小溪,3,9,1.75798
UC7D0IpXFVYkW0umjn7YjpQg,松村邦洋のタメにならないチャンネル【公式】,3,10,1.756393
UC8Hvx4txGaFs5t5R_fh9J8g,林千勝 Chikatsu Hayashi,3,7,1.748827
UC089UQ4bfVnh8MatGM9Ofqg,山本太郎と日本の闇を暴くちゃんねる【れいわ新選組】切り抜き,3,7,1.74664
UCPj71SrfjYPMB-f6Sp69y9g,トリビアオタク,3,8,1.740755
UC3WWX3LiZOi95MCt6y4Zifw,MANDY B. BLUE,3,4,1.734523
UC5yCJS6UYczej73AZzlBRUA,経営者のヤバい話【令和の虎切り抜き】,3,8,1.727775
UC8ejARzApsxcwLvP6CSn0mg,備蓄パパしんたろう【防災】,3,8,1.723777
UCBRA0r0dAWrrMP0Qg78Gqow,ググレバ【人生の役に立つ雑学】,3,17,1.718118
UCA1Aytg9Rvn_krFQGv9XDRA,MOGUMOGU - Food Entertainment - モグモグ,3,5,1.712027
UC1I3rwfTQcYThvfzLtHJgoQ,ゆがみんちゃんねる,3,3,1.710851
UC-qcYTsFOiFmNqYhvqT6kRg,クールジャパンチャンネル,3,7,1.655842
UCGxQ2RJM0bKSC1hUiNX27vQ,サムケンちゃんねる3.0,3,4,1.646805
UC5tbqAW3VyVgmeHXdOrrhKQ,Kichise-Gardening,3,5,1.645066
UC3zx3B5VObMmSGyZk0mijxw,スマキン【Smakin】,3,16,1.629897
UCVITNlkbLneMV-C9FxzMmEA,スパイチャンネル　〜山田敏弘〜,3,10,1.623774
UCJodKPMM6WS5TXHOXS4AB0A,MITZ CHANNEL,3,17,1.607313
UC8tT77f0K9ifKDAi3ppy4TQ,としお話【岡田斗司夫切り抜き】,3,9,1.590053
UC9U8MC9PPIB50Q3kJN0Twag,ChichanTV,3,5,1.582367
UC5kLb9knpnjf1bv6hrMc42Q,情報の灯台,3,8,1.576137
UCmqDWOTrx0ytAOMB1m4Xf4Q,人は食べたものでできている【添加物CH】,3,9,1.575943
UCWNoEgGbV2j9WyDE5R4yw9w,ごぼうの党【公式】,3,11,1.574407
UC6YOlMOXjQN9P6U0zARx3Qg,人たらし偉人伝【昭和流】,3,6,1.570294
UC2ocfKoB6IrhAmXh7HAE9Nw,人生はねこだらけ【動物愛護団体キーテイル代表チャンネル】,3,8,1.561516
UCJIqtav8DKuTfUdod9DayQA,【しっとく!】明日のためになる話題,3,7,1.553857
UCDle48LE50N0SDq2EcM3nhw,ずぅちゃんねる,3,9,1.544196
UC_Q8cHoJnhNp6GHPkPOoSgw,一月万冊,3,18,1.510416
UC-LDo-K0bca_G1jl5yk5sFA,石井久美子,3,8,1.50796
UC1NVjuwLxA_x5GI6jQ_DMsQ,Creative DIY365,3,3,1.506455
UCG649yuz_0PadkYGKnJ1Tcw,二番煎じと言われても【弁護士藤吉修崇】,3,9,1.502256
UCHXxEc5QCVbiSR0rW9qTacA,新宿グルメチャンネル,3,6,1.482309
UCOMYAbKijxYPQsg-iQfBXlA,自然療法大学,3,13,1.480385
UCLyggR_EkNlYxxnu38wAB1Q,株式会社Amour,3,9,1.476148
UC-TbS1VuBJhro2YD6t_M2Xg,神戸裕雄,3,4,1.466713
UC6Cd3jFeCqzYE9OyAv1fuug,則武謙太郎3rdチャンネル,3,4,1.460997
UC3Qc-IrHBdNf1u2QI1PNIjQ,NoBorder研究所,3,3,1.4581
UCEzPrpNr5pbQcgdJWbnG2sg,51オンラインー日本再生ー,3,5,1.452094
UCS6qtGykYasxuACtMD75K_w,長谷川幸洋のNEWSチャンネル,3,7,1.439796
UCDQSZbG4ftph-9M1AsASGVg,うき本さんち,3,6,1.430592
UCAYFFk5GA56lqQyGfiTLYxA,Way of the RUITUBE (Nunchaku Girl),3,6,1.42817
UC5h-PkCjq2hLk1644MEbtpQ,日本を良くしたい女子高校生政治家たち,3,4,1.426438
UC3L0DQZ07DRwxY3mQcK_0xg,REAL VALUE / 溝口勇児,3,7,1.424048
UCGkctuF55veBi7xDGCgcYkw,UTokyo Channel,3,13,1.412213
UC4SsirxZueE4OouHUeqBBbQ,気になるニュース速報まとめ,3,4,1.40214
UCAreRIEUkoJpMFePUTfdhJA,GAIA FORCE TV,3,5,1.401553
UCHH_jEpEnCuBB8At4-fNVSQ,リョウの宇宙科学,3,21,1.393647
UC6u8ORphzv5O7QJn3AAwzFg,goyim24,3,11,1.386671
UC9s5obQcNlZzuBTKqmRqHag,Kupio lives in his car,3,12,1.385245
UCJJun4qpLbOhNT_uFqQwdWA,日本政治の歪み,3,8,1.382936
UC7zs8EvrRH3TRvRQ7eeaDoQ,内科医ダン / すべての生活習慣病を撃退し、血管と臓器を守る,3,3,1.378709
UC3Raaw4b05es1rN7wccfNJA,Serene Soundscape,3,6,1.376493
UC4wVi7k8qF3JVsNzG7z92ag,SYNCHRONOUS（シンクロナス）,3,10,1.352232
UChqot50AxJ3BtvAXFXc-JYw,NTDTVJP,3,6,1.337697
UC8TE1-byOuBDi7GRzDn4PiA,聖書の指針,3,3,1.332186
UC6sBGA0-ZWTG746AopMdaWg,神田伯山ティービィー,3,8,1.329741
UCH3XbkzQgQQ13R_FD9_hHYA,hasuko channel,3,12,1.32842
UCOtfar4tXva6a1JguzHWkmw,ミステリーハンターはんどくん,3,13,1.317412
UC6LDwTYRfjQwkakw5R95OyA,JoBlo Movie Clips,3,4,1.316791
UCIDF68au00WuH4kUiK2Ux7Q,石川新一郎チャンネル,3,9,1.302543
UCNsgUwzPidSwkVeKVZ1QZyg,保守の子,3,7,1.302254
UC2_NkEhxBC3x2qa7uEKc9lA,トランプの成功思考・戦略,3,5,1.297936
UC2pWxTG8juK3hoZ127elb3A,Healing Melody for Soul,3,5,1.29699
UC2LWHJ5OQZP3D1HdNX4SJeA,Natalia D (ナタリア D),3,4,1.282646
UCFe1Tr0n6rKdDZ3oA9V9Pbw,経済オタク,3,7,1.26735
UC81TzLRWzIiGvRWz2Gc5ZQw,江戸図鑑,3,7,1.245809
UC6l2fcqKcv-5pUz3ESJ6BmQ,くぅのキャットフード研究室,3,11,1.241929
UCSYFtY29MV-OKKnQZNozlLg,イタリアの食卓 Miho's kitchen,3,6,1.241537
UCSiA4Qpi33WF8NXYK8ByYfA,STAR DUST BGM,3,5,1.237833
UCAOAkf2hZ7vJQtZeZreYNxQ,Chase & KenKen,3,15,1.236312
UCG5otzNY4N0hMUTVETyG9oQ,にゃんこ先生,3,8,1.233206
UCAQmpF0Q5XGu6yyPfJNY_Hw,元テレビDさっきー テレビで言えないテレビの話,3,11,1.232503
UC6lG1Ela8OwLRRdakBR_rUw,日本終わらせ党,3,5,1.230433
UCF_JQOYdq6axyZCatg5guag,渡辺 惣樹,3,3,1.222115
UC-HDaFoQ1O7G78sz0D8kBnw,オマメノワダイ,3,3,1.206981
UC56q9cV39UCIhWNLR58BGOQ,YU.SR500 /愛車のある暮らし,3,7,1.200099
UCXchLsQLmaep9NFJI6FSSkw,【歴史解説】MONONOFU物語,3,5,1.198672
UC5yjBS1LWcrUQ-ygulnHVHQ,偉人の教訓,3,6,1.19867
UCAFr5lL0dEBR5TblB81xJ_g,HEALING SOUND JAPAN 2nd,3,6,1.190926
UCqH5y5FEphzxb-4dpRAfKuw,日本人の政治,3,5,1.185242
UC0hdyPT1XSfKJ8l1Q13Y6Sw,野菜作りの教科書 Vegetable Beginners Guide,3,5,1.185064
UCMuoO88ISOG70XyI_1QhT1g,北村晴男の政治経済,3,7,1.176639
UC6SEj6I-vKEL9tL5aAHHyZg,へんないきものチャンネル,3,9,1.17442
UC3H2C4h39zoRc_BybCaXgIA,マツヲの『horror file』,3,6,1.173771
UCK_SP1RT1ZQMu1OIaPagEkg,kapaa!知恵袋,3,9,1.16591
UC0S9aV0o5onYkM_uI9Jzjqw,日本の黄金時代,3,3,1.164331
UC4XY_5Rk4XF5TBH8D1xEoGw,【2ch】ハム速報,3,10,1.162215
UC5cfCaj8a7bSP2MbnaNahFw,セカミル,3,6,1.160206
UC6n9akUPeqd4ebsnH2IxB0g,ZATSUDAN,3,6,1.157475
UCF3IR2w0HXO6RnWkeJ7HZgQ,木下としゆき / 木下敏之,3,7,1.157074
UC9wQC83chNQlCI737UMY5Fg,ゆるーっと雑学,3,8,1.154047
UC86iqu-yHsb-BCjI3ArD9Rg,8bitNews,3,6,1.154021
UCYbTbfB3axSdQ3-e57guRyQ,Harano Insight Official Channel,3,5,1.146643
UC3MIZel02-i-7JQFq1Xr-IQ,全国賃貸オーナーズフェスタ 公式チャンネル,3,10,1.14657
UC8RM5W-eUIQhgkb4NSJ0baA,雑学ミステリー通信,3,20,1.145476
UC7oF8pzBoJMlezwiamtgzcw,我らの国会【国会中継切り抜き】,3,7,1.140875
UC4JkVuxindQ6PI_A9C7b-Lw,のもと物理愛,3,10,1.131975
UCFnGLUEKqdb1lVnDSXf2feA,都市伝説ふしぎ発見,3,8,1.126973
UC5WlZIzNhS0nSdGJ2sSln9w,Japanese stray cat,3,4,1.125892
UC9SzYMETLBc9kawnL8ZNW0Q,そろそろやめにしたい,3,6,1.123738
UCDEzOcfcmw9CIWV2GQFOtbA,Steinbach Institute for International Studies,3,4,1.120361
UC7Pw3Lp_LYXZAWRfBN3-r1w,イトチュウ【限界集落で農業】,3,4,1.120266
UCYdbKlKigcmLryVWYlLbjTQ,まなびば ,3,14,1.115131
UC5ZiW-xG0x8oAG6ceBD9xBQ,ずんだひしょ【ずんだもん解説】,3,4,1.110943
UC45DbzPhUKlwbhtcUpra0yA,Global Perspectives【JPN Translated】,3,5,1.109699
UC293JmpEKvA292wP8YKNRdw,春活channel,3,5,1.107473
UC41-Om_oyruC2E7-ff7GkrA,日高良実のACQUAPAZZAチャンネル,3,6,1.088586
UC7KSc425hMVWU22q2R3M2oQ,村上隆ラヂオ,3,7,1.088399
UC_h4JsXCMhC1al0IkmoaW8g,youtubetest,3,7,1.087785
UCDf5tnJPjFnP9TFA6OXz4Uw,ねむれる森の はっぱ子,3,6,1.085763
UC2614WayZYvnmsAiKZRMYPw,IT社長とインターン / かっちゃん&あいじ,3,10,1.082618
UCCKwG8O8T-IkJsFqwkq2hLg,実話マンガの館,3,6,1.079987
UC4MCy6o-X_tko1Csi8zNslQ,森脇梨々夏のりりちゃんねる💤,3,7,1.076828
UCGsxvj-FkV6C7N6TKTkzP0g,Channel,3,5,1.074239
UCBjYFq4O-l6eFbRBxSen25g,ルイの部屋ch,3,5,1.072416
UC8eSkVQy5lBj-tEu5Ny_org,YouTube整体師腰の王子,3,13,1.067715
UC8TQaU343vBD6yqov5h-dWQ, New Form,3,8,1.064509
UCb_oJ33zleCwX683QmYj4WA,やまとの政治塾,3,8,1.04743
UCBx1HTYl00sz7CdZ_U4nDQg,ホモサピ研究所,3,10,1.040584
UC3SATId4LGlLE4WhgWrxhDw,Daily WiLL EX,3,7,1.039369
UC7V2tyw22ZYvNr15TTfgrnA,痩せ方の学校®︎,3,10,1.027147
UCMvaNVWBGbEPuZllYZETjfQ,後藤PC塾:プロが伝えるパソコン教室,3,10,1.024381
UCAtsBLGaQczlp-xNLacCi9Q,ねばねば【NEBA NEBA】,3,8,1.024202
UC0-KCOsNwS901VgJltBf-UQ,健司が斬る!【深掘り事件考察】,3,5,1.018352
UC88peYfCbtZD_J1DnkV57Rw,しんばかづやチャンネル,3,10,1.016744
UCBjzytaNWrh5FjPwgRzE3VA,長井秀和・応援 チャンネル,3,5,1.016719
UC2kM01yXNnouBsJJ0ghyfMg,菅野完,3,5,1.013179
UC2rZGQZjyIeWLjjTJI5p3DA,宇宙に行く子ども,3,9,1.008959
UC2BWLmYnqL_kkiAEp93UWkg,千秋の歌YouTube,3,6,1.001241
UC-GJVz5Mqs8nLDG4JGU0xEA,声の調律師TOM,3,5,0.996841
UC7ulLZIbQvWE_4SJmeOqE_Q,2ch有益情報局【ゆっくり解説】,3,10,0.9892
UCHm2X8jCcW7onry-v5H_veA,【円満相続ちゃんねる】税理士橘慶太,3,7,0.978653
UC1vDFSwzsu9eEUwU0Ws9HHQ,Vegetable Garden Advisor ”Agurin-channell”,3,6,0.976012
UC38PdLw9v5LoC5cAGTDmyoQ,植木理恵の心理学チャンネル【公式】,3,10,0.973345
UC5ITRZad0AExMRizgq6mV9g,TOTO猫アンドDUFFY犬,3,4,0.973021
UCvwq3Dh6t-TadXEDB3igd_w,ひとりでできるマンDIY,3,9,0.970695
UC93Jre2TBI_9dzzYhQFFzXg,PanoL,3,13,0.961375
UC7kwqr4yZo7h4Xj45eXz5pg,リーゼント刑事・秋山 博康チャンネル 「11時09分、現逮じゃ!」,3,6,0.950847
UC7sDT8jZ76VLV1u__krUutA,DUST,3,5,0.947975
UCAFV09iwEkr9q-oSD6AtXNA,日本保守党,3,4,0.946905
UCG7WUPsUmLXcGHma9Hkzjvg,旅ビート【20代で196ヶ国制覇する】,3,6,0.943359
UC-Itu1HnV2CRuLZTb4YNXXg,仮想通貨の最速情報 TAKERU,3,3,0.928985
UCHG9BEdlmcJ_LusdmGzelqA,佐々木ジャーナル,3,5,0.928382
UCTpUVndrM4-iII6JB_MhIvw,赤い夜,3,4,0.925555
UCv7_krlrre3GQi79d4guxHQ,YOMIURI TELECASTING CORPORATION NEWS CHANNEL,3,10,0.922947
UCDHwgppE7XqFo5t_FGgoxgw,KANチャンネル,3,4,0.910954
UCQVGAwZGA9jrH2XF7feK2xQ,自民党,3,7,0.910177
UCQXwvYkiHyEfzV66-fols3w,竹原テレビ,3,9,0.905641
UC2Wba8_tnf-IkICKtaWebig,Saya Moriwaki,3,4,0.90274
UCqf5lID0M61cIVBy2eATg7A,URYU HIRANO (平野雨龍),3,9,0.902096
UC5dtS_pi--8fLv-7ki8jtDA,資産形成チャンネル【ココザス】,3,6,0.895835
UCBLvUpsQXGZKAdVeg41WxKg,nimspr,3,6,0.891977
UC3FrxhDIjhNEwrjLM4hbcMg,武士の道楽,3,4,0.878688
UC8JAeTqgIC0rc62Pz8WB65w,宇宙緊急速報ch,3,7,0.877109
UCC5UdhYJO5Q7FC_0LGFWyjQ,長谷川ういこ 公式チャンネル,3,4,0.868582
UCCtgcc6syCScSqe_C6hP2fw,Relax TV,3,12,0.864975
UC3PkieYSN56jW_RTK3tLwIg,INNOCHAN【イノチャン】by JBpress,3,6,0.861178
UC4v4zuLLSGUTnr8YG2SYBjw,井沢元彦の逆説チャンネル,3,8,0.86099
UC35PysrEodWPPA6ZlydKmqA,AIリベラルメディア【公式要約版】,3,6,0.859497
UC2z5HWE11alcAT0bmiyuYrA,野草研究所,3,9,0.853678
UC5X3kJorIx55tOJQ9283tkg,公式 池上彰と増田ユリヤのYouTube学園,3,10,0.853479
UCwujOAuMA0IsTu3lSXUxzrA,江戸見聞録,3,6,0.851305
UCuIuBSxnpI85225O7F6Od3w,歴史再現めし REKISHI MESHI,3,6,0.851013
UCFJEfzJd8JT810uxgQ79JmQ,Genron YouTube Official,3,5,0.850846
UC6ALJWPGXj2G9LIJKeBnIHw,寅子先生チャンネル,3,3,0.845589
UC-YhFC53OmjwoZ2vz5GqObA,花いち クッキング,3,4,0.842701
UCCPWE4k9r8KzVDlzLRQkq6g,聖なる道,3,4,0.835019
UC3Q4TznuvhZMKn4Fyh51rRA,日本の魅力探偵TV【海外の反応】,3,5,0.833956
UC-4ct-6r2qHA5h2jZ_h5w1A,KOBATO TIMES - Citizens raising their voices Japan,3,5,0.828876
UCBwZDLH0cRQ2Pi2ZYEY6agg,Dangerous Akaoni,3,5,0.827882
UC7dHJeoOCSHdQe00NwJaUqw,キクコのこわいおはなし,3,5,0.823888
UCLLpXQjiHbPnCIco7mKLrug,カイチューブ KaiTube ー日本のイスラエル人ー,3,4,0.816143
UC4TSbZjFpW2P87S2n-bCqpA,【馬渕睦夫】未来ネット,3,4,0.815107
UCCeVBBMeBBnDhuHrPGpqkyA,Kenta-san,3,8,0.810069
UCogK43-0HpBQXPahOswXJ0g,首相官邸,3,5,0.807792
UCKLzQgT6f4kcjSGFq1-Zs2w,和田秀樹チャンネル 2,3,10,0.807323
UCCb4Vivka5F45u1MfO07nZQ,桃太郎+,3,13,0.806983
UC0msb4yfVKowDpVXDONqdXw,Polly's Kitchen,3,5,0.803516
UC-hBsiW-wjfu4yntT3_DNpQ,うしちゃんねる,3,7,0.80286
UC4jbh3S-f3vBja8a8EAXnWw,ユニバーサル弥榮,3,11,0.797016
UCBNwYV6xNX6tfKSWqcYf-2g,メディアが報じない保守系News／hirokumaちゃんねる,3,4,0.789063
UCIIhko3gMRId9cCteX1eu-Q,デモクラシータイムス,3,10,0.785486
UC2FsTPZ5-qIvL-qJaO8ii4Q,ひろゆきの語り場【切り抜き】,3,6,0.7823
UC4Yz4Lt1Qurf8AGJglP2_kA,アニマルフォレスト,3,8,0.776718
UCsulu2ghMsPVFeI5yVcb6aQ,ドクターハッシー/内科医 橋本将吉,3,22,0.767029
UC9Pu5ypBaqckQb0awcJ86wQ,わたぬき社長・アパレルの勝算,3,14,0.763208
UC4FAZqXzmFYm8zgidUuB7lQ,宇宙ポータル,3,3,0.761925
UC8w2K268lj4iFBieyIYV71Q,ホリエモンウォッチング,3,8,0.759041
UC54q_sWdwf16WAPqIAcnUZQ,笑える2ch面白いンゴ【2ch・5ch面白スレ】,3,8,0.755275
UC3AQFO6FBjONUBleVcPtfcQ,Kaoru GreenEmerald,3,9,0.750695
UCHSB712SMXG9H60FLXfCTdg,泉房穂の情熱チャンネル,3,8,0.742265
UC2KyBoTSiW7XvRGw53sNvdQ,矢作直樹による『我が国のこころ塾』,3,8,0.740149
UC54OcyzQ4KIaA-PRSmxfywQ,おぎのきんしろう【報道の裏側】,3,6,0.739866
UC7xizIEErm3a7nq4c1UBtWw,800万大谷翔平,3,3,0.738616
UC6fjb01-lLQZZh4kIuOH_Hw,Jintaikun,3,4,0.73735
UC9nTUu66yJpBWJQp7voJGng,そのまんま宮崎,3,7,0.735409
UC3y7HcAnhou4TWUqyNplxCw,まだ面白いブレイキングダウン,3,5,0.733843
UC9JQc1ZZFE_lnG1wbuBFF3g,シークレットコード,3,3,0.731023
UC8301yXAtKIlduEzWSorinQ,INDOGO / インドゴ,3,5,0.730375
UC5t5lhbuPKtcCuRwllgIp6w,50代女性　夫の急逝後、独りで生きる記録,3,4,0.724282
UC-zp2IkXgo4BP_dpXP2_z_A,占いチャンネル,3,7,0.722773
UCHz1B8V8n6Sv4M9zuAPTXtw,チョー健康NEWS,3,7,0.721431
UC7yk5_U7C0TuvYMqWzKyzkQ,Best Car Channel,3,7,0.721348
UCPkjL7jAJhrZ3e4-NlsGt-Q,広瀬 香美 Official YouTube channel,3,11,0.718002
UCD0TQqtvEgVV-Xj9w1qa5Kw,恋活婚活クリニックDr.ずーみん,3,9,0.717373
UC0vp5PdY82EFLC5IdNf868w,オンライン日本語教師,3,3,0.714474
UCijhHCXNM1SoJemoycFt_Vg,ダニエル社長の週刊ニュース,3,5,0.714379
UC4gc6Qc-d0rTC-FsL0tZiKw,吉村洋文チャンネル,3,8,0.713769
UCABABqCje14scIi5mIwi-Qw,Ami Inoi,3,6,0.710174
UC4p6jRdGjbgve9E8oGYRjaQ,ライフハック大学,3,4,0.709326
UC2Rip_455yHRuQ8JjSZYDOg,管理栄養士が教える健康的な習慣チャンネル,3,3,0.709209
UC0uGaJeR29UfRzyTDv7tTTQ,カリンゴンの怪獣でもわかる経済のお話,3,4,0.703549
UCHcqA3nQ5JYkZJcUH_D0A1w,Rin Japanese country life,3,14,0.701544
UCIpJxFoqa0mweHFslUDFHHg,吉野敏明セレクトチャンネル【公認】,3,5,0.696028
UCWnSPLDV_Ya4aYTKf1bNoMg,トモ農園,3,12,0.694687
UC6DP40rj4T4RmFREnKrTYbw,日本の道,3,7,0.689848
UC9tvnJCkK9l6L8A4Tycbtog,米粒写経公式チャンネル,3,4,0.680153
UC6DVr1jDQ_ln0K1vNbP6hSw,DIY Yudai | Shorts,3,3,0.679582
UCDthpHc_sDIMnh-b_BjPISA,Share Batake - Japanese Farm life - ,3,7,0.676877
UC1F2uI0tyV0aIZx3Z2280JA,凡人。10億円を目指す,3,5,0.676308
UC-FsIoL1u-dh_pBKG-1RkgA,エンタメとしての政治,3,3,0.673438
UCh5mvJtIWycou5b8smpBuxA,CBC Television News from Japan,3,8,0.671575
UC8D5KuvtyB16wEwWvhyk4ug,「獣医させっち先生」獣医から猫を助けたい  ユーミーどうぶつ病院,3,4,0.667405
UCKNuSmykxRoUB-4tRwfs6GQ,武田邦彦の幸せ砂時計【公式】,3,5,0.667174
UCCFk9HYF9ZdyijD-NNFZMtQ,一分頭脳UP,3,9,0.661476
UC-RcE1VpO2yjRk-EF8pZSQQ,占星術で人生が分かりすぎてしまった男【公式】- TAKAAKI KJ,3,3,0.661317
UC2pzkaY9mpwulNgNyIw4VvA,闇を教えてあげる!,3,5,0.659961
UC5bu8qvD-y0eo2A6yLfvr3A,USA Military Channel,3,7,0.659143
UCj7GlCaRHw0JD0kx7TGIp2w,安藤裕チャンネルひろしの視点,3,10,0.659044
UC7RMi15o0aQacJhxOc6LLmw,日本コロムビア 公式YouTubeチャンネル,3,10,0.655482
UCQct5yygDq1PBbpaePbdFdg,幸福実現党,3,4,0.650144
UC5iURiCuN4bNFTLlR9LWGpg,お気に入りショート,3,4,0.6488
UCNeYMvQqv10UtdR3O2XUXow,石丸速報,3,5,0.640469
UCRD6jmN3uBjmJCnlH5WeOKg,Japanagos（ジャパナゴス）,3,3,0.636308
UC1FZ-jmqm3WyUkcSFhbszqA,脳科学,3,6,0.633302
UCDCHc4fuc8VydqyAgU-1ibA,ミルクボーイ公式チャンネル,3,7,0.632749
UCSdMtfw8Zl3knWN3XI9vn_A,倹約DIY,3,10,0.624634
UCCrVtMawUDYXMNXe8s5GXUg,雑学の部屋,3,5,0.622343
UCrgpzZ0lkQ1vAnowJU5iThQ,未来ネット,3,4,0.61993
UCthq43KgbJ-NpGzgRjBQeHQ,チョーさんチャンネル,3,3,0.618987
UCckSrx_gJHAduUYvZnFGl8A,映画少女,3,9,0.615769
UC2svkX28Sl6DMeMFF-1avpA,英語はいいよな by さわけん,3,5,0.613653
UCMNjTg2ihpmNWvpdg_0WT8g,みんなの若返りアカデミア【健康長寿・老化防止・日本人の健康寿命延ばす・120歳以上生きる】【けいた】,3,11,0.610914
UC8KNgGYl2JsmW3DeMa7xuEw,松果体覚醒かいふ改めカヰフのサブチャンネル,3,6,0.610045
UC7nupkxkcnLgn8KndDOeuiw,お金の総合チャンネル,3,4,0.606127
UC2aRmdL5enWb9GElkpY2KZw,リスペクトジャパン2,3,6,0.5935
UCW88BU6Nq9YyYfc9fKbxiOQ,命知らずのジョシュ,3,7,0.589192
UC-DmGAqCEZMypBwgMncP1tQ,NEWSポストセブン【動画公式】,3,3,0.584656
UCsDZmYBfG7klWHpdGVygfGw,政治のうた,3,4,0.58293
UClsT0DpAqqiwDgBckx-Q8hw,増山誠チャンネル,3,5,0.581835
UC1y5wzwUTMX9gQqJh5AHk1A,ファンタジスタふじもと【家づくりお役立ちチャンネル】,3,3,0.579469
UC3ksN_4AjdLqefrgnSfB8NA,ちあこちゃんねる / Chiako channel,3,6,0.579037
UC99c0amifE227MralhdI7tA,雑学サプリ,3,4,0.576187
UCCKpgUH53J2Qg1x48oFKM2Q,care4body,3,10,0.573759
UC58ReQwPeSTnLIQvStcCmig,田中英道のNEW HISTORY,3,7,0.571749
UCewouj2BQe03RJNf1VrZxFw,ひなたとばぁば,3,4,0.571637
UC9Qf1MLLrBxicUgVaK2hL7Q,サウンド・サーカス,3,3,0.570074
UCZODe3JME_a-bp5FCu0oOdQ,元国税調査官【税金坊】根本和彦,3,13,0.569555
UCwBhDgOt--Dzfz58YS-HUBQ,We deliver the joy of agriculture.,3,3,0.568461
UCNkibDFHKRpY3KNm-jTTIsQ,ケアきょう【介護職のためのチャンネル】,3,3,0.56784
UC-igkOezfJ7n6ar2a6gx1og,日本は天国TV【外国人インタビュー】,3,4,0.566985
UCUz2epm3UpQmf_TKcdUiTFA,桃太郎+ 2nd,3,5,0.56449
UCDiYjgMzZpGHF_VPiygOvcg,【manga】how to draw comic【okushou】,3,6,0.563313
UCgBAG1Sm2ZaMZVJIi-CwMHw,Kotobuki-Studio,3,5,0.562891
UCVwaDBZnM0SqhlzzeeCwxwg,株式会社リバティ情報研究所,3,3,0.562004
UCI4FspGfbQz9iHX7OA_VHnQ,スカーレット2nd,3,3,0.561206
UC39hOTs-CKhkylJpZxjGfHA,犬猫保護施設・いのちのはうす保護家,3,3,0.558525
UC1PbzP1ESnYA8LjMiqtvSew,フリーザック from THE WASTED,3,3,0.557482
UCkZ7zMCPzrmTvxNMUiQRcCA,奇妙な夜,3,6,0.555326
UC3epIVVRArb_m-65JYHXJag,知られざる日本の輝き,3,3,0.553806
UC0Keo3IiLM6cCPxw30Pa8_Q,柊,3,3,0.55353
UC3HwqhkY1zCS0_5IIRNCVdw,MASAKI best DIY,3,4,0.546372
UCAL3JXZSzSm8AlZyD3nQdBA,Primitive Technology,3,8,0.546201
UCX8aZl6VTVsfHJg0Yo9imMg,こころざしチャンネル,3,5,0.542427
UCFjdb4r5ytlXBHqKqSktHZA,2chの端っこで笑いを叫ぶ【2ch名作スレ解説】,3,5,0.540295
UC6_1A8brQRu1UtyxqUTazZQ,GENRYUIZAKAYA,3,5,0.537217
UC39OZ_IRiZLUfRQx8R9zDgQ,教養としての世界史ch,3,7,0.536316
UC4eJ2WuEgD_SGPETuhi40Rg,SUNNY STORE,3,6,0.534346
UC-qK1jcRfivvFDka3NhyUmA,虹ムービー,3,5,0.534083
UCHjXXe0GXPWGTgRendA_BRg,福留光帆,3,10,0.533375
UC-VjzSCoMVWrSeuO-4N3UoA,エド山口チャンネル,3,7,0.529782
UC2vaAVE2xt5gY9rzzdthLEQ,El Sham,3,5,0.525072
UCvy9DPfCn5gHujcTEJp_D_Q,ルネサンスTV,3,4,0.523206
UCTtiQwLNT_nvz4OoOVvdVyw,【ウクライナ情勢強化期間と生放送】日本一早い米国株市場解説 住まいと投資ちゃん一級建築士不動産鑑定士,3,6,0.522162
UCPdGize9sd7-g_sgwvDSgxw,瓜田純士の都市伝説探訪,3,3,0.521737
UC0tFvjxtskreGS7ZfneQlaQ,ADVENTURE KING,3,3,0.520831
UCAFbF3_Gs7QwfeVoQRv3r_A,さちえるチャンネル（あなたらしさを活かす）,3,5,0.519586
UCKsQPIS9S2Bx8mrDhMNZS7A,France10　フランステン　及川健二,3,3,0.519498
UC1qadRmOZ4SAc1x2KYROyNw,Schnell Lecker Kochen,3,4,0.519167
UC5_2fynXBhMjL3IFcierQbQ,日テレNEWSカルチャー【公式】,3,6,0.514739
UC1OKBUdHe5Ec6_WGOUL59vw,こびととニュース,3,3,0.514458
UCFEMGwPZnDSCKm6EIoWj96A,お喋りじょーじの戯言,3,6,0.510155
UCsiVd8TcRwPDBxOMosd5qbg,北原孝彦のコンサルティング,3,3,0.509959
UC7yNsJvQ0wMOh6cdtUajLXQ,世界は今 -JETRO Global Eye,3,6,0.508764
UCYgFCTwDxSCCy3DUwriSEAA,Rainliterashi - The Wanderer of Philosophy,3,5,0.503809
UCVO3uEt9XKvf3WiUzMfm1Gw,宇宙大好きレキシカちゃん,3,12,0.5016
UC5usUVmFMA8rZzSzgB0GusQ,Mysteries of the Bible  ”Signs of the End Times”,3,5,0.489284
UC1Of9baPF-YBoxdP_PUwKmQ,漫画ルーム,3,5,0.487768
UCbJ-cuSl7XLaL9BnjHBXvqA,私の無添加生活,3,3,0.487476
UCcX7VX18lc4qFOYhS30Ynhg,Vodka Gorilla,3,4,0.485166
UC2mCA5AdXGzxLra6j7JTg9Q,さや応援チャンネル,3,4,0.483934
UC-Z2HcbsFomjgITlRFgThpA,サーシャメイカー,3,3,0.483933
UC3lJMrYIKt6Pc4MSCNDREyQ,精神科医 / 益田裕介の保健室【公認 切り抜きch】,3,3,0.48326
UC4C_OGYaNIaLgVbTq8deHyQ,日本の衝撃ニュース,3,5,0.479986
UCLJwt5ZIzdKzR1JYagcZ8EA,上泉雄一のええなぁ!【公式】,3,6,0.479305
UCGNjig9rKPgPFdMMog2hUbg,宇宙 ガイド れいちゃんねる,3,6,0.479012
UCBESF3MypjBxScvxf2_XnAQ,Z世代のさいとう,3,4,0.47851
UCIhYIxP7VWHkNtC4wWeDQaw,原口一博の政治,3,3,0.477968
UCGdTBC2rEKVrEc_MQDrXSKA,政治のウラオモテ【政治切り抜き】,3,6,0.473661
UCWpk9PSGHoJW1hZT4egxTNQ,Ruhi Cenet Documentaries,3,8,0.471873
UCTf_UpeD-N65tsIQ89_BjMw,MAKOチャンネル 【桜井誠 公式】,3,5,0.470313
UCBcu1QoIs47kXJRLE7YxPnQ,【ゲーム会社史】そのゲ,3,4,0.468972
UC5TLiFhywxadMYioq9rYihQ,安住紳一郎の日曜天国【公式】,3,8,0.467737
UCCTMMUDmBo6PXc7GmVHPrkw,M-1グランプリ,3,9,0.461681
UCLU523cU8RRTIL10F94RB4w,税理士KOBAYASHIちゃんねる,3,5,0.46127
UCXculwkEfEcsU2pcEjGIryg,ほんとーch,3,8,0.459719
UCDqGBrRcNj-dZ8vI8S0VTHQ,ダックスクープ【ネットの反応】,3,4,0.45486
UCO-wN93jn21xN-qnJUpZ7Nw,日出づる国TV,3,4,0.454144
UCUXMASMpf2pxpI2B6nGWJnQ,とほかみチャンネル「とほかみ解」,3,4,0.452432
UC7HUetL99MIPRBsgn5QY89g,参政党ニュース非公式街頭演説動画切り抜きフリー,3,3,0.44983
UC7HWYeVbDkA6M0NwmqJqZ8A,生活習慣改革ラボ,3,4,0.449605
UCEhtSz2_m12bI-Yn3Hj5qOw,ウララちゃん【会社の口コミ】,3,10,0.448619
UC70ppNQ6ehKLntw7jWFLY5g,中国見聞,3,3,0.44716
UC0ZK-2GfWJEFlgsWreDmV_A,ソクラのオモロショート,3,7,0.445882
UCeijekT5FkQ3WXiub22SuHA,Hope for Japan Revival Channel,3,4,0.445368
UCeK1ic8OEqn8hZUNjXLxTYA,最新政治しばニュース,3,4,0.443449
UCNjGiTl41rNr8Rgre-j5hJQ,日本防衛チャンネル,3,7,0.439625
UC0ztdKiVQW7AXV7ia5QXeSA,紅子の色街探訪記,3,6,0.439083
UC4C37AMho6DRUIYnoc4fiSA,TOYSFACTORYJP,3,10,0.437206
UC43GA5QBhih0iob_fSXmijA,グエン界隈,3,3,0.437166
UC09WKiaYyJV0wMQ-JIDpR7Q,星の導き – 12星座の神託,3,3,0.436715
UC4ErGOzRGG3vC96oljDeltA,ネトトピ!,3,4,0.435146
UCGmvo1N4nbHXTlH--DVXOjw,林千勝 / 月刊インサイダーヒストリー / 公式チャンネル,3,4,0.434876
UC2tW8xKnvW2oq1KDNG5VBWA,キニナル政治news,3,4,0.433013
UCJPEq-fDPYkJw_PHTv_zuiA,文春チャンネル【公式】,3,8,0.429758
UCAxhFTZ2S5Ra5xb1KHQyRAQ,世界のドコかでひきこもり,3,24,0.425192
UC5G0T_tlPj0aCHMi-ihvfiw,トヨタ自動車コーポレート,3,7,0.424347
UCFzu6uRIhGYwyTAbXfDcYmA,ニックちゃんねる,3,8,0.421305
UCIzK5ycqM29afI-SXY9suNA,KAROちゃんねる,3,5,0.420597
UCyOfqgtsQaM3S-VZnsYnHjQ,HALIDONMUSIC,3,6,0.420199
UCWbStUoGvEfS94S4UE4VEzw,マイティー・ポー【中国人アル】,3,9,0.418409
UCBREhkA0aN29tqVJH846EjQ,2chアウターゾーン,3,4,0.415921
UCFFuj27zZkUe43Y-AjDyYYg,薬を無くす顧問薬剤師伊庭 聡,3,3,0.414941
UCHXmby4zi4HAyWuIarHSJdQ,園芸農家イシヅキちゃんねる,3,5,0.410722
UC6sSgsUgqpdqeFgSt3NgsZg,大人の教養大学,3,5,0.409835
UC-4asDECfBooFz1rQ-MxQ3g,FXtraderたかし,3,4,0.408965
UC5OPhnq7pbakqmUQCRbQFnQ,HempMania™️,3,5,0.408185
UCBBZSH7mZvYhHJmnxQNuYFA,HIRO@sea,3,3,0.407516
UCLI14vmxBc9RJRf480Kb-1Q,"アキラ先輩, Akira Senpai",3,3,0.406857
UC0mJA1lqKjB4Qaaa2PNf0zg,Red Bull Motorsports,3,4,0.406756
UC2DLYvRf5PZHytTEb137nvw,夏海ルイの音楽隊,3,9,0.406117
UC3X-tn7gpipCqOdYWCmdyJQ,FBS福岡放送ニュース,3,4,0.405106
UCGo8NraOQpS7twqYC2YOE3g,占いが好きな占い師　空,3,3,0.402045
UC1o2MMg4zjPtisowosaEUfA,障害を理解して暮らしを豊かに,3,3,0.400228
UC3Pkzg1Q5C2-u-raSlv6NkA,文房具信者1億人創出計画,3,3,0.399919
UCCoPCGPgkxqtDAwTAYnqiqQ,争いのジオペディア,3,5,0.399453
UCUtHfm_jiWAJMuJBs5Kk8sA,さいとう元彦チャンネル,3,4,0.3994
UCbZDHJe2oxnLz2wGyJAbsnw,GHQ焚書アーカイブス,3,6,0.399053
UC93oLdU-m2vNjDmo80-WqkA,singlewing1960,3,3,0.395552
UC2gkHie1JpYej7PBEZmngwg,hichew8,3,3,0.39376
UCO4gUldYoI0qSvNIDOZ1uUg,Dr.ゆきなり【〜糖尿病克服への道〜】,3,7,0.392849
UC8--EW2989UvPflQR75weFg,裏社会ジャーニーバックヤード,3,5,0.390263
UC8tVYBiXVPKIDrDbpGZFZJg,Reuse Kimono Uruporo,3,3,0.388768
UCFoXYkvNA7Y4jlXuLbNqx0w,幸せの泉【ゆっくり解説】,3,7,0.387308
UCidQ51J5ysCWeGBnLuNvnhQ,【公式】石丸伸二のまるチャンネル,3,8,0.384299
UC2xTGY1xlCgz3PDZkhj2Jhg,獣医さや先生の猫学ゼミ,3,9,0.381399
UC4QsqMru6zSbCQ_BWNM-Pcg,"Travel consultant ""Tiger & Mayo""",3,3,0.380023
UC7oJmIL4_MTSHY9uQChAK0A,ハンターch,3,3,0.379717
UCDX1qUi99XtsPzz1PpT6E1Q,元専図,3,4,0.378998
UCBPjEKNN6JpuBKcf2fbVNJg,気になる日本,3,5,0.37743
UCaxs6XwGxRXewdzOxw7EXtw,山本太郎【れいわ】政治経済解説・最速レビュー,3,5,0.377397
UCN8PLBCh-91V1BdooYYnJmA,【2nd】河合ゆうすけのサブチャンネル【歴代最多得票数でトップ当選】,3,5,0.377048
UC0Rjg-kUtUCEvdMYwPQTUSA,Nine Universe,3,5,0.376858
UC-znBNzOyFLruFR9ZWtP38g,さちことよしお,3,4,0.374241
UC2XLOvL37uUUt8ealAWk06Q,HIDECOのスピリチュアルな視点から世相を読む,3,4,0.371762
UC63nGmKVdVhiZr_bWhJVGGg,Ella Fitzgerald,3,3,0.370399
UC7nKJWglHMy-dO8dqEabRIQ,スマホ博士,3,8,0.370214
UC9guGKOTxbOIIKbWwpobbZA,underdog　Tanaka,3,5,0.36935
UC8jybkJmwJW17o-XHXpksgg,平井宏治の経済安全保障チャンネル,3,5,0.36931
UCDfgpze7tpn0eqFnz65cmTA,巽[Son]の易経　,3,4,0.368975
UCCiLWwLsnxxGG9KmyPCYSVg,著書3冊「アンティークコインのプロ」石山幸二の狙い!!new,3,7,0.368186
UCEP-696sFVJMSNf0XgfdqGQ,MinivanLife,3,6,0.367726
UC4gI8KqzIt8-_6ozMJX3eig,有頂天落語,3,3,0.366908
UCfdz6jvpxub7nhUHBzHD7HA,ちょっと世界一周してくる。by nojiken,3,4,0.365768
UC3zyrR8zx5Kz2Ll3XPBTzzg,知恵の灯台,3,3,0.365427
UCCSASFnDN-WE435WnrWdxkg,アンケート切り抜きch,3,7,0.363724
UCH8OlxpIpR69ecaX80PNKAA,--Satoyama Diary-- Herbal Life In Japan,3,4,0.362385
UCJe6t3IIbV2Ft3tptwaMGJg,こせんだ式日本語教室〜Japanese Language Lesson by Kosenda 〜,3,4,0.361442
UC5sollsEhWCGctLaHls-Q8A,はんにゃニュース,3,4,0.36046
UCNlDj9jiS1HQz-gRGbs_Ipg,Far West Life /アメリカガイドMasa,3,4,0.359602
UC4QOeoSNFdmJx6IFECBlbVw,たこの見解【格闘技バラエティ】,3,6,0.359161
UC2zIAHlb5Tuj_CRx9-dTpSg,ゆきすきのくに｜井戸理恵子,3,3,0.359139
UCQvJxR62yMivVMswDdm-EJg,SHOGO MORI (JP),3,6,0.358046
UCJx0-F6jXlR1vIw2t78XIiA,Ken Kenobi ,3,5,0.353452
UC2dnosEt5WLRNqh20_7j5qw,Ankh Priest,3,5,0.353367
UC3-gAWNMPkyCdOB8mcbHq_g,JUN AI Channel,3,4,0.353256
UCBD-scl6O9mJSj21xkjcmCQ,Raphaël Froissart - Clarinet,3,3,0.353047
UC9maU5TPpEMCh4L4yIKCwNA,夜光猫,3,6,0.352242
UC08cbDyoQG0J8kBfED402TA,Hitomi@Udemyで資産形成,3,6,0.351441
UC0gOWBkEuF4EF3XAi-iA-nQ,Charan Po Rantan official,3,5,0.350805
UC1vL64RKDPEPwfMRDk3PjwA,錦戸周平,3,4,0.350099
UC5R-V0gv1iF3f4PoNUGmxKQ,タソガレドキ,3,5,0.34988
UCIak6JLVOjqhStxrL1Lcytw,Guns N' Roses,3,3,0.349145
UC5QthuOAVq9UH8n4X9a9ASg,【お家で楽トレ】 フジヤ シュウヘイ,3,11,0.348411
UC9WQvtFOMXdx9T6SQIqFqWw,怖い話まとめch,3,4,0.345951
UCOvyMBPp9M7KNZACW7QPtrA,東京都 Tokyo Metropolitan Government,3,6,0.345628
UC9EEqoWB1k8f6v8odmOg0TQ,English Antique Life,3,6,0.344989
UC4Jptm_JcfhiG07Rj2B7LbA,光のメッセージ,3,5,0.34368
UC7vbnqKmqvL0By5VabuQFEQ,偉人名言朗読チャンネル,3,3,0.342027
UC2MIgqt-5KCrZSjjQ0vJtLA,tama,3,6,0.338999
UChUV8PK-q_GHWfOVDYjajMg,有本香チャンネル,3,4,0.332476
UCZ-x8YeLzyAkf7oXNHoqIWA,たのれしぴ【グルテンフリー生活】,3,4,0.331906
UCAaLDZXHYo7RhHVFmP79b_g,Yosui Inoue 井上陽水,3,7,0.330958
UCB_1bRCYANASetB4wVvTaNg,大塚礼,3,4,0.330735
UCJfME5x7lzmVTRGhALha3TQ,世界を考察するYouTuber 2nd,3,3,0.326599
UCFIFAinqRitrg-WJIoerl8A,仕組みチャンネル,3,3,0.326541
UC63bJhINPNyZKTV0R8tIlrw,こはやし【古生物ちゃんねる】,3,5,0.326073
UCJ6YL_7YDex0QbceIyKLJEg,ビンビンビーン,3,8,0.325728
UCDV545x0n25UbV5vslyxohA,ポメスキャンダル【ネットの反応】,3,7,0.325151
UCCDGkcp0_LKRI0F0A5K_O8A,中国を読み解,3,3,0.324883
UCMx3QfrU5BuRqRsrJhZHv6A,あなたの知らない政治経済【切り抜き】,3,7,0.3246
UCMh8_fmb35VIZxGc_oxolqQ,防災士 さばいどるチャンネル,3,3,0.320643
UCgdJlFX1juiaUBxfPbSSDig,元警察官ゆりの自給自足生活,3,4,0.319799
UC0Si9QUmMzlx-sSnDG8-Yxw,グラグラ癒やしch,3,3,0.318781
UCaitNQ3t6w2ILKh8t0TGdtg,スッキリ経済学,3,6,0.316706
UCI50hbjwF5w-ktp6FQEgQiw,ヨッシーラジオ【ミステリー考察】,3,5,0.316496
UC0MNL5Iq9rJ7sLTMNlrJVdA,くろちゃんねるPARTII,3,4,0.314918
UC17F_2PziMdtCzRb_CT3rIg,WONDER OTSUKA,3,4,0.313861
UCK_PR5ZshWixonVJ9qn7Uww,HISTORY CHANNEL,3,4,0.31309
UCNhm9XkroVhVDvbcqiEfrzg,超速!上念司チャンネル ニュースの裏虎,3,5,0.312952
UCmZhCyNWdRuqcIBc47GwhYg,北野幸伯のパワーゲーム,3,4,0.312351
UC9qq0qCqV5zh2FF8MeIiQRQ,不倫解決カウンセラー 河村陽子,3,4,0.310576
UCZ9vhLp3B8vdGn6tanppfbg,世界が称賛する日本,3,7,0.310438
UC-YORudcBv-N3gYUriFxwLA,Face The Truth,3,3,0.309471
UCCTTsJP8fmNPCNBp0FL6P0A,MOZU STUDIOS,3,6,0.306293
UC8V5m9iVXnx9VPWUVeZOENg,Depacosmania aica channel,3,4,0.305197
UChqmJZ7HfR449Foi7hC1Ulg,【非公式】ドラゴンボールでニュース解説,3,9,0.305163
UCBObqN5jmqaGidyR563zKhQ,セリア・アストラ魂響チャンネル,3,4,0.30478
UC-cLxIAq3grMR22PULSIM8A,理系女子占い師 千歩,3,6,0.303976
UCE7U69HE8Wl8giqw6bmKS3A,あすかさんガレージ,3,6,0.30334
UC3WSwspFHrswNQhIFIcRssw,My Kitchen Tanja,3,4,0.303214
UC4WTovVskcjulzEUIxzrecg,バクチャンネル,3,3,0.302378
UCCVJ-03ssPfVDgKn-ir0cOg,Smart Skills Online学習ラボ,3,3,0.302366
UC2SGVDhLj6ZD56ty1XSvTfg,雑学ネットフリクス,3,7,0.301461
UC4R2E-9VWWBxFb5fC0qy3hQ,Mr Yabatan,3,6,0.299841
UCBKWF799Ex6qPgEPT6Ai8og,四毒抜きご飯,3,9,0.298782
UC0SFNx2jty2Hhooz6WWNpkQ,AURA MASTER,3,3,0.298609
UC2SUoo36iHgVLEK7EEVPIFQ,Interactive English,3,3,0.298608
UCEsVA16gm9eqAN--l2fMvgA,チャンネルさや,3,6,0.29721
UCIMXmcKPkUeEDAL_uMxNw7Q,Multiverse,3,3,0.296314
UC-j56vRqXe6xg_XShAJrSYQ,長峰大-カエルの井戸端会議-,3,3,0.295666
UCMffZS4_Fp-e-xG1u1IXoNg,THRIVE Movement,3,4,0.294373
UC9CHQxNLpaxpjzATN0_rbdw,【チャンネル収益全額寄付】スピリチュアルな整体院RYM2,3,4,0.291802
UCIpvRKibSSK_fNtAOmjHnbQ,ここみちゃんネル,3,4,0.291471
UC8KMrVJ8Nmgz3FHc8rpeiOw,ちっぴぃちゃんズの自衛隊チャンネル,3,5,0.290018
UCDg9t7Qajfn0-CMDUZJF-6A,水頭症の猫ハチ,3,4,0.289811
UCB6SOl32wFa2FBWbLOIqnaQ,GHOST HUNter'S,3,3,0.289231
UCTi11Y3bZGJSxr7d3-4exsA,Ori & Kaito,3,4,0.288701
UCTRI9gzaa4xp1vBWBJf0VXg,ユーテラ授業チャンネル【YouTubeの寺子屋】,3,8,0.287914
UC3k3RSFHemW5qjtp-X1TGZg,岡野あつこ®【離婚・修復】解決チャンネル,3,9,0.287536
UCxBR2bnAFAavDHpHtQrTA9Q,Suit Train,3,6,0.285919
UC0lQMX7F7xc-ZAxkF27-fhA,clicccar,3,3,0.285414
UCA6S8JsqX-tpyxTghtyiuRQ,kikuhito,3,3,0.284259
UCQxRCrLTPNDHeqCs2T6dx0g,ロシア人にインタビューしてみた　1420,3,4,0.284001
UC5IR5kM-l-wxxSgg64EnfLw,日本安眠ラボラトリー,3,4,0.283725
UC2sHT_D085Qay6Z6CjYUU8Q,出口王仁三郎の言葉,3,5,0.283424
UC78rtRUNZ5famElIrWmasuw,経済とお金の地図,3,4,0.283381
UCIi3eljKIQgOw8ekwXIumuQ,薬師寺偲 【理学療法士・ピラティス】,3,5,0.280322
UC-MvN24UY8Jh4ViHWhUHSKg,旧ゆっくりモンドちゃんねる,3,3,0.279372
UCdGZkutx04KBwgtB6KYYP0A,馬淵睦夫【未来ネット】　,3,3,0.276444
UC4LzeOytRzlnV5yA7k5iHEg,Genesis Yoga,3,3,0.275742
UCLBGm8CoFWYi0rkg5dZTZMA,朝堂院大覚スペースシャトル,3,3,0.274273
UCNzKAaIVMXFgx1VpP0UT6Fw,Egg Bacon 卵と俺,3,6,0.273688
UCLUag8FicxADt9g2yd8fCpQ,JP 81,3,4,0.272973
UC0HxSOdO3O67nfy-11kcFJw,Tommy february6 / Tommy heavenly6,3,4,0.2726
UC6icDbksnSjjYA8LRWIO6rw,KOMINKA-STYLE,3,3,0.272388
UCdXpp9eTLF-2DDmCmX32oNA,世界一嫌われ医者の料理教室,3,8,0.27192
UCmiivdWbzuVQKMljjvfVjqQ,Hiromi factory チャンネル,3,7,0.270907
UCHKQ6RSCRiEAN2MMcuYzOFQ,zelonerecords,3,3,0.27052
UC1xeCHFAHV2yXN3J_CNQzEg,動物の幸せ,3,7,0.26992
UC3dT7gwezpVA1dAUgt2x_wQ,なかむた,3,7,0.265803
UCAbdvjvo3WSskwoJbklKWkg,Mituhiro Masuda 舛田光洋,3,3,0.265724
UC4X6jmsQmQ5KXk0bQxubazA,思春期の子育てCh【元中学校教師道山ケイ】,3,6,0.261853
UC4EjqpTo0K6TFz5zdKVcjnw,Lezzet Tutkunu,3,3,0.261088
UC1cc-n59HLmEdJsZeTzr5rA,こじらせ美女チャンネル,3,5,0.260735
UCEji3yzXC08b_YCgn59nxLg,現役医師プロポ先生のYouTubeクリニック,3,4,0.259986
UC7c13W2B7n-323K1vhIC9UQ,超速英単語,3,3,0.259938
UCwF4jHKm6T6-yhUVPtqiH6A,なるほど! 歴史ミステリー,3,4,0.259188
UCDJ7cUbVeynelDeZYq5hvZQ,ゆっくり各駅停車,3,3,0.258687
UC37r6PdAvgkgsV08OGYPARA,札幌 桑園 美容室hair salon casita,3,4,0.257975
UC5Vdw5Dwz45W5zEZiQTFg4w,切り抜きニュースチャンネル,3,3,0.257652
UCJ654pVMlYC9aAAmIIrIUuw,討伐隊シロー,3,3,0.256706
UC415bOPUcGSamy543abLmRA,Cleo Abram,3,3,0.256118
UCPdGW3HUuZOXlyDbdqZVt8A,BSフジ プライムニュース,3,5,0.255971
UCJwM14R6-hDj9mIMkr1u8fg,Member of the House of Councillors Kenichiro Saito,3,3,0.254709
UCd0Wi_yPuVhxlc6jewukvUg,国会中継チャンネル,3,4,0.254161
UCJLIgdIUC65B0-_ktosB3kQ,そんなところ行ってどうするの,3,3,0.253841
UC6pGDc4bFGD1_36IKv3FnYg,Crunchyroll,3,4,0.253513
UChex1vr4WtFu-OsAukjuYCA,MILLENNIUM PARADE Official YouTube Channel,3,4,0.25351
UCaDgkVpnZAW2m96ct-RR8wQ,ほとんどクイズチャンネル,3,5,0.252137
UCg7fEbROmEiyH_SoqUeYsEQ,杉田水脈チャンネルMio's 動画ニュース,3,3,0.251999
UCHql_63zhM2O0dLbzvP5OGA,アフ郎's Kitchen,3,3,0.251042
UCQFQKezJ6d5un2sSXbA7CwQ,Rock歌心伝えます,3,4,0.250351
UC7JOkjqU-AjS-R9oDEP1WNw,みうらじゅんチャンネル,3,4,0.24949
UCLR62h0m5rvt6qaeScNmBoA,Japanese Noodles Udon Soba Hiroshima Okayama,3,6,0.248752
UCdR6SB6TmwG2Lh6e-TBk6vw,匠,3,3,0.248208
UCU_6DitM5zCXACJjQTKEh9Q,シン化塾,3,6,0.247799
UCMbGAE_5m5nbTyBwtglVruw,家作り反面教科書,3,5,0.242901
UCEPc9EjszYkjsQ8YCHe2Kgw,白ポロ｜30代一人暮らし貯金LIFE,3,3,0.242734
UCOezlmlGse8ayJh_PpMDiXw,著名人まとめ,3,3,0.241192
UC9JxJV7jxQd9fVa2G9j0otQ, JILOW,3,5,0.239945
UC-afHCX1uo-lY2BtKnIg0XQ,Let's go Nakamu　japanese tourist,3,4,0.239633
UCQmrp8xomFRvv0hRfp_hCnw,みおの女子トレ部,3,5,0.238925
UCWMoUP6pAe5Xz7_p9MqT9Sg,あいてぃー業界の人,3,3,0.238507
UC1r9yJErJiT3hOp5gW_JKUw,Danny Louis,3,4,0.236499
UCzrG47dhJ8vZyc5uEzSIh7A,TBS sports,3,5,0.236444
UC4OoFCoDLAo3BtzpNovI4Vg,自宅飲食店のススメ,3,3,0.236188
UCub97bIstCpRxv0_Onttkug,ダイレクト出版_ビジネス書編集部,3,4,0.235456
UCaSEC1I6-D9uR5AH-VAu0rQ,タジー争論【時事チャンネル】,3,3,0.235255
UC5lUZ5FZlvU38zx9RcbAyRA,Поделкин,3,3,0.234599
UC8B7Ometsltoin5k1-eFGIA,ハムカツのゆっくりTV,3,4,0.234429
UCEqYNw25sxihqsO6--vAjrA,Hiro Itaya Channel,3,5,0.234284
UC4pQtzdRPsHt0mrjCeft1gw,Hiromi K. Stanfield | US CPA & Smart Money ,3,3,0.233627
UC3OXmvFeeZbg7AzjJFoT8oA,農Tube委員会,3,4,0.233587
UC4BitQcw6YAXwzmC7Oba_hw,バルクアカデミー 北村克哉,3,4,0.232563
UChVChdiF7UUyjaHL_JjJzOQ,家族の距離感ラジオ,3,6,0.228581
UCZSlpFIdrsCBMOSMKWQNDSQ,bizplay-ビズプレイ-,3,3,0.228274
UC6WYjUmH7wbrQUDPVJGWi7w,Talking Buddha,3,4,0.228077
UCB_Vbgc_3g6Xc8NTWyYH0EA,夢デンタルチャンネル,3,7,0.225802
UCJatr1Q20qPZR8bwJHqkmeA,Yuki Kondo Pianist,3,6,0.225377
UCAswPxkNsotmC7HpfbbeFzQ,Japan Fruits Channel,3,4,0.224764
UC2Fj0jEiCpmlbofC8Wiexfg,ABEMA 将棋【公式】,3,4,0.221977
UCCZZhW7EGhnSoKAhS2kI6KA,冒険少年ATSUSHI,3,6,0.221796
UC09PYZNPkPW0G60IFu36B2g,2chSSプラス,3,6,0.221595
UCbHze3Bg0pHmSqpxNKIBv_g,アジアのニュース　FNNプライムオンライン,3,3,0.219937
UC-j6lq2lMAW2ha7r26Qu6sA,Lessons to apply to everyday life,3,3,0.21834
UCSnCdVZyIwuw7RPGYs6XjGg,ずんだもんの末路,3,3,0.21383
UCEYazj25IE5x9OS0j6IxBgg,八納啓創の建築LABO,3,3,0.213708
UCcpzxGFkRS_qvsZLZ1_7Vuw,慶應義塾 Keio University,3,3,0.213373
UCRSZXtYfDX2BSLVhgagngTg,武器屋のおねえさん,3,5,0.212915
UCEhmZt28K2OLyOpnS_XqDNg,Minamo Koha,3,4,0.211934
UC9LJs2178FQjXeqqB_id1AQ,和歌山の自律神経専門整体「廣井整体院」,3,6,0.211901
UCEAyMz878XTpCZGW3iEqdHQ,シュウジ【自宅にフィットネスを】,3,5,0.211874
UC96v4EM1wETxpqrK2WqrFNw,Tasチャンネル【ネット物販情報お届け】,3,3,0.211537
UC1zigS-QNOvskIwpAuXNMVw,Mariness Fit (English),3,3,0.209494
UC8QVqHcai0BpGFuR4HJh9uQ,セブ先生とフランス語,3,7,0.209398
UCKP8qQcGamUxLrChTxeJZ1w,やすらぎの和うた処,3,5,0.209381
UCss1a8cc1rqez7E6qvR_8pg,うつみ さとる【公式】政治チャンネル,3,3,0.208932
UC8FNK378KWWlRNk03lJiZMg,シン考察ch,3,3,0.207561
UC7FLz3U4e4TbNc3OA-sNj2A,ひこばえTV　【松浦光修 公式】,3,3,0.207512
UCCQERBCWn8Ck7epqJiaiIPQ,80'sに乾杯,3,4,0.207458
UCUYk7t7glHFqIZ3rwN1dY6A,坂上家のチャンネル,3,4,0.207132
UCReaB8qT601BFDDw6Pnymvw,くーねる,3,4,0.206423
UCAaMVv5UrovrhAtaWVerWrQ,こども発達LABO.【言語聴覚士&理学療法士】,3,3,0.206029
UCN48CaRC-mnGDwaCkr_a-IA,友資 / ミもフタも愛,3,3,0.205035
UCFWKBE7pFQG7h3KzJhDeTSw,とっさんTV,3,4,0.204345
UCEuE45MSPEh5oTNeV5H6EMw,dreamusic,3,4,0.202633
UC9V0FVRxd9VE_mZ0sJ8XJvw,ピックアップ経財【さくらインベスト公式】,3,3,0.201555
UC89zfP6JBVkYMxr5ixET3sA,ライパチ,3,3,0.201377
UC3TwBuQZKkC1rXJd5tri70Q,国民の現在地【日本政治と時事】,3,4,0.200161
UCTkhxITYatmAMN2nl3FayEg,ゆきのん日和【NEWS】,3,6,0.199483
UC6sED8Ia6Uido_PqeYPhNUA,上野豊,3,4,0.199137
UC-7sYi9OninbvXP4toJ8ZiQ,SIRUKO camp,3,6,0.198916
UCdkGEre4pFpX8ScrcTDu74g,馬渕睦夫チャネル,3,3,0.198477
UC77HzI1iPxHh-kblas6FKmg,気功師シンクウが教える、気功実践とヒーリングのコツ,3,3,0.198037
UC7ygJQhloSmSbNxNTbGbgSg,小川淳也チャンネル,3,3,0.197762
UC3aFk7IiEk2CjsrGVgE1I_A,Rei Shito,3,3,0.19726
UCq0Gl-isKhYg3nLkTatD6Rg,にっぽんぽん【ゆっくり日本史解説】,3,4,0.196586
UC8ouM9KEOtuYbROTey3gC8Q,夕刊フジ編集局,3,3,0.195977
UCIVNQjK1OhtW7NVHOdv4Zvw,タイチ l 現役プロが教えるFX攻略,3,4,0.195214
UC4GnqL6CD46ojljTcz_ElkA,ザ・ホワイトデンタルクリニック 【熟睡歯科治療専門の歯医者】,3,4,0.195145
UCB6TUn8M_48pIfNE-giDaXw,Food for Well beingKawashima-ya,3,5,0.194913
UCBaMorHKbDpHs04x01orO1A,宇野正美の講演会,3,4,0.193526
UC-w7uU4AfLnZu2_po4e8YMQ,🌎 英語ニュースリスニング　English Mind Gym,3,5,0.193208
UCK4rD1VXWehjSpCXkGQ5Cmw,すずぽんの独り言,3,3,0.192972
UC2GBngAKY8aBGLcwWwuJGHg,KaikenTV,3,3,0.192585
UCmHjVEGjmtb-silX_-_WRIg,アトム,3,6,0.192403
UCAQPGa1zTCoJULW6yYuc3wQ,TACHIBANASHI【切り抜き】,3,3,0.192108
UC9wRRNmdIsRvt1BUI4eciNQ,名言の泉,3,5,0.191596
UCQpHYYRUCe-95rYiw8Hentg,【公認】日本の真相,3,3,0.191586
UC8blxwEfgZS9l04CfOMvLRA,LION NET NEWS,3,3,0.191106
UC-y8ci7xfsu4L3zkSuHae0A,Justin Timberlake,3,4,0.188376
UCM1eGZ-8x6uYpOq1QA5Kw_A,【がん・難病と言われても諦めない】統合医療医ドクターみうらの自然療法講座,3,5,0.186793
UC4JIzRLkvK4TW5qFDHZgiIw,週刊ガルちゃん【有名人・芸能人】,3,3,0.186767
UCSx-xegQoJfl4srEqdUwHhA,都市伝説YouTube,3,3,0.186396
UCudu4xOYBU2iJFilnEIbRJw,EXILE,3,3,0.186272
UC-9OhzapPE3jPBAUIp-qKCw,えだ,3,3,0.185227
UCqK2r0XmED5Sneo2EGipfXg,INOKI The Message,3,3,0.184496
UCO6c-ejeQxxKArNHWieU2OQ,Movie Iwj,3,7,0.182816
UCIWtoNkliCKDmmW5HafXAvg,散歩するアンドロイド　,3,11,0.182349
UC5RSMqGAYVeGW5X416zQFZg,ポップコーン映画,3,4,0.182219
UC9jWMeb8GhMqO3fGAB-XbiQ,永田MOVIE,3,10,0.181587
UC1ox0WdMcIiBlW1njRJsRjw,「マンガ物語館」,3,3,0.181538
UC4jM4zLwQ47rbH6qHsvH67g,やゆぽんステーション,3,3,0.181162
UC6GB47LqwaOPDNNmDh-QQTQ,Josh Harmon,3,5,0.180999
UC9TJrLbBJk9iEKyzBy4f7YQ,大和の夜明け,3,3,0.180561
UClVhzSJtfnLrz15IE3_1KVg,KINDAI UNIVERSITY,3,3,0.180297
UCRsVzMT3vPAFPQStCTMYt5A,西村と考える世界と資産の現在地,3,5,0.178765
UCSgmtMZhhjCfzRZo_nWc1sg,伊勢神宮 公式チャンネル (ISE-JINGU),3,5,0.177839
UC8lCralhmmcxfHKnsAg7PKQ,やけっぱちcomedy改,3,4,0.176729
UC2ZDt1aIR-tA3lNuAnHEqCQ,ボクくま,3,3,0.176105
UCRyxg-1JNH73EaCysV3MaPw,ANTI BCSC,3,4,0.175563
UCMxDP8qwQvHVyRVyoWkA2xw,マリーシュカチャンネル,3,5,0.175254
UC44QvCevTanck-9lh6UpKSg,美術おじさん 山田五郎【公認切り抜き】,3,5,0.174346
UC8XWegWIsSfHuobu8lIBzhg,このこねこの本紹介チャンネル,3,3,0.173159
UC6dxlXbr1Vszx8tveU15fiw,しんめぐの日常,3,3,0.172941
UCE_M8A5yxnLfW0KghEeajjw,Apple,3,5,0.172799
UC1JhREFCea0EwJ2F-3FyCkQ,旅びとキャンパーまい,3,5,0.171767
UC48rz8cysNao10riSTDLeSw,Do-Re-Mi / ドレミ,3,3,0.169106
UC3riEId_B-UBfnixzB1Qdpw,誇り高き日本の魅力【海外の反応】,3,3,0.168924
UC3py3Mm7z29KrFWkQSgKuqg,セルフ整体チャンネル[あおき接骨院],3,3,0.168812
UC8GSXfJ0yC-WOQQCHfBjGnA,美熟女ふぇちファン,3,4,0.168563
UC0L3pgMEX_XZn3v5W6_Wi2w,【日本語教師になる】ももこ,3,3,0.168284
UC1aRB7XGoJMs14nDt0eRC1g,Plumes,3,3,0.168003
UC3Ag_RYMHDYbAV0UKYRtzZQ,DENPO-ZI（無料で動画制作を学べる総合サイト）,3,6,0.167758
UC41E63p3_uqTKoaJkQJvfMg,世界の筋肉,3,8,0.167294
UCOOGZ3VxgQIiAhHPqZVHwSA, Setouchi My Farm,3,4,0.167093
UCBPQZSaHkcnXHQlnOMjDyiA,【サウナチャンネル】&saunaアンドサウナ,3,5,0.166133
UCrFVdFy4e2lsUUqUzItV1BA,Amaneku Organic Theatre,3,4,0.165885
UCGSBGBHao8WlLgJq9Ji56ig,Magome Kogyo [Fukuoka] Plasterer,3,4,0.165218
UC9bg6gHHglRHD-KOi3yR0pg,皇統を守る会チャンネル,3,3,0.164512
UC6UkHxEegRrmkKFl8ncyXVA,推し推せっ!ちゃんねる,3,4,0.1644
UC2_9D7FeKJtaR5oyrdwExvg,現役エンジニアが語るAI時代の稼ぎ方とマインド,3,3,0.164248
UCJyCVxovcw3ANH2BqpViKvw,緊急!JAPAN速報!,3,5,0.162654
UCBnjvF0bRbyP2lX1qYc_aqA,反田恭平 - Kyohei Sorita -,3,5,0.162482
UCnJ1UXi8AiSt4XhZVDgCY7Q,日本のミカタ,3,5,0.161134
UC7R9T9xIxQBiMpueSKWT1ew,ホリエモンぶっちゃけ発言まとめ,3,3,0.16069
UCXc8RIwSM3byR-n9qdShTGA,まっさん【話題のニュース擦る】,3,3,0.159598
UC3rDdEnu0YJj0WgOY6_adHg,GPDちゃんねる,3,3,0.159543
UC-chr8slOaleA1yaJVcMIiQ,バイナリーオプション,3,5,0.159086
UCFU5Nkem713_RFWeCPFPRWw,【プロ野球考察ch】最新NEWSまとめ,3,4,0.158873
UCCqzTxp_9Hbq0dsBKzMhoJg,wie man kocht,3,3,0.158627
UC41TdRTa1Bl4keJZQmiZc5g,松浦勝人の切り抜き君【avex】,3,5,0.15831
UC8D7YSvivRShdeWcGadZF-w,荒木農機 arakinouki,3,4,0.158126
UC3mpwCLtIyC1oU2hBlzfIBQ,元保護犬の竜之助とアッチャンねる,3,5,0.157436
UCFAMT5sDp5nmMS_WPD67Lsw,Aoba-BBT ビジネスチャンネル,3,4,0.157425
UCHjj-qlJhYWDacFwnaewV6Q,KADOKAWA映画,3,7,0.155857
UC73scvS-eiqz7ZQEfh7NMuA,『熟年離婚』 57歳ケイの日常,3,3,0.155345
UCNwpTg0rZL0ypCp9xghQ-Kg,小泉進次郎【公式】,3,4,0.155193
UC125gaHS4WK6nOJP7H7AfCA,バズみっけ。,3,3,0.154737
UCFc5ln5Ycoz05M1CoT7gk5w,撮影NGを漫画にしてみました,3,3,0.154661
UC3j6aO7-jLja9Y182SCaiBA,パソコンやワイズチャンネル　【ITエンジニア・元外資系IT大手メーカー】,3,3,0.154659
UCYuVuLCtgrkQ6znA_ShdvXA,たっちゃんねる,3,6,0.154188
UC2ogKMmUa7zqu7XUXaqNsMw,TalkTube,3,3,0.152391
UC6ct4KltlthehtTsXMXUajg,ポケット経済,3,4,0.152371
UCPZwu3KpAxkNDuMyCjeg9dw,ENRICH HOUSE,3,3,0.151396
UCCdibO9eRKJIre22DKDNqug,sumika official,3,4,0.15128
UC3PZvqEE-zprmx70h3Q-zog,AKASAKI (19),3,6,0.150707
UCFk3HQ3YfBjlW8ghU4MMVvw,Cinematic Gameplay【4K・高画質で観るゲーム】,3,4,0.149723
UCt9sXvRSdxBCvkA6J7-rz6Q,ルイボスチャンネル,3,5,0.149354
UCDHBKFvE4DKyCCK2bRkwzug,おもスレ保管庫,3,3,0.14729
UCINbglb7zvqatizPDqBQfUA,Koron Studio,3,3,0.147033
UCEW9kz9a8Gojjthxq608vLw,ODDEYE109,3,3,0.146729
UCCMLURMy9blyv94An9j4ZPA,加登伶 / かとうれい,3,7,0.145071
UCIMXKin1fXXCeq2UJePJEog,My Self Reliance,3,4,0.144442
UC1XVRMOyhFZjhc82I1NrB2w,昭和100年邦楽男〜秋葉大聖,3,3,0.142119
UCRtmPX4pfSvYX-P5IJHmQUQ,田中みかんちゃんねる,3,3,0.141776
UCO0NdxSAJ3nFaIsKJZ4DWHg,ちくわ,3,5,0.141099
UCLbros9OMv14-1s2-5Yf1jQ,日本の人口増加を目指す男、藤江です!,3,3,0.139779
UCJPPLAlXX5alOMHcwo9vsrw,夜の物語ラジオ,3,3,0.13819
UC3TIAjxqQAbfcqGPhv_KSvw,厳山の億論,3,4,0.137739
UC9jzq17daSdnRkkaBrN2yXg,谷井治療室チャンネル,3,5,0.137726
UCUedA5v5KB8qtvONhmv9vpw,GYUEEN,3,3,0.136878
UC4MQndq2TArDBKMCjTFFCMg,Shoot For Rare Sports,3,3,0.13419
UCAarCG2hX0kW9aPsEQi4OcQ,ある🌷30秒でわかる暮らしのアイデア,3,4,0.132761
UC4x9O8e2sgSjHNbo3gx5UIw,デンノコ天使ちゃんねる【漫画・アニメ考察】,3,4,0.132697
UC7k3jn5U2bLLFJ4bDt2Dv8g,ナレッジキャピタル / Knowledge Capital,3,3,0.132328
UC8R78CtUj0uQOUM2wx-H1-A,松山の世界史チャンネル,3,3,0.132242
UCU2UsuO3gMhUGdUlDrZFFuw,シークレット CAR プロフェッショナル-Secret Car Professional,3,4,0.132228
UC-SXNknOFmXNfHx8ZsB6y3Q,癒しのまりちゃんねる。,3,4,0.132105
UC5UvHpGR8NprXWIxnMCgjMQ,Japanese Food Channel,3,3,0.132034
UCMe4ZDMqoSrHzYEtqD1YIRw,イチゼロ,3,3,0.132002
UCC-XBPQpMbMiR-VaYB3eFYg,シャナナTV,3,4,0.131919
UCM8ItM1fZ7VuhL7m2ypwrTw,超カワイイ三銃士,3,3,0.131904
UCJX8H5NZJIpobsCh8OyTvmg,【相続専門】わかりやすく解説!日本税務総研,3,4,0.131867
UCNtqKnhhp-jvNK0NaoeE6NQ,名古屋グルメYouTuber【ナゴグル】,3,4,0.131569
UCLFdpyGEIrfr-U9I5ntCB3A,Luna☽自由なひとり暮らし,3,3,0.130985
UCJm8Q-9K_8n-UBrgwEo4yLA,ARIatHOME,3,3,0.130876
UCE8HAcZ4sbFJMML3eV4zR2Q,板倉作品館,3,3,0.129523
UCL5q9HVCEjoFXWPBybkhXvQ,チャンネル正論,3,3,0.128511
UCF4-ec2-8CmjC4JMEEZXQkw,お助けゴールデン,3,3,0.128434
UC3FfdbJMlrKlMFStvQCtyEA,宇宙の語り部 ゆめちゃんねる,3,3,0.128403
UC5i39VOjMCWNVnnJd_Lqwbw,VORTEX,3,3,0.128118
UC6ShCUQd29vCJOvHjgMyncg,夜神左【オナホ研究所】,3,3,0.127898
UC9jE5AsHNM3njOxJUYGigzQ,1分間世界一周,3,3,0.127492
UCMU5wgePzH9rL5shQLp-C_g,Anna Film Production,3,4,0.126082
UCI1YydVs9W8z3RQ3r-QS5fg,Neil Hartmann,3,4,0.124884
UCIselBGe87lMkBf02WMBPCw,東條 英利 教科書に載らない歴史・神道的生き方,3,5,0.124123
UCZiGGE0e0DctISlShAILbjQ,Marcin,3,6,0.123691
UCcdReWqAU1F5_6hfWnWLlpw,ひつじさん【明るいニュース】,3,4,0.12354
UCNFA06BiOwfANUtCVmigLBg,Free Computer lessons for beginners / PC club,3,5,0.122695
UC3vZL9HzTk-sN4mUd6LVhqA,Outdoorbase_asobi,3,4,0.122552
UCQD-31XOIWj2Jao3Gs5-K-g,OUTSIDESOUND,3,5,0.122394
UC5S8dDswLqbnm9fuZ8Z2ntQ,TWIN ENGINE,3,4,0.1221
UCZf__ehlCEBPop-_sldpBUQ,HikakinTV,4,56,12.952581
UC9zY_E8mcAo_Oq772LEZq8Q,THE FIRST TAKE,4,122,11.122963
UC3eTZ5Yld6qufD6rtEiERdw,Repezen Foxx,4,42,10.546934
UC8pMBOI9vXf6fIM670vdIPw,ほんだのばいく,4,24,10.169792
UCJZVj2iBrdvbNc416i0V-UA,朝倉未来 Mikuru Asakura,4,55,10.001624
UCTyKZzmKi95wxmCg9rU-j6Q,令和の虎CHANNEL,4,45,9.423446
UCEAvwlv0ZtJrSsgaA2CewOw,きまぐれクックのサボり場,4,17,9.349726
UC642pLj4GXSj-0Ybdx3ytmA,Japanese Ninja Kajisac TV,4,33,8.964389
UCaminwG9MTO4sLYeC3s6udA,ヒカル（Hikaru）,4,46,8.662218
UCUCeZaZeJbEYAAzvMgrKOPQ,Kenshi Yonezu  米津玄師,4,48,7.899837
UCIOk-Q5kyDtSRaTIW7hIsng,平成フラミンゴ,4,15,7.450921
UCL6JY2DXJNDOIqCP1CRADng,エガちゃんねる EGA-CHANNEL,4,99,7.389966
UC1-4AnMxkLXLNL3-7UJ4KTQ,/谷やん谷崎鷹人,4,22,7.36268
UCaPJaMy0_OZlNjq7BVyTnkA,NOBROCKTV by Nobuyuki Sakuma,4,44,7.208391
UCI0xPNkgivK-FCcaCYDC8Yg,ヘラヘラ三銃士,4,13,7.102664
UCgMPP6RRjktV7krOfyUewqw,はじめしゃちょー（hajime）,4,21,7.05042
UCX1xppLvuj03ubLio8jslyA,HikakinGames,4,16,6.867913
UC3IZKseVpdzPSBaWxBxundA,HYBE LABELS,4,24,6.697601
UCSxjUZznZGt-ynhmtsCxjXA,THE ROLAND SHOW【公式】,4,30,6.53717
UCaak9sggUeIBPOd8iK_BXcQ,Kimagure Cook,4,31,6.502892
UCaADAFPHm2iCKvFt-lMJSXA,Nontitleチャンネル,4,17,6.493144
UCE-lBtQTa3A8gYgbl8xRMig,木村拓哉,4,48,6.306534
UCXzU-b8I0Y_fhMkLQMYt3vA,てんちむCH,4,14,6.192691
UCPKsFwt9ACF-EnJM3xN8wyQ,VAIENCE バイエンス,4,81,6.158571
UCljYHFazflmGaDr5Lo90KmA,SUSHI RAMEN【Riku】,4,20,6.119823
UCSEoj94-efoQhREyRWRySKA,手越祐也チャンネル,4,13,6.024241
UCOg6P-Ne5Hdd5tDtcOHDd-Q,中川家チャンネル,4,38,5.982881
UCVpGiJmXoTpjrpkVEAfbpHg,HikaruGames,4,10,5.899892
UCUnLtMTXZfrSeTJfO-N5NfA,カルマ【KARUMA】,4,12,5.771024
UC12HMtO5MYph9dCZZ7yygng,XG,4,22,5.758479
UCNIy6zQyP7SuLEIaiwymfUA,Fujii Kaze,4,59,5.699414
UCEA8Umn4azMfY2-qic1lCOA,タケヤキ翔,4,20,5.6541
UC8_wmm5DX9mb4jrLiw8ZYzw,スカイピース,4,9,5.627127
UCJyGoLz_sLHHHI1uEPg6UhA,仲里依紗です。,4,20,5.544105
UCZZ0UGjWsRdM8_5bsqtxYaQ,RIZIN FIGHTING FEDERATION Official,4,14,5.345803
UCbqtn4vldMg5HjKims7MWfw,KAI Channel / 朝倉海,4,16,5.204536
UCGynN2H7DcNjpN7Qng4dZmg,上原浩治の雑談魂,4,17,5.176157
UCE0UZVTfvQ8jiNxdIlLeWeA,ジェルちゃんねる【すとぷり】,4,14,4.99938
UCOF2nUSKF2Mz_vZHlxjxRTg,ふわっとmikuruチャンネル,4,7,4.857994
UCU607BfClX724VqZZ9zWWcA,エガちゃんねる 〜替えのパンツ〜,4,28,4.828844
UCP4ORJd6Knja3kAL40F6YXg,【公式】落合博満のオレ流チャンネル,4,22,4.808274
UCEl0cGW4V6pWG--C0hr5JdA,Kazu Languages Shorts,4,35,4.775664
UC5CXd3yvCNfePkAbxeianDQ,McGuffin,4,35,4.644741
UCRxPrFmRHsXGWfAyE6oqrPQ,コムドット,4,11,4.62722
UCaO6TYtlC8U5ttz62hTrZgg,JYP Entertainment,4,12,4.530727
UCLAhLxCcqi5afnNTQNnfX-g,Sou,4,5,4.426221
UCDXKEmr_kTXrj6L2uDPYrtg,メモ少年,4,16,4.407629
UC9CoOnJkIBMdeijd9qYoT_g,Ariana Grande,4,15,4.396888
UCLkAepWjdylmXSltofFvsYQ,BANGTANTV,4,15,4.359344
UCFCtAX45lgHcf4s0vAgAxww,Satozaki Channel,4,17,4.300937
UCNMG8dXjgqxS94dHljP9duQ,Yuyuta Piano,4,12,4.289775
UCNvcNd31bA-XERO6LGy4blw,さらば青春の光Official Youtube Channel,4,18,4.271187
UCFFH1T9H5J7lAr4tkhjoVmw,NAOMI CLUB,4,24,4.19428
UCGLpJ_PfKTa2nLg7kTxsnjA,MOHA JP【モハブログ】,4,15,4.151085
UC4QadOSsJu54Qs8z99shRiQ,釣りよかでしょう。,4,21,4.14385
UC78zfX-wGho3o6MrrnzLzMw,SUSHI RAMEN【2nd】,4,18,4.135378
UCX6OQ3DkcsbYNE6H8uQQuVA,MrBeast,4,28,4.063855
UC-xDRps8JhkrEj1UbuufmjQ,ABEMA HIPHOP【公式】,4,9,4.021141
UCFBjsYvwX7kWUjQoW7GcJ5A,瀬戸弘司 / Koji Seto,4,28,3.980841
UCJtMfSSPKuW22GXfkaN7DOA,ころんの実況【すとぷり】,4,6,3.977695
UCOmHUn--16B90oW2L6FRR3A,BLACKPINK,4,19,3.949722
UCBD4RO82lle5CyB_M9dtwzw,PROWRESTLING SHIBATAR ZZ,4,17,3.818109
UCOTR1tcOAhjgi6YukrPpZxg,まふまふちゃんねる,4,10,3.805537
UCibEhpu5HP45-w7Bq1ZIulw,Fischer's,4,13,3.693718
UCutJqz56653xV2wwSvut_hQ,東海オンエア,4,10,3.612281
UCNiurMpWExWgio2lqldycbA,辻ちゃんネル,4,10,3.591289
UCJqWKSEmDP9ph3iVYCKyl3Q,HANA official,4,18,3.581297
UCpFgmZm65yOU5X-hmWkWjuw,Mrs. GREEN APPLE,4,33,3.574362
UCRIgIJQWuBJ0Cv_VlU3USNA,ヨルシカ / n-buna Official,4,13,3.541607
UCBqN11fVN9yxA0ARcQxU9sQ,進撃のノア shingeki noa,4,17,3.519343
UCD7Y7OT3h-NxipAInNc3Faw,世界のフシギ探検ch,4,19,3.475247
UCUXfRsEIJ9xO1DT7TbEWksw,Eve,4,7,3.47124
UCSmIO01FO8IxQo-6yL63BzA,チャンネル　がーどまん,4,12,3.42576
UCpZnHxjKCAOm-FKPrYYi-LA,ブライアンチャンネル,4,14,3.40678
UCDn8Lqf-x0zD8hmFUg08f6w,狩野英孝【公式チャンネル】EIKO!GO!!,4,41,3.340061
UCEgdi0XIXXZ-qJOFPf4JSKw,Sports,4,12,3.323856
UCLKNp-ua37bAXkkPJRD-mfQ,GQ JAPAN,4,14,3.31561
UCc-QmIRSECP8Nm-P5ycue8Q,京都はんなりチャンネル,4,10,3.301628
UCtEm8GdvsJ3iDFqobrfXk2Q,桑田龍征,4,7,3.253107
UCHi5HD9w9B-gI6Lbx43Rs7A,川口春奈オフィシャル はーちゃんねる,4,23,3.242206
UC8AQxRa-WTwfWCJgkOKWxOQ,たてはま / CGBeginner,4,25,3.238888
UCK55Bpht6fHaAybg32khEnQ,児嶋だよ!,4,13,3.170416
UCTx_XX35OFPYWxc1qQnXypQ,田村淳のセカンドライフch,4,14,3.167085
UCR1zT1s524Hbc85bdvno_8w,Aimer Official YouTube Channel,4,11,3.135998
UC2rjL91-uGD8tID-LG1Vezg,ガチの朝倉未来,4,8,3.135751
UC7BLsnWEPZwIMN5c8maF_nA,【Shu-Shu Goku】,4,14,3.130037
UCIVqvhyo8ttjYOmMJuhq_YQ,RADWIMPS,4,23,3.052975
UCKZRL75vTjqbgd0WVdqF3Qg,天月-あまつき-YouTube Official Channel,4,8,2.953766
UCs9qQmAfeQzd1PuuwgHV_hw,Tomohappy,4,3,2.937627
UC-1uvY3U4sMSGi52IcT_fWQ,さとみ【すとぷり】,4,4,2.926277
UCLRl3pRdZrVuA9pGEdUxc2w,粗品のロケ,4,10,2.923968
UC8XtvMtw4upzmugbL_MmEHg,松浦勝人【max matsuura】,4,24,2.91324
UC26AciTXULvcABdrWbaeL8Q,るぅとちゃんねる【すとぷり】,4,4,2.839724
UCDbQblY1XASbgqOXmy6FOFQ,kobasolo,4,13,2.831043
UCaxKWSwF_egyenDrW4h4y2A,丸山ゴンザレスのディープな世界,4,36,2.784464
UCPyNsNSTUtywkekbDdCA_8Q,はなおとでんがん,4,6,2.778159
UCqqNehhz2b-jDnQ-PSNmLoQ,世界じっくり紀行,4,9,2.75456
UCZ6AXSKWO2AIi5RkSRlPP2A,キリン【考察系youtuber】,4,39,2.753413
UCNwP0ghb6J-xRSTqM3sXVXA,WHITEBOX,4,9,2.73279
UCIwFjwMjI0y7PDBVEO9-bkQ,Justin Bieber,4,15,2.677396
UCgXyMl3Y2kRHkK08F_Ct8Pg,はじめしゃちょー2 (hajime),4,8,2.65085
UCgQgMOBZOJ1ZDtCZ4hwP1uQ,ラファエル Raphael,4,14,2.645552
UCYfdidRxbB8Qhf0Nx7ioOYw,News,4,12,2.641354
UCXVW9P_uDdOtWA1DeeliNTA,フランチャイズチャンネル,4,13,2.627843
UC4kUV8uGKmoQUs1HLzf7jsg,ニートtokyo,4,11,2.597839
UChcgcbX3zMBwd0wTJyy2JlA,Hikaru Utada,4,23,2.583289
UCD9Rctu_iqX1DP35iSm2e-Q,Biologist hebifrog ch,4,17,2.570393
UCIqJDM2M8EVf7wpS4SzdyFw,FUJIWARA超合キーン,4,12,2.558631
UCMFkwHT8vezg-06EAgL1QNA,KAMENASHI KAZUYA,4,9,2.538639
UCPsScTIgmfx-y0lE3QvWxnw,Toyman Cheeseトイマンチーズ,4,5,2.537924
UCEc1YzMOSKKtJD7H-q71HgQ,Creepy Nuts,4,25,2.524432
UCxMLTQETeHIB2WGuTOG5wJA,Studio Candy Foxx Co.,4,8,2.519636
UCmVQGLgjuOa4oi1LUY4Q4gg,アレン様のゥｯトﾘ・ブチｷﾞレ人生,4,12,2.463611
UC9Wl5AzCQzp2esQ7uVoQz0g,とうあ,4,8,2.457837
UCEOnMHeEy33wYE-yffgY1mQ,Neta-Zanmai,4,11,2.445369
UCEf_Bc-KVd7onSeifS3py9g,SMTOWN,4,14,2.440732
UCEZE13DFJdRjTLvv4YvwPSA,トップランキング,4,38,2.439434
UCpOjLndjOqMoffA-fr8cbKA,水溜りボンド,4,8,2.406585
UCjANqq_LsXC-OHugv8yAUtg,TEAM TENSHIN　那須川天心,4,7,2.399617
UC6IMGCz0Pjwt2icerqPIuZg,秦拓馬☆俺達。チャンネル,4,10,2.353969
UC7MvTslTWkE1HKNYkXiGv1Q,優里ちゃんねる【公式】,4,31,2.330475
UC-9-kyTW8ZkZNDHQJ6FgpwQ,Music,4,22,2.299305
UCK6AthYumV0TO49a6fQ-gSg,レッドブルマイク,4,8,2.283344
UCRrXCfxt0PnTm8xhMRUH1fA,KaoruTV,4,5,2.254944
UCr7XbI_K1IPPk4ZrVbZlMDw,鬼越トマホーク喧嘩チャンネル,4,9,2.249048
UCOpNcN46UbXVtpKMrmU4Abg,Gaming,4,8,2.239701
UCYLIuZ_k8mb9RJrLqNI5rhA,I'm a woman from Ginza,4,5,2.232828
UCahWm4NUU8ccUPdw0VA0DCQ,年収チャンネル,4,11,2.210929
UCDzOfd9304g0cWmSameJNWw,KAWAHARA｜Japanese traditional food recipes,4,21,2.210223
UCDJ_L7aJsijdUKXQgy7GXhA,へんな魚おじさんの寝言【Weird Fish Dude & Beard Brother】,4,11,2.109625
UCiDqC_Fcv_OnGPg7E9nOUAg,FORZA STYLE,4,7,2.086978
UCMUlmS8pieIFbNhN1SkeB8g,Japanese hunter's meal / ENG sub,4,19,2.086649
UCdchCQQ8SZcMTi3xeDf62Iw,Sugulemon スグレモン,4,14,2.057109
UC8fHDBGAgaHRX2SfVxjsABQ,pinkhage_bassplayer,4,7,2.047577
UCBw5UGXnygjDQRoGfl8HaDQ,KREVA,4,8,2.041911
UCMcPUQ32zjHF_pkfn_24LkQ,ひろゆきのマインド【#ひろゆき #hiroyuki】《切り抜き》,4,24,2.037053
UCln9P4Qm3-EAY4aiEPmRwEA,Ado,4,22,2.033097
UClxUy4H_wT9h60a8fDRsokg,【タカヤマラソン】チャンネル,4,4,2.023973
UC0elp2101KAxbaAMzInGerA,KIRITANPO,4,8,2.007559
UCNhplGFoeT_ylmw0MNP_LqA,NIJIIRO ZAMURAI,4,25,2.00416
UCAL3H5xxIb7PhwkfaIf00fg,アンジャッシュ渡部がいつか地上波のグルメ番組に出ることを夢見てロケハンする番組,4,16,1.978828
UCgOfjIl0I_oG7VxIoaKaRsw,コレコレチャンネル KoreTube,4,20,1.969374
UCSsGvpCKNzGz95rfkwUjdCA,干場義雅のMINIMAL WARDROBEチャンネル,4,3,1.968659
UC9rMiEjNaCSsebs31MRDCRA,Stray Kids,4,6,1.961387
UCVBOJ8B3ZqnuH2AvwrciXwg,DJ SHACHO,4,5,1.934149
UClgRkhTL3_hImCAmdLfDE4g,YouTube Movies,4,54,1.913397
UCE4AfJ_twSPLH5Og288FMlw,Umi Kun,4,7,1.907231
UCU77bY7q28jGPYlDn089gfg,ミスターパーフェクト槙原,4,5,1.896293
UCFTVNLC7ysej-sD5lkLqNGA,Yuka Kinoshita木下ゆうか,4,8,1.885242
UCbVQGCsMcqC3q7OtX8iXy9Q,しらスタ【歌唱力向上委員会】,4,28,1.884914
UCqNEOVhcKpfdzcp9VgNcm0A,（Japanese horror entertainment）Omagatoki FILM,4,8,1.872503
UC4eYXhJI4-7wSWc8UNRwD4A,NPR Music,4,13,1.86289
UCkB8HnJSDSJ2hkLQFUc-YrQ,King Gnu official YouTube channel  ,4,13,1.857336
UC_ak3ZurSDtT3Kv1RFdrgiA,HIROSHI CHANNEL,4,19,1.839558
UCJ_12htuuUT4-yuRS21zMZA,RYUCHELL WORLD,4,11,1.839518
UCNx5Q9xTjgprA216Zy-Y8sg,Awich,4,10,1.839064
UCs4KWxdP-lRc-dgLXE5i8Wg,Fischer's-セカンダリ-,4,4,1.823054
UCn1qbwd476aiRH9d8RT5D0Q,VOGUE JAPAN,4,12,1.82094
UC69LHPVPZ0EVf35eJp_m9cQ,霜降り明星せいやのイニミニチャンネル,4,9,1.817537
UCSHc05m3seGiDBH6ZChd1xA,NOBLEMAN【ノーブルマン】,4,5,1.814768
UCUWtuyVjeMQygQiy3adHb1g,B.R.CHANNEL Fashion College,4,6,1.813936
UCpEEcJhBig2GqUFxcXjqiLg,Bz,4,17,1.793778
UCMsuwHzQPFMDtHaoR7_HDxg,Yukirinu,4,8,1.792003
UCz6A-bktEcKGLil_do4Vqzw,魔裟斗チャンネル,4,15,1.786649
UCsUjKxnRcagwiauVHl9jgZg,ダンベルHERO,4,7,1.784569
UCNYi_zGmR519r5gYdOKLTjQ,JENNIE,4,7,1.781922
UCv6P5nsS9rP4tDtFlqLU_QQ,ずっと真夜中でいいのに。 ZUTOMAYO,4,6,1.771417
UCcd-GOvl9DdyPVHQxy58bOw,ずっと真夜中でいいのに。 ZUTOMAYO,4,6,1.771417
UCQ_MqAw18jFTlBB-f8BP7dw,QuizKnock,4,8,1.770296
UCvKk23twpijvqlzhSWreySg,ドラゴン細井featアマソラクリニックch,4,6,1.768594
UCANr15MC0s7bi4cxtDd1Gtg,ざっくりYouTube,4,16,1.753854
UC1fYrot9lgMstv7vX0BnjnQ,かす,4,6,1.749766
UCOMXa6Up-Xyc4L9dd-sUElQ,SPIRITS RUN,4,7,1.743947
UCg4nOl7_gtStrLwF0_xoV0A,SeikinTV,4,8,1.728964
UCL4NX3B5v_gYc5XXWSTcpMA,ゾゾゾ - ZOZOZO,4,9,1.703322
UC3EDIinQZS_Db8cft_sQ5FQ,APHRODITE GANG,4,8,1.672382
UCHp2q2i85qt_9nn2H7AvGOw,NiziU Official,4,14,1.667298
UCMYsBeSkjPLc05InKr_RyAA,グンマー民,4,3,1.666956
UCw7HTQv0F4CB9zGRhqosYsg,Marina Takewaki,4,43,1.646709
UCNxyWUfEIBTV4I1C9E4OyCg,貴闘力部屋,4,13,1.639924
UCDFUIHM-_G3GRwUlo6r7KxA,BSノブロック〜新橋ヘロヘロ団〜,4,10,1.618711
UCM4TpjdXH67Wz1OxWf7Co-g,ランたなちゃんねる,4,4,1.601195
UCYEfQ8Iv-YlqQdbtUabefxA,ホリエモン人生のヒント,4,9,1.594187
UCNcQkRqY3_Ozcnlo6STqlAQ,Intellectual curiosity CLUB,4,14,1.58502
UC0C-w0YjGpqDXGB8IHb662A,Ed Sheeran,4,19,1.572769
UCJwZxUqMS6wg3mhYUUU6KJg,オジサンの休日,4,4,1.561095
UCFbUzdwR6xgnaCZBUTmyoEQ,RED Chair,4,15,1.550043
UCC0sdPRaDiKtOJQXfsvbUbw,LANA,4,7,1.544155
UClP8QHtFXrjXQfasbj2Hp-Q,愛沢えみり,4,6,1.528006
UCXW8Gzedlu2p6uqG3Wqm9pQ,KEI family,4,11,1.507972
UCF9GkbOIOnv4T5rAMUWkK1w,夜のひとりごと,4,6,1.504395
UCDT70KIrubMvV54_KXTkWpQ,もっと知りたいワダイ.,4,11,1.501703
UCLHTn2UQNUpSheL816CNa7w,BMSG,4,8,1.499051
UCIPKo-3YgwWFFEeagS-j30A,整形アイドル轟ちゃん,4,12,1.495883
UCbXUEjBdbrn4BEbLSKJuSpw,貴ちゃんねるず,4,15,1.490031
UCXteDRy5qB0IjA8WPusCJ7w,Mr.Children Official Channel,4,17,1.475658
UC5YkW-4JvoRFejb2_oKI-Bg,玉ちゃんねる,4,10,1.473666
UCQmK3pMRaG3OzWefTvXcD8w,2千年後のヨセフへ,4,4,1.45952
UCdEnz8AGhPTSltUpNOhU7Qg,燃えドラch【CBCテレビ公式】,4,3,1.449512
UCYDrghzK8H3dEbIQKyUKDlQ,こがマスク,4,15,1.444892
UCUE84ajlc5cdBzdlimvXR3g,ゆっくり鉄道博物館,4,5,1.443925
UCDqryKBRB_kh9XJs_uJ_Mtw,ふぉい / Foy,4,8,1.435813
UC4Au2QrbfaSjHPSdk5tUBeg,ワタナベマホト,4,10,1.427108
UC7diLYdTVp-jYqSIo--SJBA,Reo,4,9,1.425523
UC57LcTUKgjDg_K_VJXnmCTg,中日ドラゴンズ公式チャンネル,4,4,1.422578
UCE2oXM3JiubhqoTZuOVIGlQ,松丸亮吾の日常🍥,4,4,1.411565
UCUzpZpX2wRYOk3J8QTFGxDg,乃木坂46 OFFICIAL YouTube CHANNEL,4,8,1.411461
UC-ve2Yj6RmgF5LKQic7Pe5w,KID FRESINO,4,8,1.403308
UChn5TjkeEqd-JxzizMVSkOw,ハヤトの野望,4,12,1.399604
UCFPb0Vc0Cjd3MpDOlHPQoPQ,AiNA THE END Official,4,11,1.389038
UCpCesuCH4UxIcy65gSrC0Pw,チョコレートプラネット チャンネル,4,17,1.3811
UC7VsyNNxwOYgpvJLYabrprQ,飯田将成 Masanari Iida,4,7,1.377035
UCJ_jf8BIsLasf31SxRbQTXQ,熱闘ベースボールレコード,4,4,1.374944
UCFTjuhSe0OwwfxeI8qJjpJQ,ラファエルサブチャンネル,4,6,1.354133
UC6YvcKQ4Ydffc23SQ1_2KTg,Ilko Allexandroff,4,11,1.3378
UCI5qMix97T3tVZfxmHObDjA,投稿ページにお知らせ追加したよ。,4,5,1.335852
UClVHRbIuX3K2Xw3Wx8MdbBA,ASTRENCE (アストレンス) 宇宙物理探究ラボ,4,9,1.332209
UCCRb6nYKaT8tzLA8CwDdUtw,TWICE JAPAN OFFICIAL YouTube Channel,4,5,1.321749
UCupMpHRsBE0gQjRidr8CqXA,Unknown World,4,4,1.321385
UCGBpxWJr9FNOcFYA5GkKrMg,Boiler Room,4,9,1.300891
UC64uGOYi7v1ClET3GJVlYyA,谷繁ベースボールチャンネル,4,6,1.278314
UCfnSEB4atVWATf6vzepHzqw,さしはらちゃんねる,4,5,1.273023
UCLtzo5aMQ02SqzTjJL2vWyw,夜のひと笑い,4,6,1.272073
UCRaaCxSF8nEpfG3ZHesXKxw,ジェラードンチャンネル,4,15,1.269371
UCCp9Q2JCLjOenDa63FJi_Ag,陣内智則のネタジン,4,18,1.264956
UCWcEgYIOqq1BVr4Qm1sPuVg,あまり驚かないガッチマンはホラーゲームばかりやっている,4,10,1.253722
UCf8arBDjvsjcoFyMVuB1YEg,NEX工業,4,18,1.249594
UCzDd3Byvt91oyf3ggRlTb3A,とある男が授業をしてみた,4,11,1.249161
UCPnWWJ7fwOuJ_lZHHqvKR_Q,とーやチャンネル【ワンピース大好きチャンネル】,4,9,1.248754
UC92-AlmAIb3qgYSVdZqDXmA,日本げーむ情報,4,5,1.248112
UC9aER0bs2IpqTQNKljzzBFQ,清ちゃんスポーツ,4,10,1.247998
UCBcEvLQYPgVy_yo2HTUZZXA,福原遥 HARU channel,4,10,1.245697
UC1kZTLuxcZ1ICgKg4YnLLcA,投資大学,4,11,1.24401
UCAm21bybwFxjw3wb-oe-J2A,UNDERBAR Channel【フリーダム】,4,10,1.243498
UCMJiPpN_09F0aWpQrgbc_qg,キヨ。,4,24,1.235308
UCEz6Z7EgtSi-rPes-SIKJEg,official令和ロマン【公式】,4,10,1.232849
UCAREgs9I7YDdDSOJG7RR-5A,moron non TV,4,8,1.230184
UC-Fnix71vRP64WXeo0ikd0Q,IVE,4,8,1.227423
UCbjBntVhOcA8iQVJsKrgLTA,あいちゃんねる,4,6,1.225644
UCumHrA8x93C0EovIicSoTEg,バイナリー牧場,4,10,1.223012
UCBevyiJ2ierZY-0yZhfLrmQ,3Blue1BrownJapan,4,15,1.210387
UCaZK0kfr_sKxmLNoP2g9OWw,Yoshiki,4,24,1.208449
UCHazKLThRbMyMFu2bVAKhng,ウォーターチャレンジ,4,11,1.190091
UCQVhrypJhw1HxuRV4gX6hoQ,あいみょん,4,13,1.185554
UCOfESRUR5duQ2hMnTQ4oqhA,BUMP OF CHICKEN,4,11,1.173644
UCYTximhpSat0HHFPAI0UpUA,西園寺,4,16,1.170415
UCQgtvEFaIW150UlAyBzMkXg,ジャックポット,4,15,1.168249
UCWtLzcASRAjlVhKibLUCuEw,はじめまして松尾です,4,12,1.159798
UCJhEEqGP9Mxfb5SJNq7aOmQ,おこさまぷれ〜と。,4,4,1.14429
UCIJPUOgFIBu8TiXUa9hRWYw,CABHEY RIDE ON!!,4,16,1.133439
UC4DfUTbVd0dlIsVj3tmIYxA,ノノたまTV,4,9,1.132726
UC2v99T3RRi5NkdhP0ZqdpXA,本田姉妹やで,4,5,1.114002
UC9GWh7Q2EbFMq3kqSSjNFRw,さまぁ〜ずチャンネル,4,18,1.109933
UCjFD62YxatxENKLTPKycamw,DOWNTOWN+,4,20,1.107738
UCb_L4wZwHcJBrWcs-OTra-A,裏さらば,4,6,1.106445
UCRQX-dpFt_osBpH71ItuuvA,椎名林檎,4,16,1.094354
UCWdjUbxGkyTptCOj6THwn2A,せいじんトコ,4,17,1.093859
UCFtNXtesKg13a244ZZS90nQ,【信原空】俺はチャンピオンになるTV ,4,5,1.084984
UCHsAGMCOdb28LoNRaKRXGvA,りょう【クイズ】,4,6,1.083907
UC4dGJ7kHjMFq8-3DLfgthbQ,Another Blue 【3代目ワンピース知識王】,4,6,1.078779
UCMo5MECD5pwhUVLaMqZo5Xg,ユーチューバー 草彅チャンネル,4,10,1.074293
UCgTDck8fPsLGQcJIYhdUCvw,ドロピザ 【Drop the Pizza】,4,13,1.061461
UCPKlrgZXnnb89nSeITvTdGA,星野源 Gen Hoshino,4,9,1.060287
UCaTFX7ckdowpnwHWcJGH2KQ,水溜りボンドの日常,4,3,1.058918
UCP7Gw_YZAuh4Yg2fcdcuumQ,ARASHI,4,15,1.052006
UCVWA4btXTFru9qM06FceSag,Pitbull,4,4,1.051311
UCv8nzwVPQDRjkPCkEsOdEwA,Pitbull,4,4,1.051251
UCbbu1xpujjiSQtapBMTr5XQ,たこちゃんねる,4,5,1.046544
UC-wDoENlmgTNK356btBWpkw,シユウの作曲・DTM講座,4,6,1.039936
UCUTgXNqRBqR33D5q10DfQXw,テイコウペンギン,4,25,1.038318
UCWyynpZD7CkjZqQ7ZJGGjfg,高野さんを怒らせたい。【きしたかの】,4,4,1.034883
UCc4K7bAqpdBP8jh1j9XZAww,The Beatles,4,11,1.030548
UCKa1VlSq1WwdSQWv4JFdgxg,デーブ大久保チャンネル,4,8,1.029503
UC9GtSLeksfK4yuJ_g1lgQbg,aespa,4,6,1.028838
UCQhxtM_x7tu0Nm35zBAaLfA,スポーツナビ 野球チャンネル,4,5,1.016664
UCvLxKceh8GeC1u-S1WUUAMQ,栄一の書斎,4,8,1.014908
UCRf_7nS9lxLZFfK6kJBvK5A,スタイリスト大山シュン,4,6,1.002984
UC7Kfm5kIKZ8Vu_7_0DfW0Vw,さらば森田の五反田ガレージ,4,7,1.002319
UCbf6IAYfPy8CwHVgcHbxmNw,フルタの方程式【古田敦也 公式チャンネル】,4,13,1.000469
UCh7IsMrygg8X4hEJe8mUcQw,【公式】LAST CALL / ラストコール,4,8,0.988191
UC24yfMhHL7ryQhbc_Zw_qng,カズ飯/Cooking Kazu,4,7,0.985025
UCIR2mQ77wHrLMreV45nYhgw,かまいたちチャンネル,4,17,0.980186
UCDroKO5y6YK_kncTby_IXfQ,庭ファン【外構の大学】,4,5,0.976928
UCImJj-ZZddFJ97kDhdV-HXg,rhymesterSMEJ,4,4,0.976793
UCzKa8fRPoCbKh8O9yW2JK2g,桐崎栄二.きりざきえいじ,4,6,0.963292
UCZ7q0kqRSoxf2AYIvmKo71g,SETAGAYA BASE U-ChanneL,4,8,0.961766
UCMePJKT8Ep1UDJu6SCooywQ,ねこてん,4,3,0.961439
UCuIXjEv-ZBtFn4Sk_q-piFg,霊能力チャンネル,4,9,0.958582
UC-azJrHeE66u0zbAmEPnefA,KEIJU,4,6,0.954896
UCLnac6g3R8YcGOisZxsVIpw,うみちゃんねる【東雲うみ】,4,12,0.954433
UCQ2_aUkMhXnaQYd8JkkFTtA,佐々木 希 (仮),4,7,0.950203
UCTbGzD-nKBs7WvZfBL79kcg,まつした,4,9,0.948043
UC2WllyoBdiWnESWa9inI1gg,K-POP発声の秘密,4,6,0.943433
UCN_D8TNbHKJOcWmnly5cBBQ,関根勤チャンネル,4,12,0.943384
UCEYKyaeMLYsNqp_ozmbtfPg,板倉 趣味チャンネル,4,5,0.94248
UC7Obsd9r76Fi-wkbWcTFu-w,ルアーマガジン Luremagazine,4,4,0.931416
UCba_KBks-G5_4_x_LpK2pWA,ミニピンのレイス隊長,4,6,0.924258
UCzgxx_DM2Dcb9Y1spb9mUJA,TWICE,4,7,0.920248
UCXw-7zNPhqafIR0o-vqXX3w,SATAbuilder's,4,9,0.91423
UCEmNPlkTWfM1zmLRjLW3CPQ,Ufolium,4,4,0.899577
UCHF66aWLOxBW4l6VkSrS3cQ,Coachella,4,6,0.896542
UCUEvXLdpCtbzzDkcMI96llg,DAZBEE official,4,5,0.896308
UC3oy2pQL4R1T-GnCChH5uKg,moe【ちゃんみな切り抜き】,4,4,0.891667
UCpGJxlhKXfdOKkBhuDH6ujA,いけちゃん / ikechan,4,7,0.891188
UC67Dybo-Sy1jsAWr39RXrBw,ダグアウト!!!,4,6,0.889819
UCIljccFeDpFj5SmabJrXEzw,マツケンTube,4,9,0.889002
UCUd4nvdLClQ1SyHhQYhFeEQ,ふかわ。,4,7,0.888422
UC9y1pmCh89IkpeYcAfCG9rg,さらば青春のテレビ大阪チャンネル,4,10,0.887053
UCfHXFGSfNcicGJ46Jra3EPg,まえむき人生相談,4,10,0.885839
UC0wwyS5MbDCdbLjbtOt0yew,丸山礼チャンネル,4,4,0.882853
UC78cxCAcp7JfQPgKxYdyGrg,emma chamberlain,4,5,0.878512
UCfvohDfHt1v5N8l3BzPRsWQ,乃木坂配信中,4,5,0.866904
UCL8CKq7dCJFfKTaTv0O81Rw,SHINGO KATORI,4,6,0.8655
UCLkxbtUqIudgGSOl8XAdCfA,Meychan official Channel,4,4,0.864439
UC5VZjrV5x9J9mTyGODzu0dQ,JIN DA HOUSE,4,5,0.852788
UC7aaBqVlkCjhkhr8R9weLrw,Trust Kikaku,4,6,0.850955
UCKZ11k-3RHq1l8zDI2cO5ug,TV Shows,4,3,0.84795
UC8-kmIZowlGKYNuJUSgzfpg,薬剤師トレーニーSakura,4,11,0.845792
UCVp3nfGRxmMadNDuVbJSk8A,Wiz Khalifa,4,4,0.841867
UCBVjMGOIkavEAhyqpxJ73Dw,Maroon 5,4,11,0.841213
UCUApURCve0BEqv6Sa9x_OJg,my channel【白石麻衣 公式】,4,9,0.840237
UCXx0Upd1y2YswfJg6BFav4A,トップランキング Science,4,7,0.839695
UCKiOQh2CMxucWMEhZWMnszA,もりすん | 時短メンズ服,4,3,0.831163
UCKfIRa0Zhs6HQ33a_L6Tc5Q,生駒里奈 'IKOMACHANNEL',4,4,0.830257
UCeyC9t-tByuko20fzMwXr4w,美味しんぼ 公式チャンネル【デジタルリマスター版】,4,12,0.828606
UCjb0R_WvdiaYQkcycsZ2rIA,エ.com（エド）,4,5,0.828278
UCB6xxVx-XQdZ06Nzog4tyrg,SHINOMIYA【篠宮暁】,4,6,0.820893
UCU5yxbI6JKh1tAiJEI5f5fQ,ハンバーグ師匠チャンネル,4,8,0.817811
UCqGFPu-4jFeUR6pW-4qawDQ,Wataru Nishida,4,5,0.816385
UCPXmsBz7MGHcQmyYipFfNdw,LabNoz,4,12,0.811964
UC2UCB_L3Kh6Kv5pL3pJZFlA,9SARI GROUP,4,5,0.810182
UChNxH3wxiElBSAdAyMfNhJQ,春茶,4,4,0.805229
UCE7zzxNZZXC2gg2sq9HrTLQ,Reiko McNish Sato,4,9,0.799774
UC5CRHe4xL-hoQclcBzPb_mg,ELLEGARDEN_OFFICIAL,4,9,0.798811
UCTl3QQTvqHFjurroKxexy2Q,Olympics,4,5,0.797521
UCmWkowGJ1I7PRjIWWz85xTw,にこちゃん放送局,4,4,0.794036
UCtxx8JDiilyNt9DXPlvxwmw,Diving Fisherman Masaru,4,7,0.787884
UCUqLjh_T1RAd4WxgdPVVXzA,Amane Taniguchi ,4,3,0.786114
UCDNle3D-uI4EmTqhQyBsnfA,James Bartholomew,4,3,0.782587
UCKudwfXQgNM7Gkjv95qRI9w,SEKAI NO OWARI,4,13,0.781797
UCA_ezLqOnsa287XLYOtZ57A,HOMIE KEI,4,4,0.780938
UCrxsbWp33yuZmQvHfYyP4eg,SeikinGames,4,3,0.776048
UCMXjwK6-rRw-la5SN5j0M6g,スマサポチャンネル,4,13,0.774438
UCXhj2pPWvONXmvgHX5wllCA,Stray Kids Japan Official YouTube,4,3,0.7737
UCHMOZSfsDvYNIu4rofFxlhw,Shinya-radioII,4,3,0.767111
UCS4Rrb_cE8F_Jo1XI4bNQdA,浜田省吾 Official YouTube Channel,4,14,0.765319
UCIZX_W0AHnO605qbRO_sqMg,Junghyun&Mai,4,3,0.763399
UCz3r8UgzpDaDFXp55Nb-qAg,Ayasaki Channel [Mansaku no Yadorishi Enishi],4,8,0.763095
UCMki_UkHb4qSc0qyEcOHHJw,NewJeans,4,6,0.761608
UCZMRuagdTBKmmrFtSMN48Xw,牛沢,4,8,0.760801
UCSOCLKLWET2cPyE0yk4P17g,WatchMojo Japan,4,8,0.760352
UCp0iCvHGMwyfPHpYq7n2sPw,ATARASHII GAKKO! - 新しい学校のリーダーズ,4,6,0.759562
UCPBGnFPJYHkINrDbtfr9XFA,Yohei Fukuma,4,3,0.757748
UCKUlE6-Ezy7CIe7PfKmIM5Q,さかなクンちゃんねる - FISH BOY - Sakana-kun,4,9,0.754524
UCHy2kC9DmKCU6_QF9YHqpcw,アイルトンモカ,4,9,0.753289
UCzpy_vsj84oQL_fR0Fr1g0A,仲村TV,4,5,0.74595
UCpLu0KjNy616-E95gPx7LZg,ゆるコンピュータ科学ラジオ,4,6,0.7422
UCBo1hnzxV9rz3WVsv__Rn1g,ROSÉ,4,8,0.741495
UCyGIc98sff1hj6b46hDPJjA,まーさん切り抜き【公認】,4,3,0.741466
UClKeJXipXwX7_ZGxOBnMQyw,はじめしゃちょー の畑,4,5,0.739563
UCRYy8uVgWHUhXBkEd5JLCpQ,Nulbarich,4,7,0.733764
UC3sM_YxT0oHUAZTr3dOjsAg,あすか修繕堂,4,9,0.727538
UCkdHOzX7xdLGIfKIw7LgWHQ,【東大式】小林寛道監修 - 運動能力の高め方,4,9,0.726403
UCOxropmURR9srKw8l-USF_Q,世界の果てに、くるま置いてきた【ABEMA公式】,4,9,0.725341
UCGqY3uEPDcI5VFWOn-W_KCg,Masakatsu Takagi,4,3,0.725248
UCgv5lYDF4HSmegY09vyCSCA,UtaRun SUI,4,5,0.717944
UCYg9i0n1Vc4705rsYKJio9A,ごく普通の外国人・がっちゃん,4,19,0.717876
UCmg3V1eIlRzLwe3m0imQS3A,りぶ YouTube Official Channel,4,3,0.716175
UC4N7NpqbOJ-F8wna4Nf_Xaw,SHELLYのお風呂場,4,17,0.711161
UCn2eAgjhG_jocVMEnoeNLVg,ダンベルHEROソコんところ,4,3,0.706665
UC0EC1ynCksmUhQI8rnGAXvQ,リクルートエージェント公式チャンネル,4,11,0.703097
UCypYz0HzH-2oL7mdP-JK2yQ,おろちんゆー,4,8,0.702028
UCWn3Irlf3zIXjYzPjU7cHfQ,春日陽のレトロ近現代史,4,5,0.701383
UCIhqq_TjKA6IyCzgHTTxsAw,小豆島の漁師はまゆう,4,7,0.698731
UCEdiMA-7EUoUzQAXAJDRZUg,RaMu,4,4,0.697223
UCGjV4bsC43On-YuiLZcfL0w,KUN,4,7,0.696556
UCZ8HFEKYXxVwjaQ7VIK69jg,ジョーの日常,4,10,0.692091
UC8PMBKYUGIzC-kNoIiH_XOw,Harupiii はるぴー,4,3,0.691314
UCFFFsClZNq3gHLvnNv2df6g,髭達磨,4,7,0.685357
UC9TSfpyxg_-3jG-eqDI2_RQ,RED Memory,4,8,0.684528
UCrBRHWSm6OA3wKTnV4XoSUg,クロシロチャンネル,4,4,0.682799
UCXJ8yfGntvLDJJpQwouBzvQ,賢者の知恵,4,3,0.672646
UCKCUHBAsKHhY9SWdbQb2zWQ,スーパーカミキカンデ【ONE PIECEが大好きな神木】,4,4,0.671323
UCfkIGFmX-5t8Gepb7wWFhyg,レイス隊長の日常,4,3,0.669006
UC__AsSnEuyVgO9TWvZE_ziA,SekineRisa,4,4,0.668652
UCD7-Ocp4InwPKzwiq_U-Abg,佐賀よかでしょう。,4,8,0.666138
UCvpredjG93ifbCP1Y77JyFA,YOASOBI,4,15,0.66484
UClavnCGwYCt8Msza_CahrLA,クロちゃんねる,4,3,0.657606
UCE90OYY5eQ2Cj6elyJJKvxQ,DexFilmz,4,4,0.656839
UCrwvWHlrA48rM6SGWdkgUXQ,Car sheet metal painting restore GT,4,3,0.652153
UCXVR1LRbmrPnVoQbB2LLNCA,小林至のマネーボール〜プロ野球とお金〜,4,3,0.649508
UC8x_GQsqwLvglizV7xRckpw,Togimochi Koreaとぎもち 토기모치,4,4,0.647533
UCiMhD4jzUqG-IgPzUmmytRQ,Queen Official,4,6,0.647225
UCfxGbEkzgOwrRRcHmIjp4-w,アレン様 美の暴走劇場,4,6,0.637629
UCk5qA4dVD1vipi6veZ9hewQ,Mr. Denjiro's Happy Energy!,4,10,0.636921
UCGsRnMqtF7qUXvD2hG9wABg,ぴんはげのサブチャン,4,4,0.633346
UCnziFQs4Ihms4UtxmVZP6cg,UVERworld Official YouTube Channel,4,5,0.631925
UCcPVn1ydbDjcBmUE9nWrfsA,RISE公式チャンネル,4,4,0.627085
UCJE0dA5Dad6lSEvUFmwyoIA,ジンク先輩のメガビタミン道場,4,6,0.624524
UCRZCwHb4VhgEAF3owfdKATw,ぶるちゃんねるBULLCHANNEL,4,6,0.620249
UCbZvkG2uAgr6Oiva4FytscQ,oricon -Japanese entertainment news,4,15,0.615922
UCynIYcsBwTrwBIecconPN2A,東海オンエアの控え室,4,3,0.607448
UC0LVjY1g0QSoA3edqlsqBJA,"橋本梨菜の""週末ライフ""",4,6,0.607047
UCfe8_5qCM2n2uoB3Nsz_IFQ,ウナ丼_STRUT_エンスーCARガイド,4,7,0.605053
UCfb-Ly0RXaUGxglFJmPji1g,Warner Music Japan,4,20,0.604174
UCEl0Qw-y0d0SDBXP7PHukFw,くまっけ音楽,4,3,0.603483
UCv_S1DUUhXkszqvoGBmNLjg,おざみ /Misato Ozawa,4,3,0.598699
UC6fx7wWeicJDdS8DNNYN9fQ,パロディガール【BLACK】,4,11,0.597247
UCP4zT2rANBl529Nl42erGvQ,【公式】BreakingDown / ブレイキングダウン,4,5,0.595386
UCvoaQNxhpoQf-S923dNDd9g,LALALA Mystery,4,6,0.591514
UC3a6z9GbhAKPeg_bvvfjivg,福本児童舎,4,5,0.58927
UC1mWj_YaoNfxF3oeuByeC8w,マナブ18号,4,3,0.58792
UCar_QGP908qB3NJ2nLWdczA,解体慎書【宮本慎也公式YouTubeチャンネル】,4,5,0.584358
UCPPNnch1Klc6a3U-aynH_nQ,BSよしもと公式チャンネル,4,7,0.583647
UC4Kt3OCvmHXhysdW8VU_P6A,れてんジャダム,4,6,0.582921
UCX1qtmGx-RIWgBI9EYn8PFg,えぼら,4,6,0.5761
UCSVUraoC0p7x_HwMlMcvsPA,YENTOWN,4,6,0.575916
UCag2_dTMVIKWEMiTWrRBUQQ,みゆうちゃんねる,4,4,0.571064
UCbw91BgRkqc3pDUi2I0XRoA,OL毒女ちゃん,4,5,0.56146
UCPjkTPL6KKOGBv-EnQtWQxQ,Yossshi [Adventure Engineering] Junction,4,5,0.560662
UCJ9heZyWqGLRR6e08m1u1XQ,ドロヌマ【Drop the 沼】,4,4,0.559342
UCBE4xAbWESF5ofPzS9eLhgg,HeartStation365,4,9,0.558926
UCFkncXKwLRtA2MFdXOv34yQ,Nephrite,4,6,0.554485
UC9Bnr-dzm6CvQJnI8qVMNlw,爆笑問題のコント テレビの話,4,5,0.551261
UCVh1FLIJi0GxI_nLQcz1sNQ,TOMOKIN - Ryota Tomogane -,4,13,0.547321
UCHGYAdPGQAPAydcmkJ8hiKw,亀田史郎チャンネル,4,4,0.546469
UCCJlAOB0PI3rZQIbC9U9q8A,勉強ばっかりしてないでゲームしなさいっ!クエストはやったの?たまにはオープンワールドで遊んできたら?,4,5,0.545966
UCeCmTmCwLMhp7l6K3i5X5eA,【ダラシメン】やーかず,4,5,0.542365
UC-zKqf4xTVLa9QjuBNRdu9A,Seira channel,4,4,0.536361
UCHkj014U2CQ2Nv0UZeYpE_A,Justin Bieber,4,4,0.53626
UCoQBJMzcwmXrRSHBFAlTsIw,FNNプライムオンライン,4,12,0.535673
UC5iLPoX7jHrxhjg76eGMCLQ,しょうじ,4,8,0.532502
UC-JBOEI9NRCis8p_han0xww,ありんくりんチャンネル,4,6,0.532448
UCpbu18sbRQlFSo1PtixzktQ,中町兄妹,4,3,0.530652
UCGUUQAIHZpCVbQbbt9oTODg,春木開のKAITUBE,4,13,0.52565
UCDFpkI-NeAsgNLX39bPTK4A,【 日本語ラップの部屋 】,4,4,0.524309
UCGAfYLv36htHYj6aJJ3aBcw,佐久間宣行お笑いチャンネル【#NOBROCK #佐久間】《切り抜き》,4,7,0.523026
UCgr5CkgytiVfdnk4C0M42nQ,高木 豊 Takagi Yutaka,4,5,0.520484
UCsSyUK0dmdBWnpsmy0X3KVg,所さんの97チャンネル,4,5,0.52048
UCGlWnxRgmii2-InQLp8HmiA,中川翔子の「ヲ」,4,17,0.520205
UCEIMvzf3R9d3_2A3IAajvHg,赤髪のとものゲーム実況チャンネル!!,4,4,0.520155
UCJHZshDuIrd_6MaT8MIjFtg,るーいのゆっくり科学,4,20,0.518989
UC2yc-ssgmE9zX4A0xyjl-oQ,勝村工務店,4,4,0.515155
UCQXuk18FuV9iZjZDfGziVaQ,密着記録News,4,7,0.514893
UCHnCGxK78E6gFotcpaV-buw,Arakawa,4,7,0.513518
UC3jOd7GUMhpgJRBhiLzuLsg,Nicki Minaj,4,4,0.508916
UCNLxBzguoGLqXWA8_BtHSHA,時事通信映像センター,4,6,0.507889
UCeVfNbOctl0EXPZNXt4aRzw,カズレーザーの50点塾,4,11,0.506919
UCkceoy0usC5tMOcqQU6j8Jg,家賃の安い部屋,4,3,0.505003
UCA68Shqb4fCczxiT6Gk6gvw,ハピキャンチャンネル,4,5,0.503037
UC6rIHIpPsudYcghIzXmUZvw,Eleman Security Camera Channel,4,3,0.502503
UCrUdiKv9LERZmG_MKh63Xgg,えなこ,4,10,0.50211
UCIix6MklfJFywa_36iDj8Sw,Country Life Vlog,4,10,0.501142
UC3CPyCnhzdtAAvboJxzVfug,ケイゴの写真大学,4,4,0.501127
UCVc4d29MB1SwTr3tSqKJZCw,突然ですが占ってもいいですか?【公式】,4,9,0.500977
UCXCHYBLLDmpJXGennICoIFw,爆食ますぶちさちよ,4,4,0.500966
UCBI_tQeLqKZPTCrKbsGhJoQ,Asuka Kirara's official channel -Kiraland-,4,5,0.488102
UCbPF3u7WJIBJoEGMpYcxnLg,ちゃんねるダビッドソン Channel Davidson,4,3,0.486603
UCQMzqW7LdjDEJ7uDrwM1P6w,あま猫 / AMA,4,10,0.484893
UCXxadyQNuH1CA56lzxYtzXA,iHerb Japan,4,7,0.483876
UCDyHKpuBcZNjhZLIDLJldbA,りせとルイス,4,9,0.483607
UC1Wo5aoTu5jHOv1ULY7iNLA,りみー(RiMy) / ASOBI同盟,4,6,0.483569
UCR6eJ--N6B1pMtXeqltVE_g,ID Investigation Discovery,4,14,0.478975
UC8uKV91FGiSWEfrAV5MKizA,ゾゾゾの裏面,4,4,0.477572
UCNPDPYqIbaLkKACHk6J_IEw,オフドット,4,3,0.466923
UCFDL0NuxUBAvvu1PnIwW2ww,Goose house,4,12,0.464503
UC_aEa8K-EOJ3D6gOs7HcyNg,NoCopyrightSounds,4,9,0.464326
UCT8M1Ckd3VcBHnRKtrhqhRQ,HIP HOPの裏事情【貧乏サル】,4,5,0.463503
UCHTWjXIgA8A_jZxqDasNZTA,徹子の気まぐれTV,4,11,0.45943
UC1FfLN9TCkqsXSFVOCar0jg,ホワイトリーディングTJ(瀧川),4,5,0.458291
UCN1hnUccO4FD5WfM7ithXaw,Maroon 5,4,3,0.450475
UCTTDSLyGcFC2crN3L2-ybLQ,2ch不思議の国のイッチ,4,6,0.447296
UCOYmRdtvvcQPspSmW8QsJhQ,SEKAI NO OWARI,4,3,0.442398
UCJ698dH7BRxTekY_4_sdgWA,The Best Video Japanー世界でバズった動画ー,4,4,0.442222
UCDQspYUOJRNpWBWcPUmvqNg,洋楽和訳チャンネル,4,11,0.44031
UCFtVzEblikHdro4J5HeMo4w,GUNMA-17,4,6,0.439792
UCIldQDElbygGNA_XGbvYr0w,Osamuraisan,4,3,0.438681
UCEgvzVCeW2MnHV-M62CxBDQ,Channel Captain,4,4,0.438614
UCu451KxefbOf2KPJd0M7iwA,Brian Games,4,3,0.437418
UCRKutOrnx5S0tTxUR_wNYqA,Valentine Hosokawa / Positive  Classroom,4,10,0.436117
UCflAJoghlGeSkdz5eNIl-sg,いきものがかり Official YouTube Channel,4,4,0.43439
UCJmhrXwP_qVDk6JJzwL9pfg,リーガル探偵,4,3,0.434383
UC4n4_M1pv7pMguAIHLhO9dw,Back Alley at Omagatoki,4,5,0.431777
UCW3rbAgw8x0brFr29v50FJg,ピットワン,4,3,0.431622
UCOD-DHOD7kEg1DH-bNHgkiA,EXILE ATSUSHI Acoustic Jam,4,7,0.426064
UC9bsE8WMMR9bk6M_dX5bknA,井上ケイ / Kei Inoue,4,3,0.423385
UCCUd6vfPvpPHBWZ6XwXAlRQ,MasuoTV,4,4,0.415601
UCTA_YZYIN6XJHY860Esn8Fg,瀬戸弘司のゲーム実況 / Koji Seto Games,4,3,0.41509
UCGB3TkJfGvN7IeN5dl4dFtg,Shokuro's Fishing,4,6,0.413666
UCZClbdID0LrfXjd8D4PZeDA,makaitoshi@PS2TASVideos,4,5,0.411352
UCR1ZcZsEbE3ljf1nDKP0cAg,DJ HASEBE,4,8,0.410101
UCDvEytlGb_DYqYoZukE75Lg,ゆりやんレトリィバァのシンプルライフ,4,5,0.409304
UCX2pZgr9yHgeGWeg9TTil8A,【公式】ポンクエチャンネル,4,6,0.408129
UC19E86bVr9j3y7Psfcu5SKQ,KAI-YOU Videos,4,4,0.408108
UCA-uTlDQLuBwwMc5xGS9deQ,m-flo,4,9,0.404059
UCvW3pTDirPY5HcVf3x0plGA,名言で人生を豊かに,4,4,0.403379
UCdAHaWcKdpbT5XkN2Er6BUQ,ONE PIECE Official YouTube Channel,4,11,0.402226
UCdrMpXYOndJSyyhX6zieGAQ,【公認】ふぉい抜きチャンネル【切り抜き】,4,6,0.400981
UCU40qkZxC3RoCM3A3Ldyk3A,リセットボタン,4,4,0.398602
UCVWh1w6119Rjs6fd9LdZMJA,ボクシング解体新書,4,6,0.397585
UCb2HGwORFBo94DmRx4oLzow,One Direction,4,3,0.394738
UCIhzVbsULDkuJ0VvAeMpP-Q,夜のチャンネルがーどまん,4,4,0.394397
UCCS9G6L8z258FxTSrRdf1vA,崩壊寸前!ニッポン雑学ch,4,6,0.388506
UCRRPx2c_ReGveUKZCnCHrZg,ホリエモンの学校【切り抜き】,4,5,0.385753
UCDNNKXi2FpQa49x8HEuibjg,Keny fashionstyle,4,8,0.385481
UC_SAYuk_q3bVo9mRh--3Lhg,くれいじーまぐねっと CrazyMagnet,4,4,0.384695
UCix5u_j2mOZS9x_EPbKau4g,ZAKI,4,3,0.384522
UCCt-jMMGP-Fm-npn5XB7-Kg,YANOYA OUTDOOR,4,6,0.382815
UCm0dPmbTbrIiiR0Q0HZ6hmQ,睡眠BGMチャンネル,4,4,0.380502
UCR2-8yf3HYwYCcbA_aUWOJA,オードリー若林の東京ドームへの道,4,3,0.379528
UCM852NXeAJhHP8PE8twwfuA,Mami Hatanaka,4,5,0.379193
UCZ2MfK6kPxHZZqp5FTZyv4g,李家everyday,4,4,0.374979
UCZBCU6CXVfcTNprVnlmhj2g,アナハゼティ ANAHAZETI,4,3,0.374085
UCWj73Vd9tI7mKmnTjdZeDJQ,まなびスクエア,4,4,0.373558
UCdqDYwwQobtf1C2qZU-hm7w,STUTS,4,5,0.373504
UCzXjPL7zo0bxhOYDxLJ9YEg,ポッキー,4,5,0.370065
UC9WG3yh-vyCPqPDR8MFOEMw,米津真浩Tadahiro Yonezu,4,3,0.363213
UCQ_W2298zWO18GgP1F_sZ4Q,堀塾ちゃんねる,4,3,0.362998
UCH7vgFKKDZcQkyPayyqMRJA,歩乃華 / Honoka,4,4,0.362862
UC88qCWdzuAaOWh0fB-_GwGg,８ちゃんねる,4,6,0.362044
UCHKMyQNcxS2gm5uTc88HpgQ,佐久間宣行のノブロックTV【おもしろ倉庫】,4,8,0.359615
UCzj-di9DoNiL9ktZPtn5k3g,旅する三崎チャンネル,4,7,0.359186
UC0piSkXORh7ptudXkHhKmqw,MACO CHANNEL,4,3,0.358186
UCQaPbeD0hQMx9GsJlfBk4Ow,バナナLINE,4,3,0.358141
UCGyQHBO8Q7YE9AuLc-psWcA,ゆでたまちゃんねる/Yudetama Channel,4,5,0.346524
UCZ0bpNUWjBSoiX0UB55vAFw,ザコシの動画でポン!,4,4,0.345244
UC8LfrUPiwPR0G4pw3TYV1qw,groovy,4,4,0.344741
UCIjYyZxkFucP_W-tmXg_9Ow,Calvin Harris,4,7,0.344211
UCHWbZM3BIGgZksvXegx_h3w,Enes Yilmazer,4,6,0.341913
UCLdEdYIPup_1t03dP0tTJqw,五彩緋夏 ひなちゃん5しゃい,4,6,0.341871
UC3lB86lqHuTSPdmyjRq2Ukg,コノリリ,4,3,0.338988
UCakgsb0w7QB0VHdnCc-OVEA,Space Videos,4,5,0.338653
UCEyKnRfR3rxx86mJTHdr4sg,ごうけつチャンネル,4,4,0.335345
UCILZFnKZJksR7zwhZbAB4vw,れじぇくん,4,5,0.334785
UCdEpbrlHoqnUGMRy2LICtRw,カジサックの小部屋,4,5,0.333938
UCGUffPNvlvnRPzr2HYsUN4Q,にーとちゃんねる【ひろゆき切り抜き】,4,8,0.333841
UCZQtpHYcGeibe8KPpvnpVDA,MBSアナウンサー公式チャンネル「ウラオモテレビ」,4,3,0.332402
UCBBi5zCvAvvXbcgwUWV4wjw,パズドラ究極攻略TV,4,3,0.331008
UC5kHH4Bq46XCAcahuFsm7-w,米澤浩ちゃんねる,4,12,0.329998
UC6vH90E1cc-e1IC1_Zb5T5A,ゴリ★オキナワ,4,7,0.329358
UCMOWCrRrcdSRT7dCR_dB7qA,さんこいち,4,4,0.32922
UCqD72KlQed6DB-cPEaEYdEg,あさぎーにょ,4,4,0.327808
UCcNISJ2amgu_Bkkysm29MNA,久保田利伸 / Toshinobu Kubota Official YouTube Channel,4,4,0.327621
UCHdrB1BvjlVVsnQi-lPG7PQ,okeisuzumasa,4,6,0.325668
UCSrnV0SB1W2mYW4YMc9VTmg,CO-DAのぐっばいちゃんねる!,4,3,0.323313
UCQJ17IwkU2JNvY-85MNHwwQ,Kazuya Sakoda,4,22,0.323157
UC4ztf3tRuCqr7K-tUmHh4sw,A Day In The Life ,4,6,0.322835
UCalPK9_NX5vXXpdpXkf4frg,ねぎしこ,4,5,0.320155
UCcb0Ixexedx7eXLzgYZh6bg,BAD HOP,4,3,0.319091
UCZlRCmvySlxVT4uKt9CGbIA,鬼の英語塾【TOEIC攻略】,4,3,0.317332
UCG4PIPvmm838XWIJgKFKisw,ナイツ塙会長の自由時間,4,10,0.315632
UCuOzaoqQlNs1aCHYMz-97XA,THE オトウサンノヒミツキチ / お父さんの秘密基地 ,4,6,0.314834
UCHkm57ZjExicHc630M2xJ-Q,プリンセス姫スイートＴＶ Princess Hime Suite TV,4,7,0.313632
UC8TZwtZ17WKFJSmwTZQpBTA,MAJ,4,4,0.313115
UC8lbae_gt_YRVdeXj4DkbAg,マーカス,4,3,0.312116
UCDtT1H9LRU5xKea65hImTUw,Iga Channel ~Ryota Igarashi's life is a journey~,4,4,0.310487
UCxairDZpr_PzbzIaGLv7Q2Q,アイデンティティ田島・見浦,4,4,0.309686
UC7CeOxGzcmmxbf_Oacxf7sg,岩本勉チャンネル,4,5,0.309108
UC7TQJYnUfvaXr0SvOayB-2g,lute,4,3,0.309063
UChuLeaTGRcfzo0UjL-2qSbQ,World Surf League,4,3,0.308598
UC_KS1tdjPXW6SXQyreWLG6w,May J.,4,11,0.307452
UCQpvlT4xWlVmUj39iNt8oRg,第2ラバーガールChannel【公式】,4,3,0.306605
UCCm0H-eHFZ8yiwkLZ12SocA,SILENT POETS,4,3,0.306316
UCWprqhsiw88d-j07y7mETXw,大森元貴 / Motoki Ohmori,4,6,0.304548
UCCrHVT3ufh9I1ZPYvhJ6K8Q,PUNPEE,4,3,0.304498
UCaWMLmUDhKajLytkaygBY0g,ATARIME,4,3,0.303862
UCDllo4BxRu8EEcT5WTBlZBg,MeditationForest,4,4,0.303625
UCyck8jJ1yQzy82rLJ5nv8Gg,安保瑠輝也 Rukiya Anpo,4,4,0.3014
UCGTk0QaRrvqGcqIMI7Q38fQ,インビクタス岡哲也の売れる営業学,4,4,0.301115
UCyRBmlc6j7vZVVMr-dSDMDw,バベル裁判所,4,6,0.300799
UCCr8-R7TLmzjaagO3vrYNiQ,コスケの北海道でドライブを楽しむチャンネル,4,4,0.299859
UCNrrDx6Z5gFe-Qr7vltlVJQ,オヤカタくんch,4,6,0.298366
UCSRiYw3LjbERuvp6uJwCBYA,ピアノおにいさん新井【ピア兄】,4,3,0.298325
UCzgXh3DlVF0VELBna7AmlSA,MASA@留学0でもできる英語脳の作りかた,4,3,0.296681
UC3Vp72xFDacE5pO1K3WzylA,進撃,4,3,0.294411
UCI02V8-ExvpoDwfDIB-ch_g,りさ姉ちゃんねる,4,5,0.294207
UC9PC51Gw2A60kTM2S4EdRmQ,Ryuzo龍藏,4,7,0.292282
UCG937GJ3sH_WLE06qGqwulg,やっぴ先生の美容研究所,4,3,0.292244
UCW8NTBZnw6u9sHhqRNO9tYA,ウォルターズ🤗,4,5,0.289925
UC0YlhwQabxkHb2nfRTzsTTA,Galantis,4,3,0.28761
UCKB2ePQcisre4Cacyk1W-gw,つるなか,4,6,0.286644
UCwGNwOsWOX4v-3k2JO088SQ,FUMIKANA,4,6,0.286071
UC9KcUFBjHLqwJ7vyitUtBQA,村田らむのリアル現場主義‼︎,4,7,0.285602
UC8QheEuZR6-D_FG2ElItg4A,sakana,4,6,0.285399
UCn6-9MaO1b48I9UVP9Gp89A,M&A CAMP,4,6,0.283862
UCdRd_e2dhzfnHstI7MfIjIw,ぽるぽるふぁみりー,4,8,0.282042
UCKezegV3t5njyVLoeLhYi0A,ぐっちの部屋(ミラクルぐっち),4,4,0.278742
UC2i9z804rWVhZTiJq_juQDA,ワサビちゃんねる,4,5,0.27719
UCZI1v9kPAcr2rjp51SkDWhg,佐々木隆宣,4,3,0.271019
UCWNewOqSFLhMiZ1XneLc5xA,ラバーガール Official YouTube Channel,4,4,0.269508
UCynRI0Q6qUTGgzeRS8SiqGw,松坂大輔 official YouTube ,4,4,0.269221
UCcTuSuH_yELJQYU6YZUHsAA,ゲームさんぽ /よそ見,4,4,0.265792
UCGD5wXHf1DOfugEQ8SJK7Rw,濱口夫婦チャンネル,4,3,0.264612
UCf3mpBBVPTL75U9ZtUWM14w,さきヨガちゃんねる,4,6,0.264412
UConh1BwKagscq7EAP2Vng-g,ちゃんみな [CHANMINA],4,7,0.263912
UCMyK_NagyxiNzOCktmJY0Ag,おっきー英語TV,4,5,0.263711
UC9EizwfP0QQ7_XH97hAuiZA,Su-☁️ 快適な同棲暮らし,4,7,0.263464
UCRANtBEkFLJ137UbL0yv5PQ,Dポン副業研究チャンネル,4,4,0.262733
UCYi00JlMubJ0MPY9eqPXhoQ,Film-est TV,4,7,0.262489
UC9cD37sXfBNCQpz3vINa3TA,令和の虎Second,4,8,0.262346
UCs-QBT4qkj_YiQw1ZntDO3g,LE SSERAFIM,4,3,0.261892
UCIYxPVznmFH5EW1BkPkbB3g,空海の教えで心を照らす,4,5,0.260194
UC7IdvqE9hQbl9Zm5Lz-Pa7Q,ゴリラ通信,4,7,0.25906
UCYxS4Dlpwws8zESztY_M_8w,5whitemicrophones-6,4,5,0.25751
UCW2pBx8MXfDCcwUfjLHMIFA,K-1 【official】YouTube channel,4,3,0.254484
UC5nc_ZtjKW1htCVZVRxlQAQ,MrSuicideSheep,4,5,0.25389
UCNcD4_v1iiNwe_7mRnlEtgQ,二代目ワルビッシュTV,4,3,0.253864
UCR0UpzZHUcboAnnSDKf3SFQ,心を射る名言,4,4,0.252567
UCFKSFhVMtIu7akVuxPtXtQw,KYONKUMA,4,7,0.252449
UC5GkBAUxA0bAelwC4Mv8b1Q,Pokemon Academia,4,3,0.248539
UC38USpiXhfzHZZWUJT9-VSA,Sunny Journey,4,3,0.248268
UCRjur39QmTZsl4BwL6tMtjA,のんのん🍠🌻,4,7,0.246342
UCmsA3A5_HKBwI9OktSttTFg,fukuse yuuriマリリン,4,6,0.246239
UCP2MP4TvwGrKj7D55MJSQuw,（萩本欽一）欽ちゃん80歳の挑戦！,4,4,0.245755
UCGxJVq4KTczrAYxjjaQwL-Q,YuiOhta,4,5,0.245732
UCayANRD24SgFTlsqhomywcw,Chris and Gin eating adventures in Japan,4,3,0.245642
UCjIskCYmxTPpRUokyXoN9nA,ジオヒストリー,4,8,0.24459
UC0HFgxVVovAmhaLBSlalGIA,ActOnTV01,4,4,0.242029
UCNCkOniRrhWfXoB-QCYrK4g,LUV K RAFT (らぶくらふと),4,4,0.241456
UCyJJsGTGmfL-99GC69VW9pQ,ハーブとアロマの暮らしの動画,4,4,0.241145
UCzpMoI_9uAqcIxpq3Ydf2Lg,千原ジュニアYouTube,4,6,0.240619
UChkXOQo_8mnGZqUYSKJ4LmA,ゆっぴチャンネル,4,3,0.238974
UC4JeRiQvPQ_nb1BZWjk9QoA,Phil Collins,4,4,0.237757
UCFUAjeyVai7kXP2b3or7fFg,CUTTER Channel by KENSHIN KAWAKAMI,4,5,0.237705
UCnVLW9GMdWpzBG8eAoyPIsQ,たつろう,4,6,0.237496
UCSsz3UOcHtazkHDGzoGYzBQ,シャラララックス【岡山弁アニメ】,4,6,0.237189
UCG89lOGERPtdfw26C2bhC6Q,えみこのおうち,4,7,0.237052
UCMIdeeBjp_60Jv7ROpRxK6Q,2Pac,4,4,0.236789
UCO_sQW-zwI7jed3me1_BiUg,コロチキ西野の100日ニキ,4,3,0.236649
UCTWZ64blNKVlpIC7-0AbfMg,EvisJap,4,3,0.236301
UC-_FGIp2__NfB1GsBKCCcFA,りょじみく,4,5,0.234832
UCRb3S1sDrNZwTanllRRFljQ,ロバート公式チャンネル,4,4,0.23295
UC5uAVAGGe9YJ_7jaH9SJMrA,こちゃの映画ラジオ,4,4,0.231948
UC3EqE59ExXNeZxlWBdJyisA,バタやんCLUB【くわばたりえ切り抜き】,4,5,0.230442
UCWHXKpNL4ignxb1RNNNVUXQ,よぉちゃんねるぅ,4,5,0.228022
UCMMBGMjrrWcRZmG_lW4jC-Q,ピノキオピー PINOCCHIOP OFFICIAL CHANNEL,4,7,0.226188
UCJ9WGtPvQCu-OsoXKDK6FLg,和田毅ラボ,4,4,0.224074
UCSkdV_tOJjOUaHHrqcELF7w,CartopboaterNORA,4,4,0.223795
UCva0wag4bR41VWOdVM1lT9A,ハイポネックス ジャパン,4,3,0.223157
UCj4G2h4zOazW2wBnOPO_pkA,のん OFFICIAL,4,4,0.222867
UCWisfssBn282KUGgkmxgkwA,けんご📚小説紹介【紙上健吾】,4,8,0.22193
UCglQWY_cZKJI4m3CxjNrUxg,ぴくとはうす,4,4,0.221197
UCQwSBqzlAq-H7GPvv9Hr17A,三津家貴也,4,9,0.220173
UCftNzv8MWBpuZXkpXL18FBw,shogo fujii,4,5,0.218197
UC9TO_oo4c_LrOiKNaY6aysA,Daddy Yankee,4,4,0.217682
UCME18URl_IsSr1pVLHmuejA,重盛さと美,4,6,0.217391
UCI9CUKCAXYPBWusKEKeM4tw,一平ちゃんねる,4,6,0.217252
UCs9cS1P1tXeGSxPC9hMi8Gg,カツオくんさん,4,4,0.217059
UCAMvYSb3oO7oQpcaHZQYv7A,metichannel,4,5,0.216617
UC3U8d4Lc9UWpL85clhsa3uQ,ゆたれぴレシピ,4,6,0.216422
UC4VoaWbC9pYxGCawDknpSXQ,RYUCAMP,4,5,0.214908
UCcvYy1glVNbgf7xti6dPEHQ,タイマン森本【トンツカタン森本】,4,3,0.212264
UCXWnW9POrqPuDav-K_rWh0g,ブラックチャンネル,4,3,0.211484
UCGYuf8N6TGE6YVNurOqUjSQ,名探偵なろ屋,4,4,0.211192
UCg-6GnHhG-8X0U3LkDH3ZKA,【働く発達障害の方を応援】こねくとチャンネル,4,3,0.209682
UCYzc7QD2d1yMvELObVxF-kA,ながの社長のハッピーチャンネル,4,4,0.209543
UC7RnzR1toKpB-FdURqdeMTQ,Neet Hideyoshi,4,9,0.209542
UCKKK9zISB9DSgHyEKCoCAAQ,渡嘉敷勝男&竹原慎二&畑山隆則 ぶっちゃけチャンネル,4,9,0.207034
UCK-Ofl1A2m6WSqbPei2vc2g,通販の虎,4,6,0.205953
UCbdwk05xDKDIP0fpgNYd1Jw,しゅんしゅんクリニックPチャンネル,4,5,0.204848
UCQdCIrTpkhEH5Z8KPsn7NvQ,Mixmag,4,3,0.203056
UCboqmwN682NPFew8Wp8Qdmg,Healing Energy for Soul,4,3,0.202562
UCEohYLxZDv1STJYhlfBw8bA,T.SAKUMA,4,3,0.202244
UCxLhiWmUaAaV9YLrIOg3SCw,恋愛きりぬきDaiGo【メンタリストDaiGo】,4,4,0.19922
UC4941LeughfRCjlFm8oFExw,RDQ,4,5,0.198034
UCyblWsZQijMpohIqqTSgUZg,TABI-IE,4,4,0.195046
UCfTpIo7rmXntUYEHh0DU60Q,YYYA's CAMP,4,3,0.19485
UCWTp3yoBdAuP3ECOsbxOQIg,広島県安芸高田市公式チャンネル,4,3,0.194848
UCe6zPHa3Fs8822xUBkECRQw,Hoshina Training Studio,4,9,0.19468
UCQG8tNnV4hKetLhMb4MopHQ,FRUITS ZIPPER,4,3,0.194427
UCWL9n8RwvZyqHyXKiOTmpig,NRG8 - Music Therapy,4,3,0.192996
UC4enfllht9x_1F7JadBGfPw,【公認】バン仲村切り抜き②,4,5,0.192599
UC1ERgZ1JkRhGo5oKCeX-Daw,BONGOLF,4,5,0.192257
UCBYFb5Tynk3s7sy4KI8iJ8w,ひよりの虫日記,4,8,0.192185
UC3cIL-JzdUCXAOqhFB1RCBA,小向375チャンネル,4,4,0.191898
UC3JNsJ7XMPA7YbZ6vUtdnPg,Morio's Kitchen 【Japanese/Australian Cooking】,4,3,0.190781
UCSbBrzm7jMKwQV93CsDS39w,MELOS -メロス-┃スポーツ×ライフスタイルWEBマガジン,4,6,0.190656
UCFL-fP0IBagb0it998CJfRw,片腕男子,4,5,0.189463
UC39EMuY_IVq6_hBrs6tAMuQ,CRAFTA クラフタチャンネル,4,6,0.188859
UCK4_qnZJrp_mzmEFK_3fKqw,灰ねこ,4,3,0.188301
UCByHWpYv2uF2Iu8XdNOgKCQ,Makieigo,4,9,0.187717
UCbYkaU5oTjdoz3oO1pEzb7Q,Samoji & Hotane 's Daily Life,4,3,0.185682
UCQxZyqvs-1FvPq-aaX5Dqqw,診療報酬りゅうチャンネル,4,4,0.184109
UC6tVLhA00aBnwnr30YX3lAg,希空ちゃんネル,4,4,0.182874
UCapQJuucVNRPoOf7iZ36MGQ,実況ベイビー,4,4,0.182778
UC6YFaOCCIr6QgCU4WVU09-A,たけ | ITリテラシー⤴︎,4,7,0.182566
UC7uX4AWs28iHeFGACbnsXWg,夜月,4,3,0.182456
UC2yr1vqgbAo6I8cBgnaFMtA,神木隆之介Official リュウチューブ,4,3,0.181474
UCyhMAWqnYfR0Gmss71y3vFw,ドラゴンボールヒーローズ公式チャンネル,4,4,0.180679
UCFvaGh4Tsky5loZdwMNPdNg,サンボマスター,4,4,0.180475
UCIgkOTlZiVUbqtiGBU4USeg,Wataru Hayashi / Travel Videographer,4,9,0.180013
UCBNVHtuiZTp8CFGY0Su_08g,粉ミルク,4,7,0.177802
UC8LaxjG_1edMnm6HninrFsg,山田千紘 ちーチャンネル,4,8,0.177758
UCujGmvl-7_ta1-sTI7tdxCA,槇原敬之 Official Channel,4,5,0.176764
UCEswBuxYL-lXD4_SW-1MMOg,笑いの生る木【面白スレ紹介】,4,5,0.176296
UC8W9dsINaqFxjiyS7_J3zfA,TEE official channel,4,4,0.176102
UCJD1cF6OaRLNFTN0c-OW0WA,霊視鑑定師 輝凜,4,5,0.175869
UCAql2DyGU2un1Ei2nMYsqOA,Donald J Trump,4,7,0.175382
UCT4sSO1v3DKjM66RpZ7aC1A,CHOUJI,4,4,0.174943
UCGHWQsjSorpqn7NZuMZrBrg,Sakeneco Channel,4,3,0.174199
UC5CTV3JSdrlo5Pa42QkK8SA,桜井政博のゲーム作るには,4,8,0.170591
UCTDRDxU4j_dBIP_-rH6ECRg,まきまきパスタ探検隊,4,5,0.170531
UCR-Mf9hp696wH2nD6Kl9nBw,MAYAのお祓い,4,6,0.170038
UC6nsBbxD55hXZ6wWAv0T2cA,2chお金情報局,4,5,0.169864
UCHm9SiOLG8UoBT8STWY5mVA,Jay Lee Painting,4,5,0.169118
UCN4qCcFgo71XY3etavLGRfg,世界のビタミン,4,4,0.168112
UCPNIS0Ua5n77WwX4XFnfU-Q,ねこかず,4,5,0.1662
UCHGGjDM6Z7nq5qBIPzn1D7Q,たかやん / Takayan,4,3,0.166106
UCJIdacp_G-lLdYYrKXWCH6w,food_info_recipe,4,6,0.162038
UCIF1lv9U79XWAyFGQwGzvCw,2chの興味深い話,4,4,0.160065
UCyxSeZApD82ORV8osX7vSKQ,マイフレンド【海外トピック】,4,3,0.159992
UCw4S0yGeDVMJH04W6jFRp2A,悪の道,4,7,0.158064
UCnfxW57N8ZOCR28Kr5bV4vQ,マクサンラボ,4,3,0.157784
UC952PFqC_62SZ23bhS9F87g,おぎやはぎトラベル,4,4,0.157684
UC-b3JIZhC0xATKwBK4cmnqg,【元サッカー日本代表 城彰二】JOチャンネル,4,7,0.157137
UCmr9bYmymcBmQ1p2tLBRvwg,櫻坂46 OFFICIAL YouTube CHANNEL,4,3,0.156394
UCjTr4-f20ewN-w7_Bi7zrlg,シンガーソングライターYOU,4,3,0.156296
UCW6uQ8tQ0r8UY5ghbLOJ3qg,ばんのけ,4,4,0.156053
UChNkqst-cjAoIbXb-ukn_tQ,BE:FIRST Official,4,6,0.155866
UCbn-_A-tv1UsVYsgxbUU1Ow,凪,4,3,0.155375
UCSK4Ikp1v5WPe30pTJVe6Zw,東野幸治,4,6,0.155198
UCMj894p-S4r5feXAPqDRBUg,みんち🦦【#Z世代の味方】,4,5,0.153608
UCI8XxxV7TceehuVquABWvVg,女の子大好きマン,4,4,0.152904
UCNXTtiDmPTUdVfCfxvxbvqg,たるるの資産防衛,4,7,0.152577
UCd1SHHpqbGKhk0vpTj_ZUfg,これホントかも,4,3,0.15217
UCASliASL93lb8fdnpFiE3eQ,日本マイクロソフト株式会社 公式チャンネル,4,5,0.151565
UCa3QUGV1_6SBSEdFrf5swJw,興味深い知識,4,3,0.150304
UCjbYZnTrx4K1kB-taFQ0grQ,"小伝馬子のgut, me & biohack",4,8,0.150039
UCM98K5HdkG484LThxCgU1sg,世良公則 公式チャンネル,4,4,0.149985
UC-nZc5bJCSkf_6umk5Lo_GA,今田耕司 公式 「今ちゃんねる。」,4,4,0.149638
UCSORyE5sVWrfYETRh0uInPw,ハルクくん Hulk-kun,4,6,0.149584
UCIChMdJwQSvXmf1Z31xgEWQ,ひげおやじと仲間たち,4,5,0.148242
UCb1buS2yOqPj5IIlcIjN0gg,クレーンゲームdeゆめ掴み隊,4,4,0.145097
UC85qsk-P71kWi3T8heaf0eA,ふらちゃんfamily,4,3,0.144747
UCEpFoWeCMCo5z3EvWaz6hQQ,ILLIT,4,6,0.143466
UCfjca6Z_wpyinTqHdIYJ49Q,Sharou,4,5,0.143102
UCAahe6R0gvT60A_5I-cx0Iw,HIKAWA RIDES,4,6,0.143059
UCFKnWk6MsWNf6g6ky2OSYGA,よしのんチャンネル,4,4,0.141948
UCU0L6uKEM2JFzrqr446fLPQ,アスリート研究部,4,3,0.141564
UCLFuIXucKxFeZTetbiNOTmg,CREAM,4,4,0.141129
UCFu1RPVUkxusktBZb-qTkAw,Sunny Hock,4,3,0.141017
UC69RyC6BwDhIXYnDpYIARkw,Sound Groove,4,5,0.140792
UCLn5_tyUjLZLp1lSyuiNOjg,クラシック音楽の事件簿,4,4,0.138967
UCwrkO-XvrcNUG9BwyNVp8sA,古屋悟司,4,5,0.138476
UCLdnL7RNgh616cUbJJUGPRg,柴犬小夏のKonachannel,4,3,0.137152
UCoewz-Ub4Nudqqcdq4gWT5w,KENZO 【新宿109】,4,20,0.1359
UCXAU7ks-wPVoFJykHn08zvA,【下川先生】の菌ケア大学,4,4,0.13546
UCnr4Yy7vET4EqP7q9aelR1w,週末海外ノマド「ダイスケ」,4,8,0.134984
UCiGm_E4ZwYSHV3bcW1pnSeQ,Billie Eilish,4,4,0.134488
UCobSMaevA7dJ0cgg-aqpEdA,佐藤ミケーラ倭子,4,7,0.133416
UC1VYb0EKcZuy9rG3q0VR57Q,todrickhall,4,6,0.132401
UCOd_Yr1ws9PHKE54pfJrBKQ,yuzuofficial,4,4,0.132376
UCcg2qifbz6RC6pv6abkEjGg,ankou awaaazu,4,3,0.132011
UC7kUHboCxgLmZouOI6Um6HA,やらかし大学,4,5,0.131032
UCQLarDUQaztk4gEhBTdJlmA,プロのお酒塾 マスターイエツネ,4,5,0.130519
UC8bEVb0uCusQYA39Z-W_CQA,おしゃれマッチョ研究所ダイチ,4,3,0.12831
UCoie3ytrtgUCfDVN3PqxIDQ,Hockylo Ren,4,6,0.127811
UCweDxCT5Fiykk3uHqPKqLWg,Animist,4,3,0.126124
UCSxwcQnzA5K6DvofvBn6ATA,King & Prince,4,5,0.125774
UCjFLByL3JGp7qwGSV4zoQNA,関西弁CA / Ryucrew,4,10,0.124721
UCNwA4Db7w1ttuXJaJ_1CIcA,【はまろん社長】のAI活用チャンネル,4,6,0.124346
UCrDkAvwZum-UTjHmzDI2iIw,officialpsy,4,3,0.123771
UCvlctY0BTwLULhSSpZ6_wmw,runtime[Car camping],4,7,0.121794
UCYYMBQzRY6DKBj_3qMfRXdg,YUKO SUZUHANA,4,3,0.120845
UCoEyhWIuzY0F-n6KZLHBspw,ユミコア公式チャンネル,4,5,0.120307
UC2A9bPIozUiYiXBbBdCF3eA,かず先生の若返りセルフケア塾,5,66,14.801784
UC-qgCHahOqPsyi_HNnFfqPg,AYAMAR美ヘアチャンネル,5,33,13.136267
UC3p5OTQsMEnmZktWUkw_Y0A,Koh Kentetsu Kitchen【料理研究家コウケンテツ公式チャンネル】,5,49,12.99337
UC9mxzGn_II91_fXV_mQ7klQ,なるねぇ【笑けるダイエット】,5,35,12.983426
UC7-hcpPV6ttSS5kMIsh9ztg,小顔神 HIRO,5,38,12.712935
UC8oF7jmQsKbMVrCv5LrP32w,HIRO BEAUTY CHANNEL,5,54,12.531081
UC4-KH4Uw5-YCfhAYj-gVqSA,TARONII FIT,5,26,11.864834
UCIVgnw5Se9vlscb8gKVv2pw,ばくばクック,5,42,11.629121
UC6V_waoFfhhliiqAo5MFjZg,シクロエの家,5,46,10.509856
UC1Lp8HbCqOPBMT1W_mjb21A,kattyanneru/かっちゃんねる,5,51,9.498925
UC58zaRv7_nuQqVbBGDox9hw,あい先生 ｜リンパ師,5,43,9.356608
UC4YYMfsqUrejYXKnV--BydQ,デリッシュキッチン,5,36,7.316151
UCAc8lL1a5sbzUtQwZzEO6-g,体質改善を終わらせる方法,5,22,6.646128
UC83t4zV_XrK-0BSD41NwK-A,NOBI by NORIKO,5,18,6.50537
UCE40kwov-UdhGikwAowjAAQ,Kurashiru ,5,46,6.408801
UC0T9mx1-Nqd01vPFmpk7amA,ブスの美ボディメイク  -miey bodymake-,5,43,6.003472
UCC0JWiw4BJYR4NUDxQCf0Hg,ひなちゃんねる / Hinata Kato,5,25,5.841515
UC5eCvFUhtBeKCiQXUx6CvFg,kottaso cook【kottaso Recipe】,5,32,5.798514
UC4-TMrb7Mm4KnYx1VsUgcJA,あいり,5,25,5.761564
UC7LT6gRahCIBd5AO5MUl8dQ,Yukari’s Easy Japanese Home Cooking Recipes,5,40,5.724256
UC4Zyu8fXoss8fnCraoqVprA,GACKTちゃんねる がくちゃん,5,60,5.713046
UCFbp2XdRpKfk7mYt_uT8dxw,Kevin's English Room / 掛山ケビ志郎,5,64,5.613964
UC-a9wiNTKiLIRLTyIRdNbMg,OGATORE,5,56,5.496912
UC4zMk7dbUqzTZieuIFzzSgg,Relax Music BGM CHANNEL,5,48,5.34428
UC7C5oRm6cGgbjJdPPEVeNMA,精神科医がこころの病気を解説するCh,5,75,5.177441
UCNeegoJ1LrlcpaKl8XGpt2A,美容整体アピアランスTV,5,49,5.078699
UC8RtCkxfvHaC38ap-NpQssA,HIKARIやで,5,8,5.062857
UC-yqf8zufdTNd-3OwuSnoUg,猫ですけどなにか？,5,11,4.936645
UC8gH0DK_GGVibTIH0hD3kbw,あこの栄養学チャンネル【女性のための栄養学】,5,19,4.702289
UC92a6JHDZ6VqI-XPOAOWa1w,マツカワリュウドウBASSARIヘアチャンネル,5,14,4.629702
UCdX4bMa2UPwcfZ_8ietRs2g,美容整体のうちやま先生。,5,46,4.625643
UCW3T7nRjB-fzZ828xjDf_EQ,元気ママキッチン,5,13,4.582487
UC6vzXCyUFiz0wMF6aIe7Isg,macaroni,5,27,4.458571
UCJhjE7wbdYAae1G25m0tHAA,Cafe Music BGM channel,5,42,4.372464
UC49Kaj6V3vBLsAZnAlDDVSw,菊池亮太 Ryota Kikuchi PIANO,5,33,4.315741
UCP2gnyy_-ToZeIDw6qeI6HA,George ジョージ吉田,5,34,4.255218
UCDrLRJgdu05HtV8JLQVhx3w,Dog and cat parent stupid diary Husky & Cute Cat,5,18,4.241968
UC6rrGfyEDLdIkNB-uQmR-pw,🐏Yurupechi🐏ダイエット,5,20,4.209987
UC2alHD2WkakOiTxCxF-uMAg,よにのちゃんねる,5,25,4.206698
UC2ghxrGPzvBMy-GAg2q7BAQ,八田エミリ 美容,5,14,4.195525
UC8t1qjKXx5Cu4NquSrfYmkA,シロチ,5,12,4.144945
UCA7eKOm-KmE8Z6VmZkEKlbg,Gen,5,38,4.122665
UC7kOT7mhjBzHv0hxDsDPUhA,石井亜美AmiIshii,5,10,3.985921
UC5FHro6XfWMGHafWWavzXaQ,Briana Gigante,5,13,3.913239
UCH5YwlO6r8O8miT1ryatYYQ,Bebechan - 日本のフランス人,5,38,3.864585
UC1p2d2Fj7O9Kf0S7JmHhj-g,腎機能アップ！ちゃんねる 大野沙織,5,20,3.861006
UC3D2Id9EjpEiU2eXHe-Izlg,Rina Ohkuma,5,8,3.771662
UCA2UaHL_cIvNbaAaSLCTDFw,BIKIN YOGA CHANNEL,5,17,3.677834
UC9UI_fNxTbfEJImAg5Y7pOw,レインボーコントチャンネル,5,22,3.617175
UCAGahxd8RZYa0XfvCtPy5ew,Yu Sweets Researcher,5,21,3.615359
UCrFSZcYdqaveh6X2Liosjyg,Method channel that makes you look younger,5,20,3.514259
UCYJ1mMf-mLjFqTUXLNyY7sg,Grand Chef MATSUO,5,17,3.489094
UCVgWvb_vKG4wU-iqfc8JZ7w,毎日中華,5,7,3.470367
UC1NciQ9_T2vwtI1oWuQSM-g,Takeshi Takeshima's Kiwami-meshi,5,27,3.436958
UC2hnL_7ONv-fOTOdtgkrPzA,AZUSA,5,7,3.415167
UCPWi6BgnqRc4wtqEGftCuuw,DAIFUKU KITCHEN,5,30,3.35932
UC2tT2TQ8TDjX6ZVd12N_n5w,【美肌家】杉山奈津子のツヤ肌ノーファンデchannel,5,11,3.32176
UC9poG8aQWgYvJykq9PXsvoA,ファビオ飯 /イタリア料理人の世界,5,61,3.31019
UCQINXHZqCU5i06HzxRkujfg,BGM channel,5,29,3.286523
UCBxq5sx6EvfnUvP3-afmbHw,ayahare diet,5,9,3.283742
UC3JTWItzDfl41i2B6BFl9ZA,mikanbouya1987 kitchin garden,5,14,3.232835
UCftLOohXnznK4tDXqT-Yt_w,HOTEL DE MIKUNI,5,14,3.153392
UCBIsEsUCS5R9Rxd8gDwnF-g,Physiotherapist Park teacher,5,24,3.12431
UCGUhj0lwUUkhPr_KyXss_BQ,SACHI沙智ちゃんねる,5,10,3.120799
UCBtuFiLjcevA5gLfWgeiRzw,Rちゃん,5,11,3.105385
UCCrdU22bSw_r2k2lYJDe95w,義足でも自由に生きる【かわけい】〜障害者ライフスタイル〜,5,11,3.063513
UCKnAJC2VKxQeNXJJRKUQViw,勝 友美-VICTORY CHANNEL-,5,32,3.033646
UC-RNsA4086_NI9k3xgUEqnQ,田中理恵 Riefit 【ダイエット】,5,18,3.025479
UCvZ2_QT3GHTC8GF5yXhW2Bw,食事処さくらの料理教室,5,9,2.985934
UC6221cixGtzOBFJyLoSEuQQ,太朗のおもてなし。,5,18,2.961518
UCIbA4qYK21u1NUMHP4x9PTA,のんびり田舎暮らし,5,6,2.941815
UC23j2LvF1xvPaar76c1JVag,channel kie,5,4,2.938432
UC8JGYLk_zRF1b2MGa9__G5w,庭なし家庭菜園！ポコずチャンネル,5,11,2.9367
UCw2lRr9C-KTpoNlYK-oH93g,Kuma's dining room,5,15,2.931826
UC1Hke7eX7zHfRO3sOK_bg7g,Sakitchen,5,10,2.925806
UC1B51m7HSWGpm_qDDgoIeqA,フワちゃんTV /FUWACHAN TV,5,11,2.878743
UCLBSvdw634pOdp3yKHZoqog,過眠ちゃん寝る😪メンヘラ心癒所,5,15,2.865211
UCIPm5o4QMXp8Cbgf7ZLbhow,奥薗壽子の日めくりレシピ【家庭料理研究家公式チャンネル】,5,15,2.855723
UCGiEIACoA-INiZuSFhoksYA,榎本美沙の季節料理,5,12,2.821263
UCLcqrpFhRlJnm6etuLQblWg,【賛否両論】笠原将弘の料理のほそ道,5,32,2.783783
UC-2hOA2I3ZNlNypmhAc47Ng,インテリアMAGAZINE【KENTO】,5,15,2.731634
UCBidZwT_WlF1vDj3VYSTNgg,居候だったニャンコと家族暮らし,5,5,2.730888
UCZAiA9mv3m-dgWhfJ9aNAbQ,Ellyのボディメイクチャンネル・養生ダイエット,5,16,2.726243
UCE4gFJAD-ZWvZEITTRPRV8Q,chico,5,3,2.724608
UCGS5GoDbdj9fYTRh8tjSTTA,とおるチャンネル,5,3,2.724608
UC1fU17Mv-07UYfQYNE6CMAQ,Sora Tori,5,11,2.699749
UC7A9FqZiaNRE3xoIlU5Kifg,yukap,5,12,2.69313
UC7N348fUF5Sh-N4m1y578zg,Number_i OFFICIAL,5,12,2.686479
UC7fBsAK4Wx4rd0y0UKMJ77Q,雨宮家の日常,5,4,2.684317
UC-2AcmcgfQAAOuJt72vON2w,木下ゆーき,5,11,2.612346
UCNzRuiDsoh8zZHGCQ9y-ywA,150cmちゃんちー【低身長トレーナー】,5,8,2.591769
UCH9i--1vKBFg5MgLmAk0zjg,ストレッチ整体師とも先生,5,19,2.584665
UC2fqv_q3S4cGJa7wAtk3Rcw,【風水】九星気学カフェ,5,12,2.567245
UCluB47fcS-RnvNjPHrXYS5Q,KAZUAKI EGUCHI / チョコレートのプロ：ショコラティエ Chocolate,5,6,2.521886
UCUUxKULnB5rfH-sRXH6I7QQ,Tassin Shima,5,13,2.469449
UC2HLW_ZkopBzjnAId04vPxA,メンズNs【分かりやすい医学解説チャンネル】,5,9,2.45588
UCGbOTPDlBwkN-4N85dK6U7Q,かご猫 Ｂｌｏｇ,5,13,2.44764
UCd0pUnH7i5CM-Y8xRe7cZVg,B-life,5,43,2.44583
UC37tdXvFfQ-gAtxkGy4VdVg,Saki Kawamura in NYC🗽,5,12,2.398968
UCS02b3Y9RCzsT2k4no6LN-g,友利新公式チャンネル(内科・皮膚科医),5,27,2.386695
UCZSso0ls5SDHohsHjawvsYQ,ALISAのメイク講座,5,8,2.321585
UC4p70Ki-q_7SQzuUP3iU2Dg,50歳からのエレガンス英会話 Ellie Grace,5,6,2.31379
UC4TuPqh9f_TEODj8DlBXtOw,NINE beauty 나인뷰티ハイエンド韓国肌改善,5,5,2.295409
UC2WEap0mCxONZLulKVIW1TA,EBBING English Academy,5,22,2.293271
UC4OsXFBS4lsUjlZ0-5PK_2Q,アラフォーからのゆるリンパケアチャンネル,5,8,2.28039
UC5Mjg7-BzY896fGkDoLsejQ,矢作とアイクの英会話,5,27,2.26173
UC5kYw7NtkEnywLSuftNT7JA,ハッピーまきちゃんねる,5,9,2.260437
UC3CN-6HD65mLjZe_nO0KcCg,つなまよの親バカ日記,5,12,2.239934
UCB9oAbk6i-YBtJhU7QyOWVg,ウルンとリコリンファミリー,5,6,2.229993
UC51rrWJggvhah7lK0bD-7Wg,すなお7時間目の英語,5,11,2.213691
UC2oQ5573SQ8ouFun0qQw27w,Hikari Mori,5,9,2.200794
UC4IPTUCAGy8s0ld34PrzF4A,くろついch,5,4,2.200692
UC1JblLAuGsgpxjQjROHfwzQ,Hyukヒョク,5,8,2.18749
UCIpyFiu1_gYkd47EPM38gfA,目の悩みスッキリTV / 眼科医ヨシユキ,5,11,2.142241
UC1J7Kx06xlz0Ed4Z7dT3I6g,Hitomi,5,8,2.134537
UC67x7_KT2NZEjzJle5ZoqnA,クリームソーダと手帳のある暮らし,5,14,2.130791
UC600H5chBUZ9xYWXH8z-Sxw,Tastemade Japan,5,24,2.093565
UCIDOHrFd4wl8P6pPyPKlG2A,タイピー日記/taipi,5,8,2.06986
UCC8fFYot3Uivx9ulHefEeAA,GOROGORO KITCHEN,5,6,2.069426
UCSRGk4AtN7iyS1YOu79EG8Q,かずのすけ,5,13,2.063717
UC0Hul89PTAXeu1ibaviCCbg,みわ⌇40代激務OLのゆるエクササイズ,5,6,2.059771
UCXIbbUPWKPxzGyfdbAG8mLg,BonSoirTV,5,13,2.034008
UCNx5GsqVUUcLkgp6wRoB7CA,Yamakai TV,5,14,2.020119
UC3oVeet7Jd3YF4gmrmvTo9w,節約お姉さんういうい,5,16,2.011339
UCDYmlWxY97dc_PpNE9I1zXw,美容家 ささえりTV,5,14,1.982992
UC1ToVxtUzre1zhpTVxsSh5Q,Chiaki,5,19,1.976541
UCTNUzGFfCdUldW6SL_3fAVA,Chef Ropia料理人の世界,5,15,1.955393
UC635Xj-RNtvMDXpYBTOS7QA,kou tarot,5,8,1.929592
UC5IT9uQwZiWWIQanS2bIkGw,ポムさんとしまちゃん / ねこべや。,5,15,1.909953
UCHgmn654dSJaE6cSWzwYMDw,みっちーのアニメ,5,12,1.895067
UCTGEpK4QW14v7C1tPG306Pw,美容整体師川島さん。,5,9,1.890532
UC8PpZzzOaKEzBpdnBDxFKHw,はーちゃんねる【保護猫と暮らす家】,5,3,1.887541
UC4J5fr7YznZI8HZ37Ge973A,清原チャンネル,5,3,1.887541
UC0K-L3dioNK9vi11wR_nCBQ,Japanese YOGA,5,16,1.884574
UC5QPjyH-ASgmOLEbuBhMgEg,クリエイティブの裏側,5,25,1.87897
UCGhikPUeW2ITXvbdpjtEbkw,mami,5,15,1.847069
UCeu0G1rICr5H41aBte2Sdgw,ちゃぴさんです。,5,11,1.834037
UCFy846QdKs3LbLgBpSqPcdg,The Kiffness,5,4,1.815607
UC-F1fSuUHzvUQes0ujTt3BA,the answer(ジアンサー)メンタルコーチング,5,10,1.799901
UC5X_EosD9VyZYAHSYZ6fb8g,tomatoのかわいいごはん,5,8,1.799775
UCDS6g8kX6BLWKT6fh1ESYMQ,まるちゃんヘア。,5,5,1.77159
UC64KwGynvj3hA7T0C9gC5cA,Thewizardliz,5,17,1.756906
UC8-erIOBKbc1ta19LE8dm9g,SIZZLE TV - シズルTV ビューティーch,5,4,1.751012
UC9zvmoZU_THNz6poFiukxcA,The Shelter Rehab Project,5,14,1.725359
UC4AsqJ682wdqoqb0XA8H07A,Dr.赤松のLongevity Science,5,12,1.709794
UCHumJnq1eYXd2kYWE1w3Pwg,榮玉堂8代目　小林啓吾,5,11,1.692116
UCWsAvz-plMpc8dgiaoMb0XQ,Kenta's kitchen,5,30,1.683603
UC9BD3vH_5uBIS2jjVgXD0kg,ayakoishikawatv,5,13,1.659931
UCFaq5V3ZU0IDUwrU43_jC5w,yuri life🌱,5,7,1.653672
UCDNvEu0mHE4wMbbrnUL9mOA,MOMOUME,5,20,1.652621
UC_IE1NN9hk4eJbGbad-4LGg,Kousei cooking,5,35,1.648686
UCBJZQkervvdsOwQc8pDUHAg,枡太の朗読空間（ますた）,5,9,1.642586
UCYnGkeQBV_l58ITwVYoOnVQ,LILYOGA | リルヨガ　,5,9,1.624805
UC5U86jie1v46gfdRaEmDoDg,心のコンパス,5,10,1.623337
UCA5Ux8CdVhJBBkaPqY86gqw,"ダイコミュ‐公認心理師,川島達史",5,7,1.616782
UCBA9uUGktmChypQe1Yb4TYw,イタリアガイドみめMime Italy Guide,5,12,1.590004
UCcQkn0JiUzgi1qy2G6Y6s9w,Hotel Foodie Tokyo,5,3,1.572016
UChiZabFUXEDVSz_5NdWVhDQ,にぎりっ娘。nigiricco,5,3,1.572016
UCRxAgfYexGLlu1WHGIMUDqw,JunsKitchen,5,8,1.560428
UCBVrKKJOhch0iTtmEsA5DSQ,探偵ちゃん,5,7,1.536165
UCK5Ho4RIsOYFKUWZbzBc07Q,kayoの美容チャンネル【小顔ダイエット専門家】,5,10,1.527278
UCmMFrO9hjeAg9RLuTSF4A2A,だれウマ【料理研究家】,5,18,1.517757
UC55V_ihtpI2kc_E2GmLnUMQ,たくま・言語化のシカ🦌,5,17,1.517305
UC1Q990j5wBf8DsUAmFHHogg,かほの登山日記,5,11,1.510802
UC9A4-yrUWjjMRSDEa6eCw3w,高橋リエ,5,11,1.501348
UCCieB5QMiWjKeiCEO1WAKJw,つりきっぷ / 家庭で自然を楽しむ,5,15,1.500112
UC4ub9NlUukmUW_H4eJ6etdA,40歳以上の英語力UPスクール,5,12,1.497887
UC7RRJwv6RWtN_SxxN90Vc1Q,HASHIMOTO BEAUTY CHANNEL,5,4,1.497131
UCGGtjtSsIDEkviHTB_g1thA,PLACOLE＆DRESSY CHANNEL,5,5,1.477534
UCiF2j4FUWiWzBo_rhpfFVOA,小田切ヒロの「そうよ〜」な日常,5,8,1.476396
UC0EA20nvW9PmBCA4iIrAYvw,Durian's Powder Room -ドリアン・ロロブリジーダ-,5,10,1.475487
UCFstoZogjPSvpaGQamdYEcw,せこまる食堂,5,10,1.467775
UCBzHLiBZWSn7AmaW0AOAlWg,COCOCOROチャンネル,5,17,1.464014
UC899MXB8_df7O5HzedKBzaA,Julien Cohen,5,11,1.456369
UC7B4E6SH2tjdEyGMW39FfXg,LIBERARY,5,10,1.455399
UCIPIoslhqBLMrnU3EU1wrlA,【公式】グレープカンパニーチャンネル,5,20,1.453275
UCHe-IopvzUf0sBEYL5dybnA,Pato Cooking,5,13,1.450579
UC7EQCg3cauXvBc2OTQZ_Otw,MIKAMI's GARDENING Channel,5,11,1.441836
UC9ZnKfXEjdN0xZYAP2rfu-w,Japanese bread making,5,7,1.439122
UCQWT87turiWSi2zHAS5Q-Lw,りけこ。米粉おやつと週末パンのある暮らし,5,9,1.430795
UCFqW71Y8COixkdzgfs-EIlg,幸せ脳メソッド心理カウンセラー西村ゆかり　,5,8,1.430505
UCOb2mSJVXt_Aw2pAyj3Glgw,お掃除職人きよきよ,5,11,1.427989
UC2DW2JofrvGt4iZEUZcvppw,人間,5,3,1.42234
UCHdITyqujyX1I71eHZRApgg,森のニーナ Nina Mori,5,8,1.41231
UC00rnQH4OeToDAK93dD3fmQ,ハングリーハスキー / おうちで海外料理,5,12,1.405148
UCEWMAZrX2B9EEb_8bD6Jk2A,Kanayan [diet vlog] ,5,9,1.404564
UCP6aw2-Afafmm0cPZ7pmYyQ,nogachannel,5,30,1.40147
UC2qt_pRPkdevyGinekXvXXA,gomachamo,5,4,1.399069
UCk8HTeS7wRRam6nEKZkH1eA,1人前食堂,5,9,1.393437
UCCLCFKpDDLujdxCZU0dSB4Q,まゆ姉 心と体の健康美,5,6,1.39139
UCJC-sSXGjIc8bPP-A_bhG5A,おかしな実験室【tetsuko's room】,5,10,1.389973
UCdSu3tgroULNBpkyWkEzCYw,Emojoie,5,7,1.381876
UCAJU2KW2-j-epKIziwCbWbA,三木 恵「心を動かす話し方」,5,16,1.36913
UC34LwS_QwS9KiGESFdW1b0g,たすく,5,5,1.359023
UCL4ss3I2WQaWp2sw1SjHi5Q,Theo the talking cat,5,7,1.355678
UCCqMA3XCcqBUX4qhLSQYjlQ,四柱推命ちゃんねる,5,4,1.335718
UC2oWSZQt0bz-ZRjkvyLObeg,非公開チャンネル,5,4,1.335718
UCdkwoYSIG43CjpnCb31ReeQ,【英語で雑談!!】Kevin's English Room Podcast (動画版ポッドキャスト),5,7,1.335241
UC33TRheKFRadCN8wnkZh7PA,Natural Sonic,5,12,1.334322
UCPByqQHYwQ-EfJ5IQDUlE0A,Toby & Pi Family,5,11,1.317371
UCIAxOLPLaPzsjuRNVjaBoqg,お文具のアニメ,5,20,1.315215
UCSACDJBZm4UiVK3CnZ5G7aw,"BABA'S Kitchen "" NO BRAINER"" Simple Japanese Style Dishes ",5,18,1.31321
UCcxOVZZaHJzvNL_1CbuNX-Q,もえぞう・ダイエット専門管理栄養士,5,14,1.312054
UCQ5J3wi4Zxvgj-mWKGY8sgw,mikako's room,5,7,1.290773
UCli_j3KPGhsF1Mv1AK17UPA,サカナクション sakanaction,5,11,1.267277
UCCZfeUN7YPsyxEykxm-nxUg,Let's Cat's Paraguay!,5,5,1.262251
UCIoTgYjd_F9cD3gxgE7Lk8A,おすぎ(管理栄養士),5,16,1.257795
UC6Z4mPuDKx4XuQzdEFVd9Jg,女神の官能美学,5,5,1.228116
UC5utdILsj2woHXf6Z9rIcUA,べっぴん菌ちゃんねる,5,7,1.225487
UC0fSYqtJMTWXUNQ19QYWH3w,陽香HARUKA,5,5,1.223256
UCFbIVEpXP4caFApCPOOLv2g,ジャムおにいのパン教室🍞,5,7,1.220291
UCDXEWLD4dnsNWAULablPCQw,ポテトのタカタク🥔,5,16,1.217498
UCA0JAke3g1FzHhm5AR6gr0A,【見るだけで健康になれる】元気健康ライフ,5,18,1.217044
UC1u2xTgQlswh8-rRekyZeRA,ミランダかあちゃんねる,5,8,1.216459
UC1nznQzS-aHtUaICqGy-4cg,英語のそーた,5,8,1.210793
UCG-yajz0idIJdQMU1FRuFcg,山田どうそん【オンラインビジネスで自由に生きる】,5,7,1.20845
UCNVVobTBWGmHYm5LEp9WaRg,MokaFit,5,9,1.205661
UCcwh0T2Fqxo9NHrpqKBrwIw,Make up GYUTAE,5,11,1.185736
UC4ZkIWuPJJsA3-GWcslvaow,長門政和 Nagato Masakazu,5,10,1.183517
UCJg80GhmXKOkJdkoX6R2P-w,くぼたび | 年300日くらい旅する夫婦,5,18,1.180612
UC3hb-DiQCVlPLv3kgWVs-MQ,ひろ 人生を豊かにする言葉たち,5,9,1.180117
UCaBDaXFGqf2hcn54MHQD3Yw,Wellness To Go by Arisa,5,12,1.177287
UCBEdPMFE0l7cE_c4UvbFOzA,整体院カラダノバス,5,5,1.170576
UCeAA1RqTJMMNGKR9yPh9H5Q,クララ ブラン・Klara Blanc,5,10,1.16577
UCSj94-e9pRHaY_p2LaGiniQ,Zutti Mattia,5,8,1.160025
UCI5pX--ky1-KE8xu5ybTq2Q,ちびかばクッキング Chibikaba Cooking,5,10,1.159046
UCYkW8AbG82KUsh8zGWARriA,Japanese chef wok man,5,14,1.150896
UC6CgSYwVgiSXLkB7BBodqFg,Hideka cooking,5,5,1.147751
UC3swo6utVXOSYwxazwoKWBQ,nanakoななこ,5,10,1.141612
UC5CCod543ldc7eBcwCynFPg,ヘアアレンジmizuno toshirou,5,4,1.140822
UC3R2xUoFiix1UY_UaQ7c5Ug,やん / 完全独学イングリッシュ,5,7,1.136211
UC8WelTBsM4LmRtth7V9Qn9A,初老夫婦とねこ,5,7,1.133143
UC5jWlsc9SBpoa8PFS80uMRg,kayodoll,5,9,1.123178
UCGrMumVzzJhyVQtkdhQ3OXg,maa,5,5,1.1195
UCGuOBHuFpeXNDDxIEqKRk9w,Urban Cohesion (アーバンコヒージョン),5,6,1.113934
UCO_ofH26lBQDwYhTqQgVN_A,チル 𝐶ℎ𝑖𝑙𝑙 / ダイエットデザイナー,5,4,1.10427
UC_4-bA8lLaByKgc4xcZ5QbA,夫手取り17万円の節約ごはん,5,18,1.096615
UCR-R2LsCqhQabDs1T2nARYQ,4毒抜きキッチン,5,4,1.083015
UCN5oyGuHgVAfWEacZaH-mpg,シワたるみ専門【48歳からの】自力整形チャンネル〜何歳からでも顔は変えられる〜,5,5,1.076951
UCAhJIkIlZN9YHLZI93eVXlA,よきちゃんねる,5,7,1.07506
UCQnsCgHXnXR4y8fecFCJQcw,Marco Macri,5,8,1.074604
UCDHBN6c7uHLyjZcxGdChZWA,moviecollectionjp,5,16,1.060798
UCRKx3Kj_LGlk3Qyk6FRc4Mg,すみしょう,5,13,1.053462
UC6quQ6CGgIhSxWC7QwOpeCw,さき◇美女ごっこ®︎チャンネル,5,6,1.051194
UCNcdfynjHc086o_-NynFuFw,けんますクッキング,5,18,1.050916
UC2p9pSIMYa-asF6C38039gQ,ビデリシャス - おいしい動画 -,5,8,1.04535
UCb-cMiVs0yGmi2IPmowLC5Q,hokuoh kurashi no douguten,5,10,1.042775
UCkMbW8airnw23oEJVJUD8pg,えんむす,5,5,1.041685
UC769Tsb4Sotyu3XfJ_bWJ7w,漢方健康みっチャンネル,5,8,1.041625
UC6j54_oh9ESTBBG2HoqzAMg,大野 真人,5,4,1.035702
UC8aIZF5U67Ght05GaCSGuMw,食欲コントロールダイエット講座,5,13,1.031327
UC4B8JqARM3qfs8T3kIhluBQ,ピヨの漢方,5,7,1.027695
UC0zArNuGZKdvzSkfHbR9yLA,ほんタメ,5,10,1.025592
UCBiJhpVPD1jA6V4o7r2rQog,kaede cooking,5,14,1.018766
UCQ3DjDdFpSMMoPLDc2kLLWA,ナレソメ予備校【公式】,5,8,1.01637
UCxbY38ReXW3LbaviWUE4omg,Discovery Channel Japan,5,47,1.016135
UC3qUp3tHg0Mxjw-mhyvHhow,Riko Yoshiura | アメリカ留学,5,5,1.013919
UC-M3t08tcnHmvMRKRMSJgoQ,足つぼチャンネル「あんよ先生」,5,6,1.003585
UCiMq2YMvF47o7K4FIZxkjFw,Haruan,5,4,1.001277
UCAVmlHjp-0ARZ7JwJOcWvpQ,Japanese Noodles RAMEN ROTAS,5,10,0.999096
UCChL7pE1Ji93YBJu49yJdEg,体の学校:FMT整体,5,6,0.996503
UCdqmGeaJIczU3-ZTdBv7JaQ,kemio,5,16,0.992962
UCkgA3lLA6x9ZaXuuhkfCB9w,Les sens ciel,5,5,0.992184
UCBqYATdJmopNqNWvNN0C-Ig,【Shorts】Kevin's English Room,5,8,0.990923
UC116P3VfoGEmOhRNODetbOA,今日から使える健康知識,5,8,0.979254
UCPFBm_DrKHW9Rw98FYpxgxw,絶望ライン工 TOKYO Factory Worker,5,15,0.967358
UCO92Lqt-eS2O3T2pPQmWyeQ,自分探しイズム【アダルトチルドレンの治し方】,5,8,0.962724
UC3_3jxzwvz8_6fZ3dglQJ0g,さやか食堂 / 小麦･油･砂糖なしレシピ研究室,5,8,0.959579
UCDE_gujqIP9wEBZy0lVH_8Q,MANTAN TV,5,12,0.95751
UC-nMK37fDDgPTbENzjx31XQ,ゲッターズ飯田公式チャンネル,5,27,0.955713
UCC-Taf-yjV3pp0cvMKWUOFg,フランスパラディ,5,3,0.951573
UCKsDIOMzLa9Ls3jQIXS7vaA,日本がよくなるシゴトずかん,5,21,0.949537
UCmZkxD6Tq9mL_pMT-UNS-GA,syun cooking,5,11,0.947111
UC9FRE_l8s8223cZEqTbQWpA,化け子♡いきま〜す,5,4,0.937331
UCVPmy1wH6M14lIIQmyafwWw,Dr.コパの開運道場,5,12,0.914836
UCISg6B0UZg0zcUN6jkoDLNw,Yuuka Sagawa,5,10,0.914354
UCFp0hQ6iE5gNOyHJDVg5G5w,神ひかりのオラクルカード占い🔮,5,6,0.898368
UC0YsAI8JC0yx1sCbshABidA,ぺえ,5,5,0.892681
UC7bX_RrH3zbdp5V4j5umGgw,Relax Music,5,10,0.890969
UC0jsyqHHXQ3fqOMEzUB-COw,アートゥーン! / Artoone!,5,4,0.88929
UC5BMQOsAB8hKUyHu9KI6yig,KBS WORLD TV,5,8,0.887082
UC4YyKY5o60Kckk-GXOnhT2g,Violin Phonix,5,6,0.885621
UCKtnTxUlk0OYSCNLAd3GOvA,西村俊彦の朗読ノオト,5,6,0.879549
UCiMFeia3Sd4kYXp358fPrxA,TOMOCAFE　MOKA,5,7,0.87744
UCKsW0hDSVqVuU9Cf5EAGCqw,キキ　蓋はのせるだけ←弁当作ってます,5,5,0.877198
UCBwS3VQhJVG4EBkGMWZ9jjQ,Tetsuro Oda,5,8,0.872412
UC1kk8pmQ3Rg5DZtwOrpFDMA, しょっぴん / shoppin,5,3,0.871809
UCYl8Yj26QDphY_tR5FmkDog,大人の美容作法,5,7,0.860592
UC_226ocwA3qmdpY2umXy9bA,コスメヲタちゃんねるサラ,5,12,0.85462
UCXm76zKrfNApFif6A0zS9Tw,MrFuji from Japan,5,18,0.851269
UCS1MoaZ-1EnVeJpUaCHYqVw,YUMI TAKAMI,5,7,0.847996
UC4ZMxjJYNiR0MnvwBdquEAA,Mr.Forte,5,12,0.835973
UC7xq9KOVlkSSwwvTCiW6Pcw,痛くない歯科医院キャロル院長,5,8,0.834748
UC5aerFlSJr2iTybxU_msSpA,Channel Uribo,5,10,0.83089
UCMHTRS4OMqiDb4beWFZ0MHg,ずんだもんカイゼンラボ,5,14,0.829266
UC2TO0G6Oj-K18tLgZIg_5yg,自己受容で人生変わる💡【あひるの学校】,5,6,0.828135
UCLXRvdWoSRxMniZw5OvC7xg,こばとも先生のスキンアカデミー【こばとも皮膚科】,5,8,0.821898
UCUNjZrat8tISzZH0kQDroRw,ずぼらに健康でいたい。【ゆっくり解説】,5,9,0.821756
UC-suR0N5rb8eR4m3M5Z0elg,東京カフェちゃんねる,5,5,0.819013
UCLbInhFlKbziEPTRR-fQZ9A,横山天音チャンネル,5,4,0.8185
UCCUDI6EtG-Y0w8Nc-hTpsYg,Shiba Inu Steve,5,12,0.81684
UC9IysyETvboy5sWiAM0Glsg,整体院Honesty-オネスティ-鈴木和幸 @大和市南林間,5,5,0.810323
UCA60Ye6Yrr979kxJNQM8geQ,221-kaze,5,5,0.804626
UCX-ggPggfBsa9Y8gF0G2dvQ,宇宙意識×お金の研究室,5,8,0.802722
UC6ID-aYVgXMaxn23_31_u8A,Rui【事務作業効率家】,5,14,0.80231
UCKDePZ6jCV--OqpvEfq_ERw,ぽぽてんスイーツ🦄,5,3,0.79967
UCJ0uqCI0Vqr2Rrt1HseGirg,The Late Late Show with James Corden,5,9,0.795761
UCLcpGR-ujAAsp0PW1YxaJ0w,お顔のマジシャンさおり・小顔美容専門家,5,4,0.788914
UC1YJ6BaBF2Qd5yAJkUP35EQ,Etsuko Takada's Coaching University,5,7,0.787885
UCBDrRXLfvoy77RVtWGTHl_Q,双葉社公式コミックチャンネル,5,5,0.782528
UCIOqVSW3lmQoe-mq15bJn4w,Mr.Hug(くわまん),5,10,0.78229
UCGLqMVbKC4bqxV1wjjeLerQ,Akiko Nanao's Organizing Lessons,5,8,0.781374
UC5ek7CK6fI6avcM6OONuNAA,RKPhoto_9チャンネル,5,12,0.777373
UC3jD35MI4XdnAXm5hCXr04A,momo キャラ弁料理家,5,6,0.776966
UC4wKG5KyK_jstc2g01PZBcg,ゴールデンボンバー公式,5,13,0.766651
UC-l_rrKhQtMr_elyEL9mmfQ,ねこ大家 / 猫のための家づくり,5,7,0.765371
UC2Ku8de18zPkAAdguvdKCiQ,Roommy room tour,5,9,0.757481
UChDx1Op-1LaynTaL2rOdwSw,いの【大人のわがまま美活日記】,5,8,0.753428
UCI8bPz6RzZaqecz2mds4dww,私はDくん,5,8,0.753299
UCLKxxvYLzkqTGjMNRiIRLSg,ダイジョウ部,5,11,0.733318
UC5sGUhh09vXvju7-5Ygb2pg,ずっとのおうちはどこですか?,5,4,0.727635
UC2oRl88YROSSnsY66TMhsGQ,しのえびチャンネル,5,3,0.724668
UCTvgqlIYvoS9RDWlZspPydA,丸儲け住職 -ブッダの教えで人生好転-,5,18,0.723986
UCKKVCgly-wAgMbU3eAUhM0g,美髪堂,5,13,0.712826
UCTavo_qPc-kP3gFrXEovdog,SAMURAI FLAG[SAMURAI CHANNEL],5,12,0.712339
UC5lQykJ-4ZOC6xZqRRVuLIg,ariana channel,5,3,0.707688
UC8OfLJFs58s5ckNL9U4pytw,無添加ぐらしで健康に,5,13,0.705948
UC43F-DhlphUPvk-8q7tqeew,Apartment Labo.,5,5,0.703911
UCWkfVcpnziOofVvWjyCNnJQ,井田典子 だわへし整理術,5,4,0.702584
UCP4JO0Y_ldUXBItNn5fx_hg,RIKACO LIFE,5,4,0.701399
UCZAkLpweTqYZN09diNMWFPA,東京ウーバーズ,5,10,0.698738
UCxQMkYEk2CqZX7MdKg7Z2AA,MISAKI MAKEUP,5,5,0.692665
UChTgc3WgudB1GdQTdFH9fzg,和菓子お兄さんの美味しいレシピ,5,6,0.688614
UCQBG3PzyQKY8ieMG2gDAyOQ,Peaceful Cuisine,5,7,0.684701
UCUkBBfg2OkoMPre0XxydEdw,yeonjoung'Kitchen How to make Korean food / Korean food recipe,5,6,0.682689
UCbdRGH4i8LjcA1if1hXXo6A,薬剤師ナカショウ,5,8,0.681353
UC6knnPyaxJoPWdH_G-0P08w,Foodie Boy from Tokyo - Gourmet Vlogs and Cooking Channel,5,12,0.681071
UC2B_LaAr_DOgy2mPzO1h-LQ,minimaru cosme,5,4,0.679398
UCPL_LYCwWbzW6f3s9qAE7fw,ぴーきちごはん,5,8,0.670693
UCRzGIQkOmFBIuMElAhVfAcA,Noringo,5,15,0.670168
UCMlpZLGp638OvI57l4lYCPg,南ユウタ・劣等感と繊細さを魅力に変えるカウンセラー 自分らしく輝くいのち軸CH,5,6,0.669131
UC8vf-BGaUJntN1LxjfjGFmw,うじとうえだ,5,10,0.668886
UCnuB7s_AnmLVHEw27murNsg,テリちゃんねるの人生🇯🇵,5,9,0.662243
UCBHgvQBGiUt1DnrVmssuX5g,LIL' TV [Lil'Grand-Bitch],5,3,0.659544
UCOIHQV6-v38B8Q1BY1hyK9w,【Men's Essential】ナカムラショウ,5,3,0.656199
UC9UBQTRpsgxcH4mM2kkmlFA,Ponsuke Kojima's Molecular Cooking,5,10,0.649166
UCBRvO-H5Wn2Doqzn4w_6xIQ,ほっこりショート,5,9,0.645713
UCCC2KYMK8Xq3Qs6WheLJJmw,ディズニー・スタジオ公式,5,4,0.642463
UC2YCORq-wZiYSCMxLfn0Hjw,おむら ちも【片付け心理カウンセラー】,5,5,0.642349
UCDpELP7joJGYyQXJMj8cpyQ,HIRO Cooking 簡単美味しいこだわりレシピ,5,8,0.641888
UCEiI6CemnufM_V1RMjWaL5Q,食べて痩せる料理男子,5,6,0.641722
UC2woeYGypaXh5knNDqFWCiw,Wabi Lofi ー 暮らしの裏ワザ,5,5,0.638905
UCFvMtmYphIdctjR1lFg126A,アニマルハウスユーキ -Animal House- Yuki,5,7,0.632018
UCE52RveEpQ1AObKPloQBkCg,ペルピンズ-PeruPines-,5,7,0.63162
UC9sEMFZHEbCndUvpxMld1gw,お掃除の錫村商店,5,19,0.629202
UCJZgsdInfXx_ewrmXrpioJQ,ほっしーのメンタルハックちゃんねる,5,11,0.623207
UC3Q-ctEYeOlYMECGzGBSrIg,さかがみ家のチャンネル,5,5,0.620822
UC7JQKVJMCIuVMcrFXSozMCw,Da-iCE Official YouTube Channel,5,9,0.61524
UC156fKHRqURL1yIKyQ37wZA,with RIO,5,3,0.615025
UC1wewJ2jIxb65MjTlPdxpIA,しろまるくん,5,10,0.612848
UC2C2al2XqmLm1sDadyMF_sw,スナックENVii GABRIELLA,5,4,0.612646
UC6I6V7rxTngQ7D9xSP64NLQ,Jun Takeda,5,11,0.610331
UCARdHl-Fhsfio85JHeu3Thw,뿌니ぷに,5,4,0.609459
UC8JKiHYxBHGBll_W7zCAG4Q,コレコレ切り抜き放送局【公式】,5,9,0.607739
UCdu6YxnAbnEBk2Q9v9nRX8A,韓国人先生デボちゃん,5,18,0.601613
UCKA8nI3JBYpWqx2HiiEssNw,Relaxed Mind,5,7,0.601107
UCTJh2CW0v9MvqXAEC2mpsSQ,ChaCha: The Former Stray Cat,5,12,0.599912
UCBuNpuIBbbhGxB9iiSdzuRQ,片っ端から喫茶店,5,5,0.599049
UCdSyQIiN9JOiRlqGfds8O_Q,漢方養生指導士ロン毛メガネ,5,9,0.591122
UCBls5vQWbi3iedkMy5Pv3GQ,コットンきょんの人間観察ちゃんねる,5,8,0.590929
UCwM-elGM7Pay9uiWqgeO_AA,ぽたろうの家庭菜園HACK,5,6,0.588043
UCOCTqJS1GqYO5MXrBtk4oag,運気を導く光,5,3,0.586703
UC9XtjurSt-vW3MFhxNEzYsA,清塚信也 Official「きよりんチャンネル[決]」,5,8,0.578307
UC-omR0003AKfL95jECR_cAQ,たがやす解剖学チャンネル,5,3,0.572229
UC26FQG_h05jtMbeJhHlDk2w,高野山 遍照尊院,5,7,0.568451
UC1e5QuV7RmFAP-vHn-POfWw,50代からの美尻くびれ習慣,5,3,0.562022
UCMHwQnMGkVwr-TcTkFs3_nQ,桃太郎オフィス【元桃太郎教授】,5,6,0.561379
UC70d2JDOSLzhwgQ5iMEKwMA,Ami〜バレエ上達の専門家〜,5,3,0.560336
UC7dMNV8vImLjGHv7BPY1PBg,もち様の部屋,5,4,0.557977
UCLcqh29GUpdm5tzT4PSnvYw,山田の雑学ch,5,5,0.555414
UCy2N-3fqs6lnwlwc2kR0iEg,Umi to Fune Japanese sailer　うみと船,5,4,0.555374
UCb95HsjFs3cPqDsiSIiZaRg,トッカグンの東京サバイバル,5,11,0.553584
UC1tU4Rbu07JlvKSRmGVft8w,Pain specialist channel,5,5,0.547126
UC2zfgcwYalXA_Sf1u_24c0Q,Reward Lofi,5,3,0.544411
UCgA8-0pVW3f9fQ8BZ7bmZ1g,FM Jazz Bar,5,4,0.543204
UCZyTQOYz1pB7rV2EXKFTQdw,Amazing Animals/WAKUWAKU,5,7,0.538113
UC7R7lrR97Ag-AX_6R8iIshA,AKANE,5,4,0.536156
UCQ8A4iCY9Mo2elBbnEeC6zg,Samia home organization ideas,5,3,0.53556
UCPtSGD8iVE5k6l1vs9FbhYA,ハコジム 【フィットネス情報】,5,8,0.52972
UCPRo3znGUf_e9BQ95BYutNg,がるリス美容ちゃんねる,5,3,0.520114
UC2vUft3lvE2BCk-r-2FWHqQ,もぎみそぎ🐺🎨,5,5,0.517975
UC8-DdmSXrKchLxn6d-ZeWDQ,MMC SUKOYAKA,5,3,0.517927
UCJk8dZsM8SIGzIBJ-rDcB3Q,ロバート秋山の「クリエイターズ・ファイル」,5,12,0.515888
UCxOjoraUPd0Dq9PAyIhC6tQ,Perfume,5,5,0.515534
UCCMD8d0ElQ89MZk8wjlX1AQ,こなこな・マジック®︎ 斎藤ゆかり,5,4,0.51532
UC4yqcgz49APdbgj0OMv7jpA,Rachel and Jun,5,9,0.515148
UCExgSyU2XAV1KxF19g--PbQ,149cmまいも / 分子栄養トレーナー,5,6,0.514642
UC4Ut7_zgiu4SwpWSUkK2tNg,さだまさしオフィシャルYouTubeチャンネル,5,4,0.510977
UCWxIipMBP9Qw1jSgjkNKq9w,HiroMaru CooK TV,5,5,0.507037
UCgLt6RS5cHmL6i15sbu2kGw,【12人産んだ】助産師HISAKOの子育てチャンネル,5,6,0.50487
UCDwi4s-Cg3cecYSeSdrzNbQ,Happy cats,5,4,0.502491
UCFbpsiEte6v4zTIDtPiiEDA,犬愛倶楽部,5,3,0.500596
UCP1M6nsgURcNlpK2CMzsALg," Injured former stray cat ""Sasami""",5,4,0.499589
UC2KDRmBXQsShj8GgTfLnyPg,Cherry | 40代からの「10歳若返り」おうち美容,5,7,0.499317
UCp013msUL0vSV3Zdx9h24fQ,Moeチャンネル,5,3,0.495492
UCF9qPZs3C3PMAQp0AMQDiwg,農家の米 わりでんや,5,6,0.494351
UCmpkIzF3xFzhPez7gXOyhVg,ゆる言語学ラジオ,5,11,0.49431
UCEInr2OIWVwRDjpl10GpJvw,Tokui Video,5,14,0.49146
UCXEAAYaIsSS2wJO1cHbV9Bw,Malverde Narcotics,5,3,0.490799
UC3KHPuYOB_AbHEEZbyYrmJA,ManaTube / マナチューブ,5,4,0.489252
UC19y8d6Nm2_tv8aa3vkrtaQ,ムービーコン - アニメ,5,8,0.482143
UC5OBs_lkMoL7pdf996P9E9w,めしこ【美容師】,5,3,0.482131
UC1VwWrGY_G0PbNu-rmUoLkw,MLBサムライSPORTS【大谷翔平】,5,5,0.480998
UCB0gOS9GhO9TYRQT5pyJFiA,Bespice inc.,5,4,0.480255
UC2lpKaRtg41EEcBt5JgvNHw,皇室Labo,5,3,0.476416
UCAmX4-xOCziCUAXPBu39NEQ,たろたん,5,8,0.474888
UCNl-DuOMoaZ29frevJ2QnHg,猫の黒ちゃんねる,5,5,0.473187
UCBPxCZL3M-vArTskw5sMxiA,MIKKO CHANNEL,5,5,0.472106
UC118F1yOA0bQYGgRMaeWbug,Chakra Work - チャクラワーク協会 - ,5,6,0.471782
UCCu5j5yXE-qUsljvz2zzmZA,陽の栖・木の家づくりチャンネル,5,4,0.471401
UC7NyFmdMwm6cbBKQVx5nfGA,ポンコツらいす☆愛知,5,9,0.471075
UC58ECUudqIBAgLzOqWwESOQ,UNDER THE GUN,5,6,0.470535
UCEfZIelRbhyqTRLgHqGJkvQ,Macaron Chan 南フランス田舎娘,5,4,0.469489
UCT0x6RQTeoZByaYt_k1Ranw,おるたなChannel,5,5,0.467165
UC4VGehNrLvBwx2-hg2UMBzw,さわ フランス暮らし - Sawa France ,5,5,0.467093
UCps6Vkdu959O4ZWDT6rZutQ,Kana's kitchen,5,6,0.465261
UC2JiZ02H9Ic-yjYaP9VXVFg,Annchannel,5,5,0.461944
UC8NrfdPSB5sedrJnM3Dnk5g,a-room,5,4,0.461516
UCKzi0OTSIphe9WZwH9WcGqw,AI英語コーチ | Hiroki English,5,5,0.460378
UCU6QYec2UopBCXMhB1e1tDA,マーシーの獲ったり狩ったり（Mercy catching and hunting）,5,5,0.457401
UCGQ4RBrN9wZJ1j6oOJ2KTFw,山口一郎,5,11,0.44998
UC2JZ0ydnaz1U2J5nUCvW-bw,りおなり夫婦のビログ旅,5,5,0.447495
UC5hcQd9pC08dlGLB_g9M0HA,The Chopsta,5,3,0.446433
UC0fIxBHAAOjYpicsuY56Oow,TCBオトナ美肌,5,3,0.443794
UC7Gpp9AXsyBns4oPt0rd82A,無駄なし！まかない道場（MAKANAI DOUJYOU),5,12,0.442426
UCBjXp3donmYubu6EEzT58Dw,STUDY TIME,5,8,0.440519
UCQwZAv8xiDEIP2cCMyoukCg,深夜食堂,5,5,0.43684
UCCusOkTQDnujz4vo_u0E7OA,研ナオコ Naoko Ken,5,5,0.436539
UCJOmIPre1DtxD4z6pKmhUBg,美顔筋トレ櫻井亜希子,5,4,0.436057
UCQ3Kgx1G1NkELoJ8tJ3uelg,Asian Street Food,5,11,0.430968
UCIaLfryKoSrLabTBuRxoL2g,絶望録音技術,5,3,0.429435
UC1KWupebX_8trbUDCc-VE-g,50代から、人生は美しくなる,5,6,0.428229
UCTj8F9gzLwrJfYxJLrj5tLA,キャメちゃん Came Channel,5,3,0.426907
UCM0SiwDYeCwXIeBW-Q0ooBQ,Sayuri Murakami ,5,3,0.425991
UC4_wTN-Jui5mQZGR_JBqg_A,Enfes Yemek Tarifleri,5,5,0.42549
UCDWgsSCzVNGOgfWHyeJ6RbA,やり直し英語達成道場（師範代Shinya）,5,4,0.424731
UCngHbCZ0Ljlik3rF-Zmqk9g,化粧品子ちゃん,5,8,0.420275
UC70tpRtxAj2gqAIFOCrRSTA,Rina Takagi,5,4,0.420071
UCJTGlbXa5adKccZG0dtqXfg,Remake of paper bags,5,5,0.419655
UC8q1yurxF9f02vi55WygCRw,東儀秀樹 togi hideki,5,5,0.416531
UC4QHDnYKVAgtPvg9G3pGoHA,Dr. Kaito Tomita,5,5,0.414049
UCKMPD3bU5jx_2zqtLqCuOdQ,2nd street,5,5,0.413915
UCMiSFjJumcEiZbRUty9U70Q,しげと | iPhone・ガジェット活用術,5,5,0.413885
UC6sLb6lkcfj4i30zE6gmvzA,金運波動チャンネル,5,6,0.413673
UCcW-VX_8pk73w6NYnG7DenQ,夕方食堂,5,6,0.412676
UCFSu4xqJoT3BDYIdMdiTzfA,えりりんちゃんねる【医師 上原恵理】,5,7,0.409037
UCE5vCAio4dFydYd3Uf16UkQ,精神科医 松崎朝樹の精神医学,5,9,0.403296
UCnV2ptTOZMfUEbgAs85mpRw,ゆっくり不動産,5,7,0.403064
UCVmLO7mc7-hsM2ws9Eg-xIg,たけたろうの時間,5,5,0.401848
UCALnA0Nq-cHPHQZ3NZ8fhBw,Knowledge and education channel,5,4,0.400458
UC4hSJgj8TMuOBmsgHRmE-VA,toka -暮らしの記録-,5,3,0.398189
UC0EJaFtv2zgCblEv8joRKuQ,もりひ,5,10,0.396719
UCQTvAutdntZvp6wobnwjSow,やまりゅう【肌の悩み改善ch】,5,6,0.396277
UCU2LITq3_oJopGwcVYH_YTA,バチバチ国会【18時更新】,5,4,0.394686
UCGKED7ydc5qckvGehaU2p7g,KINOKO TV,5,3,0.393061
UC3m9tdQ8yaq-QT6YjBmZO6A,MOUNTAIN & FLY by Backcountry,5,4,0.391677
UCBUDj1fezLCZGzk1qt1bEBg,タナカさん in アメリカ TANAKA-SAN,5,4,0.389983
UCMMbK9WngncuXJIygks3ADA,幸せパン職人パンレシピ,5,3,0.389668
UCIPfDglwgRqcpYirwZCVuOA,美容家・神崎恵の大人美人研究,5,7,0.387789
UCdfhVbZsOMwRn4A0LO5k0ww,Japanese Food Craftsman,5,4,0.387005
UCNbe22wD3wsUbA62tzvKtAQ,MELANIE,5,7,0.38505
UC1fP4tP7d-_J82MmpDuDZ-g,YAKISHIMA TRAVEL TV 秘境ハンター,5,5,0.3846
UC7meQnRwRNNkAuD5npd6cBg,醤油,5,4,0.384211
UCIlrO9evAaIKVGI0z_NdisQ,ぷにの一人暮らし,5,4,0.381851
UC2EECfH5dTMG50SS95Go8mw,のあ⌇﻿不器用女子のライフハック日記,5,3,0.381784
UCFHl-NvbOY_EBCrz9iy984w,Daichi Beatboxer,5,10,0.380291
UCIf3fzRIY74-o6zj43VYDnQ,maria_r_t_y ,5,3,0.37874
UCewgYIPJBgApevHdwzDFNSQ,吉田勝次 の 地球探検TV,5,4,0.378354
UCB3pkYGb_ykRHniDx8Jftsw,SUPER BEAVER official YouTube channel,5,10,0.378239
UCh5rJ3hKfyst14bhxdCkfdQ,ちゃらりんこクック,5,7,0.377386
UCQ4FNww3XoNgqIlkBqEAVCg,Iman Gadzhi,5,13,0.377081
UC7Ga6uTWwfg69CMcJGERwAQ,《鬼絞め》魚屋のつり鮮ぴっちぴちTV,5,5,0.375438
UCqOn8oO3u-Rk53QYSUP5NnA,ハーリーのグルメ,5,3,0.373255
UC-Eh1lR_tWVtv9AvxLybMtQ,Tyga,5,3,0.372251
UCLCiHQ7EbH0kVmgq6ckrIXw,NekonoME Cafe【ネコノメカフェ】,5,4,0.371543
UC9NAhZwycVZa-4yk-a-LG7g,Hinano Yoshikawa 吉川ひなの,5,4,0.368786
UC9PDC4xeAqgoq1mEoS53Pig,ジョイ家,5,4,0.361924
UC-qYIxHgngeA6XVrA7gT3eA,Hairmake Garden Channel,5,3,0.360738
UChAHNi26b1JX42en3hOOLug,無添加ぐらしのころ,5,5,0.36072
UCDy-5yuRY7k2RvUDY5Z-T8g,環境と習慣の心理学,5,3,0.353111
UC8aQ0jXzCnORzzOn6nYevEw,マークロッキー Mark Lockey,5,6,0.352826
UCsUt05pIXGRmHpq5rgx61TA,【公認】サカナクション山口一郎の切り身ちゃんねる,5,6,0.351834
UCD-4PT7FwSfdZIqxx6kAitg,Minimalist Lee,5,3,0.351734
UCuS1lDa_TIGOlQfa6ysdapQ,印度カリー子 / IndoCurryKo,5,4,0.350754
UC3Yhgnw-TCg5jeJGT1Evp3w,関口未穂子のシチューうらない,5,5,0.34998
UC3qI2t2Oq8Xeoc46A08PKig,松田聖子オフィシャルYouTubeチャンネル,5,8,0.341925
UChiK9UAq1aaJZSu4SMxWKbg,黙飯 MOKU MESHI TOKYO,5,12,0.339254
UC8tUp51AFm-S2gkTuEKsiuQ,めぐり研究所,5,4,0.338954
UC4aCsI33jgmGLw-uUlOmRhw,ﾐﾆﾏﾘｽﾄsin / minimal chic life,5,5,0.337127
UC3112SvQneFIBQiwI3wqAQA,The Alfee - Topic,5,3,0.3356
UCds_D_0OKZxPaJTliZS6TxQ,何かおかしい政治,5,3,0.335123
UCQkn23HWT1cq8eXtuJkiWFg,【京都弁アニメ】大文字ミヤコの素敵な京都ライフ,5,6,0.335066
UCIAtdpYsrtTrwGPvAQzVzxg,Maximumgroove,5,10,0.334008
UC6YNWTm6zuMFsjqd0PO3G-Q,Momoiro Clover Z Channel,5,9,0.333468
UC7pUbCQjaeoMj2wb-8BiB6g,Tomoya Tezuna,5,5,0.331853
UC-Wc0cp70Wd2oDsOE1bFVQQ,Vanlife Hub |日本最大級のバンライフメディア,5,5,0.33062
UC0J207a77jE68AocS6BtzRg,美男子ヤノ,5,4,0.328881
UCAjdlo8OzgUOvZoRjgBdZUg,世界の物語,5,7,0.328334
UCAsGN3duhpN_M1SbB4tEFtQ,ゴロー/イラストで学ぶ体の仕組み,5,14,0.327892
UCA0tXWkPLzk9Sf59lo5d2ig,年金のはなし,5,6,0.327185
UC5Yq1a-Y8omggUrgBuEhqYg,yasuyukiINFO,5,7,0.324384
UCKCm6lX4n2h54gbSsTY6j5g,イライラ貧血解消レシピ🍅つながる食堂,5,4,0.324382
UC1gZ-cM8ldJOmnRy6aGKbOA,しずか©︎ | 100日後に風呂ｷｬﾝ界隈卒業する限界ｱﾗｻｰ,5,3,0.322535
UCExoD6BaC8Pj45SB92iS1Wg,島の自然農園,5,4,0.321627
UC_dEPHNeO83br8mBHvspnZg,隼斗の土づくり教室,5,4,0.320833
UCfUOJ3KybskczP3gTvaB2BQ,料理王国,5,7,0.320647
UCNIwy_Q7EjUxLlsewfuhjgg,YoshidaAkari,5,3,0.319915
UC3dIX91y-gu-PkXNx0qbszA,Sleep Hypnosis / Rye Yobanashi,5,10,0.319081
UCgRetMg7-XIlvBSrav_YenA,Haru English,5,4,0.317006
UCgmbjeKJK3OsYP1c3rRQPtg,脂肪燃焼ちゃん,5,4,0.313722
UC2IGkbdXjvWMFo2EAIkbIfQ,熊田曜子 〜40代で自分史上最強になる〜,5,3,0.313093
UC25EBu6EIw7ZJmQPzPq5f4w,戸塚哲春の卵顔トレーニング,5,6,0.311619
UC4VsdERQ3vFfXjh2kZGmM5w,musician honyaku,5,5,0.311432
UCAAQP5G9PKyKj5vXXz-_jbg,ごぼう先生 おひとりさま健康塾,5,5,0.309847
UCnGvWirKX1P-zgCbY_ArD-w,Sunrise and silent night／Maryjun Takahashi,5,5,0.308869
UCIp-T1S5rsrSHzEbkTwAGbg,神田尚子SDGs Japan noharm Association,5,5,0.307053
UC9jKI16VH99lNhLl35AQu0g,みけとらチャンネル,5,3,0.306685
UCffg7iYU2K7HFJDhylZzUBw,水越みさと,5,3,0.30581
UCdt9D1tf6JvESv6CYlEHJUQ,まるみキッチン【簡単レシピ】,5,9,0.305671
UCD0Kba00rO0XaRKJ-qyrszw,エンリケチャンネル,5,7,0.302178
UC5Kbujh4uGJP-ghTVCbgP0g,吉田エリカ,5,6,0.301358
UC97Wvq1X26Xer2dQN2RidCQ,木村ショーゴ / Shogo Kimura,5,6,0.301136
UCdrcLz_e6YLeIUwVpy_nyfw,KAZ PEANUTS【中村和成】,5,3,0.299718
UCSC9rYQAZibeNTJ6K1N17wg,KAJIERI,5,6,0.299213
UC4bosJl7Glz7FxW2l_ZEJJQ,FLAVAJAPAN - ブレイクダンス TV -,5,5,0.298741
UC3Imzty4TFcxEOv1BRBV_wg,チワックスひよりのぐうたら日和,5,6,0.291415
UC-PXEscxMvf58R-60ewSE4A,コトメン / kotomen,5,4,0.2885
UC2ROW2uDlhb-9rXzY2tqV3Q,春風亭一之輔チャンネル,5,6,0.284608
UC-CplAgEAaD9-KNxBajXoWg,せいら,5,3,0.283578
UCbJ2OBO3eOQnpxEn4kQruRA,テレ東公式 ドラマチャンネル,5,6,0.282283
UC3OsCm482X989sAlWtt5ZDg,ミッツとマーコのFP保険チャンネル,5,5,0.280554
UC1ebm_hcnz52aO6WfhsPIRg,クレジットカードあるある,5,6,0.279546
UC7U_MGNKAtC-gdJvaj5i_Vg,丁寧じゃない暮らし。もも子,5,4,0.276857
UCA-yM8UEi2UPKjtRbxpo4kQ,三澤たかのり先生の「なるほど株大学!」,5,4,0.276803
UCZfppBrmDHKZPLtlt-KZxdA,なりゆけの部屋【成田悠輔切り抜き,5,7,0.276621
UC3m2e2E6lDZhWEf1wUfXGCw,Life with classics,5,6,0.274476
UCSmpdDE7EAsCwe1PLQeOsNA,むにぐるめ【唯一無二の絶品グルメ】,5,3,0.273489
UC0VOyT2OCBKdQhF3BAbZ-1g,Ariana Grande,5,3,0.272775
UC9D6GpfD8DAG-NVF6Dv896Q,20sarasa,5,7,0.269487
UC_omWMGR4j5nANWiDUiX2bw,体質改善コーチ -tomomi-,5,10,0.268948
UC0aNJP0Yc-1cgHYkiCYzCOg,まいのイングリッシュアカデミー,5,5,0.267771
UC2FtQYfGcPnCs2h7j-lzezA,Hitoes New Earth Guide,5,3,0.266227
UC6_772MCIvoCOu9d_725ZRg,健康に痩せる!【ぷらりーch】,5,5,0.263172
UCqj_BJ9Zp4CB4OtYWARZSdw,【公式】朝倉千恵子チャンネル,5,8,0.260053
UCGoehilBERltBiULMDWhFfw,まる◎100㎡の家を快適ハック,5,3,0.260045
UC-EMnVMgRVfQmAw2fH4W7gw,退職サポーターズ,5,6,0.259367
UC5r3HsZ9rZQZDeb21IMpUKQ,Sim English: 英語学習チャンネル,5,5,0.258009
UCFyBWO9SUQfKpuV7uF8Rh5A,銀魂チャンネル【公式】,5,4,0.257793
UCRXiA3h1no_PFkb1JCP0yMA,Vogue,5,7,0.257615
UC21H2527F_9Hr57Ce28VNNg,たけペットライフch(黒猫スピ),5,8,0.257296
UC9fsscbboaBRnJeT7Mn9_4A,てん先生:人気整体師が学ぶ整体の学校:GP法,5,3,0.256728
UC9X07kf1hlIckZ2_JiNkIaQ,ホロホロちゃんねる,5,3,0.256449
UCJWg2C5dYUFyRZv6rs8FJZg,TOPPO,5,4,0.255395
UCUn6yznWNNJW9yJ9SiCMGgw,Osamu Sugiyama a.k.a Staris,5,9,0.25515
UC6FTGz8XsAEtDm10xG7fVZQ,亜輝,5,3,0.253751
UCF3xlMCMHXl-kDetKJ_85ug,パパの三ツ星おうちごはん / eatkingkong,5,3,0.251203
UCeTP-S4qlYDiBDd_VSiWAIw,Dream Relax Música,5,6,0.247115
UC6XWqdBnHWOA-ToHJVvkPKQ,忘れられた自然の宝 ,5,3,0.246771
UC5U5nS_TENxeqfd5IsdhBXg,フェムピス,5,3,0.24635
UCGkruhvuRDP8x3Ddb189wRw,糖質オフ専門・いずみの太らない食生活,5,6,0.245905
UC4pEp0mo54WhEBCTYvjVDJA,Jessie J,5,4,0.245846
UC9QNjemqVVTCtc_HLGjkOcg,Fantasy World JP,5,3,0.245051
UC5BOcuQMFGGXi3DOOVVwqnA,"Say U Play ""Seiyu (voice actors) official channel""",5,3,0.244999
UCQZDh-m6a31o7rXJPuMiFbA,SPACE SHOWER,5,5,0.242879
UC5ratsBtAb4Nq2hzz_gOyVg,かずちゃんねる,5,3,0.240948
UCDqm2I2QYpHyuCwMjTTWD6w,Okamon Music Lab,5,6,0.240107
UCQ3U5YJLWUr3VmQsO48jcQg,Suchmos,5,3,0.240064
UCHy-izLFKvRMx3oNe4m1yzQ,体質研究所,5,7,0.237893
UCChjF172xXGKMPkc6xZL6qw,ゆきうさぎの算命学,5,6,0.23755
UC0Zx310UpURng56Prb9s0qQ,Yahoo!ニュース,5,3,0.23706
UCrbmFXXZvrb1a-nbQm-MOig,匠習作,5,3,0.234008
UCAFI-ihfGxvaayCf1tNv3XQ,整体師 とみ,5,5,0.232461
UCY0enM6UYEnZIbYWSCfqREw,【公式】Kevin's English Roomの切り抜き,5,4,0.232331
UC4kE3TwK6RH9CpH2e1A3p_w,storia cafe  ストリアカフェ,5,5,0.232094
UC5Z7omVti5QeTttPZTNhE2A,Boxoffice | Movie Scenes in Japanese,5,5,0.23198
UC8JQzZz2qEn4nAudX1cdzyw,犬のしつけチャンネル,5,4,0.231886
UC1clBtta65Z_A5jQHgttuZw,圭太松田,5,5,0.230777
UCT7iQA0c9kMz2_tZZIAXzKw,Tomoko Yamaguchi,5,7,0.227331
UCFK3fHMtygtW5DArziCzfsQ,rain@沖縄方言で歌ってみた,5,8,0.227262
UC8LwQ5p4bg9a0sJIEBV3yIg,仏心の泉,5,4,0.22595
UC5xAkS4828lDivq8cKFGSyw,ochikeron,5,3,0.224207
UCxy3iqZlDJuNFubNW8AwdSQ,宗谷朋樹 / Tomoki Sawyer,5,6,0.222399
UC2TVKHmfay8tpr_kii8xGRw,Discover Nippon,5,6,0.220738
UCYIqnP4Zy46jKuBQxnf-Y_w,日本の雑学,5,6,0.219779
UCFxpK8MQyLI4e8OtC1NqUcg,Japan car,5,5,0.217314
UCEdvpU2pFRCVqU6yIPyTpMQ,Marshmello,5,6,0.216398
UC8u2WVPy9Ob2n3qOqlpMJIA,山旅ノマド / ヒトン,5,3,0.216386
UCAkSAnNFYy1U2e4C5luWM4w,山好き移住者の日記 by もじゃまる,5,3,0.215428
UChXOIsxtfbYbnKnv8wShIYA,きばるん 키바룬,5,12,0.214388
UCXrNg2DvnaVYpdzwCcHqXkg,OTAKE【節約オタク】,5,5,0.212916
UCSIpj2vu7Oyhf49EIUBOytQ,リリースハウス,5,8,0.212377
UCM4FwhxLYLHlOSPnfxmxSQw,株式会社カラー khara inc.official,5,8,0.212346
UCVNJfM05KTLi3hfBGFBQRIA,先人の言葉,5,9,0.212336
UC-jhZUa6QUObc-TPQop1vRA,Flavio Belardo,5,3,0.211637
UChis4ldsiyCtfZZrqICxgrg,ブリッヒー!News Channel,5,3,0.209924
UCrZ1UvZ5F1-2i1gll0hjjRg,三宅書店【本を読むモチベを上げるチャンネル】三宅香帆 Kaho Miyake,5,3,0.20983
UCgsBQWEgkAY61_uG5T9nZYQ,ZerokaraCompany【DTM Channel】,5,3,0.209527
UC12EgyIkhYPCIB_8uU-w3OQ,ゆい | 家事ぶん投げたい女医ママの暮らし,5,4,0.209154
UCspm2Uxtolvrc2pcNwnDivw,ねこくらりえch / 元82kgのダイエット主婦,5,4,0.208947
UC7V8rFQas-8HnHxKuGwaI4Q,すなずりかりん,5,5,0.208734
UC99nBu99beGAqaHAcly-WTA,futaba,5,5,0.208698
UCT2MRAgeuBlXtX0tV2VDBpQ,Hoodie fam Channel,5,3,0.208398
UCE6VNZbBc6zpj0zF26pyO2A,あやか⌇海外移住Webデザイナー,5,4,0.208184
UC0v6kAlU5EwP62tbiZodgsg,ポテヒロの楽メシ,5,6,0.207723
UC395B83KbzLOrFt2UFA7CuQ,Color and Music【癒しの色と音楽】,5,3,0.206971
UCqcH9bQFu_rq8gd4sb4xeLQ,Healing Image Gallery,5,8,0.205802
UC7IvmwCQKadQSic5yNaBsBA,せんちゃんとパリの日常,5,4,0.204143
UCaI6xTuJeJrBf6meiHMJeuw,人生を豊かにするためのコツ【ゆっくり雑学】,5,4,0.201136
UCKyDaupPwoqy1c4mc-A6aDg,@退職人サワさん,5,4,0.200907
UCT1olH_Me8E55EW0xZjpjzw,イルティの愛の翻訳室,5,5,0.199397
UCCvXMcD5_hwyLAPyROvF9GQ,Tsumiki つみき,5,3,0.199385
UC4ggbFOkqRAmPClMKDbuPiw,naotoK - フランス料理人 岸本直人の火入れ術,5,3,0.198085
UCDg9hquIYYZqR3xStoubFmA,東京すむすむ,5,5,0.197927
UCNLHJszk8GuEb9fowBT9xxA,2ch面白いスレまとめイッチーズ,5,4,0.19749
UC1naW_Wi8SgpjdyLA0YR9QQ,まんまるダイエット,5,4,0.195622
UC2p8filCcULZfjOSpcP64bw,声が人生を変える Cyber Monkey TV,5,5,0.195522
UC3DIFQ7qCiBHS3S54nha3fQ,菰田欣也の中華教えちゃいます‼︎,5,3,0.194298
UCt2Qfx6YHCEWlsYfD38NtEA,松竹シネマPLUSシアター,5,4,0.19401
UCHzixSC0AVRrAIHQs0jGqWg,妖精のお茶会Emikaタロット占い,5,3,0.191358
UC5iR-oDx4P7j1kOz-bV7sEg,西野亮廣ラジオ,5,3,0.190688
UC8LVL7ZycduEIMwuI1RqC2A,Thủy間の美学 ,5,4,0.190499
UChewYnFBj3f5NUjvXCpi2DA,陰山Dr  お腹の先生　,5,3,0.190184
UCkZsxO7gAwCp2-xw00JOhmg,現代地方政治チャンネル,5,3,0.189404
UCBcNfKDlc6e2iQd7Cy_bNpA,RYUSUISYA,5,8,0.189032
UC0qEEaknKbeQCdqjo3BaWVw,cocoloni占い館【ココロニ】,5,3,0.188668
UC3lBXcrKFnFAFkfVk5WuKcQ,Kendrick Lamar,5,3,0.187881
UCOv-83zr7J4S3yDrjaPkqug,本田洋三 「ぽん先生」の足指ほぐしチャンネル（ぽん先生）,5,4,0.186225
UC31k7KPtTEsgty9lg5rxO1A,マーキュリー商事,5,4,0.184834
UCY2zjuJhfiUoXBev626ZYnA,koromonokokoro ,5,3,0.184432
UCHBqTYEwBSR1h6zGmHdue7g,るい【ホラー映画みるひと。】,5,3,0.181583
UC2gg1NtHtFD7QN9V83zBBPQ,人生最後のダイエットチャンネル,5,7,0.181515
UC3BTQMeZgyg2AxCzkTIDTOA,せせそその切り抜き‼︎,5,4,0.180713
UCMWuA3HeWpYUcEpxyjGN3-Q,OKUDAIRA BASE,5,7,0.180484
UCp1FmJssZPhlNbqMK8vC-tA,Bon-san,5,4,0.178322
UCH9u8vOyx56-9aVco2ilLbQ,松﨑国生の作編曲,5,3,0.178132
UC4L5_fUPHgQBSIvrOJOJpFA,賢者への道,5,5,0.177831
UCtKvqtgwAkfyDCAQEIaRbig,水ラーメン,5,9,0.177303
UCjURluuNDIcpXDOpgXnsQNA,LOWYA,5,6,0.17708
UC7IcJI8PUf5Z3zKxnZvTBog,The School of Life,5,4,0.176671
UC3epjteoBNnv7qykBwKzv6g,Nagara Music,5,7,0.17622
UCDsvlavAGSB-AbW__rgnO-Q,ナリ心理学,5,5,0.175879
UCDtVdj7sm41Ysg3XSiSUH3w,Naniwa Danshi,5,5,0.175811
UCRSp6fZ_9PUcpc_O0CRzZ9g,あやシェフ　簡単レストラン風レシピ,5,3,0.17567
UCOomeh_-pOebfvODYNgl-iQ,YORISHIRO – 神の宿る場,5,9,0.175353
UC1OR2YNQLZJYFdQjFrPWvVw,Backstreet Boys,5,8,0.175231
UCYrkTjknykA63ImZoQ08z_Q,ぞうさんパクパク 大食い,5,6,0.17461
UCw0sKM76EZ6_AhfTqdnkQ4g, Real-Life Licca Doll,5,6,0.174436
UCDEv6P17t8jT3b-EaJdzS4A,ぴのまる,5,3,0.174283
UC64aGo-8uz1dndBAB3VtL2w,집대성,5,4,0.172896
UC9B2D-VzslJ_OTUXA8-V_dQ,Yohan Kim,5,5,0.172211
UCINb0wqPz-A0dV9nARjJlOQ,The Dodo,5,6,0.172091
UC2Kb6k-aGIaKxlNPkrdcoHA,ござ / Goza's Piano Channel,5,7,0.170606
UCRv9ebwZYwycticWT9J8kCA,星屑スキャット CHANNEL,5,3,0.170201
UCJcTfL4rqgFuYP-PAAdVhaQ,松本ゆうた | 日本の土地を守る28歳,5,4,0.170173
UC3LJ95tXeqVzbzAaZHvsA2g,Rion オーストラリア留学生🇦🇺,5,3,0.168357
UC6KG9LORx5oAZ9oEycvq7iA,猫の気持ち研究所,5,5,0.166527
UCD75qlKHtSMNHXT4H1yjZsw,Wakiya YujiのYUJI CHANNEL,5,4,0.166263
UCdWb0Koem-CnNTWUtpbv_MA,NotAlone,5,7,0.166116
UCBqA04GYbwNh_oP6tJEvYuw,【公式】ちびまる子ちゃんねる,5,3,0.166025
UCDYyCQAk60CqabvkL5gU3Mw,KOTSUMET,5,6,0.165886
UC7bLn1zY-4_spknnXoCei_g,SimplePaperMade,5,6,0.165525
UC-ZLxIJp8RkB2viKkFIyk6A,おしゃれ迷子さんいらっしゃい!TOKYOリアルクローズ,5,3,0.165393
UC-hQsIrkum6AtKXyC_n9d4Q,バイラ チャンネル,5,4,0.164787
UC5O58UQQmw633RpKEilI9Sw,片付け収納専門家 /鈴木久美子,5,3,0.16395
UCCvgLV2Ixb8KCemj-UtXZ-g,The Royal Family Channel,5,3,0.163014
UCa5pAl4817aFn6sFhSg0BqA,英語の耳,5,7,0.162996
UCTvy8LIGslXe4_eXjPbuP1g,こんさん【ととのえて、からだ。】,5,3,0.162984
UCY3igcmmE1nD5lXsyYOmxww,CHIE HIDAKA,5,4,0.162855
UC1f4AWg_Zux-8K8IsMVxFsA,Amy | 投資家女子,5,4,0.162511
UCdobjqFOY-z0SYIZ0Mnm_uA,TAKUTO's Global Healing Massage,5,6,0.160542
UCALu75F0HqdF0vKYK4kDwLg,デコピン,5,4,0.160198
UCBuAshczy8ouqLU_H381row,Asmik Ace,5,4,0.158896
UCaCfGE7t9SgZqJFd4QlL2kw,SAX尾崎一宏,5,4,0.158768
UC0fqx1hgXs3zQLqoA4vBwCA,MOVIE WALKER PRESS,5,4,0.158138
UC5Q0J9Qa3NlkeEWbtyoB7tQ,笠希々,5,5,0.157918
UCFdfcqL_zeS7p0qX57hX1qA,レイのスピ知恵ビジネスアカデミー【SBA】,5,3,0.157897
UC4dvgxfLxy2FupIsxsDACkA,windstvofficial,5,4,0.157491
UC26hbdeqyPRl7VsnK1UhFPw,Toby Fox,5,3,0.157297
UCBGhfxyrMFR3Ghtw0On0e7w,キムイオハウス,5,4,0.156399
UCroloVlHKUnvOMn5MtuvyDg,ももと天空の月 MomoTenKuuLuna,5,5,0.155655
UC0e87WXu_SJhrc8tb08qyaQ,秋田犬げんき,5,3,0.154565
UCxXR-mSinMrVWEduWlnhaHQ,Ginza Watari,5,4,0.152556
UCr9DOS9ZQvMW4zEtwzNwBIA,海辺の犬。,5,9,0.151819
UCslnxln9FxCuTz3qLLTIm_A,flier 公式チャンネル,5,6,0.151376
UC6xD-jKli-_qIYXDTsNv4dw,Christian Dior,5,3,0.15119
UCYIprDJwp9X7QRZw571IvQA,Idyllic Melody,5,6,0.151087
UCVmkRtz4yh2HWyych5d1cYw,【動画編集 初心者向けチャンネル】-Filmoraフィモーラでもっと楽しく編集しよう-,5,6,0.150388
UCKZS7xN9RhnENZA4RQAZw2A,スキドラ,5,3,0.150123
UCABES_b3x_gnrei9ZDRqYJA,最高の曲,5,4,0.149268
UCJ1cdyXwSBy4h2q09VmXbKg,考えすぎちゃう人,5,4,0.148962
UCCIGh0Rn8fAgJTCy2r5CNIA,薬剤師こうへい,5,4,0.148742
UCN_lIY6983X5XJQz6yfeCHA,たけし先生（柔道整復師）,5,5,0.148512
UCipDXt4RWahzz-uplqYyz0A,ゲームさんぽ /ライブドアニュース,5,4,0.148146
UCG3-wI583sqAPKgKZEY3dxw,ワンオクちゃんねる,5,3,0.147618
UCFlHulKFCOGFt7hBWo1T2lA,しゅう-暮らしやすく,5,4,0.146661
UCLfbmGhvu7xTHXktmMWdfvw,Sharla in Japan,5,7,0.146141
UC26ZU-55UPc7lVR9inHWayA,アバンティーズ,5,4,0.145634
UCCqwFR6Bki6-4a_TpeCLoFw,現実を生きる管理室,5,6,0.145206
UC5v5nvhrgme6QIRp7NKPkwA,ウナギ・サヤカの査定してやるよ,5,6,0.144009
UCgotzaspVNEnLDoir5CZXPw,かずま#ゼロから英語,5,5,0.143818
UCKuezpQb8N4OzrhWUnBkfVg,とっことんDIYチャンネル,5,6,0.142795
UCA1Xjy80K6nrb0-7EG8hkBQ,ゆかちゃんねる,5,4,0.142587
UC5deKm1RRbcoUIuLuSCFprg,Jordan Welch,5,4,0.141945
UCayOsXLTXiQbNLtT0ECRiHw,Relaxation hello-job,5,4,0.141104
UC6qf4Py31Y_MLb_jVnvCeEg,マックス,5,3,0.140288
UCPGpPZzIrrDu2X6g81s5ZlA,松田リエの日常,5,5,0.140234
UCjW-KhfkUYhjwD7lqN-LcFg,兵藤小百合｜さゆりメイク,5,4,0.139746
UCBrgK9ZtiUn0Gmn3cruQBkA,崎山蒼志,5,4,0.139123
UC9954C4qPvi-_FIb1Fr1KQg,長谷川潤 /Jun Hasegawa,5,7,0.139103
UC8ey1FYCmgHPa9f5KxWb0mw,Jason Mraz,5,4,0.139022
UC1QmKS4aff-61HOcEh-6nEw,xxx,5,4,0.137662
UCK2752oH07PdOcAURervFgA,Mercymillion / マシミル | 洋楽和訳,5,6,0.136336
UC10BM9XdLdrvB8japwmRUvA,Kanaria,5,6,0.136188
UCu_O4Ng16iHC4ixdPtkk8pw,Aikido Shinburenseijuku - 合気道神武錬成塾,5,12,0.13294
UCHHQjV4fLOcNoko-pzQOSVA,なかよしだいかぞく,5,7,0.130651
UCOxqgCwgOqC2lMqC5PYz_Dg,Chillhop Music,5,4,0.130043
UCXOn-0vPbkbgoNfM-wQnsAg,シバヨガチャンネル,5,7,0.128719
UCP2sLDyZSLM7TlQd_TggE3Q,RHJP -Regain the Heart of Japan-,5,4,0.128261
UC9BOFGr38H86t5V7_K3WlNA,はぎたすぴぴぴ【世界ひとり旅】,5,6,0.126864
UC21OZ-2ptQD55otKgAbg_ZQ,ヤンでもわかる中国,5,5,0.125029
UCFrMvGsAnDR0iwcdFAyziZQ,桃ミルク神話,5,4,0.124114
UC05FxY71VTRBpJ08zpKZJKQ,Patrick in Japan,5,4,0.123924
UC3339WgBDKIcxTfywuSmG8w,ViralHog,5,6,0.123656
UCEfBM5QPpeqU9nlRvXCd2lg,Ko Miura's Piano Channel,5,7,0.12315
UC3NjcCQNVVR4rBVkxU3rr5A,ボディメイクコーチエイミー,5,4,0.123021
UC-IsVtDZ_i9HigV1ouJCZTw,アバウトガールズch,5,4,0.121538
UCucL8Ib4JOigpW0pgjI46xA,cook kafemaru,5,6,0.12045
UCPZ6Q9Tlp_QGGvcmX8w76tw,Funny J-POP,5,6,0.120199
UC4Ub-Y_yj43aouqFbA7PwhQ,おーちゃん【元外銀マン】,6,50,16.550726
UCPMJKbrxtpARoTd1b49iUvA,楽待 RAKUMACHI,6,74,16.278053
UCS5dVIXy8SYcIMWRmEI-_3A,松井証券_MatsuiSecurities,6,47,12.110306
UCe1VbBy2kU_lMB6t4aJmukg,レバナス1本リーマン,6,27,11.967639
UCQPPXy9LCznUQHHG_kh6Bpg,Buffett Taro's investment channel,6,49,11.345127
UCMrg0DqhgSL8d9q1_i_Tv2A,毎日チャート分析ちゃんねる,6,20,10.325073
UCNJRaN9NIAbCXpDa_hAKd3g,大人の学び直しTV,6,83,10.204981
UCB9yWqXpCqFVSwoT_MQiSnQ,トラさん【大切なお知らせ・最新動画へ】,6,36,10.142438
UCPNd7xHDFhsbGwL-bqwQKMQ,S&P500最強伝説,6,15,9.78586
UCfTnJmRQP79C4y_BMF_XrlA,NewsPicks /ニューズピックス,6,108,9.08983
UCG_oqDSlIYEspNpd2H4zWhw,ReHacQ−リハック−【公式】,6,115,9.010502
UC5BiTvy2Ni2MyigJPspjhOA,トウシル [楽天証券],6,30,8.657932
UCoADGOCHt0bH5K-S8eL_kwg,株の買い時を考えるチャンネル,6,31,8.482356
UCK9Pl6bbWqMC_x7IDca2tIg,Sho's投資情報局,6,16,8.442972
UCLd_KPUX_yai_rXMaC90mrA,とも米国株投資チャンネル,6,8,8.426783
UC8EJ_7BoTFQUcQwd6cYeBlw,不動産アニキの非常識な投資学,6,34,8.099438
UCfSJLM0qrPbzXnuAATuELhA,聞いてわかる投資本チャンネル,6,21,8.028232
UCASJIBV9UDa_FDiSddoEonQ,ナスビのマネー講座,6,22,7.94559
UCViiuqf0n0lYjIYn0WsmFyQ,ロジャーパパ米国株投資,6,7,7.914892
UCB1dgsqLiEp57oDAyNV_vww,ABEMA Prime #アベプラ【公式】,6,102,7.907039
UCXhiUvJK_0uyLY1YvaSa0AQ,馬渕磨理子の株式クラブ,6,34,7.775354
UC5Qgc-tEFmm5iQX5tUy6TyA,株リアルライブ,6,15,7.698277
UCFXl12dZUPs7MLy_dMkMZYw,Dan Takahashi  (Japanese),6,48,7.62209
UCElRs01iIZ-D-ASLTVgE6Pg,ゆたかTV,6,9,7.593713
UCVXka7buS_WptsAzSE0LcKg,江守哲の米国株投資チャンネル,6,10,7.189214
UCN36kFB7Lh4tptI4rsy5vFw,東洋経済オンライン,6,27,7.161721
UC4cVwSx4jdZszAcvrgJ4H-g,ガーコちゃんねる,6,43,7.148698
UCeLeyHAaZJb4tm0cAMxc60Q,後藤達也・経済チャンネル,6,19,6.94684
UC0gvn7xAe2wHtFZYPqsf6bA,上岡正明【MBA保有･累計31冊ビジネス作家】,6,52,6.939659
UCOX7X_ddhi1oXurSbJsk45Q,NOBU塾 ,6,37,6.909007
UCBC9F0IokoWtGV4hX_1ueTw,Makabeeの米国株【ジム・クレイマー応援ch】,6,12,6.866403
UC6uU6smfaEvk_vyVjxIOVuQ,たぱぞう投資大学,6,30,6.766688
UCYtv1My064sodwuWBDhbQfQ,新R25チャンネル,6,44,6.632452
UCIcHiv09TJEc8IfWtQgFqgQ,大人の貯蓄革命チャンネル【資産形成・投資・経済】,6,12,6.623177
UCkKVQ_GNjd8FbAuT6xDcWgg,テレ東BIZ ダイジェスト,6,62,6.464282
UC7Uc7ZmNOt_sPLFl7ZM83iQ,Fuyuko / Saving and Investment Geek ,6,54,6.350624
UCt_XAT1S9YQAhARMyMnXCzg,Paranoize Official ,6,26,6.292111
UCVvVfg6FUYUtM71nDykgNZA,Moha-P World News,6,20,5.757708
UCJlqcVDS3jsxjni_n-raypQ,投資家・税理士　三本さんのお金の話,6,7,5.702419
UCFkVVgEo5E2Gk79Ah8uM7kw,【休止】Zeppy投資ちゃんねる,6,18,5.557709
UCZLuJJeUVgnc8K6iLWHzC1w,メリー チャート分析【金融トレーダー】,6,16,5.445557
UC8LhZmYA7VTt84hl91ifIGw,映画弁当 : The movie,6,49,5.336677
UCIZpr82F0NgtLyve9LJT83w,IRTV for YouTube,6,6,5.316969
UCZZor-8vAs36TUcfdhim2Aw,PAN米国株投資ちゃんねる,6,8,5.279868
UCax09PmcRoY1R8mfJFBfv0g,朝倉慶のASK1,6,20,5.238615
UCUJjpiRm4NYM97zGsqt-bfw,パンローリングチャンネル,6,12,4.731558
UCBCPSOtwTWuDjS-b-GyVUGw,モーモーパパ　100人アンケートで楽しく投資スキルアップ,6,13,4.687336
UCSyJun_VTW5iArnfGBXg0DQ,テスタの部屋【切り抜き】,6,10,4.529038
UCURPqzet5A9Ojvn6jaL0Qkw,Hiroshi Iki 『Money School』,6,30,4.439951
UC22GM7rXPl0G1Bn-5kfppPg,まりもっこりのマネー教室,6,12,4.308396
UCLJNZ7osIjNix4bbkM-rj5w,たまきチャンネル,6,27,4.093123
UCGXU4lVXc9msfUkjNykA7TA,BANK ACADEMY / バンクアカデミー,6,43,4.061389
UCSEgVs6Ja_vdk8qOFnIBlww,NEW YORK STYLE /ニューヨークのリアルな声,6,10,4.029647
UCTcpxiy7ho340cYQ7I-Ni8w,マネヘル経済分析ラボ　目指せ1億円,6,5,3.952151
UClDM5GP-nYn5gBvDryZDW9w,探究!エミンチャンネル,6,23,3.841982
UCmwgWWVJPuQqWr91bUY3RHw,騎士X - Knight X -,6,15,3.802215
UCALplCbeagOxXGmEJ-hOJIg,楽天証券,6,18,3.760785
UC5dz5HTMO-tU_5amQkL37ew,アラサー夫婦の沖縄移住セミリタイア計画,6,16,3.729415
UCG7FPicHPJXg6romhe0t92g,小次郎講師チャンネル,6,12,3.522064
UCHFHbnObUly48I9cM66xVSw,ゴリコロ株式投資チャンネル,6,12,3.480275
UCcrpFRRYkH185Xb8D-JQT7Q,Bappa Shota,6,58,3.470926
UCIcby6nAlBSbCJvjaSrZDlw,投資家養成チャンネル - Joe Takayama,6,6,3.409775
UC7sEB_ylMuHJD4TjF4Ag1nw,田端大学　投資学部,6,47,3.401643
UCMAEQdzGckZ9FMWJv8tz2zA,オタク会計士ch【山田真哉】少しだけお金で得する,6,74,3.366558
UCJkq3q4UnEnayNbwt6N9ttg,鳥海翔の騙されない金融学,6,22,3.362106
UCdB5vhQORw9HeiF82IYLnjw,すとぷりちゃんねる,6,16,3.356203
UCMtyb2Cl-zJpP3jpPgnmrGQ,マネックスオンデマンド,6,13,3.34244
UChHDspjk1RSMWXe36OyV5rg,仮想通貨チャンネル - Joe Takayama,6,11,3.291769
UCN1w0Esm19bl7kMh5O23y-w,予防医学ch /医師監修 ウチカラクリニック,6,33,3.1358
UCZGcthFzJyZXOh-ueTnLrMg,投資うさぎ「会話で解説」,6,15,3.098244
UCpv0oCYCHywaOIsqh48MEVw,さきの海外不動産しか勝たん,6,17,3.088158
UCJ1DVBLVpe4FvBZZ94kreaQ,マーケット マスターズ,6,4,3.029981
UCGIioIDJyQXfQVcrimZSmlw,三菱UFJ eスマート証券　投資情報専門チャンネル ,6,8,3.007246
UCb9OgQn_8qXCsmztGCiyOWg,がまぐち夫婦の節約チャンネル,6,29,2.972554
UCnfnT_SxzckeFmXWhMhpUMw,めておら【公式】Meteorites-STPR新人歌い手グループ,6,11,2.90347
UC1HkjsJ0Ttu7vd5mhbJgd9g,関西弁投資家つばさ,6,8,2.900386
UCcth0WX2EWNKPTipJTH3xMQ,タイツの社会・経済分析チャンネル,6,6,2.84031
UCeCmAYh1ylwIsgGrmqaklzg,TBS CROSS DIG with Bloomberg,6,23,2.752442
UCWcRj4M6JYcaXlAIn0IwfGw,しょーてぃ仮想通貨,6,19,2.728766
UCWhemq3KH46mgbPfUOg4Brg,Coin Club Japan,6,11,2.724059
UCr9gtTPL68r8GzSMouxpOdg,Kentaro.【暮らしと貯金】,6,21,2.685216
UC0AFpKRYgpcsr0zLFUE6hlg,株の達人　公式チャンネル,6,8,2.637744
UCJc_jL0yOBGychLgiTCGtPw,国民民主党,6,20,2.590592
UC5laBQe3nqbrAnwNTabchhQ,セミリタイア目指す夫婦 もりげ,6,14,2.576339
UCQHZXj_ZXCHuwWLiHHahetQ,SBI証券公式チャンネル,6,9,2.571208
UCVA3f9QFaZhBX6hyqUAPMIA,日本株チャンネル【坂本彰】,6,11,2.56974
UCmBVCXTZCHm-cOvukkFvu_g,大和ハウスグループ公式チャンネル,6,13,2.499859
UCJ1xfhiJWSsdZaH9IstBImg,佐田志歩のバリバリ伝説,6,8,2.479748
UCWBDbF9NMd5z72zUvGpdTIw,投資入門アニメ,6,7,2.405766
UCDeIwjVFvlSNpnPCatrXAnw,NOBLESSE “ノブレッセ”,6,11,2.381808
UCRwOeApFFyIoyEulSOmONBw,高校生でも分かる米国株,6,9,2.361726
UClb7Z9Bc3nBpawctMmJqfvw,アンゴロウ【暗号資産攻略】,6,12,2.287401
UCgE9lrN1n1dVKoFKSlgortg,【投資家】ぽんちよ,6,20,2.265702
UCGq-a57w-aPwyi3pW7XLiHw,The Diary Of A CEO,6,26,2.265502
UCBPJWA4QQM47ZuIVSC8pMVw,Genki Nishida / FIRE LIFE in Thailand,6,18,2.265289
UCjXDbgbzk9BnpxDnRCempfg,"FURUTACHI Ichiro ""Talking Blues"" Archives",6,22,2.244456
UCI2my7nm4HZdkM5JWjB_JXQ,あかでみっくなカレッジ　-Academic な College-,6,30,2.203524
UCRFjky7ev2G2SrvpIb1sQRQ,NFTまり 仮想通貨 メタバース,6,6,2.19758
UCfx9nY1DIwd3p0zbtdG4FOQ,ひげづら株ちゃんねる,6,13,2.187039
UCOfzLmXpI3qmZfV7_Cs1sYA,投資の寺子屋、暁投資顧問の相場状況！,6,7,2.185056
UCSC4jWZXjX2EjEHQnqGEmVg,AMPTAKxCOLORS(アンプタックカラーズ),6,14,2.177068
UC0sKeBXCIA_gxRy0j9UICKg,株のプラスアルファを探すチャンネル,6,5,2.174198
UCfCF0xys4sFKkUlRmjWD1Dw,アギョウの競馬予想TV,6,4,2.123885
UCjvWHjhiY-Pj4-5dLSw7-tQ,【公式】プレシディオチャンネル,6,16,2.119024
UCdQdRRLoajrt-5TEaAxslxA,トレーダーTOMO,6,5,2.091415
UCJhFv3A2dYQNwUgEAn6WPJw,世界見聞録,6,27,2.091343
UC8s1FrVoPsTSbFSxsdWA11Q,東京総合研究所 / 金融庁登録の株式投資アドバイス,6,7,2.082952
UC6733Tao6u0xg6OVDyHPZ4Q,仮想通貨&暗号資産LABO,6,6,2.067602
UCacmUS5IWcTzpI3b4ZkkSgw,E-CarLife with 五味やすたか,6,13,2.040029
UCU0KURiKTupBYVCK8rgG7Rw,日本科学情報,6,20,2.038629
UCdFpTpMIGq2sX4u98e1UI0w,つばめ投資顧問の長期投資研究所,6,12,2.023777
UCO7FMrzELE07mfCMZuoWSog,みんなのテスタ【切り抜き】,6,10,2.01531
UCJ-l-sMQFHogSy8KXRyMIRA,SPOTVNOW,6,30,2.009253
UCXpgQgFjREN95cEgC57ilvw,ウルフ村田【急騰株チャンネル】,6,10,2.008654
UCXLdlTo4x1vBNwSOiRjxH_g,SBI FXトレード,6,17,1.986974
UC13uqFOdIrsRdl63n4OGOnw,ふえる 株式大学,6,10,1.975276
UCxW8eO79brdkeqwTvO09sBg,草食系投資家LoK Re:,6,8,1.957301
UCQl6AWZxUcaGMxDskAeyxOQ,銀silverゴールドch,6,6,1.952301
UCl9njYV9OgdE1IOqVlfs44w,"Mitsui & Co., Ltd. Official",6,12,1.95173
UC4MhPBLL80Enn9EGPzDoGiA,西山孝四郎のマーケットスクエア,6,3,1.950966
UCjjGQ1lHXd13dFfTpYqCYRw,【ヨウヘイ】元証券マンの誰でも分かるお金の話,6,14,1.944783
UC7m7oo-Xkm4yKUhXchMK8CQ,Take AFTF55,6,15,1.92125
UCgDa6dxD3jPElw6eCvL1T2g,Jumping Point!! の株Tube,6,8,1.913329
UCIhuYhoY5ZcHhcYBmgUx13A,カップ麺を待つ間に見たい雑学,6,25,1.881347
UC4akeHUneE-Q6h8ZL0GcE8Q,株式会社小田オート,6,9,1.873279
UCcW8F31zX47k55Iuh8d-r8w,ジオトリ,6,8,1.86243
UCDnUkOjKd0ggqHBaexWDatw,しばとん投資信託,6,13,1.814617
UCKSVUHI9rbbkXhvAXK-2uxA,Supercar Blondie,6,8,1.796141
UCXYlk6MXurenhAuTsUnpWrg,黒幕の日記帳,6,32,1.791871
UCQJZg2PJFMtmpA4hQ_8M27Q,【特撮と投資】ルネ岩田,6,7,1.770831
UCeW7dO9lXpvUQJcMEP1tv0g,stockvoice,6,3,1.769602
UC69PmrVDjOy4KBkaW9S4ZJg,米国株ファンダメンタルズ分析家　まもる【米国株】【経済】,6,7,1.764052
UC-bmHfXtwFnKyJ2uwRvuQiw,節約と貯金と投資のゆるチャンネル,6,8,1.743794
UCfJEDCUlzQl4-atLp6Z9DcQ,テスタ,6,11,1.732403
UCza7gpgd6heRb8rH4oEBZfA,三橋TV,6,32,1.712235
UCJcsDmXAGVLGL9FrlxovoMQ,中原良太の「株式予報」,6,9,1.679702
UCR27AC8dSdCdLDuNYqpCLPg,Real Intelligence,6,5,1.638949
UC5p5JMWxGx96lJFBMpPWN9w,五味やすたか with E-CarLife 2nd,6,6,1.628916
UC6VMAKzjWKDzeI4iJkY0knw,L'OPERAIO Channel,6,14,1.6071
UCmYEubebECNJoRvIBS2rs4g,ソニー・ピクチャーズ 公式チャンネル,6,8,1.606578
UCgXl5H1V4Fq4q0_gJYXR3bw,マイキーの非道徳な社会学,6,18,1.598436
UC4XS_dU0uz5ZU8RtO9p1DdQ,すにすて【公式】SneakerStep  - スニーカーステップ - STPR新人歌い手グループ,6,19,1.573308
UCUxEy0OUAdRja1OOdTNL6oQ,Tripo AI,6,5,1.548318
UC6pk6Bpvh6P16mgpC7BSKZg,【りょうま】Fラン会長 熊谷怜真,6,18,1.546555
UCDr_vEj3OAMmhQB3HzQG22Q,不苦労@高配当株FIRE,6,6,1.536728
UCMopcwFe2RiRjqIZzAzbZRA,日本史サロン,6,4,1.503982
UCgKOKQq3XENgVsy4YcDtDdQ,社會部部長,6,17,1.494338
UCk-Jlsfh0cIfTTbB6U5xMaA,【FXをはじめるなら】yenzo market,6,7,1.487283
UC2gq6CEYA3uXaM413nljZ-w,田村亮&鈴木奈々 自腹で米国株はじめました【Wealth On (ウェルスオン) 提供】,6,7,1.475755
UCF43QEv-vpOlmgODcgdyWrA,にんにん教,6,14,1.474197
UCFk1IC8Iuv49bqCsZVTGGbg,ぱすたお家のFIRE戦略ch,6,8,1.470251
UCE3YNMorDB1EpgjcXd3Hz6A,[Equity Investment] Day Trader PAL,6,6,1.461626
UCtLo4nwb3ObCDZ4m8b8u7fA,LOVECARS!TV!,6,10,1.416507
UCJMzOzrrWb8w5E6l6b7kZ2w,Japanese history path | Rekishi no hosomichi,6,9,1.404083
UCbk8Yl5j0MN2Ex8o0rnSYKA,【公式】芳根京子の〈生〉旅,6,14,1.397091
UC7xxfNM4NnkjdhsGsusOceA,SDC-Project Mykey佐野,6,7,1.394906
UCgdosCRq_0An1vY2DvRFNzg,がまぐちの独り言,6,5,1.391995
UC7_4caRzoxO5HcVCIwK_LZA,The God Slayer,6,4,1.382008
UC5_-qhFtHJP-ggLNKcdcuDQ,金持ち父さん 貧乏倒産,6,7,1.373132
UCv9GARGGn0LpNq7QHQVZp2A,不動産Gメン滝島,6,31,1.372893
UCZhR76YhW9JimYODMgm_duw,投資銀行で15年働いたボクからの裏話 By YT,6,3,1.371806
UCNfIwOIi0Da9MlvjB9QGlOA,KEN JINGUJI【AI×投資×未来トレンド】,6,5,1.370422
UCHDewAuJoPrQnOHdbFSq5xA,角川シネマコレクション,6,17,1.362839
UCJgEsfCKQTSljmR-PAMeTbw,FUJIMANA,6,11,1.354434
UCSB2p17rS1hUYmsWpXlFzeA,政治経済 切り抜きch,6,10,1.352923
UCmXE3Fk5rsyJim7HZaeqVZA,仮想通貨研究所　ぎん,6,3,1.3489
UCzZSnddt3xTL0V-ELJaMUFw,ばっちゃまの米国株,6,8,1.341315
UCGR4XmPflBNfK14-H3UD0eg,Minimalist Yumi Nyan,6,15,1.336122
UCkKJhKO73xF1pK5h9R82ZGQ,MBS NEWS,6,20,1.322069
UCL0gzRWUnLTapo5IunXAngA,眠れなくなる宇宙解説ch,6,13,1.318229
UCKqXswpSRbh1NWSNwir3qPQ,浅田博也の人生交渉術,6,7,1.31105
UCTJt_EpPa5Jylw2niq1R-PQ,HARE's diary,6,11,1.304567
UCQSShlZBTpZX6e3r2Kep7Zw,節約マスクのお金の話,6,12,1.279017
UCqx_xSQPeBPC7Or2XKxls4Q,りゅう帝王学ラボ,6,10,1.277409
UChU4moT-yZa2SNHpSbYciFw,【投資塾】知らないより知っていた方が役立つ話,6,7,1.26626
UCk1xgUM2AMe8O1yupRk97Yw,仮想通貨王ウシジマ,6,4,1.260076
UCGSXwlnTWgcf6wHoekOlq-Q,くらしのラボ,6,10,1.236211
UCBlq4h0nGMNocAO4shlPQLQ,"シルバー マフィア【金銀ニュース,世界経済,マクロ経済】",6,6,1.221959
UCoFLB_Gw_AoxUuuzKjXrc_Q,DAZN Japan,6,13,1.199314
UCZWml5Okcdo9gEeUJ6M3Kmg,アンジュール東京,6,4,1.184616
UCzZc73wPjzMBLTXnOw582LA,デイトレ塾 - Rょーへー,6,11,1.167698
UC0yOM-GVMLQTy6gDS0UZ1Pg,株屋の立ち話,6,8,1.145041
UCLDd9p6Rff_uN2SzKnFMFow,ブッダの【幸せの学校・ユーチュー寺】　私の寺はユーチューブ　筬島正夫・おさじー,6,15,1.135855
UCK-PjhRfdAnzY2FthVIXB6A,現場の人材教育・カイゼンチャンネル / KAIZEN BASE,6,4,1.135292
UCyTAiJtrpEw9NVMIODkC9jA,クニカブ,6,7,1.132589
UC46s7CEDGi1qL4pY-xAGlLw,【投資家バク】高配当・増配株で目指せFIRE,6,6,1.128895
UCNsBcgSjpuvMUw7_sEYXl3g,三好FAの資産運用チャンネル,6,6,1.126718
UC4movTCg6glxKhizsu0MccQ,ブルベ【40代インデックス投資家】,6,3,1.11686
UCe325LAv72VWbmPvFEcZBcA,God Only Knows - Kami nomizo shiru -,6,10,1.104432
UCuxtodWhr9JKsghxxdRO2sw,まひとくん。ܤ,6,5,1.100371
UCEdcHrftcFX_m1ntPoJ7jgg,チャコラのお金研究所,6,13,1.096944
UCdrVc2ByfvnNW14R6o_WpkA,大工の正やん,6,12,1.07981
UC6U7Z2d2MKL9G1tW6ry2Lgw,投資家エンタメストGiwa,6,3,1.070684
UCaD-0G5ElWKkHZZBIe4JH6w,NIKKEI マネーのまなび,6,6,1.069953
UCQ-0MkpvJZ0co7WD79DBt9w,コアラ先生の時事ネタ祭り,6,19,1.061177
UCVXO1_7BI7cCJFdIqXKGhuA,映画カルチュア FilmIsNow Japan,6,14,1.050947
UCfQqKwY2VNJx_g0JimDVYJg,歯科医の暴露チャンネル【前岡遼馬】,6,14,1.047519
UCCF4bp57Vr5cZ2hVL4mPfpQ,川田重信のありがとうアメリカ株式,6,7,1.04746
UCj6AKkCWS6FJqf0o5wP45eQ,JRA公式チャンネル,6,11,1.047237
UCiZCX1R1F3xYGbeXq1JscKA,VICE Japan,6,7,1.040777
UCq1r8Nq3nwI9VhvyiwcpF2w,山田五郎 オトナの教養講座,6,19,1.040458
UCfpEDJ5UHn3TlJiE1RD7X6g,ウラケン不動産【浦田健公式】,6,14,1.039665
UCqtTH8SeHhWcLb1OmOaB-Lg,シマウマFX大学,6,5,1.02997
UCTcJVDgfw411rqWCHb-16lg,文藝春秋PLUS 公式チャンネル,6,11,1.02964
UCKxaSXc3Bq5iHjkjUZ9zsCg,年金と暮らし,6,8,1.026033
UCuH86yHxc288QnX4MuGSCOw,海飛,6,12,1.014387
UCv3cmuTwVzTXROJdaT7xw6w,清水翔太 / Shota Shimizu,6,5,1.003686
UCd99nqHiRSDA-2gGLEJ3tiw,立花孝志がぶっ壊す,6,12,1.003551
UCh7bThzNArch6TgoHB1HVhA,カラフルピーチ,6,5,1.003055
UCEG9NDMkhQPQ-RwiySbmeHQ,マネーキーパー@40代の分散投資,6,8,1.000645
UCJ_UQa6lOHg941n_wYD3Jbg,マスオの明るい家族計画 トリビアンちゃんねる,6,9,0.992571
UCGMG8BNfA8gsH9Rn_d_yW2A,シクフォニ【SIXFONIA】,6,11,0.991098
UCmXdiKX0ZPOocIMXQG6XJPA,森永康平のマネネTV,6,9,0.988763
UC0D6L-NV6fdgbJMRZH1Q5Ig,Nibakoちゃんねる　ダイハツの移動販売レンタカー,6,6,0.988619
UCVuE3wVEyZcMMIKWVxUDEVA,わかもの【ビットコインチャート分析】,6,3,0.986744
UCJLMxBNMKyFdwW3tvAo9Ghg,うみはら,6,6,0.986146
UCAtmCRJyCsTj54EWa0vPIZA,ゆっくり企業解説&決算,6,4,0.983785
UCboqxDSqMY9FJMORETbm42w,たまごっち/Tamagotchi【公式】,6,7,0.981909
UC02YuILI65J8WK_AY2Y0LuA,賢者の人事,6,6,0.96734
UCkVvAm5jb62IMIJQj4wPVGA,TMSアニメ公式チャンネル,6,12,0.950705
UCWht77MlrHqdYLgPe1V9PxQ,【ほーぷろ】ホースプロジェクト,6,3,0.939452
UCKmkFA2wNXTMKZNGkZEEIzA,mama-Dr. Chieko@Japan,6,6,0.938422
UCY9KXoezyo6cp-YwguOOCcg,ものづくり太郎チャンネル,6,14,0.92819
UCT-xz7Ot0fmEcyVAbnVftmw,"Introduce Japan's ""Sengoku period"" history carefully",6,7,0.922464
UC6iLWL7DEISR2tuvM3yEaWQ,歴史サロン【毎週土曜19時】,6,11,0.910108
UCs_pojBiRupv5wbTFmAINxw,社畜ジャパン【会社・働き方・業界・生活の口コミ】,6,7,0.907765
UCKNluwNSkgZkaz1M8PrF09A,大人の教養TV 2nd,6,9,0.903941
UCB0mhrSc66U-AZDubfMSecw,投資家ぽんちよ【サブチャンネル】,6,3,0.902577
UCJaLV9fe2DwvemIPVwWlQzQ,4人家族ぴーちの節約術,6,9,0.89689
UCEyubXCmziCCb5CBGBpZHuw,お金の学校 -Imagawa Money School-,6,3,0.895697
UCWc-XpFHPK1SwGcvpFPZ8NA,Jリーグ公式チャンネル,6,9,0.893746
UCI-_lpDZ6fsRbNjo-FzxBuA,職人社長の家づくり工務店,6,13,0.89045
UCeqzO--saSm3FxOYxceZzrA,しのけん大食い,6,10,0.884601
UCqmWJJolqAgjIdLqK3zD1QQ,予備校のノリで学ぶ「大学の数学・物理」,6,16,0.8712
UCo150kMjyLQDsLdudoyCqYg,Car buying and review「WANSOKU TUBE」,6,5,0.869748
UCTj4HCD5jWGMNUJhv1RIweQ,がん情報チャンネル・外科医 佐藤のりひろ,6,10,0.866877
UCbMypC19BkBusvsLbf8dAkQ,COINCATSチャンネル,6,13,0.855848
UCYsLDIlQeS4NpEbKjyzTGhg,シンヤ / shinya,6,14,0.846377
UCdylwhb6wj5uIo5H1pfyP7A,マネーセンスカレッジ,6,6,0.846307
UC66g_QjJbvItZURwqYydOCw,ゆきえのスマホ塾,6,9,0.823368
UC_ocMvvwv3JP9JQtoWbbTxA,宇宙ヤバイch,6,11,0.822116
UCUXc-JwLAU7ktxtLsJNnwqA,TOEI theater online,6,14,0.819493
UC679NYd_fzAvZpEiLlbo0Zw,Human & AI,6,4,0.818089
UCpdtHm6VFP_Qc-IDIsyLh1A,選挙ドットコムちゃんねる,6,6,0.815192
UChOF0neTZw_vKeL-WPlvK_Q,石原順チャンネル,6,4,0.809045
UCVQjzmyombBVX4HZvmAWWIQ,メディバリー大学病院 /医師監修,6,6,0.804723
UC9eKha91yNaPjjMVv3--znA,のぶ子の部屋,6,12,0.804548
UCZ_SuRDKVceNj62dclYkRMg,Hotch Potch,6,3,0.800566
UC-_KlEHbeOq0qDeEZYPzz2A,40代からのFIRE計画,6,3,0.798075
UCb9iWTA-E94gXx6VfHry8Aw,PLAYERS Official,6,11,0.794918
UC9ykbjiUeYAgiuC9uiCmGJg,再生の道,6,6,0.792605
UCVcdb9-_-pDKVIMOvtWe5hg,CryptoAsset_TAKA,6,5,0.775352
UCl37sAx9teMEQ4-36qqSx5g,とこ（TOKO）,6,5,0.771082
UCyHTps406GHxyE3sSnJCnBA,世界を旅する自由な投資家【株タン】【スイングトレード】,6,5,0.770667
UC1YIHRtLYp9tUXlM23pkt1Q,株沼チャンネル,6,3,0.761986
UCoNVGRheUHZTWKcoFKEzSGw,フックインサイト,6,5,0.756581
UCIwodMcDr08vz-jWDBIGa8g,カブリエルTV -GFS公式-,6,6,0.752307
UCWknBs085JIeUMTWaix4_3g,みやぞんチャンネル,6,17,0.752089
UCF5cWRzPwFuYz43qzEytAzw,日経ビジネス（Nikkei Business）,6,5,0.751767
UCQ748_HXXwK7Mk0zpvqHd6Q,TJ Channel Thailand,6,8,0.739834
UCZt9ef5mduqqWWlYjanvNvQ,Ichiro system,6,8,0.731888
UC-tuD1cIDT0BoGkqgWKk5fw,山元 優【Yu Yamamoto】,6,4,0.730768
UCB5RZqEbxL2j-eQSDDwqRGA,投資の取説,6,4,0.726521
UCkhr7dK5NeNUUlhPljHrqaA,シンジのデイトレード,6,4,0.725135
UCaFLeZCNpcIafSFSayv9ksg,【転職YouTuber】メガネ転職コンサル,6,6,0.723997
UCMoXnv4WqBm_9HmwGgeY_4w,邪推師GANMA,6,4,0.72272
UCjWqWeeVxpb-XjEvQzJqzvw,井川意高の政治,6,8,0.721085
UCts0UPnL4A3kaeuFa-6Cmlg,Daisuke Miyazaki,6,6,0.718174
UCo6dMRnCsGl76JK_BnC0W-Q,森永康平のリアル経済学,6,5,0.71807
UCuTAXTexrhetbOe3zgskJBQ,日テレNEWS,6,27,0.712725
UCCP_E80UuuLj0avFzN9vTPQ,鈴木おさむに全部ハナシます!!,6,8,0.710101
UCct346sprSlIo14GYVUoSpA,GBチャン【イオン・グラムビューティーク公式】,6,3,0.706805
UCE76DwRLDd0a81qEprE1ERA,Trade Labo【高配当・増配株チャンネル】,6,15,0.70189
UCvc7EULvmEkg25GeQ3BGv5A,テンバガー研究家,6,4,0.700737
UCSDobaWqvIttZUa1xXi4sRQ,ハムショーのスポーツ実況ch,6,4,0.697937
UCtrNaCCz5xEphtnyc7xGcQQ,平井 大 HIRAIDAI,6,4,0.692545
UC0eDNB1PZKimS476G5qYOEw,たけざわ投資塾　武沢信行,6,5,0.688355
UCdYD7r_-oIprsFawmSoS7zg,ゆき先生CH,6,11,0.687172
UCkMe2cb8H0telQGmksiJ3fg,げんたろうの投資ch【元機関投資家】,6,9,0.682994
UCUnwoF27n5-658xEv9Z763A,GENKI【海外仮想通貨の先生】,6,4,0.681955
UCH_eUtqQCF2m8FFsh-xyXYg,炎の石丸伸二,6,10,0.680285
UCc24lIlB-ZAcmX77wtRNNRw,行列のできる工務店チャンネル　つぼいのまこと×グランプラン,6,3,0.679053
UCfQg4KKD0sq29KriXg_7SMw,中学生の勉強応援『スタフリ』,6,8,0.678689
UCAJi0Hv45RROxRoB9IpAdEw,Tokyo Trading Wisdom,6,3,0.657379
UCTjgi0jyRr71cyQy30Sc4qA,立花孝志ふたり放送局,6,11,0.656971
UCwui1LtxjoibbSFzA9e76kw,Motivation University,6,7,0.651524
UCPWc1q6yOND7n7PvEtRq1dw,まさし,6,7,0.64872
UCWjVy9lv8oRAOaKlfoCXQJQ,金美館通りの藤村さん,6,6,0.635313
UCg621ZS-iKFLWLbXcSBG5mw,トヨタイムズ,6,13,0.632169
UCssJwngfgk2WiOmFBIq1DDg,【ほぼ日】日本株速報ちゃんねる,6,4,0.629618
UCTf_RiCbTRRCoZYoMKnR4vQ,しのけんの別腹,6,3,0.62628
UCLeEyY1ggHnJ-QKuC9vaYKg,10分ドラマ『東京彼女』『東京彼氏』公式,6,11,0.619005
UCgY8pmJItX4O-ZkkOy9xoFA,松井証券マーケットナビ,6,5,0.60784
UCr0k0LZskNiZdY7wz0ze0IQ,Alohapi Channel,6,4,0.606806
UCA2NkwhyTt5OGEnP_DOw44w,かみかぜ旅 登録者10万人まで帰国出来ない人 旅行500泊目,6,6,0.606614
UCOai3JwO_5B07BtXnFyzSJQ,【有益】やり続けるイッチ,6,7,0.606446
UCG8omlanQc2vk74ctSXFBiQ,Mr. Automotive,6,3,0.603003
UC58AKXIB0rfLiKYw8vsf_Og,ゲロロンちゃんねる,6,5,0.602911
UCCDQSu5WZb9k1XlttFrTx0w,ふぉりお,6,5,0.600784
UCKEeXu8tcgOCp5Gi63POwrQ,生田絵梨花 Official YouTube Channel,6,3,0.599077
UChVUBqUVCxaVkgaGL4bQ86A,どこにでも行くドスコイ,6,11,0.598361
UC8Vd30bGGpCiLqjEJy5T3pA,投資の参謀,6,4,0.594622
UCQLVjEATeCOOa63RKyS1xzw,投資シミュレーターまむすん,6,4,0.59432
UCTCY62hXUsM54SWYIYeDALA,ジョブタク | ソニーフィナンシャルグループ,6,4,0.583373
UCYFNfQ3DWjRpkAPb__HIV0g,リノシーチャンネル【公式】,6,6,0.57484
UC1fhhSCXur5hKgz7Q0lL_gw,THAIBIZ /タイビズ,6,5,0.569467
UCJh0Ot4AMlm8W9I2fl46Wwg,こころ診療所チャンネル【精神科医が心療内科・精神科を解説】,6,7,0.567018
UC7dY-mTZUa6jPlHEtdy4wJQ,耳鼻科医富田のいいみみCh,6,7,0.564993
UCtjRA-7EuBmyWMyty1HZAPQ,中島聡のLife is Beautiful,6,7,0.562115
UCJloEW4ZKkWboAHsqtr-wJw,弁護士ドットコムニュース,6,6,0.561158
UCdXDYsCRtel7UpZNJfzov9Q,日本創生TV,6,5,0.558478
UCIe2pR6PE0dae9BunJ38F7w,Dr. Sten Ekberg,6,8,0.556166
UCNTX3CiA7pt6skg-hQO0kng,ナゾトキラボ【IQ & 謎解きチャンネル】,6,12,0.554037
UCx-lD8mockgoSks9i-eFjMQ,EX CHANNEL TV (エックス チャンネル ティービー),6,4,0.548007
UCf784-7uqFT9iT0h1R8lGrw,YAMATABITABI,6,6,0.546939
UC0cvEna9UC8zeYNXx2niYyg,進撃の歴史旅『信政の野望』,6,9,0.541816
UCHL12woHGeiqAqLrK-pJe7g,日本経済新聞,6,9,0.539563
UCCtALHup92q5xIFb7n9UXVg,TOYOTA GAZOO Racing,6,26,0.539128
UCOb49mOu4z3FTYRkIrFtYMQ,TAMAchan,6,6,0.538924
UCKsZgsxifJpNFLQx52UTcIA,日本アニメーション・シアター,6,9,0.533365
UCsWTZ4nYODCwlE8rdv7DZzA,もふもふ不動産,6,7,0.532764
UC5SUkKPFi77ZZbqfvCSfU8A,OOKI engineering,6,5,0.532279
UCVBqQQe9qC6ssjNuKjKiBGQ,中村 仁の投資アカデミー / ブルーモ証券,6,6,0.526768
UCdinn6IY80IdKFc8kS3URDg,かぶまるのゆっくりチャンネル,6,5,0.524006
UCJm60FFiYSH2mJONr6vnV_A,東映時代劇YouTube,6,13,0.523656
UCxyv0MGvkLJAk52LDll7cKw,レバニキ,6,7,0.522077
UCrn5izWUbCcEo1Aftfwd6KA,JST GogoShogo,6,7,0.51785
UCKn01SPTOMN1pOV6q-rvRRw,ゆっくりDriveLabo【解説】,6,7,0.514579
UC25CzeXsxxWaT2_72mYL3nQ,Mekup Art,6,3,0.513037
UCxW1CrSxJzX38qJsdG2HTPw,ノストラダムス,6,3,0.508264
UCvYJ-NswuQUxJPmEmvBXqxA,バート チグサの未来創造パーク,6,3,0.503439
UCbU86dKACh3g1qiV3kMaRFQ,澤村光彩【きらり】,6,6,0.501551
UCMUtzesH-1grusw-6V87tKA,科学ヤバイch,6,6,0.497281
UCGS1dnvPH4zyyZZ2JjS22cg,アリストテレス大学【思考力を高める】,6,8,0.496499
UCKC10UinjwEAWETffLnKLkg,拙者の出番じゃ!,6,4,0.495929
UCQVr6XWvWIY2PgFg_YdQLMg,Minan,6,5,0.49426
UClRcIk_PpYYbi0dYq8XBzcw,所得向上委員会,6,4,0.493665
UC8zcCNsomBdaTyrk1t3NlFw,MTSミズノ,6,3,0.492848
UC23wOTsr0ZZrZoyU2jWk6Kw,DramaBox - Stream Drama Shorts,6,8,0.491432
UC8HSf-wWcIo9YBqmre2guZA,Hollmann International,6,4,0.49009
UCECygK59Zb5zkfPWyV4I5jQ,空海の道しるべ,6,8,0.488271
UCTePPewpd16b4U5eU78OCeQ,飲食店応援チャンネル しおラボ,6,3,0.486483
UCpcGAVuBSJEFs48MBxhf9eg,莉犬くん【すとぷり】,6,3,0.486475
UCJRUWZsQXvLlBOUeZdtIcYQ,AIキャンプ / 中村俊也,6,3,0.485975
UCRvFZvnqmjnyMJ9k1ZVpZzQ,カワイコージ,6,6,0.484101
UCQ_lCJ3n_MhBhykmf4lWDVA,みやけん / Miyaken,6,3,0.483582
UC-kIxEIqYxnSshTVwg9q4Og,Life Goes On TV,6,4,0.478946
UCRP9Ij6gL9IViB7MS3Ez9aw,ビットコイナー反省会,6,4,0.47807
UCmV-bbmjWF4XzublsXRjxiQ,たかまつななのSocial Action!,6,4,0.476373
UCHbszb29nHGA0u-rnRhv_yQ,クリプト3.0,6,5,0.475143
UCJrkHZluCy8jyepLX-_cJOQ,株のザラバどうでSHOW,6,3,0.473108
UCCuMYUOCNF8je7X6H1ElKBA,テスタの「投資」マインド 【切り抜き】,6,6,0.469924
UCJxodFr8WwojfVz3fOgKj0w,東南アジア式FIREが最強,6,5,0.469517
UCT7jpl5JrcqAnBelQniN-ug,世の中の闇,6,10,0.465288
UCY_Xgod2xaEYWtsUZoKHA3w,おかまもch | おかんのお金守るチャンネル,6,4,0.463058
UCjQZcao2CKun5A4or-WAPpg,勢いでセミリタイアしたコムたろの生き方の話,6,5,0.458964
UCc6XWP5UNH2rQMXAaSVIwOg,内なる光,6,6,0.454
UCqoUKpMpv8hz64ckrRWBbUw,東京事変,6,3,0.449949
UCR9qsxLvO-K7lL_bqyjO3kw,住宅FP関根,6,4,0.447111
UCRUjsV6tSVj-KZj1gp9Q3rg,donut AI アカデミア,6,4,0.446104
UCXPu1w_qdV3BJgs3dej5bjQ,ピース又吉直樹【渦】公式チャンネル,6,16,0.445764
UCEOwfPTuNLghx9FU5LCGpCA,投資本 要約チャンネル,6,3,0.439889
UCHgyrWAwuQGsFs4XXuNdE3w,BIG神田の中国物販【物販総合研究所】,6,5,0.435789
UC6F1YoXk6N9lDlJ5IomltlQ,岡田とデート,6,4,0.435468
UCiqTOd3DFZXLgxvsz45f1SA,イケガミ投資塾【元メガバンク機関投資家】,6,4,0.432274
UCuNktecpbppQvffIqKgY1Ng,イマナニ,6,3,0.425801
UCLW3BBiKpFXsEBHq1FDJxsg,ドリームピクチャー │ 写真映像化,6,9,0.425351
UC4figmVe8mYJQ-BiDBGdXnw,WAO channel,6,4,0.421466
UCz5ZdvVfqhKBQuVPpediEFA,Loving president,6,5,0.416719
UCKGZS-lGclkbLa9FWw-x3Ig,musyokutabi(Japanese Traveler),6,5,0.405899
UC9DXAsBD4-ITVuvpd68401Q,AutoTopNL,6,5,0.405022
UC1HmJLKj5qENx3cR5nAwszQ,GSBCC: 古代から未来へ,6,4,0.404244
UCdaFyOoPLyKwW8kvEvbHCwg,杏/anne TOKYO,6,10,0.402781
UC1XCOdrEKT1QzJ_hYf5DKaQ,築地本願寺,6,4,0.400768
UCVOiPmoBB_-tm5a3CaJVM9w,黄金エンタ伝説,6,7,0.399471
UC99XAwC37LlHtNg5TEnrgjQ,Saya: A Message from Space,6,4,0.399077
UC5BQzIa3Gx6nRpX_iiNzMEw,【冨岡剛】僕のパパが、社長になった。,6,7,0.398726
UCB8yRCof3uoIyDzVaMiLUrw,サラリーマン投資家カフェラテ,6,5,0.398569
UCTvBkHmk6n_GGuExGOVqWAw,体の中で起こること,6,17,0.39852
UCJr--OFc6C9-X0y50tGhPmw,MyTesla,6,5,0.394711
UC_Tw3iEc8MqjnMO75FKERDA,「Y」ローソク足トレード分析【仮想通貨、ビットコイン」,6,4,0.393043
UCMFK4aP5Uxvb-W4TKsfBCrg,iFinancial TV,6,6,0.389658
UCPW-5qfYGNR8XYrvESrqJKA,ABCTVnews,6,9,0.389011
UCX8xD9LlHOZf0dF7yo9mFkw,石丸伸二と日本を動かそう,6,6,0.388822
UCkyutenNPeclEKo95d5bIrA,ヤスアジTV,6,4,0.385549
UCGzAfcALHxlr1raPt07-YuQ,クリプト・芦屋・マダム,6,3,0.383249
UCzMTIEi26OMv94brG9JEyQQ,暗号資産女子の金ちゃん2.0,6,3,0.382441
UCW6QJIGCQL_lQ7_dTIe84jw,For JAPANチャンネル【フォージャパン】,6,9,0.380997
UCg-G6gHJzB-bcw6H-83sGng,神々の集いNeo,6,6,0.38059
UCsSUATrnXqj4lI71ABdJ7_w,ブラフラ【公式】 - BLACK FLAP -,6,3,0.37616
UCMO-4w50diaUC9G2FlKSOBA,しごとリーチ!,6,6,0.366586
UCCiAi0dGKgMeoqLgoLOzQjg,60代からはじめる投資の授業 講師:松尾光剛,6,3,0.364565
UCGtO24a1PeLu9gKYvjCVvzw,Matt Cab,6,4,0.363598
UCv97Aw58IE0aL8eOdPBpgJQ,TOMO’S TRAVEL,6,5,0.357752
UCtJzV5rCanzag5y-Ku7eo0A,mii camp,6,4,0.352248
UC4YUA_Pnk2TfihuuauGzjPw,りょう校長のお金と時間の学校,6,10,0.352118
UC1ZrwYIQaZEV6vZbg2KusJQ,金融トレーダーMASA,6,3,0.347369
UCFHbn7TkUv4wVMn9mRWbdLg,三井ちえこの「毎日投資生活」。,6,3,0.347133
UC1tiWO6t2V0xAkGVagqrc6g,神秘の雑学書【スピリチュアル】,6,7,0.344736
UCKtLZ6KputpUZJp6tPmXtFA,愉快な経済学,6,6,0.342927
UCf7kkRzEBg0rBE0p2NBhiSA,テスタの株式投資塾【切り抜き】,6,9,0.341574
UCQhaZjODkIjuv38d-i5TVRw,KTV NEWS,6,9,0.33961
UCaETkbMVo1UR5upE46CiLxw,ゆるい経済学,6,6,0.339576
UCtHxtOlZPNH_tOhLHkPlK6g,Academic After School FREEDOM_OSSAN,6,7,0.338981
UCLlpIhLlEsuE4E78VLvgVQA,『“今”を貴ぶ』聴く名著_貴びチャンネル,6,4,0.338285
UCKA_0gnwdxS5Y1ZbVDZw5dQ,天村くんお金かしてよ,6,7,0.33822
UCmkA1kopVK--BPytwnMaYcQ,司法書士ボディビルダー・佐伯ともやの法律ジム,6,4,0.337959
UC5bMr66sJ6yFPhlp77tOWcg,幸せサロン育成チャンネル,6,6,0.335365
UC7_Gh4fp9o1nz1MtU7UaZ_A,Cryptommy Japan,6,4,0.332306
UCjViDC1YMKZTLGS6EQsnm4A,あしなっすの1週間,6,3,0.331204
UCalwFMNtMEaxlhQTT0xJwiQ,ごりお【化学業界の最新動向を解説】,6,3,0.330816
UC9Ds-6UnRPLf5kRtu94B6tA,松浦航大 for Fans!!!,6,4,0.329024
UC0txcrj3h1O0TSJN3FLXZ_A,senka -1000華-,6,3,0.32234
UCtU8X3TmK8HCfjSL1QlAy8A,じゃいちゅ〜ぶ,6,3,0.321698
UCEnpTmXnivFCmKitPoFOjPA,ゆるっと政治カフェ,6,3,0.319981
UC935VkfAOUmXTxLOyigAlaw,もんちゃんの株日記,6,3,0.318699
UCGaOacVru75b7vN8z3hzjQg,ほったらかし投資のフクロウ先生,6,3,0.318065
UCiWmm0t3SXQuvw2TEu7tM3g,うゆ投資ちゃんねる,6,3,0.317917
UCUQfiKnaf2fvQS5_Hplm5Lg,レイニー先生の必ず役立つ英会話,6,5,0.31746
UCu5pac3VmabJ-OvFiPxlzIA,YouTube不動産,6,3,0.315909
UC_MbGNpd7ldQAHdBTQ2Ke1w,ハムショーのメジャー実況ch,6,10,0.315759
UCRmqpn4FwPalolw1hvH2eKw,【米国株超速報】最新情報配信中,6,3,0.315481
UClFTpDAlYpjFhvKyirwLIqQ,ハイキャリア投資ちゃんねる,6,4,0.313837
UCRZVb2Xw2j1cntHA8UvbPhQ,サッカー革命家チキン,6,6,0.313494
UCrFzsSo-J_ay1M2HnHDCvhg,ベテラン證券ジョニーさん,6,9,0.309081
UCXlID38-IjmwWbyN5aj0Izw,ファクトリーギア 高野倉 匡人 (MASATO TAKANOKURA / FACTORY GEAR),6,3,0.306435
UCSbe4o0yCVbo9cUxAPT9t_g,野食ハンター茸本朗（たけもとあきら）ch,6,13,0.303039
UCyyeRmVGPOFn097MzVWRxQw,時事トークスナップch,6,4,0.301789
UCXANTcQrKm19c6CblfvPaKg,AXES channel,6,6,0.299044
UCgBarrxPbOPSBYIAtVrbO7w,EllaFreya エラ・フレイヤ,6,7,0.298876
UCbB9182i5iGc6pHgEVBorFw,りおなちゃんねる,6,6,0.297174
UCdV8I1nkz4P9_xEj_UWpo-Q,marketmakerの株式トレンド分析,6,3,0.297078
UC2n1IMilrQjKlokyBop1Tyw,週末ビフォーアフター,6,11,0.29519
UC5h-MTyqy5L2FUQ2tVow18w,ちゃんかあ糖尿病チャンネル,6,3,0.294257
UCNiVuG2myBRECEMiZei593A,Masaru TV Lonely Driver [Car Review Channel],6,6,0.290717
UCZRu1Rl4wac6Wr4PkbzclaA,2chお金スレ,6,4,0.287136
UCFCuWM9g36UiOGplHfS5OuQ,レイヤーズ・コンサルティング,6,6,0.287006
UCDwwZiOLmFWV_YmOgAks5Ug,ダストマンTips,6,4,0.28694
UCBMDeaylikeZHGsSEJDvuhA,Dream Relax,6,3,0.286928
UCARD3Lysa_1iuTKv7bbnKsA,脳力開発 - 集中・記憶・対人,6,5,0.282012
UCkmp3E3LQe77kZBJMn14K2g,LACHIart,6,4,0.280225
UCHmyjfkK2XgzAc0sz8htXGw,Sewing Bunny Workshop,6,4,0.279843
UCnk7pvkBw4mqz9JYZc4sRPg,マネーフォワード ME イベント&セミナー,6,4,0.278921
UC7hvs6ZDPE9LhSNWZ3nkQ0g,ベストオブミス埼玉【公式】,6,3,0.274554
UC50bS2VFxB33bSERuGiarCw,幸運の風,6,5,0.273917
UC9Gh9JBUanXOVlaUvtbJ9qg,クラウド21,6,5,0.27116
UCEn3sraZFVya8wfeRz-0Peg,ロペチューン,6,3,0.270895
UCwGD9cxcsfE9s64iw5Yh2Jg,時々おばさんになるドスコイ,6,5,0.270807
UC_1GPhYlXI2ka2ji5gnqWFQ,緑黄色社会,6,5,0.27075
UCBWMZf25I8y1TLpRrAQYZaw,大人の国語便覧,6,5,0.266732
UCGRSKDVhIIV3sIq2N1VFDXg,大和証券グループ公式チャンネル,6,6,0.265899
UCSWvYE911CGYu6XYBJ-p7Gg,玉木雄一郎の頭脳【国民民主党 切り抜き】,6,5,0.263177
UC-7C8c-SOAQ_X8kLBVQSclw,かけまるチャンネル,6,5,0.262441
UCSC1-oEMoWvcGbPjs9qZw6w,【WATの投資信託・ETFちゃんねる】,6,3,0.261596
UCIGNnQKD21SPOXMRhkkUdTg,ベトナム探検隊,6,5,0.25733
UCOUrPUI25HGfCTImQwXBBHg,相馬トランジスタ,6,4,0.257075
UCM1n2atyOH2JXl72j8nWqSA,バイナリーオプションの攻略法をわかりやすく,6,5,0.255486
UCWGl1JQoX90LM8hRuRbdFDA,GOKUMON(UchikubiGokumonDoukoukai),6,6,0.251628
UC4wqUDGqxgmCYVNoZU_S5XA,owlsssr絵画・美術,6,3,0.249257
UCkXGBWNwectH9GeTxpH5kFA,ターロウトーキー海外ミステリー　,6,4,0.24764
UCw1gFKjwoZtJajQp0SGRLJA,Yuki Takeuchi / NAO【Sexual Wellness Coach】,6,3,0.24268
UCatZG2Ahacaz4PCDGxttq2w,お金と家の特別捜査官シミズ【Myアセット】,6,3,0.238575
UCh0qUe0BODwPb8HhJUw1j8A,カムロの恋愛心理学,6,3,0.233617
UC9VDq66xQaB9J82Z_qXMgTQ,ELON自動車,6,3,0.233616
UCC-kpQ87dKCtaEXpW3_z19Q,オカルト探究チャンネルのオカちゃん,6,4,0.233541
UC2IqcWpl7Hs_NKrCFVQ_TrQ,シンガポール投資家KAZ,6,3,0.232598
UC2-L9lYVOdgqJn75iaJuT0Q,心の哲学チャンネル,6,4,0.228437
UCIQvLORot0Jn74BmXaNQj6g,ドル円ちゃんねる【高精度FX分析】,6,3,0.226434
UCforCnu1HmiUD6Bpwe7ufOA,河野玄斗の勉強部屋【切り抜き】,6,4,0.225464
UCuhg79_V-Q9hd2feSzCYSUw,Jacob Koller Japan,6,4,0.224898
UCnZA74T8a8dEbavWRq8F2nA,The Official JPX Group Channel,6,4,0.224698
UC13s9qP8Ic91zVrZ1p7BIww,【将棋】鬼殺しチャンネル_のぶ,6,3,0.223028
UCYthk8qoHmfry29TnUA-e2Q,TAKAHIROのネットショップ大学,6,4,0.22265
UCBCRg02llxVNDJzpkJDOnzQ,カネ部の部長Yossy,6,4,0.217734
UCF0_FqkLZ3g1ySk6Xtvsuhw,大学生がいる50代主婦リアルなお金事情,6,5,0.217463
UCHAVUE8cQSo1N6juTAEBWaA,DITAILING SHOP SENSE-R（センス・アール）,6,3,0.217084
UCFTy2Ylqf3X_J3r0Oo_XeGA,よつば特派員(参政党非公式 街頭演説ライブ配信),6,6,0.21486
UCC6VCkhnIHMzXryUkvCrj_g,資産を守る経済の話,6,3,0.212952
UCYi6ZafdM4EBSAaKD2CaliQ,ルス・グアダルーペ,6,4,0.211455
UCFwADnR_r7uFvnpGKOjea9A,RTHバリ島プログラム,6,5,0.210514
UC9eDYJu0NlveLrK64glOAHg,Grissini Project,6,3,0.209125
UCLQwZQHMTRqeeUSzZt5ii6g,Channelヒプノシスマイク,6,5,0.208274
UCRjREQVSiThsjfgEGXnEBpw,Baby DONT Cry,6,4,0.207547
UCmv1CLT6ZcFdTJMHxaR9XeA,Pentatonix,6,6,0.203479
UCMIoNwVftitx-BLyDK5WDsg,ピクテ・ジャパン株式会社,6,3,0.203018
UC5mcmvYFFsxk1eFYsxs_Ssg,dougagasuki,6,3,0.202932
UC8skS_pnF_YuV3mlDtVnD3Q,真実はいつも奥底に隠れてる,6,3,0.201531
UCmr-3xtixLI8NcBfv33yZoQ,起業の履歴書【AI解説】,6,5,0.199126
UC8x-pTwIbi1_FeTpiRQSLYg,モヤシネマ,6,6,0.198145
UCTmsJCwbdmGOmaER913GiSw,雑学のチカラ,6,5,0.197784
UCdldNm4RJ7_GclRsA5wk9kQ,カインズ公式チャンネル,6,3,0.195453
UCEbisyY58j2x1DY2Oth7WyA,にっぽん政治の実況中継,6,5,0.191785
UC8Kzy9gIkbdR6cZsnqP1Lqw,【公式】秘密のケンミンSHOW極,6,9,0.191747
UCPVpbXIiIDwDKVvu68-Vb-A,NBA Japan,6,6,0.190519
UCO_zIRIcbIeV9jC2CJ2OAMQ,森こんにゃく,6,10,0.190081
UCM8f899BmTsv_A3f8hxJDcA,2chの質問ある?スレまとめ【ゆっくり夫】,6,5,0.190067
UCbb9FsCRA83-6vdgXn2KSyA,マキシマム ザ ホルモン公式,6,7,0.189696
UC7p8tQwV57LnPpJm8-xCX6A,職人が始める株式投資ライフ,6,3,0.188206
UCoLrcjPV5PbUrUyXq5mjc_A,MLB,6,4,0.18768
UCqJTLlYHaDjMragF5aVJb-w,フリーアナウンサーしまえりこの朗読読み聞かせ,6,3,0.187478
UC2HIwBpgdzilxI_aBm1Wa4A,朝礼だけの学校,6,3,0.186574
UCWAR6TxziwDlYZTVz0qf4jA,△▽女優に聞いてみた,6,3,0.185497
UCmVCvGJoKGnc7NDQLDVDdNA,野獣先輩ウイルスの人,6,3,0.185438
UCM0YvsRfYfsniGAhjvYFOSA,Meditative Mind,6,5,0.185263
UC60TY2UcB5tXjki1GoN-grg,あいすくむり,6,3,0.184692
UCgH4fHMpKJmxmSk2s1gVQGg,Engaku-ji: a Zen temple of Rinzai school,6,3,0.184207
UC3Pb3fztIUVLCisYZgygcjg,Duran Duran,6,6,0.181345
UCe3SZWQT_t4fgf6CrsAf_ow,プク太の世界時事ニュース,6,4,0.181306
UCplhkHsYKxXjTde1lq8F-4w,Mochimaru,6,7,0.181208
UCpRy1jSzRpfPuW3-50SxQIg,エネルギーを面白く【エナシフTV】,6,3,0.181194
UCzPBIyFM_VyXgG9At-1Il4Q,MISIA,6,7,0.180176
UCSGijxw5JNkI_qE0qbSC1iw,MusicLabo.所長:根木マリサ,6,3,0.177932
UCNKONcy9suN-n9zu1Kitoyg,Senri Kawaguchi,6,4,0.177801
UC7FFobI5Z11IHfAMfEwK_-w,シャンティ・フーラ (Shanti Phula),6,3,0.177237
UCdrhZCR8neOdclCKhr0Qkpw,Real Incidents & Accident Files,6,4,0.177156
UCcYsw00RAfm5qKqUhL4d-rg,検証さん,6,4,0.175646
UCiDXupaVh-J90OjFI_KmThA,ほがら朗読堂,6,6,0.175211
UC77ldc15UzJER8JLTXUgxNQ,Midnight Business School ,6,4,0.175113
UCDdAvtQbcmxLlCYYjjo-oVQ,ゆっくりデータバンク,6,3,0.173701
UCLoQMRFOUAMGv8ncISiTF8w,ほんこんのちょっと待て,6,4,0.170995
UCA9G6hanrUzMgsxx1oyNb_A,細野悠輔,6,4,0.17008
UChoLc2oJpJ-Cc7jiT-JAoFw,Mysteries You Didn't Know,6,4,0.169312
UCxFC6YbrGp-Y0GYO3k_yLtw,未確認生命体ずんだもん,6,3,0.169217
UCOIKzOEV0tTfKwvEkr7pV4A,キクホン【聴く読書チャンネル】,6,3,0.169098
UCAWngYMCBVvV9jFHLVEXnHA,すぐる画伯あにめ,6,4,0.168642
UCN2lnl8IRDekbnp0GddmlvQ,Coral Capital,6,6,0.168601
UCIYOvObN8mTlZaRK_iG822A,emi / HOMEmadeSWEETs,6,6,0.167948
UC0ng6ruccYIhIW9XQ36zb3w,笑ってトラベル,6,3,0.166971
UCwgDnCu2EQbc37O57l-U47g,今その国で何が? 世界の今を紐解く! WORLD REPORT CHANNEL (リポチャン),6,3,0.166332
UCHnyfMqiRRG1u-2MsSQLbXA,Veritasium,6,5,0.165564
UCOOOBRWySaVuDHBwUpFhPPg,エンタメ集団・オフィスインベーダー公式チャンネル,6,4,0.165093
UC7itcGnPu63MOEvuad5Y9bw,Japanese Equity investment - Data analysis,6,4,0.164679
UC5bYXegKxWeC9DC95ZcrKNw,MEGUMIこんな感じでやってます。【公式】,6,6,0.162899
UCS17iKEInkBuHkxtEcCnTTQ,ニューヨーク Official Channel,6,5,0.161782
UCSOR4Snxp5SPioWjDgOtM-w,ジュディ【英語】,6,9,0.161443
UC01wT8c0L74Qy3uyMGwOc-A,テンバガー株の徳川,6,3,0.161377
UCjfSOezNo8qV9YNgQPDyuJw,50代独女デイトレーダーの部屋【株式情報】,6,4,0.159558
UCaLPXMxtXyBvjKqMPz1ewrQ,わた旅,6,5,0.159495
UCWzGkre-7TJUPn9AGgRuziw,島やん　shimayan,6,3,0.159374
UC14FGP9-FDS5XsNrv7BtVIQ,マネーOLせっちゃん【クレカ・ポイ活】,6,4,0.159112
UCgnVONNaQdCHLKArTTntydg,wavehibi,6,3,0.15866
UC8kDy7mWr5ARX1hiwTc3pcQ,surprise gardening,6,4,0.157723
UCssz-ymQD2AnnN_wyxX6LeQ,xyz,6,4,0.157064
UCLmaR7ew57x0XJEe_-REUyg,Book Club Radio,6,3,0.15612
UCpimzwUr5sJe4GOOtoNWWSA,日本浮世絵ばなし,6,7,0.156036
UCG9QGvMg993m9lCd-ZjtGPw,週プレChannel【集英社 週刊プレイボーイ公式】,6,4,0.155576
UC1qeDvnf0kBWfpK3Cxv53kA,本郷奏多の日常,6,8,0.154101
UC8xYV2okErOHjUgSXpGWKzA,教室隅の男・その名はジャック,6,4,0.152424
UChrwWDsptJWqbV_oPKdHk1Q,情熱大陸 公式チャンネル,6,5,0.151634
UCBD2Io6KEeDlU9wT1gpdQlg,APELUSHのやばい話,6,4,0.151369
UCKWaPTNKowHCxK0BXYwDHMw,Homeless to Billionaire ,6,5,0.15108
UC_wQ5hHiTgCN8JP_wPupCWA,幻想と神話の扉,6,7,0.149297
UCRKi1Su6NRdXd8IbfhHG6Gw,SHIFT LIFE ch,6,4,0.148972
UCFa7YswoHkR4HKN9xYrxoHg,ジュータク ギャング Tomoya Oshimura,6,4,0.14846
UC8DnmWrAJY5v7EobsgDUK8g,ECの未来®,6,4,0.147473
UCXIJgqnII2ZOINSWNOGFThA,Fox News,6,5,0.147449
UCax96_hP_WwVKTXQ8bzVmXA,ぷくぷく島。,6,6,0.147255
UCM7nsGHWLJbGAxwq0ZGSVMQ,よろずやニュース,6,3,0.14718
UCofZmdbEjEkltWQiHucYj6g,開運大波動〜神咒〜,6,4,0.146994
UCeaRpy8182mfPdm9BW00LzQ,【公認心理師】精神医学と性格心理学に詳しい 心理カウンセラー 竹内成彦,6,3,0.14619
UCrILuHQnC_9OXgQWzmEhuLw,闇世界の未解決ミステリー【ゆっくり解説】,6,6,0.146055
UCjC_j2F4ftvkaN3oXGcXzTA,プレジデント 公式チャンネル,6,3,0.145504
UCnygK-pBdovDNrx_8I8l4Mg,ずんだ生き物研究所,6,4,0.144703
UCDFvt8eA1cjfNFmRbqhulGA,Alone in Japan - Letting the Day Drift By,6,3,0.144695
UCy_ybB4lQ3HwwYfTkvRNJLg,1UP投資部屋,6,3,0.144384
UC-mvhLme81jr3Om94j9b9Zg,顕正会5映像,6,3,0.144374
UCN559lrbV9wt46NwlnPJtPw,韓国オンニAちゃん (会社員J),6,4,0.142535
UC83ZV8oEMTrT9nzRyCoTE3w,産総研チャンネル,6,3,0.141971
UC0pofaSefMyvZBhRkpNHXFQ,パラサイト旅♡Parasite 私は寄生する,6,4,0.141765
UCU8p4iTCQnFjUpGTpgxddIg,【資格スクエア公式チャンネル】,6,4,0.141732
UCd_jWcfSKxiBcrTwaPvIhPg,有益ガルねこにゃん,6,4,0.140786
UCIcATzqPoqmXQXjBRj2CT8Q,40代元証券マンの高配当株投資,6,3,0.140636
UCJ4lO0XnbY2_Ow3jRYwTLqQ,開運『大和易チャンネル』,6,7,0.140324
UCElrU4ZeDojoVv8hg3gDQOQ,りかりこちゃんねる,6,3,0.140271
UC9zBhb-CaZT7FWB8u9DT10w,100歳まで元気,6,4,0.137986
UCmTA5_WAO_NcC6q9H1cTi2g,🥥CRAZYCOCOチャンネル🥥,6,7,0.13778
UCjb0g1r6fQhni9qdFe-3cbg,バトルヒストリー,6,4,0.13716
UCT8NBWY0ybjzrIRqvRBL18Q,すずぽんの勝手に言いたい放題2nd,6,4,0.13699
UCM5TUWTwC4i9IIiBCGpN25w,ナイツ Official YouTube Channel,6,7,0.134254
UCvasqcd8NP0YGKTaKYPb34A,ニュースの争点 公式チャンネル,6,4,0.134234
UCMfaSnFWXu8svScZQtN6V5g,Mr.ポテンヒット,6,3,0.133602
UCY8mQBScI7KyvVAnTN3aQEA,BOICチャンネル【経営力加速装置】,6,4,0.133094
UCkBwnm7GOfYHsacwUjriC-w,Bon Jovi,6,4,0.132901
UCxCCsZiOTuGi5x4TE9eRebw,MOTCHAN NO HEYA - もっちゃんの部屋 -,6,3,0.132804
UC2jF1LKVM20aSod8mvjgZQQ,1分でわかる,6,5,0.131521
UCFLWxgG-qC9d36T7SWDcMUQ,江口亮介 / TERASS 住まいアカデミー,6,5,0.131297
UC-lQDDbmUb0rDRiw00ef4Mg,【奈良と河内旅】ナラランド伯爵,6,5,0.13102
UC2RhjhNh652zfXh1CYcbOow,パーソル総合研究所,6,3,0.130112
UCKDNkN3a6zF1CyEJHBKmy-w,野球いっかん！,6,3,0.129939
UCYmxFsdVNtVfigj_8jZkIWA,みずま埜,6,3,0.129366
UCQPxvvwQ1JZiBV5vePboybw,Pianist Kosame,6,4,0.128846
UCwg87jgwQPtJg0OzDRlOmPQ,GREAT NEW STANDARD,6,3,0.128607
UC9Q4r9A7tyivDJDqacdX2Ig,★しゅん / WEB3,6,5,0.128446
UCa7NqDn9JjAaxSvLbWE3tZg,ひろみちゃんねる,6,4,0.128084
UCKbojKvDp3akQzmALGYHjZQ,TPS Films,6,3,0.127617
UCrtaR-6vfJfZXC1WX0ao2nw,ミリタリーチャンネル「ミリレポ」,6,5,0.12749
UC_AFCIN32_y02fXE7Qgjg_g,BGM.garden!,6,4,0.127414
UC6nd4B5ksZc_5PdzmkcsJQw,しんや【本との暮らし📚】,6,4,0.127208
UCLbO398Ldi4AVcMp5nh2MRA,糖尿病の専門家,6,5,0.126218
UCCkW7UAUXhe2gZE8XjpE4eA,東北大学,6,3,0.12594
UCEvx02qWA8EZHE2w2WrpSSw,伊藤塾,6,4,0.125424
UCDgqS4oVGzEE_15NhOWP_5g,たつごろう,6,3,0.125236
UCCRJWqyU2PsNQ_whUFpOm-A,日本激おこ委員会,6,5,0.124706
UCVidC_EqsNkEnoIFLvIq1zg,内見ゴリラの珍賃貸,6,4,0.124651
UCxAFeMmGk4A2jKy-24BGoCQ,Eigo No Sensei,6,5,0.124291
UC48KQqTSczA223mJGgLTXFA,わっさぶチャンネル,6,4,0.123118
UCtxD0x6AuNNqdXO9Wp5GHew,UR · Cristiano,6,3,0.122864
UCe6eisvsctSPvBhmincn6kA,Joe HaTTab,6,4,0.122578
UCNHKOb-KKcJbYYJj8MYo8DQ,fantasy ASMR channel ~bnya~,6,4,0.121017
UCEnOPwrtwQzK9hOmQWyjecA,シンプル英会話フレーズ,6,4,0.120148
UCAfKK-_nQSV5kdpn1_VgvTQ,経済の地図,7,22,7.617088
UCEmUvweJwQ1EeUqb-dk8FkA,僕らの知らない物語,7,36,5.690924
UCKN1x9HADB_rGluUs6y_SLw,地理の雑学ゆっくり解説,7,20,5.120619
UC5DZScJo6DRZpdPNClgKYSA,山脇オサム/ギターのレシピ,7,12,4.661269
UCBvZZ4Lc2K_bQU-Aey-hLtg,Kenja quotes motivation TV,7,42,4.115346
UCB5jmwIGFHW64BIBoGe5Vlg,巣鴨YouTubeギター塾 塾長 Satoshi 下園 聡,7,8,4.010062
UCAnYwNNz9wCvOri3qcNCscw,だーまめ,7,13,3.974193
UCFhcNbijKU0_0chLSrKgAug,メシのタネ,7,29,3.754498
UCLalk9T_6MeFtiMrhxN48fA,Toshiki Soejima,7,13,3.642782
UC3Xpo5a0fRecHkCjEsnlgWQ,DIY JP channel,7,11,3.445686
UC4Tklxku1yPcRIH0VVCKoeA,Quantum Makers,7,27,3.408654
UCIItBLzuSNYnv-JRApCaDtg,囲碁将棋プラス,7,4,3.384132
UCBE-DSwqUTu82g4Raa5Us3g,まめポ,7,9,3.361498
UCCLJicEOjjzQftcy6ICtbgA,ずんだ実話,7,8,3.240761
UCEIXrjU4QgbKqZgZO1L9SVA,天子のワダイ,7,7,3.117586
UCH_QLndqhJTjQkWLlTY1blA,シン・ゲンバ / 旧がば雑,7,10,2.901579
UC7MbaFESaAhekSoXMFmbTGw,空き家起業家│ 椙田拓也のビジネス大学 ,7,6,2.784971
UC8zLluFMI6hwyeKrc35Z_ug,ダーク心理学のコード,7,6,2.685858
UC6HGjjbF4kmVvhcEuTUxDgw,テロルの小屋暮らし | Cabin Life in Japan,7,9,2.672205
UC0L9kkdJ2N6uMdhkEKaBg9A,豊川雄也Guitar Channel,7,9,2.525076
UCEgvFc8C1Y9fuUDPqGuCkLg,なるほど!世界ずんだもん,7,7,2.430738
UCCcey5CP5GDZeom987gqTdg,BBC News Japan,7,29,2.315353
UCe2OJ09kz2MEl6k4nsCMP6Q,TomoFujitaMusic,7,5,2.206003
UC9Ije5dQVFx9uTGddG_U5XA,将棋放浪記【プロ棋士】,7,8,2.18273
UCGdGyJ6N07dvumQSTOCEOQg,Japanese History / YouTube High School,7,37,2.156725
UCLrRs5masRm4u8YaLLXU3zQ,Floating Stories,7,27,2.13665
UC3jMy08han2ODgu-0L-zMVA,Erino Yumiki / 弓木英梨乃 YouTube Channel,7,7,2.085199
UCN1LT_sxN2A-aZU-9YdblYg,俺の世界史ch,7,15,2.084651
UCD3Fn-CEXK9vPIoixSZGZ2Q,日本将棋連盟【Japan Shogi Association】,7,3,2.044847
UCGOBnB3TPDPLpPhOHnz1FCQ,お金の問題【ゆっくり解説】,7,8,2.037771
UCDkAtIbVxd-1c_5vCohp2Ow,Mino Music,7,21,2.015237
UC7OmNkV72VwRJ7ST7-PzZUw,瀧澤克成,7,10,2.012164
UC4N4EuevBENawq0cPOUIQWw,新時代の不動産投資塾 きむ兄,7,5,1.975187
UCJ9tRxw6IHib7VlEV-Q7FBQ,地獄海外難民ch,7,13,1.957421
UCNYpHNhrWKVZyjZGNVUQQ9Q,東本ボイストレーニング,7,11,1.934038
UCAm5dAu8JKiZ8yW2rK3sjcg,16 Bass Lesson,7,8,1.924493
UCHngf89ISYnpfcMNlXOlFag,🌹ディアナちゃんねる🌹,7,15,1.900131
UC9Le1DkKHWTw2KVDtS7Y__g,ニッポンすんだ村,7,9,1.883774
UCwlIfo7dSvpDbaNuZqhdSBw,Takeda Ko-ichi,7,5,1.875755
UCHQw8yGouhHGLUdLz-scUjQ,カラダ研究所_日本一わかりやすい解剖学チャンネル,7,13,1.852584
UC8Wi0RcjvIy5z7V4Eypmzww,元奨励会員アユムの将棋実況,7,9,1.851766
UCKbvOKr-W7RoZutefykTX4g,ずんだもんと学ぶ不動産,7,7,1.848692
UCJHitHIR0aM6ce1CbY8g2vQ,Geek IN Box,7,5,1.78682
UCASImesU6F41MU1JSdK2iIQ,人間の不思議な雑学,7,10,1.780442
UCBaQ4AZofUl6ZS4EsjkDaSg,おまめさん,7,4,1.750175
UCBkVbgLgVZ473QViK_dtMyw,ポレポレDIYチャンネル,7,27,1.735653
UChUcGHMHb8v5WxLcA64KoSQ,Rickey,7,7,1.73435
UC9PYiD73q11jIMvaeBsqMvQ,小原正徳の不動産アカデミー@YouTubeキャンパス,7,13,1.727999
UCKRRpU8ObWyWivLW2lysokw,宇田大志,7,6,1.70526
UCi0SnChv06KjxJyfglYAIBw,Senshinryochi,7,23,1.666814
UC9bZy627A--NKLGtf9LnAJA,TWCDesign,7,10,1.649301
UCOVLrBaOiMH5QDKXTycZ8Pw,やっちゃんの崖っぷちスロパチ生活,7,9,1.608126
UCHZB9XN8Bb2Um5OQtFM6T1g,未完の思索,7,5,1.555838
UCG9DhAspMK2_wiTyCzDPlUw,nanami mizuki,7,3,1.551199
UCEXHKRvb__V35asPtlzn_BQ,野球が大好きです,7,6,1.535048
UCAbdJastZPlj7LUgcQKfrUA,ダークずんだ,7,4,1.523202
UCARV0ekChQosB18EDbPyLjw,モヤパンダ劇場,7,9,1.52189
UCLfEjsGCxdAd_elJlEAjWzA,jibun-ryu DIY Channel,7,4,1.483649
UCNgjiwiJxCNfjpqabDsdHmg,ゆっくりグルメ研究所,7,7,1.465293
UCBHtnQGUChkwG1eyWL5EA9g,ETJ English,7,4,1.456638
UCD20YjJSGIp6x0zNqFGgbcg,笑うおカネには福来たる,7,10,1.400937
UCcOyfJOWv9NJBqIcXDEoNmQ,耳鼻科専門GAKU鍼灸院〜giversこころ整体院グループ〜,7,19,1.390201
UC9w1iBxjc8zExstMBY18imw,ゆっくりドラッグストア,7,7,1.387502
UCK-1ia7u9plYyIbSuHPOsIw,Stretch trainer Tadashi Kaneko Channel,7,23,1.387192
UC0MfjLaktBisOTKO9Xgj0ng,Nama Guitar Channel,7,10,1.370011
UCo19nctPePk3I5NQ67o2RBw,世界ミステリーch,7,12,1.343537
UCI5qgrtYr9nFjuIW3-8ze0g,教養としての世界の政治経済解説ch,7,6,1.330122
UC2AKbYUJxHZRAcJjmLF5Y4g,DIY motto channel-Japanese style-,7,5,1.319998
UC0yiInw9cd6D7sASYSnx0Kw,にゃんだもん,7,5,1.302737
UCLmF8nkHDUap8ztsGnROWqg,ROCK FUJIYAMA channel,7,12,1.298451
UC4ncQuk56I8SK6lJGZcGwJQ,アコギ弾き語り専門ラボ / クルーニー,7,12,1.287308
UCDsB5oS-K8To0NAz4iWVNKQ,女流棋士・香川愛生チャンネル,7,5,1.27082
UCN64oPXNfhEvPQJUaIHAEnA,Carmen-kun　Garden Channel,7,35,1.257176
UCErMcxPKteTaU8Ka2byWrLA,霊のまなざし,7,3,1.185286
UC4wnPYAUJIJFBRShjzaFCvA,RekiShock  レキショック  日本史情報発信中!,7,6,1.152974
UCUHg7zFbbjSHvW1heBOqnxw,ゆっくりkm,7,4,1.14384
UCLE5fDDmenoz83BJIvox39A,Tsukahara Farm,7,8,1.134355
UC0lxqpc2hANi2hjtUXiW8Qw,Yuka Guitar Channel,7,8,1.132669
UCAIjtkHOp04k-xEKE-K87Tg,DeepEarth Mystery ,7,7,1.122434
UCDhdJkSs6PnrvAVFOZQX-cw,整体師コーチの神ワザ治療学 / 松田圭太,7,17,1.108562
UC-4HMv1j00QTebcFg4mV2DQ,Paul Barton,7,5,1.107335
UCNbeSPp8RYKmHUliYBUDizg,Oxford Online English,7,4,1.09797
UCAq2gwr8UKE_-H8cYYXUbaQ,であるりん,7,9,1.074037
UC52Nrl0bMKi65nZrCgwAuYQ,宇宙の神託〜プレアデス最高評議会エルナ〜聖なる光のガイド,7,4,1.04788
UCGKwG8F1-v42GXWOlLiXWiA,ゴシップゥドル【ネットの反応】,7,6,1.042626
UCMeLPkSQAcWZbm1gNTwW7pw,ライオン父さんのお金持ちになる為の投資術,7,5,1.000829
UCgjblCwQBAUc7F0YYhRCFVQ,【公式】しみけんチャンネル,7,10,0.99998
UCt3u21GWUjaNt5WV0TIjrpw,YUKIMURA CHANNEL,7,5,0.981051
UCDaTEkMWGyHXh83KZ-vFf9A,ゆっくり知的雑学【ゆっくり解説チャンネル】,7,10,0.975349
UC5oiQZtfUhUuX4o8J6v-_ig,ずんだ事件記録,7,8,0.975312
UCFQe6g5vk-LF8O771Ih09rQ,MINA,7,10,0.96706
UCFuur8h3mhkAFmz5xM-LnJA,Primitive Japan ~Weekend Jomon-Men~,7,7,0.94574
UCKB1_J_s2Xj0LsJGppZfnlA,SHUMPEI PIANO CHANNEL,7,4,0.943457
UC7f4zm07c_Fms28rRpQl0iQ,お金の達人ずんだもん,7,3,0.929384
UCJjIXFZBtSFjKu5n7rs0E4A,MASAYAH - Japanese Song Practice Room,7,11,0.894326
UC9eo2v-zP26zvK2PNCqRVMg,政治経済たぬじろう,7,5,0.891215
UC3IxccCDgnjeA8aZVg7CbaQ,楽な発声製造工場【Wonka】,7,4,0.890609
UC9wWpl6Kw5XWhxwdBid1TNw,自分に正直に生きる,7,4,0.889488
UCP_hca0f5ROxaLH40Kc582g,強き日本,7,4,0.883191
UC8oXG8JJIN17RkEwsN1SurA,マーケティング研究所【雨と東京と株式会社】,7,11,0.882952
UC6mVMhtTp5YEkjE-j4x6jsw,歴史探検隊ずんだもん,7,7,0.881041
UC-vtEQo3uKRegc2be9mqexw,igo shogi LIVE TV,7,5,0.878474
UC4q1-TnEB-jl0c7q5KrBxtw,アドラーくん,7,9,0.872277
UCMQP-73yK1b5HxEFtSV0C9w,裏ワザ・便利ワザ ,7,9,0.863627
UCE2Utg4v21vvdJEpo5sUm6g,覚醒の教え,7,6,0.850614
UC_3ZTZpUj8VqiAAz-1IkC8A,ミスチャンのぼやき,7,4,0.849849
UCV_wTIihSxDsTE_RzSiWOTg,zaki’s Garden,7,3,0.825302
UCDuoi35_RLZ2PPIL7VkxIYQ,オールドポップのなんとかさん,7,11,0.819187
UC9mi6fiDSiF4W4kbzzLu9XQ,ノーボーダーの隠し部屋,7,12,0.77476
UCOnAgj_Fy4foPuObOSifgYQ,仏心の窓,7,5,0.773477
UCMlyjv59rW7nbK09UsonA-w,ぶーぶーざっくり解説【小学生でもわかる科学】,7,12,0.773193
UCe505brfgZ0UHE6d43SlqhA,生きて山から帰るには【山岳遭難解説】,7,10,0.770091
UC__fMax69_XCClNBkwWX6yw,古代史ヤバイ【ゆっくり解説】,7,6,0.736529
UC9CaV89kyug_w8Sfl3im6cw,Aroman channel,7,3,0.734025
UC3KwMZz6WFMW1s2p74jieqA,Guitarist Yoshiaki Imahori,7,3,0.729662
UC1no-vGTuPfQxGaYtkpeTPw,黒曜石,7,4,0.722845
UC_B9sGWLPoGA0cNlKJOtmXw,古代ずんだミステリー,7,7,0.714952
UC3Wqy6Dpl2wkXaI63IEYjZQ,サイフォリア,7,3,0.698095
UCLUUU-gAiTWdi67Vv1MOCRA,水樹奈々,7,4,0.696447
UCGlo78nsHit-BpWWx_TXCQg,Kenji Suzuki ,7,5,0.692005
UC2csMunQZhHvA0O-WoCS0Aw,古事鏡【番組風歴史解説】,7,4,0.688442
UCKrWgJg6GU9OwC-5fSqfB1g,Martin Miller,7,3,0.678567
UC9MLD5INacTBWo9VnibgiKQ,男磨きクエスト,7,7,0.675143
UCC0Q1NBgGJRzFFPe1IPYtwg,棋士中村太地将棋はじめch,7,3,0.672638
UC3W5V8xydOw7HlgKA9r6KRg,Rainのゲームチャンネル,7,11,0.67251
UCm06Q8x712lFQntah8O1P_A,元鑑識官の警察ウラ話ちゃんねる,7,10,0.671063
UCEsIR94OFtWkHpjI82RLBng,ポーカーのはなし,7,4,0.664947
UC9WZmE-TLX8pMiKxUB0baNA,2chで学ぶお金術,7,5,0.640066
UCEvapAm_pM3m0aIKK8dmdIQ,ずんだカー,7,3,0.627616
UCZ2biBNG8_1IbbQkyw0rsQw, 角谷 暢大 / Akihiro Kakutani,7,4,0.624711
UCKza48x4SfHSn_UGigYpYnA,英語で笑おう,7,18,0.620453
UCM31J5musm3GG1cM56tI4Ww,あゝ、激動ノ時代ヲ。,7,5,0.618902
UCBthdtZvyzJe6YPA9NUJdIA,世界の未解明ミステリー【ゆっくり解説】,7,8,0.610228
UC2J1xkzCRvy0k2wepu_wqew,けいたんの歌うま増やします。,7,6,0.607582
UCzHIFpC_Sx4enbniPNW2idg,GENRYUチャンネル,7,11,0.598829
UCD48wxzc6j1eF_-Md6VTN_A,道との遭遇【CBCテレビ公式】,7,6,0.573358
UCGcV2nEJ7Ia9r0jWqp976vA,裏世界史のエリスとマリア,7,4,0.570546
UCFauIfwtvLSgqqhmanyCnNA,日本人のゆっくりフシギ雑学,7,3,0.567237
UCHo3oyhc-UzW_gWfElF2JhA,DIY Japanese Traditional house,7,3,0.565548
UCM2jLrrXA11Ju4Xfo4sosmg,男磨き研究所,7,8,0.563147
UComrFwKha_ZmEq30Ub7MO4w,ガチ抜き【ガチタマTV 公認切り抜き】,7,9,0.561412
UClZbsg62vR15B9unTny4bVw,The Lore Knight,7,6,0.560728
UCNwkUCe94pAc9Z7Fdn_9WHw,たける / たけぷらす。,7,3,0.560407
UC_dTHGcu2uF2BE9rGnYTqfw,やっちゃんの崖スロ　アーカイブ編集用,7,3,0.558752
UCN22y80QBapMY-u3yUVX8SQ,WASABI CHNNEL,7,4,0.544468
UCB6lggFSZ1lTpHJe87GE9Rw,MAHONE,7,6,0.54414
UCI78AdiI6f7VKhqW1i4B3Rw,Zach Choi,7,3,0.540233
UCOjPvukl2ilaGWz7vt4ssrw,髭咲先生の雑学チャンネル,7,5,0.537909
UCcHB5qLiH6fUFdO8WMg0yZQ,小坂達也の帝王学・神道・占術,7,8,0.53203
UCXg48TqDJpHeQR79MJM_SuQ,HistoryR,7,7,0.527502
UCCElWWOcCFa1kYjlnPiPuCw,Li-sa-X (Official),7,3,0.512912
UCQPINeT6UB_gynT7DLR_uSA,偉人カフェ,7,11,0.51285
UCBECXcD_7erYQLK-VSfghcA,Official Yngwie Malmsteen,7,3,0.510804
UCCye9NZj5uKmFTFeUW5shSQ,shadowmystery333,7,10,0.510343
UC6b5OdZTe_ZHNNM-Dl8b9Fw,東亜【アジアの地政学・政治経済】,7,6,0.509661
UCHaHD477h-FeBbVh9Sh7syA,BBC Learning English,7,10,0.508243
UCQVD0UuD3KV3xEwxobrvsJw,ゆっくり防衛チャンネル,7,6,0.506354
UCPDSZI1KXHrxqqc2aap_ibQ,ゆーまのボイトレチャンネル,7,3,0.505569
UCG1Y8PYQsjfib0QoJbsr1vg,ワールドクリップ,7,5,0.504754
UCG57vx87GTJfmaWH8wwFmag,限界人がお送りする【知恵袋】,7,5,0.496893
UCLcqLkD3Mz9IbvE1xoeMCVg,みわごんち,7,5,0.49189
UCL4PozcaK0QrRnQRaHi41-g,しゅがーはうす,7,4,0.490493
UCAAutIWHJjlhbBn7FrbhWSw,独身OLさくらの資産形成Vlog,7,5,0.484283
UC2AIhcNB9EOsGaZiG0S7MTA,お金の心理,7,9,0.484218
UCQ6u9aSYlE2Xrsws6Y00q1w,歴史雑記ヒストリカ,7,6,0.47919
UCH7qxzjNCKnA0Alp9U4ousw,もとみつの言論プラットフォーム,7,5,0.479119
UCFwoRgP3tLngAwyu7uISkCg,心のつかえがとれる雑学,7,9,0.477472
UC20XVc_0krhP1WbdAOuDxUg,賢者の朗読,7,10,0.472494
UC2UfXQwDDmdh1UHlWdzLLCQ,Zundamon's Human Science Lab,7,5,0.472489
UCD-1K4pWHKGhvO4LtSgWlog,桃の不思議な名作物語,7,5,0.463814
UC3dta71v5aSS7Qk0Xm0ZTtw,賢人のノート 人生を後悔しないために,7,10,0.456184
UCCVo4RiUo_PKCwjRUOkEucg,田舎暮らしのビル,7,6,0.452202
UCvjOVoP0dxqPJw-3NkaB5mA,西尾知矢,7,4,0.446556
UCUdBwGS04F--S5E4I36rt3Q,Jazz drummer Kazuyoshi Kuroda,7,5,0.445746
UCiNAmtwdJLdMVtISN-cDj1Q,たか 30秒ゆるストレッチ,7,3,0.444725
UC4C1SP48yLO-P4ouUxFDblg,40代50代のためのお金の話,7,7,0.437784
UCSOzhQ44NbIFH7N2CE_n9FQ,メルカリ講座【メル神学園】,7,10,0.429933
UCpt3Bk9Rr0j6XOzIT38U0Kg,しんりゅう / ファンタジー&神話研究所,7,7,0.42459
UCVIJdQSonl-jGmc4R7q0YnQ,中原弘貴Nakahara Hiroki,7,4,0.415438
UC0uR95iuiMg9dM0AkSss3JA,piano DIY と 保守点検,7,6,0.410578
UC33X6C85CludDID-wZJvJmw,funk ojisan,7,4,0.402821
UCNQMIxQfa43QkkudqAap_9A,咲熊,7,3,0.402605
UCNAt7XbvhTOVs2bkUdpAJ6g,安心していいんだよ,7,4,0.395892
UCbnZnyao-VPjoVrIpufKx9w,Kazuki's Guitar Channel,7,7,0.386236
UClrK28v2uVzqD1MfT16YfQg,こてぞー,7,4,0.384995
UCrw14X80t_iKsOJlKlh8q4Q,【消防防災】RESCUE HOUSE レスキューハウス,7,14,0.379454
UC7EH_WSlrmV6lXp91KAUPCw,カミヤ先生のDIY!チャンネル,7,9,0.379234
UC9yZkmteI0_1cprtkSar45A,Tips Workshop,7,3,0.378563
UCMg-WM5AVGdmbU5R8amIyrw,Ryosuke Ito,7,10,0.376362
UCFmtIZMWttJLG-idodZ39OQ,ゆるっと豆知識,7,3,0.361323
UCAZx33LACb9YEZ4zP6lDgwQ,活かせる雑学【人間関係】,7,3,0.359215
UCDRsSkbOvljFdbPANDKZ2cg,スロアフロ,7,3,0.351268
UCSu9D_MeMn06amEouct9i5g,ゆっくり地図旅,7,4,0.348419
UC6hqxl18LzBTgInEqSZ4uEg,シン予言,7,8,0.347303
UCK3Vwa55zBWQzVkU3hWgs6A,老後安心お金の豆知識【ゆっくり解説 お金】,7,3,0.331822
UCAJW5uuqvFXqKbg-KL-cG1A,ふうりん@風の時代と潜在意識,7,7,0.330897
UCdAT_v1_2aTPergMpWy2V-w,人生の道標 - 癒される仏教,7,6,0.329878
UCPSwotdUs5vI2MUU1N5PGJQ,フカミマコト / Makoto Fukami,7,5,0.32982
UC6jQA74GhOD5edE9XPlRoLw,みんなのボイトレ,7,6,0.327046
UCinFRyiWOfzqsYng0EmOiqw,TurtleFitness ,7,9,0.323977
UCAy3mZJmk0CYnKMzP7b5Epg, Bullet Military,7,3,0.314823
UCdzXXjd28tQJ2cwnJKquiqg,北條元治 | 形成外科医・肌の再生医療の専門家,7,13,0.309703
UCKSGZECKHyEa5ReOGrwCJqg,いとをかし日本の歴史【ゆっくり解説】,7,4,0.305431
UC2-W_pj9v3eyxEVtz0_IJXA,ロボプラちゃんねる@まこアニキ,7,3,0.301804
UC8ao3oi5q70KccmjzrRKRYQ,超新塾ちゃんねる,7,5,0.300944
UCT1TEoq1-VFjskTqI91OteQ,Guitar Lesson for Beginner,7,9,0.300919
UCVtrn5zh27rdjzM1lj88JBg,パーマン2号【潜入リポート】,7,7,0.294375
UCNpHslsOxhZkWW_wFjXHnhw,setakara DIY channel,7,7,0.292228
UCcSFOAifd87FmsSVYwgnbAQ,だいまつのどこでも探検隊,7,6,0.290074
UCGDuVIr59I8I98ROzD3QZEQ,ポップコーンシネマ,7,8,0.289741
UCKreIP6yEr12gX_BM0yPPdA,毎日が楽しくなる雑学,7,3,0.288474
UCCqQcLx_lIz70zeWzlB6fmQ,miku / 未来,7,10,0.288373
UCA9WwX4Ew2qIm2vEVy14V3A,セイユーコミュニティー,7,3,0.284592
UCFwasHbQgjebi-KFAUTbb6w,興味深ッ2ちゃん雑学ハチとオシン,7,8,0.282107
UC9GdsamC49zOP6bH_dgQSgg,【ジャンクTV】ゴミはお金チャンネル,7,7,0.281184
UCQyv_OmAiMPElupzZbtVdcg,たた 120キロから57キロに,7,7,0.281001
UCM9kOGL4Yu_inbtbqs9HOtg,板前シンヤの絶品☆おうちごはん,7,3,0.274318
UCeEw2Utee_-P8-KZYTzuUsw,qooninTV,7,4,0.265458
UCA64OgqUA6xz2H_8xdqCO4Q,Kominka Channel,7,3,0.263896
UCKXdLv4lm8CT49otjnFweEg,NMBC,7,3,0.263173
UCDq8SFv1uW5kr8iR5-hZlBA,キシキンTV,7,6,0.262072
UCRHmNRsHzdxoJJ6eik3yYlw,EvoHoot: Exploring Evolution with Owls,7,5,0.26185
UCSgXLEAt1umhARYk35lfXhw,歴女は古代史を語りたい,7,7,0.259998
UCJwdvdNWbvSOC95p_G_wf5w,RISA RISE,7,3,0.259034
UCLdpNQzQUmFek2mE32IoJIA,人生の地図,7,6,0.25655
UCSo8I1XMIdfGJXQ6lvaeHdQ,日本BUZZ NEWS!!,7,10,0.250641
UCGEqm6P8z9QJEOAOSY4v2CA,てつお / ドラクエ考察&解説ch,7,6,0.248149
UCSaFgDh1s9NhngnZ3xnhbag,1分くれ,7,3,0.247096
UCI7WHc48LSU1RPboNASL9Ig,ダイノジ中学校【エンタメチャンネル】,7,4,0.242329
UCEL2_vsDf_q3SrabBNbG6jA,【衝撃の中国】ゆっくり未報道JAPAN,7,3,0.24193
UCEeL-jL4xAIF0XxCPgdpB6g,冥王代生命学の創成,7,3,0.236202
UCVWwxCSms3O8bryzbxWcaIQ,てつお / ゲーム考察&ストーリー解説,7,4,0.235061
UCDmHSYWaORnibZXfldTsDuw,人の本音研究所,7,6,0.234861
UCb4-om3UY151Hu1uCR8Q19Q,Muscle Watching,7,8,0.233755
UCDO9FT_L0IFbvo9i14JGJPw,雑学のツボ,7,6,0.231715
UCXzt6u4VooLQcyc3-yIFIcw,世界まる見えずんだもん,7,6,0.226809
UCIqUDk7RosdKrOacGPjyXmw,情強2ちゃんねる,7,4,0.223646
UCFE1tNuFHvTLPitvPbtEEFA,宮間めさの『テイコク立体』,7,5,0.21629
UCWX0rU4o9CR8nUJKz0bSMlQ,ジオグラ【地理のゆっくり雑学】,7,5,0.21384
UCBkPgZh2RASVMn_fHh0TvTQ,Lyle Hiroshi Saxon,7,4,0.212367
UC7Vmb4wPwSkzN7dLe8Y2SoQ,マサヤングのギターチャンネル,7,4,0.208096
UCNA0HivMhdDr4_BaWgbwEKQ,生活捗るラボ,7,6,0.206319
UCF27uipT8xmfaIALkQ14hKA,ずんだ探検隊,7,4,0.205337
UC3t550owOj8mPynjsWq56gw,世界の知恵,7,5,0.204935
UCISlrdwmrd8a4luLBd8IHRw,FUMICHO  Restoration,7,4,0.203887
UC-5MzIQb-PGF_O9pPyB2nmg,音楽生活シバっさんの部屋【毎週金曜18時更新】,7,6,0.201358
UCZwzRWG__IhjHRqUkpVAFCw,ビヨケン -VIYOKEN-,7,4,0.19943
UC7_B1Zw6Cq5YjJRbykSXclw,圧縮雑学チャンネル,7,8,0.192627
UCFsYBr5bba3s9hLqx1ZiYIw,花の慶次 -雲のかなたに- 公式戦国チャンネル -はなチャン!-,7,5,0.188508
UCVC4sTdErId_xr5-iK69aKQ,Moto猫ちゃんねる,7,6,0.184746
UCmsfo6_GmedEhParaNa3r9A,Leo the football TV【シュワーボ東京】,7,4,0.183496
UCArYO0FNFcNqTmDJZNJZFWA,nekoenglish,7,6,0.182979
UC2XqlrUJZDtWO9gDZSfpINg,AMUSE Official Channel,7,5,0.178413
UCErfRmH96QLAhWnywJejNYw,ブッダブレイク,7,4,0.175689
UC01SsDYI6ZNFz-jD-dA_u9A,None Channel【プラモデル製作係】,7,6,0.173986
UCE83q4DRD6HZj2ebVf2O29g,YUTABI TV,7,7,0.164862
UCVAIhguafBLma_T277fvkPA,kazushi's channel　宮本和志 公式,7,4,0.139472
UCZ8_dwsZRnAwIBnf6njNvhA,【公式】華僑J☆負けない経営,7,5,0.135275
UCKpIOnsk-gcwHXIzuk24ExA,PIKOTAROピコ太郎OFFICIAL CHANNEL,7,6,0.135191
UCqQCfFDTU0RhhbRI1aBDU6A,COOKIE！,7,7,0.12886
UCAnG3q02YxvNZW_zniY7V8g,さり【片づけLIFE】公式チャンネル,7,4,0.125801
UC0LtdRW5VqSXnlq5FIcfzQg,【FX初心者ch】 by ユーちぇる監督,8,37,21.066123
UC04oPzeoQiTne13IunjNT2g,ましろ【FXトレーダー】,8,36,18.797351
UC1YCT9S8BFkXMYfOn6x0sgg,FXメガバンク – 今日から使えるトレード講座,8,45,16.833037
UC5t5yQzJFvoMkLI5XXZiiIQ,FXサロン-波乗り道場-,8,21,15.919641
UCA2McdYJLbD4IAQo0wLWOUQ,FXism 及川圭哉,8,23,15.698231
UC7Pd7bhUlyU0KZcD7Muja_A,ハル | FX初心者の学校,8,24,13.772172
UC7VFKdb5_4Ik6_N1LG4eU_A,【Mr.K】トレードチャンネル,8,20,12.094612
UC9LOxIL5xd3_2FA6dPY15Qg,ケン@限界社畜FXトレーダー,8,9,11.50899
UC-lFhQuhHaxAnRRSK1tds9g,FX Yosuga,8,26,10.906468
UC6OHCySp4R4_LsyKva1EcMA,トレーダー K,8,16,10.425438
UC8Ua4BLnjWQRnxBZrr-l-Zg,ささっちのトレード大学チャンネル,8,24,10.284459
UCAxiJ4ZUbRrQhwYHLd5pWhA,【FX攻略】トレーダーワタル,8,15,9.826753
UCGNd0qq4DC3fNVKbj6g5WDw,【FX】維新の介トレードチャンネル,8,23,7.674038
UC0SKIdgDQXqV4iSqOmDLSFQ,エイクFXプライスアクションチャンネル,8,19,7.517746
UCPlTtgZkoZIl5TorUei3iXg,クロユキFX　実戦テクニカルと相場分析,8,14,7.36095
UC2sBUignRWMrKJtIztlq_VA,FX見える化ラボ【FXLabo】,8,11,7.345192
UCGa_p1LrXcsN9e2Q4y_yAcQ,おバカな妹にFX教えてみた,8,12,7.232426
UC_xt5BP2glAQZAwqUsqkEkA,水島 翔/FXトレーダー,8,22,7.222169
UC2M-72jG8rauIKm6OSUnZoA,トラブルのため停止中,8,10,6.871975
UC5qdpFDdzySFubUaDgCDoHQ,トレーダーお父さん,8,16,6.458951
UCVn4nUvBfg9fz_ytO97f_Sw,FXの勝ち方を伝えるちゃんねる〜期待値道場〜,8,17,6.411023
UCC9SB7UVkUvmF7tXTXs0umA,オレ的ゲーム速報JIN FX・株投資部,8,18,6.339386
UC_mLVLo7ouvrgcLzkMvN_Cg,FXゴールドナビ,8,15,6.032145
UCbLp8eGfutMWYVGEdf6SzNA,【初心者向けch】FX Nyaoのファンダ教室,8,4,5.697093
UChWqp_XdFkUwejYapc8Iv7A,心眼のチャート研究所,8,18,5.688643
UC8LjUPH9c0-GUF7XJc_RkMw,◤ - 欧州トレーダー流 - FXシナリオ分析◢,8,7,5.621623
UCfPBVNEvh_z6rbBvtuYB64Q,Forex Mayohare,8,13,5.600382
UC59QmljwcLTry65r8d_mllA,FX研究家　ちりつも,8,9,5.30302
UCCJNEq3X1hdUH3RLRzyEMVQ,WikiFX_JP,8,11,5.293272
UC_qqnOaJ1A2vcOc1ugG_GDA,FX解剖学,8,7,5.048111
UCI2WFvroYaoc7dk9GNfyz3Q,ズバッ! トレーダーまり,8,7,5.033373
UC6raUGFw3O3yK2-XzcZsOVw,FXライブトレードをするAki,8,9,5.014926
UCD0yNT_-zIMGwVuJnLB5i8A,FX_パパスキャかずき,8,13,4.979786
UC9wJ6QjXK9kmESZG3aBpCCg,Jちゃんねる,8,10,4.8863
UCSDhQ6wHevnQSlbDjhZA5Pw,読みなよ。FX勉強会・FX塾,8,14,4.741398
UCs0so9Fi4MadD8r_klrOkAw,SABAI SABAI FX | チャート読解力向上チャンネル,8,24,4.581022
UC5_ESp6H_8__Ou2dVL7Q4fw,ゆいはる / FX trader,8,6,4.556004
UCJBFfNH7YvGNQry0vEjGRhQ,FXマシーンくにお,8,8,4.504317
UCgfOZLyrmh04rPiuW8vfjYA,海沼みつしろ GREAT INVESTOR,8,23,4.338625
UC6lsqcIGCg8kWjJZ4Siqjag,ローソクさん🕯FXライブ配信者,8,7,4.314664
UCDHc9BIX-d2sObpbFzqSyzA,【投資家プロジェクト】億トレーダーさとし,8,9,4.311147
UCMIWtc0uU6tBUlYZKL2D-gA,相場師ジョニーのドバイ生活,8,11,4.210731
UC7porgZ0EBOtpjQ1ndrKK3w,きんくら相場分析,8,6,4.153988
UC0jNEDGSBcLnfQ8PDhkuYtA,もちぽよ / 最短でトレードが上手くなるチャンネル,8,10,4.148474
UC3gIFrMEpEMhDziMRoNBIDg,みんなのＦＸ｜トレイダーズ証券,8,10,4.127605
UCZ4FY044DPGqojon8RSI6ag,心眼の資産二乗,8,9,4.016725
UCOqK7sUTSsQwOudkir4U5Gw,ヨイチ【FX完全攻略チャンネル】,8,6,3.858964
UCz6SlrUnw1aqQUr-WHDpmbw,FX Hiroyuki,8,3,3.661937
UCAWWDsFWX4lMuRtH46VYdIQ,ゴルフレッスン動画 Tera-You-Golf,8,22,3.624738
UC5AkGSMFIoNffoYGoeN5Ziw,ナナキFX,8,4,3.592388
UCxtCPJ2Qb5kkSvV5my5scTQ,賢人のデイトレード,8,10,3.446185
UCsyzKL2_be8U8ns5gfr1y5Q,ハイトレFX億トレーダーへの道,8,13,3.343355
UCGafJzzEfh435ZdvCEU_TeA,KouのFX教室,8,6,3.232907
UCRgKqNuGk_pChdsfRQyxxgg,Hiro's FX Life,8,13,3.203389
UCbGpIw5LmPNu4nSWqlaiu7g,神王ＴＶ,8,30,3.175875
UCT0O8XbNB-uO8ynGEOVURzg,かんたんトレード | 三上,8,8,3.097694
UCwsxKnb3Z38HLEJ4zdDH-gg,はんさんFX,8,5,3.011765
UCZXGVNGkk-b7MQC1Sr62d_A,ひまわり証券株式会社,8,4,2.972457
UCS9pWSLKpCEQePdX48K0kuw,FX界のリアルカイジ,8,7,2.961306
UCSHFi0CsLjTA6R8rLMBJ0BQ,蜂屋すばる,8,6,2.85671
UCFDQ_F-K8ep7aaE5-T9gp3A,【JFX公式】FXのはじめ方・ニュース・情報・チャート分析などを配信,8,10,2.854907
UCN6SjnueDXyLEe1rKy0xYEQ,シングルになりたいアナウンサーの休日ゴルフ,8,6,2.854463
UCEF2wJvLekiWk6p9Nd5tyYA,GOLFavo ゴルファボ,8,12,2.843038
UC-HIyS_41IgbAgajn--1utA,超知能,8,6,2.835284
UC5VDvU6IO_zeQB4OA3nhgsQ,VANGUARD FX,8,4,2.774385
UCRMTEL6NoI_dhIYMXQ8tpXg,FX3波狙いのさんた,8,8,2.774286
UCAGbQZq-Zj5dib__1gi3agg,FX龍王【ドル円予想】,8,4,2.74282
UCN8PJZmGDTymErQF7Pl-Lqg,【FX】期待は裏切る 予想は超える TAKA,8,14,2.567094
UCxEmFmH34s5QCmOMaJKEBMw,【永井翔】Free Rich FX,8,8,2.520666
UC-5r0IvQKQNsBrfpZW2_-BA,海外のFX手法検証委員会,8,5,2.518242
UC3-74iqjrUgDKAFcrxX7qBg,翼FX,8,5,2.494518
UCKe0ri_Fx7yCAaLqVABZgGA,UUUM GOLF-ウーム ゴルフ-,8,9,2.372777
UC6jvmqGUTMu8zxMh93lTscQ,1億円トレーダー【FXで20億円稼いだ師匠の弟子】,8,5,2.329447
UCWsJsG1wJyO2BydSGqfAmRA,あきチャン准教授のFX研究室,8,7,2.286821
UCa99s7Z2vv-5KNr-1Itvk6A,堀川未来夢チャンネル,8,4,2.224487
UCEGfw22QZLhHrtp4DO_d6wQ,FX-Cloverポコ,8,6,2.223494
UCqZVcdQYqngzxBOU9bI4o5g,投資家メンタリストSai,8,14,2.16297
UC3N68KFMqDwacbD-WImpcvg,FXで1000万チャンネル,8,6,2.084718
UCUd-PKbv31iRxC3O6gct3ZQ,東大卒が教える FXデイトレ講座  |  遠山さん,8,5,2.077834
UCZYKHSanCDTVGAuEFKodEEQ,FXの専門学校,8,3,1.984426
UC2KOXsfA1rBg5eaBBL0DXTw,視聴者全員に1000万円稼がせるトレードチャンネル,8,4,1.897431
UCEA01442bqomcbGZj6QeBDw,FX心彩【19年間】老舗FXスクール主宰,8,5,1.876651
UCIyYQvxMPXmo_Av71OevK0A,トレーダーKOMAN,8,4,1.85448
UCYY1PrUIH_tvpAvoG_HADNA,ひで【トレードチャンネル】,8,9,1.844926
UCOik7AOLcFxX9wNJP3D1MCQ,【FXアカデミー】FX初心者に分かりやすく丁寧に,8,6,1.836739
UC2AVtTOAnC89oOgwobq45mQ,にんじんFX,8,5,1.806766
UCl3W3dkZ2Ft91kGT6Oh-swQ,宮崎_FXで1000万溶かした男,8,6,1.788933
UC0qRlg0U8_6cMBvFJf0p9Fw,正太郎FXちゃんねる,8,6,1.766705
UCqSaQveMFqJoIbsN7a8aVJQ,【FXトレードコーチ】おしえてnana先生,8,5,1.715121
UCRcA72gm2wlSafKhMa0ocHg,タカサックゴルフチャンネル,8,6,1.708051
UCWSANUA618JYCMCNpT2rQWQ,一円太郎,8,19,1.668533
UCJRE4pV47Ivd__YFuz1GkZw,ORZのFXアカデミア,8,16,1.668295
UCHif_Wqx1D_ktk6PQC-xijA,FiB-College,8,3,1.634398
UCseXzfUOFLaA4lZeyJZPHCg,FXトレードルーム,8,9,1.5802
UCgdabZbfVLuvR9bLNeDvKHA, Fundamentals News,8,3,1.574699
UCBEtayBsTcsuOIJ14I53qZg,FXトレーダーリョウちゃん,8,4,1.569422
UChQPEGCsaB11k2hbnZF53IQ,ゆかてぃん | FXスイングトレーダー,8,4,1.555567
UCnQsuo3b9bqCr0bwHFS40gg,100億円トレーダー,8,5,1.545154
UCRCqCthJOlTn5NscSjKhHWA,神王TVさぶちゃんねる,8,12,1.533738
UCYhBsV902gg58u-bXPsqipA,【公式】ヒロセ通商（LION FX）動画チャンネル,8,5,1.530569
UC8LyhlRFzh7h_w_eP081rpA,オーリーch【投機筋トレーダー】,8,10,1.526339
UChwTCfqb4qCBQf6FhuU_lpQ,FXトレーダーぽんた,8,6,1.518366
UC3vnXo3ZBJA0mDX8EVZDYmA,マネするだけで勝てるFX手法攻略 | えり,8,6,1.496232
UCCZZqyRyR_L5KNABW3suYww,ゴルフ飛ばしてなんぼ!,8,6,1.439554
UC2nDudMTSBoF9Td00yRS6_A,Narrow Focus Tube(Japanese Forex Trader),8,3,1.424263
UCJdphcWsE3pb-y9mQCqXHEA,ちょっと深掘りFX【メンタル編】,8,6,1.396007
UCjzfCTx1CJdH-DA74i89DwA,プロップファーム研究室長,8,4,1.34931
UCQg8c3NRChdfRH2j1xMLaGA,ゴールドtrade研究所fxチャンネル,8,6,1.344579
UCBV4N3EAsiZ8FYPqx8ni8vg,シンゴルフ - 進化を求めるゴルフ番組 -,8,5,1.318727
UCPyarU-HBome3kaZ4JKGkdA,ぶりた【FX バイナリー配信者】,8,3,1.272904
UCwz-8G2pL553sME2-E4Juqw,偉人の脳内,8,7,1.238429
UC0mkUet8Tqz-rA7R3kDqRyg,100万回ワンパンチ考察ちゃんねる,8,3,1.199796
UCcllVT-T3HcTq2cfsb0K73g,リク | FXテクニカル分析の専門家,8,5,1.154474
UChyyT_8lPi5lrdmxp4qF8Sw,Daisuke's channel that loves FX,8,4,1.152068
UC8OjykYh8KUVOmez_y3L7PQ,90seconds,8,7,1.149079
UCfAipC-liYv3T3C-E9mEG4A,FX初心者を最短でプロにする男,8,5,1.129652
UCDZM_ACxnJAQD0aDWSVHcmw,トレーダーK【相場分析】,8,5,1.076019
UCLyDZoMQj7HS6qXWnBgFNNw,BASARAバサラ,8,3,1.033891
UC7puDdFLNFcgaeQiutQahPw,GOLF Miyashita Channel,8,4,0.961796
UCAnrH6qdmJ7RyY-pAXxpWZQ,kmg,8,8,0.939241
UCNem7HqJm8xkCPMAZjVrYdQ,JAPAN MOVIE CHANNEL,8,3,0.898658
UCB5dz7FpyKMHGAhLybSDXCw,元ハイロー関係者が暴露する攻略法,8,3,0.891757
UCjJlZxAzveOYy5i2WdUXMzg,ルーシー,8,6,0.860641
UCa0wj8QaLu_0-e-s23dmlpw,The Gavel 【投資総合スクール】,8,5,0.848724
UC7Wr0MSp9gRNeOgymYcZ3-A,FXをするずんだもん@フィントケイ解説,8,4,0.842847
UCX23v0voDwuLdlF7kNbfZFA,KOTSUBU CHANNEL,8,18,0.837914
UCAm-FFxYnxc_Z8SepcVdD3Q,FXトレーダーハルト【借金2000万円から這い上がり】,8,3,0.819488
UCGF9NUnN46KC6dHr6ZCm1qA,No Title,8,5,0.780255
UCb5jpmRleGaVIS-aUZWmjBA,FX研究所,8,3,0.774821
UC4tiuE4PlnoOTgaUon38WWg,FX College【兼業トレーダー専門チャネル】,8,4,0.770561
UC67GRPz_ZXn2u5Pp-_UU-YA,FX-EA System Project Academy,8,4,0.770175
UCorkEIBwAysd3j3MJcJqS_A,YouTube医療大学 【1日10分で聞いて学べる】,8,24,0.751579
UCYzfTtFRq79Blr2-HDMEVwA,億らせ人フィアナ,8,7,0.727825
UCTLqEaiYY5_Z4a3wXha0kGA,たわらファーム-農園ものがたり-,8,4,0.725135
UCQN8LYY5hgOm7eYEz4YdwAQ,【走りの学校】足の速さは才能じゃない!!,8,16,0.724411
UCUYW1IiQDuil8rugE9QvjFw,FX簡単手法みつけた,8,3,0.704101
UCKlAJF4LlAOpBjCdufLMbIQ,Distance UP switch,8,3,0.686845
UCQS_En3RoNVc4z-77tEkzaA,たくむ【AI効率化】,8,3,0.675183
UCKoZOmJXtjs5s0RFIA0Erfw,TED外国債券ストラテジスト,8,3,0.656817
UCMWcwW9Hh2OjEjVLI-SKy1g,ジジFX,8,3,0.650086
UCjANN0eUvw-WrZFXJaNfq0g,Ascension,8,6,0.637029
UCG1yLIlBu2Ww-Cl0jKBoiKA,つみたてシータ,8,5,0.628704
UCh4FtC3UhGpa-Wya5Ri0Xbg,YAYIYU,8,3,0.614835
UCOyXde8s_aKc5e0Ql2KCOYA,R!N /Gemie,8,3,0.613796
UCkWjVJxPq3yI0h_LgV9A-Xg,外為どっとコム 公式FX動画ch,8,10,0.566793
UC0DlQBzPBEz7XPNmdpOVLLw,まき⌇仕事と日常,8,6,0.549321
UCMACnIxXICldIyzgtp1blWw,けろ助のゆっくり実況ちゃんねる,8,8,0.536204
UC--gkGfH8u33yIDDLrFNl6A,川畑要のYouTubeチャンネル KKTV,8,3,0.53376
UC4MD5jBh5pebVjQCa_gGD-Q,ケロケロますみ,8,4,0.504862
UCbNZxUa2_nv5LTNdIPi4Kzw,在宅メルカリママ [さき],8,3,0.503954
UCgAn_fNACU7fqTf8w8jRDvQ,株式会社Maneql (マネクル),8,6,0.499862
UCGok6p7l2s0mi23N7M5et3g,ワールドフレンズ英会話,8,7,0.496053
UCYAKa747neOIpC972H61ViA,大蔵経,8,7,0.490758
UCRXSzh1ZweNstU7dlrXXbdA,ゴールドおーじ@金の世界を優しく解説,8,3,0.485502
UCPEjcWvtPMO9Z3WzFeyLdVg,トレナビFX,8,4,0.457334
UCuMCjbR4719KM2ICBABowdQ,FXトレードコーチ | まい,8,3,0.45722
UCDj-CReczcsDvTvXJNrDMBw,ビットコイン攻略チャンネル,8,3,0.455908
UC7xP8EQY10dadQGnR-mtJdA,偉人の波動 - 運命を変える魂の言葉 -,8,7,0.433055
UCPzbip_P0vfYwJcAaERu3Pw,NOBチャンネル,8,8,0.428753
UCS-MliAWBlB_aJmoZfiL4Dg,money money money,8,4,0.424803
UCmi8Gqms5zwbM7nCraYdw4w,命をつなぐ予防医療ー所沢いそのクリニック公式YouTubeー,8,4,0.419467
UCZVFLvB-gv515l5QOUBtbsw,WebX STUDIO【仮想通貨 ブロックチェーン総合番組】,8,3,0.412096
UCEikx-zRYfkzuW0pNbWEGpg,FXプロトレーダー井手慶之 / 月200万安定収益化トレード / ドル円相場解説,8,3,0.410159
UC6Afzo-0E86VPRty9pd-k_A,闇世界のミステリーな噂,8,6,0.385689
UCrL5DJVwdyUx0rDFC-_FeKQ,45 GOLF - Shingo Katayama Channel,8,4,0.366814
UC6yJtA4IgCeTIgYzlJfkzaQ,岐阜暴威,8,4,0.366743
UCSFMDMbIaOlts4hRyKXSNMQ,岡本一馬の認知症専門チャンネル,8,10,0.334981
UCwekwzt0Rob36LcL1GRIcOw,あやFX,8,3,0.332419
UC2EGemY5yJNf8szmxrIpi7A,一目マフィア,8,3,0.332321
UC6qsaQ7P9sM_b_Uxt7Eqsyg,IRIE × ReZARD Channel,8,8,0.323092
UC68agR9iutfaJXpu6qDYy6A,ええゴルフa golf,8,3,0.318803
UC4Nrt3aTTnjVAW_ein2nTQQ,REGATE D.S. / Football Skills Channel,8,6,0.298383
UCj0Adro_5w2joqip5JuR0_Q,aotabi,8,4,0.270028
UCY5IdyC_L0WQmascZYB_Fow,筒井チャンネル,8,9,0.265731
UCTZpERPdLbFRub16fCLXvPQ,和尚〜ブッダの道しるべ〜,8,8,0.250487
UCiM0WD4JABGfXuAop1PFtfw,comfort channel,8,5,0.248335
UCFXsDnjCABxsd3vC5aUuv4A,サラリーマンサクセスクラブ 三井,8,5,0.247563
UCRZlpN5Ya6KN_zQbVPgWDnA,MARiA,8,6,0.247157
UCCNaMMlI3cOc7yFg52riTqg,Julius Dein,8,3,0.246429
UCKDryFm1tiCNvrrAzVeHL0g,ショーンの知らない世界,8,5,0.244835
UCn2TmiyS9i3_1UuSIZ3fkbw,GR8チャンネル,8,4,0.242956
UC0i5DoDaPTkvl3OoWcipQgQ,MIURA CLUB,8,6,0.233964
UCqzyBOAOLmp16Y8sBmvaScA,読み込み中,8,4,0.23343
UC5A0lYPTDPMTCHZ0fCPrtzg,おちょピット｜OchoPIT,8,3,0.231239
UCdk17nH6jk74lAjUc2pMdlQ,原田泳幸のビジネス チャンネル,8,4,0.221145
UCZSXISpsbSdMV8AE3toRCeQ,痛快! ニッポンの政治,8,4,0.203478
UCLSLgopxB3sPd_fQ4QJPdgQ,FX筋トレーダーの規格外なチャート戦略,8,4,0.191447
UCATC7a3C7maWUe_uymIoq-g,CYBERJAPAN DANCERS Official,8,10,0.18701
UCVx4SuP1joFQXoqK5JFUmsg,お金のまなびば!,8,11,0.170441
UCV6q2FUfqVAhkG2-XsR-9nA,雑学パパ ε 子育てと心理雑学,8,7,0.167197
UC4lp9Emg1ci8eo2eDkB-Tag,Nature Relaxation Films,8,5,0.166998
UCtDEkfJlNHq_ONjQnsX5YeA,テレビ神奈川 tvk3ch,8,4,0.165779
UCRqEHQ5UhokZbtXUoXrse_w,株式会社東京金融取引所,8,5,0.147166
UCc8VMepAgIF_hVCnt4dnIPQ,よよよちゃんのお部屋,8,6,0.144024
UCcVZn3rx4sO_ccBr6XY-O8g,MyButterfly,9,9,16.195913
UC8JJPejpW-jkj4ItGNyarTw,どれ,9,15,13.79406
UC3Zr9eDEeKsCE4NgsW1mQ_Q,NATSU  TAROT,9,17,11.845435
UCKK8GulP2TTb5s9i5wT0ofw,キングソロモン,9,21,11.791512
UC8GgWCXNsrKkCeN5xt30Euw,Find My Light 333,9,14,11.680395
UCRd1HPgj9MDFuCEtkbJ9DiA,ルアナママンのカードリーディング,9,7,10.845441
UChiV33pKIO4Ro0xvahTePMw,りゅうぎんタロット,9,20,10.624494
UCP9dDJZz4BBVqSrq1xxhlJw,立花れいこl愛活 channel,9,7,9.508031
UC0qVFWNEeaYqF6L6rToqNGg,🌞あちゃまるのタロット🐉,9,4,8.387973
UCjtbVDyPK5KzU4OlhrM8i9A,Grace reading,9,14,8.319153
UCsZGc3FOvM0vsFXMKrdvJjw,とてもデザイン🔮人生をデザインするタロット,9,19,7.699257
UCgt3HMUndtqFg6BvxVq6Njg,MIKOTO  TAROT,9,12,7.583557
UC0fBJ4vGh5AtOXv-cR1EIRw,羽妃のタロット*⭐︎オラクルROOM,9,9,7.148284
UCAUBgqFP-qaH2lC7kBR93cw,Tsubaki Reading,9,27,6.173206
UCw2faEw1jkC3AehX5SFK8kg,ねこやなぎタロット,9,3,6.003507
UCw5-iLLoIyJ-wc8yoZnFMDw,momonga reading room,9,3,6.003507
UCuoVkVdOLqgJi9p_D_f5hIw,ユカリナ😊,9,3,6.003507
UC01BeAkSUXcRX43_mPEz40g,A and A Intuition TAROT,9,17,5.969042
UC0iYy3mXLdy1gf2lnLJp_Qg,たまきまみtarot〜宇宙と繋がる魔法の部屋,9,7,5.877345
UC-Qy4K-hv1Fpd8pouh0bC5A,IROHA TAROT,9,39,5.838242
UCSiNI1WctAmWjmYuYQ19OKA,milky Card therapy,9,7,5.773985
UC-liCop3ltsdE_iklYpkNTA,占い師 諸星拓哉 ORACLE•TAROT,9,19,5.708274
UCOUN8nCxNNQwvPSi2G5wj4Q,Tara's Astrology & Tarot,9,18,5.632786
UCe1D27KKKc9QHHIwNPSYEHA,現実主義 タロットリーディング Yoko,9,11,5.028184
UCul0ZAB3OOoGw-4jKJz3MPw,ルノRuno,9,9,4.736396
UClWnDrT3brFVwhckhrbd2KA,あんずまろん,9,25,4.694252
UC3sxk9gzpiqhlIdgsOGIULw,はなこ,9,8,4.676156
UCZ0cnr9vPX-vwQNvTz53U6w,Cool Chikaのタロットルーム,9,16,4.665788
UCIjTFmTx1niiJxu77B5ZREQ,AINA ORACLE,9,5,4.63956
UC8QY8b85mNAgu19z-tjL0Fw,満月累,9,5,4.55391
UCx0L_9JBGBJOOjTneSTCTAw,夜空のタロット部屋,9,8,4.535525
UC7tQJQo-_wOqpqQ4uBs94bA,KARENの玉手箱,9,6,4.467767
UCYYcTF2MYZxrsW6MU1Y52Fg,道明寺てんこ　タロットチャンネル,9,6,4.236371
UC3WWLNbDGeSLuc8YT_EQPJw,REI TAROT INFINITY,9,5,4.203676
UCoZHLVdqn3GXvVtMuooK4FA,うづき やよい,9,8,4.166124
UC2g5T9Gk5SY-Mq0hN0gmuAw,きずなタロットチャンネル,9,5,4.143411
UCO42Na11xD-n6SStAVENj7Q,うさとこWHITE,9,15,4.093577
UCFe4Awqc4Z9JcfnCIn04wnA,satori×bona blanc,9,4,4.007738
UCCUjaZPl3qiUuYZQkzY4raQ,houseタロット,9,4,3.889027
UC13ZBsTf5xPJTVi8DLOrUfQ,たまきねえさん TAMAKI+Storyworks,9,8,3.634022
UCrI9qjkWh3_EJwDl0lO88Wg,悠羽のタロットチャンネル,9,4,3.556519
UC5yrAkKY1xdgiOE6uxBkXCg,kata koton,9,4,3.505934
UCATxC4QWVyL8aa0x5HDI_UQ,ロンドン単身移住🇬🇧文化人類学x起業 多言語お喋りまりこの国際教養で世界を生き抜く,9,6,3.413176
UC5qXwHPFT6kzlbgxmZG9oug,遠藤真里佳　夢が叶う研究所,9,10,3.365043
UCV8Rtq-ukAAquY1McB_oJqw,Ao Channel,9,8,3.287989
UCMklzu70TXbNyFg-u98MkEA,人生幸転タロット,9,3,3.246909
UCdhGbKNYGK7dglu2HJf3B3Q,はるたま,9,9,3.22544
UCMuPS761c4RVPf6qu4lxkiw,Maomiの恋愛タロット占い,9,5,3.175078
UCsAr67MGj880GrCpX6gn9jg,@iroha room,9,11,3.116505
UCNfVIim1m4pVgppvnuSdYIA,MARIA ORACLE,9,18,3.092078
UCysuDG7hCvn9mLH_r66g8JA,ローズマリー🌙タロット&ルノルマン　恋愛リーディング,9,3,2.998661
UCMOIg3SvGAcNWORj8LSvhoQ,kaori oracle,9,10,2.893683
UCxlmNgl67Kz3ThxXDDs4_Xw,TSUMUGI TAROT,9,5,2.838049
UCFzvpx6yQ3rp35Z9sh4u9Xg,しまうまタロット,9,12,2.813686
UCCcTc-mnau1TqEghHGOI6Og,白桃＊世界を占う桃,9,6,2.613645
UCl_11ni2s6DiKcOM8fyBxbQ,葉瑠の灯りをともすひととき〜タロットと占星術〜,9,3,2.468824
UC_T0UVXQykMpAHWex9oxNLg,イロハのまったり部,9,6,2.313891
UC5MMdyWKFlCIKZGUigWwLOQ,のんびり暮らしチャンネル,9,9,2.245007
UCI9MZdto-yAxx-aT8lbcRKg,大人のタロット占い - ゆうこ -,9,8,2.183284
UCIxmMJenWnBZuSSg0hmLx_g,未来視!直感タロット占い ふなチャンネル,9,18,2.174095
UCR7PoJakLkk7TFXLVZJXTGg,🌙 柊葵〜本来の自分を思い出すタロット🐉,9,6,2.064178
UCtiryp5YVK1417sJivKPWAg,Mitsuko Reading,9,7,2.025934
UCm9566QXTBtY1gU8hvPLhhg,GMOヘルステック,9,6,1.906018
UCRKKJBr-GxgjWsiz7B5sR5w,高宮加妃【開運上昇チャンネル・40代50代から人生が動き出す奇跡】,9,8,1.815968
UCiYro9HTh_K_DWWELTazevg,ローレンCard leading,9,7,1.805199
UCSXpSoWV4_R1Taf_4E2fOsQ,サザンオールスターズ,9,22,1.696279
UC5B-3-HoDZzLyyrI_-bl6cw,HEROリーディングチャンネル,9,4,1.680473
UCZb4ByZYYOyyW4NwDi2qO3Q,あぶらす星ちゃんねる,9,8,1.675013
UCBE7DY2nmNZNsbJc6PWlLvA,マダムパン子の占い部屋,9,8,1.65792
UC1GMZ_ut3y5h1V6qlAB6_NA,心と体のエンジョイライフアカデミー,9,5,1.577131
UCAIgyiRdZDCArJCs3vYcMHA,絵描きchica  card reading  YORISOU CARD,9,9,1.576805
UCxNqppp-Z4ABFeaqIljZRzw,Mameko Daifuku  MIRACLE CHANNEL - Mame Tube,9,13,1.539249
UCFNpMhjMvUOAPhoRDqaHiBQ,望月彩羽,9,4,1.491143
UCAOxdxaCQFNV9UjDbZ7EHMA,Venus Heart,9,9,1.451295
UCiu8uo74xPJjrnuz8M6Cz2A,ひだまりーでぃんぐ🌞,9,4,1.43475
UCj-ghea0tde1NeOCK8oINBw,なないろたろっと🌈,9,4,1.390583
UCqTvoJipEnIz52LLbA5iUEA,Arcturian Pleiadian Hybrid,9,4,1.38952
UC2C_vqkHwCWI3NsjxH1j4Gw,MIKURA TAROT - 八百万の神々と龍神様とともに光に包まれながら -,9,12,1.388798
UCvJxECdxQyqiZ0lPos3a2Yg,eight,9,4,1.369158
UCIBgDuEtBCgQECIaco-w9xA,AfuaKitty,9,3,1.359023
UCl5Ne9MUPzgnFGqwpYvY0OA,あめタロット,9,4,1.328501
UC5_YOXZeiObNnMNPbC1IpUA,霊媒師kanachan,9,5,1.302758
UCZp0MOb8-I-bHOVY_0bC0OA,オトナの恋タロット🩷まゆみ,9,4,1.290806
UCTEE2J7LZUu6-bk1KUH09lA,Montparlo's Tarot fortune-telling,9,3,1.26777
UCHlMpKJivGQi5WEc5infuUw,星の導き金運アップチャンネル,9,4,1.206856
UCUpsNp5z7Dd6n4I5GzaON_w,タロット&オラクル山菱たいが,9,4,1.157795
UCkKM1VnELk4ZfhH1igHO3Sg,KOMASAN TAROT 男心占い,9,5,1.152026
UC0DsmFzmHGq_jRwMOaPEh4w,金運の神様,9,12,1.088138
UCd9UnD97xnHFcfxUFjLQXQQ,月夜 明日香の占星術タロット占い,9,4,1.064954
UCX4WHjeF4RPjEyAsT2tZpkA,気学とビジネス 井上裕紀子,9,4,1.026242
UC5aXLI7KUCtR5XXQ8g1l4cw,ゆにタロット,9,3,1.025295
UCeLqthh2LmhqG97q-DYQY1w,タロット×風水 🌈トラベルあこの開運部屋,9,6,1.015864
UCV_VOxxnUaDrXqfXDQC01jg,恋愛タロット作戦会議ぷらす,9,4,1.007039
UCnkAmv8JquZLYbzSYmsKjzw,あやの星の学校 | 地球を癒す あなたを癒す,9,6,1.006009
UC1M8fu7fLfw-M1DR3Zql9rQ,‐sioさんの宇宙部屋‐,9,4,0.928579
UCoYnNcd0AWXs_HjGwujK5vA,STAR TAROT READINGスタータロットリーディング,9,5,0.923869
UCNL1ZadSjHpjm4q9j2sVtOA,Lady Gaga,9,13,0.922473
UCS0tu5DAEf8dTGphxjHW76Q,ちいりおちゃんねる,9,30,0.905078
UCMe3UqeaTE58SWRUYyX1fNw,ケーナさんの星詠みチャンネル,9,5,0.903527
UC96jiVMyHT-JsEMF0EOtnbQ,転職のサラタメさん,9,24,0.896282
UCaZ17KNeiVkQkeG7i2WDOnQ,桑田佳祐,9,14,0.871561
UChEuI8mXjXhF3MFF4jLbQDg,星の導き占い師 Happinessエミえみちゃんねる,9,3,0.868884
UC1uLU_Ei6KTMddEwuCRgrwg,この世のミステリーを霊視考察!!ゆるふわサイキックちゃんねる,9,8,0.814695
UCwrJJpAVDt9qAxXLsQ9wHNQ,【元気になる】えなじー占い@TAROT&占星術,9,4,0.797683
UCokvleBuG0WW4BTXuSK9rxw,The Future of the 12 Zodiac Signs,9,6,0.770924
UC6-h4gN51Ars8SH4zcRZf9A,12星座との対話◆ 星が導く人生相談,9,5,0.743615
UCRmWSPpD1-o-O8SYFN3US6A,簡単ヘルシー食堂 / めいりり,9,6,0.741862
UCN9HPn2fq-NL8M5_kp4RWZQ,Sia,9,8,0.706256
UC-jBS6YBYhMPCW2yZOB_UgA,夜空のおしゃべり部屋🌙,9,4,0.685284
UCGFt26Vmxf-OIwVcE0Ub8FQ,marougeTV【占いチャンネル】,9,4,0.682519
UCP1vxAJDM8grzBvocWf_FxQ,占いラボ,9,6,0.643399
UCcOXasdY_BeCxq88oCIqqmg,あめいろTAROT,9,4,0.638898
UCaI7vNHYxgAGTcjo0X4Nh9A,My Spiritual Journey,9,6,0.624099
UCGBSU92KWWqfh0fFtNXkbWQ,おみき tarot studio ..,9,3,0.619899
UCaet2Fnmuqlx62fzbQXGtaw,Jenna's Tarot,9,4,0.602768
UCbp8rYG8ZX9ZVblA4kEtPpw,【オトナの寺子屋】助産師aya,9,4,0.593228
UC89ol8Aevf_xDrSpPn9rudg,ラボタロ,9,4,0.576149
UCIaVBCMsmeUQq9YgnCqd9eA,yossy,9,7,0.524222
UC8Ndouptb8u7ViE-IrwV5HQ,Kikorin,9,3,0.520855
UCSGY6bUfEX0O5OLJ4bcHYHA,【1分】恋愛運が怖いほど上がる音楽,9,3,0.518577
UCEbwz2X7tHbDf1Hdw4HovXQ,クレープが焼ける占星術ライター山田ありす,9,4,0.475836
UC4xBqjI5W0dwKxgk-7jTmww,12星座の神託,9,4,0.449453
UCgSdaaGs4wpnttFTMGcfpjw,山平和尚の説法チャンネル,9,12,0.446124
UC3ikGz1-QlvMFLKRQOaPx7Q,𓃻 変なオカユの自由帳𓃻 〜オカユのサブチャンネル〜,9,5,0.444659
UC23aVaV3RmPhepJLZ_PLWPg,YUWA TAROT,9,3,0.440461
UCvQx_larr2hyte6EuTXB0RQ,みかづきタロット,9,5,0.424823
UCaRu8-IqX4xN7hbb9a6zYZg,心の地図〜沢庵和尚〜,9,8,0.420091
UC26H3H7aEUnMwF7hztP07Og,トモニテ,9,9,0.401952
UCa_nIrYyYyE4i01TAlY7JVw,ヘアメイク職人_化け子,9,11,0.392982
UCB7-5ZGD_LBo3z5Du4dUXQA,アマテラス易占タロット,9,4,0.392906
UCH9dLP_ISsbYUleWuCHNxnw,きりんの恋愛特化型ちゃんねる,9,3,0.377975
UCbu_9cDFTeLQhOZMEm4QvIQ,星ミント⁑占星術タロット,9,3,0.376925
UC_aAIARKeCJnpSzHZWFawNA,〜認定鑑定士〜堀田亜希,9,6,0.372338
UCAatdZomJs71f9t_TspY3xQ,エクラの前向きタロットリーディング,9,3,0.368493
UCiTTFUVtTr3ufxep8kplifQ,霊視TAROT - みずき,9,4,0.351794
UC07Kxew-cMIaykMOkzqHtBQ,Lady Gaga,9,6,0.351521
UCxkiN35K-JNZKV9m0fEzN2w,ライオン兄さんの米国株FIREが最強,9,11,0.324409
UCB1CzKxVHqFLqwrUdflNEVQ,ちぇる　ダイエット食堂,9,6,0.322626
UCogJix8hIQ72fBzXsUnqJhw,稲葉院長のあのネェ,9,3,0.314186
UCmVYfGImb_GT4CXAfk1blEg,たなか学長【日本一人生が変わる若返り】,9,4,0.305944
UCQeGrUmE1u8TJCJH0dk86Ew,mizuiRo  Reading,9,4,0.278708
UCZeWmxVhf658ju5toHtv9ng,リホーム絆【屋根・外壁のメンテナンス専門店】,9,4,0.278093
UCKlvrdmxpoRs3UEbvn_NIJQ,roseーTarot霊視readingー,9,4,0.269212
UCXEaDw-C3ciwE1ZP67P3W4A,Miebee★ミービー,9,4,0.257424
UCD_CIoHCp_cIBL3Tw5KhcXQ,内山弘一の The GODチャンネル,9,5,0.251037
UCQRC2d64hZkMwcTd7DQpGKw,あんずまろんと不思議なお話,9,4,0.234036
UCYOK9UT2G_2k2ngLWzxPDcQ,ネイティブ英語発音ツールNipponglish,9,8,0.232394
UCJQriLvjVgavLo2c-qsiPfg,まりあのお部屋,9,3,0.230882
UCHPZve52HkS2j8t0tWZLYwQ,ABAYO TAROT,9,5,0.230686
UC6JAYArQIN-PnYP4KjRtF1A,花上惇 [はなうえじゅん],9,8,0.227511
UCj2_LntVY6HPTTSXKbtC5ww,Spiritual Club,9,12,0.218083
UCrsMY7pDktz7CKKvFpHyr7g,しゅくろーから夜ふかし【しゅくかし】,9,4,0.217379
UCORjrE2ILK4VCFTa0AVks2g,レモンチャンネル,9,4,0.216472
UC9bke9az4iAt6Lq7hvyKiNQ,Momo Fujimoto,9,3,0.204957
UCyZsrQCf5QliHm_qMarPLjA,魂の声を聞くお手伝いroseの部屋,9,3,0.193111
UCVb0q8kPLlRDNBGkTCo_6nw,【ゆっくり解説】スピリチュアルの時間ですよ!!,9,5,0.181806
UC-hM6YJuNYVAmUWxeIr9FeA,Miko Ch. さくらみこ,10,13,12.968505
UCCzUftO8KOVkV4wQG1vkUvg,Marine Ch. 宝鐘マリン,10,10,12.308124
UC1DCedRgGHBdm81E1llLhOQ,Pekora Ch. 兎田ぺこら,10,15,8.724357
UCJFZiqLMntJufDCHc6bQixg,hololive ホロライブ - VTuber Group,10,7,5.925857
UC6SmH9mR82nj28_NNg_rZvA,SQUARE ENIX,10,23,5.575918
UCL34fAoFim9oHLbVzMKFavQ,夜見れな/yorumi rena【にじさんじ所属】,10,4,4.845613
UC1zFJrfEKvCixhsjNSb1toQ,シスター・クレア -SisterClaire-,10,5,4.391461
UCBvWfh5pkiCdApbtS0eaMIg,826aska,10,22,4.081571
UC1iA6_NT4mtAcIII6ygrvCw,Hajime Ch. 轟はじめ ‐ ReGLOSS,10,6,4.00556
UCL_O_HXgLJx3Auteer0n0pA,周央 サンゴ / Suo Sango【にじさんじ】,10,5,3.950864
UCLqCmbd6bgcLaBVz3aA-68A,P丸様。,10,15,3.789799
UCCy_q-N7F2FOIZ6ZggHIAKg,Sony Music Japan,10,41,3.76742
UCDD7BcoKphATW57_46mPFLg,松任谷由実,10,21,3.339227
UC9iC5kXiHNJCCDjEi1lD3UA,Anime Times Official,10,35,2.873553
UC1QgXt46-GEvtNjEC1paHnw,Gwelu Os Gar 【nijisanji】,10,3,2.820628
UC2OacIzd2UxGHRGhdHl1Rhw,早瀬 走 / Hayase Sou【にじさんじ所属】,10,3,2.820628
UC-6rZgmxZSIbq786j3RD5ow,Leos Vincent,10,3,2.820628
UC9ruVYPv7yJmV0Rh0NKA-Lw,kson ONAIR,10,7,2.767366
UCGmO0S4S-AunjRdmxA6TQYg,DECO*27,10,5,2.617101
UCHyYUv384bv9eMOC1UoG9PQ,からすまAチャンネル,10,14,2.578553
UC5CwaMl1eIgY8h02uZw7u8A,Suisei Channel,10,9,2.520246
UCK9V2B22uJYu3N7eR_BT9QA,Polka Ch. 尾丸ポルカ,10,4,2.51397
UC6eWCld0KwmyHFbAqK3V-Rw,Koyori ch. 博衣こより - holoX -,10,6,2.272658
UCPLeqi7rIqS9uY4_TrSUOMg,あおぎり高校 - Aogiri Vtuber High School,10,7,2.167541
UCMBzCzLVj4J40PUtQUSY0eQ,鮫升コモリ,10,4,2.083022
UC-WX1CXssCtCtc2TNIRnJzg,紡木こかげ,10,3,2.009563
UCWuqzdbBcHGAwaXFVHgoZAQ,あしや Ashiya,10,6,2.001751
UCANDOlYTJT7N5jlRC3zfzVA,Roberu Ch. 夕刻ロベル,10,4,1.943356
UCD-miitqNY3nyukJ4Fnf4_A,月ノ美兎,10,4,1.915016
UCI7ktPB6toqucpkkCiolwLg,Pan Piano,10,15,1.845641
UCyuEAZQzRqhcaLZvQd9ZUNA,CapcomChannel,10,6,1.812807
UCEAOVoVVtVBhcn7vLIQIkDA,spitzclips,10,23,1.765224
UC3eYAvjCVwNHgkaGbXX3sig,中村悠一,10,7,1.758699
UC8NZiqKx6fsDT3AVcMiVFyA,Tamaki Ch. 犬山たまき / 佃煮のりお,10,6,1.715219
UCC-14oOlJqtME7UywftsSpQ,MILKY☆SUBWAY THE GALACTIC LIMITED EXPRESS,10,8,1.661994
UCnBj9CULLD4Zbk_uZh2hnZQ,フル☆アニメTV,10,19,1.648535
UC1opHUrw8rvnsadT-iGp7Cg,Aqua Ch. 湊あくあ,10,6,1.516433
UCFG6teapZaN6J1oVXl7MYPA,大代真白 /あおぎり高校,10,4,1.514513
UC7j3SIyxv9AqcXT3ps1_fmA,Yurya and quiet days,10,3,1.467473
UCDKOsemhPLrK4JnsZqkxHLA,atlustube,10,3,1.431712
UC0g1AE0DOjBYnLhkgoRWN1w,本間ひまわり - Himawari Honma -,10,4,1.351694
UCHVXbQzkl3rDfsXWo8xi2qw,アンジュ・カトリーナ - Ange Katrina -,10,3,1.3408
UCFBkdFQ3iYvh882EjPnreYw,【公式】ゲームセンターCX チャンネル,10,11,1.3305
UC0TXe_LYZ4scaW2XMyi5_kw,AZKi Channel,10,5,1.321981
UCFCHKsT1ZY2aLUAbWW1lJGA,Mariya Takeuchi,10,8,1.315485
UCvOa5n0_wYjcbZBDOLehnlA,ミッドナイトムーン,10,7,1.311692
UCkH3CcMfqww9RsZvPRPkAJA,Nintendo 公式チャンネル,10,9,1.291711
UCMx60HYcw1ieiPlZZagfqXQ,SQUARE ENIX MUSIC Channel,10,10,1.283342
UCM0d5CqnNiJu4zsPTnwmjAQ,コーエーテクモChannel,10,5,1.276674
UCm2irRvKXyKsPf0Ylf2LwoA,Algometry,10,20,1.272433
UC_RYIYOqFn0uGNi3gCslMtQ,あるごXXX,10,5,1.207447
UCv2ejD5B1xOYtGB2cf80B8g,Netflix Japan,10,17,1.196134
UCFKOVgVbGmX65RxO3EtH3iw,Lamy Ch. 雪花ラミィ,10,3,1.091236
UCUUekIrulAiJnUOawqBRwZQ,東映アニメーションミュージアムチャンネル,10,20,1.071066
UC0OXPEQRKArB_EVyFMwDbAQ,テレ東アニメ,10,7,1.008384
UCAaGaynFpku5cAx6OOSrW-w,HoneyWorks OFFICIAL,10,6,0.955668
UC6FS-KKX0Se3EpRhSn-i-Ng,「遊☆戯☆王」アニメ公式チャンネル,10,5,0.940972
UCENwRMx5Yh42zWpzURebzTw,Laplus ch. ラプラス・ダークネス - holoX -,10,3,0.936687
UCFzoVMKtzzzWs8P4x0fEv7g,DEF VIDEO,10,8,0.875046
UCMGfV7TVTmHhEErVJg1oHBQ,Ao Ch. 火威青 ‐ ReGLOSS,10,3,0.866251
UCvzGlP9oQwU--Y0r9id_jnA,Subaru Ch. 大空スバル,10,4,0.851628
UC6KnFuHBByTI20VENcsoNjg,おついちTube,10,6,0.837457
UCGzTVXqMQHa4AgJVJIVvtDQ,Vivi Ch. 綺々羅々ヴィヴィ - FLOW GLOW,10,3,0.808715
UCJ3s5YZx4WE6CKr6cUeVo4g,ANRI 杏里 Official,10,5,0.792887
UCEbPgdUbZgme40WpYmR0ocA,東映特撮YouTube Official,10,20,0.784554
UC487-kVq33Uikj9hKJLi_Dw,ホロの推し活【切り抜き】,10,4,0.763828
UCHS49X7Zgms5lZEpf6ofldA,MELODY  LELOU,10,5,0.760941
UCFTdxblQArEr7f61WXfEQig,【公式】水曜どうでしょう,10,9,0.759132
UC7-N7MvN5muVIHqyQx9LFbA,メイカちゃんねる,10,4,0.749011
UCtPyU9cJgvvgH03PQKgaucA,FamitsuTUBE,10,3,0.748062
UCLPelMHFSPTVzeZudKsIxzQ,suiyoudoudesou-TV,10,7,0.716524
UC-o-E6I3IC2q8sAoAuM6Umg,奈羅花 - Naraka -,10,3,0.693235
UChmEixJeXYHpboT5ZuXzP-A,中島みゆき公式チャンネル,10,11,0.691672
UC2DOb7D13IZZkjZ9TYZZSgw,MAGGY's Beauty and the Speed,10,6,0.686842
UCozHSCJikNZC24-W-LpPVDA,The Laughing Salesman,10,11,0.675343
UCDilaTvjeq7n8xDoN87cpuw,THE YELLOW MONKEY,10,9,0.631781
UCCVBPDxDb8Yw5-8_OwrqsIg,シソンヌライブ,10,10,0.630377
UCZlDXzGoo7d44bwdNObFacg,Kanata Ch. Kanata Amane,10,3,0.598599
UCmQ52BtuGuJoSGCwCCd3yjQ,【公式】植松伸夫TV,10,4,0.590288
UC2Xqkyhusuu1dvIgp6USEeg,Marc Martel,10,4,0.559204
UCjEsobJxJs89Diiodpo6bqQ,静かなるドン【公式】,10,4,0.557934
UCqm3BQLlJfvkTsX_hvm0UmA,Watame Ch. 角巻わため,10,3,0.55711
UC0Owc36U9lOyi9Gx9Ic-4qg,因幡はねる / Haneru Channel【ななしいんく】,10,4,0.554586
UCLhgIX2L5ZCaWdlaxR_oTAg,東映アニメーション公式YouTubeチャンネル,10,8,0.541702
UCOxvBvlRGKjf0ZWfVEdneKA,Shinra-Bansho,10,4,0.54111
UCO-n0T-9rJ4f6smFPK3vFiQ,shu3,10,4,0.53759
UCA0pS_6F3gSeQZpxtK6OIPA,ハイクオリティの賃貸専門『マエムキ』,10,4,0.50262
UC-ASnhD1JXr-AISPr0tv_OA,有吉の壁【公式】壁チャンネル,10,7,0.489763
UC_SI1j1d8vJo_rYMV5o_dRg,ポケモン公式YouTubeチャンネル,10,8,0.479673
UCORhp_TycEGGw-PEo6igDMg,にゃんこ大戦争【にゃんこスタジオ公式チャンネル】,10,5,0.474918
UC6XufPOPYUXtBKJCFgkPkVA,JUJU Official YouTube Channel,10,11,0.472694
UCcRECvixRcfUl2voNPW8wrA,ピロシキーズ,10,5,0.460045
UCL6B3WVcVHJvU2YSF-i-oUg,Studio Megaane,10,4,0.435774
UCICoLn_-HDoHal2GpVxPQJA,AKINA NAKAMORI OFFICIAL,10,21,0.426325
UCWLLrUNMEYa8pgs3IgWJmkw,大食い主婦 もぐちゃん,10,5,0.415449
UCHsx4Hqa-1ORjQTh9TYDhww,Takanashi Kiara Ch. hololive-EN,10,3,0.410421
UCGkxhoVGXHXxHx-TKkacb2Q,あにまるず Animals,10,16,0.401384
UCemRkHqzjN0IgMCiJlC_Ckg,NPO法人科学映像館,10,5,0.395485
UCR61XV4ROXhkcfLO31hTGuw,KING AMUSEMENT CREATIVE official channel,10,5,0.368977
UC9V3Y3_uzU5e-usObb6IE1w,星川サラ / Sara Hoshikawa,10,4,0.365352
UCCILvYhehRTqYG1kXVFSnHw,ConnieTalbotVEVO,10,3,0.363423
UCCLzBvEBxPC2EC-IUSQFZiQ,かっちゃんねる,10,3,0.354149
UCmueUPhyKq6biiDeV9arD2g,うぴ子(UPIKO),10,4,0.353607
UC9nCNfCGiKyW7Np0-flwEvA,【公式】安全地帯 ANZENCHITAI SALTMODERATE,10,5,0.346849
UC6wrEALx8KYwKrwnte0epbQ,ぴにょ,10,6,0.346587
UC3s6fftYAk5KQq2rWxm_HlQ,ホロメモリー(VTuber切り抜き),10,3,0.34321
UC7eXWU3oN-w5tNtP7sgeeNg,ayumi hamasaki,10,7,0.342941
UC35hRspuMgvcxw2DhGlrhtQ,シャーロック・ホームズ プロジェクト,10,4,0.319712
UCEnkd5D-53MDGpgpiQRbUqw,よしなま,10,7,0.318585
UC9OXNkUKmf3bUx8N9l8jM2w,zardofficial,10,13,0.305534
UCB3CTxzJoA_q56_FHTyPyrA,けそポテト,10,3,0.303073
UCRGxtWcbm3zzHIPsGHGbftg,人間のふしぎ【ゆっくり解説】,10,3,0.302902
UCl2aT0nRejTCQO_LHZAftBw,UNIVERSAL MUSIC JAPAN,10,10,0.297627
UC8vlFSlvo5vtc_TNDNlSJwQ,RATE VFX,10,5,0.29746
UCX7YkU9nEeaoZbkVLVajcMg,にじさんじ,10,4,0.292881
UCCt7LEiiG3VyWNhMG_9a6JA,たかきちチャンネル,10,3,0.290773
UCF6OwYTM_NRUmWASRpK76Nw,ULTLO,10,3,0.285831
UC7m-6tj3RHvrbYzJFdDa0Cw,財団S【特撮・アニメ考察系】,10,3,0.274114
UCGzjuQnhnZk8oSv_7Knq_Jw,ユキの恋愛革命 / Men's Rebirth,10,12,0.267416
UCheFLP5SgLpNagzmN9rFTYQ,【アニメ】クレヨンしんちゃん公式チャンネル,10,7,0.256428
UCknqb5b1W7lNsja6r18T5ZQ,西野ゆきひろ@北極流メンタルコーチ,10,6,0.250003
UCwNy0xYVR3mlfFTUBoZchrg,ナイトinナイト【ABCテレビ公式】,10,6,0.232482
UCAYrMNl92jw6cpjdpBP8JyA,Ru's Piano Ru味春捲,10,6,0.229519
UC_6OH5tVDjp0l4MoDYaWAJw,DJ NOJIMAX,10,3,0.229036
UC6wBud5fixEl22Df424YBFg,夜道 雪,10,5,0.225323
UCBfrhc7L6d9Bew_vVUFuzEg,孤独のグルメ / Solitary Gourmet - TV TOKYO,10,7,0.2209
UCdclFGt02DO2DfjM_KCtT8w,Limitless OTO,10,3,0.217568
UCDsgLzBDn0f4TR8XSz7hnFg,tatu,10,3,0.217547
UCmDLyFjSutfb1MK7F6cMVSA,サンライズ  SUNRISE Official ,10,4,0.217121
UC_tOiZp5HpHpFcVRZcdM0gQ,みぱね[猫活係],10,5,0.217084
UCBmLLfgshOdGhxKKAOiA-mQ,シャープスアンドフラッツ,10,3,0.212606
UC9f_Sow1bNSibe3D5M9lG9g,"ひろゆかない, hiroyukanaiと愉快な仲間たち",10,4,0.207355
UCGDdU23g7xjolfoq486JOyQ,Nobuyuki Tsujii Official Channel,10,15,0.20659
UC7C-OxuzIV7y1ajdmRGzfMw,プレデター洋楽翻訳,10,6,0.197254
UCTBYcrYCWBqTfT-6rdpcACg,Chez Sucre砂糖の家,10,3,0.196259
UCEb9L0v_-zwZcm6JSe8e5EQ,CHAGE and ASKA Official Channel,10,8,0.194048
UCLpPzUsiU61Z5vXj0DkfRUQ,鈴木達也,10,8,0.166005
UC9ssafFOm4XEvKi6catrzWg,人生の方程式,10,7,0.163623
UCGFHnun6yN7yMdBjeLW6aTQ,アクアとフランマ,10,5,0.162584
UCVpbmXihea3qPeVtNwyLDGA,DIY MAGAZINE,10,10,0.159034
UCYxJyZurLW0zLCQg4QcVMhQ,40代以上限定の投資チャンネル,10,5,0.131579
UCIR8bP-MIXHwTPkUjcnjBCw,今古賀翔【トレーニング科学】,11,21,9.224516
UCdSPo9Iefw1REMBTPqm7DwQ,Hidetada Yamagishi - Big Hide Channel OFFICIAL,11,9,8.491423
UClVxlTdjXCH02L9WtiPu_rg,Kanekin Fitness,11,9,7.59787
UC7F_CLFtxDetmUnORgmwImg,VALX 山本義徳 筋トレ大学,11,44,7.021656
UCCJel9mmTsxDU9RiCwdiLiA,サイヤマングレート,11,17,6.953069
UCCZuWE7lIoqX8_HwwNfcErA,ジュラシック木澤,11,10,6.241109
UCHoOFVQAhK-QyoXgf0iaZIg,マッスルグリル,11,13,5.954858
UCnHzm--hwx96P9D3Rnbe3LQ,ザ・きんにくTV 2nd 【The Muscle TV 2nd】,11,16,5.773908
UCNSYPA9_LyQa3FhbG9PyaDQ,Yukihiro Yuasa,11,3,5.451339
UCsME8cX56uWXEpa8hXgnVjQ,佐藤 正悟 / SHOGO SATO,11,3,5.451339
UCSwXgHVKHHT674LwUl7XlMg,シャイニーGYM,11,3,5.451339
UCOUu8YlbaPz0W2TyFTZHvjA,ザ・きんにくTV 【The Muscle TV】,11,69,5.447047
UCQ19QLcoeK9radbqDVKQZCQ,LÝFT / エドワード加藤 Edward Kato,11,4,5.142779
UCKuKJHdK8hmwNXpEcHPK8FQ,筋トレの科学【理学療法士リョウ】,11,17,5.039515
UC3xd9YtthN6JEKEiRxdgJVQ,ネック,11,11,5.029834
UCTfuU0u1bdofWDqkFTz4QaA,アクトレブログ,11,25,4.849297
UCIzzH3m7wKDe-zrbg5RPBtw,筋肉あるある,11,13,4.213854
UCNnp0kk4flPtEig7gdie0ZA,KEMI QUEST,11,9,3.918297
UCuhPVNbY5AATKsU5RSEhbCQ,山澤礼明【筋肉チャンネル】,11,13,3.88641
UCID4r258VmBcppjglAy8nVQ,家トレダイエット-のりfitness,11,20,3.574512
UCb-YblEIoA8fdgfVhgG4tBA,横川くんの筋肉ちゃんねる,11,6,3.551431
UCDTPZa_LsA5h5XxTrI9PSlA,NEXTFIT Kento 【身体を変える栄養学】,11,8,3.285931
UCrV1T0LCGPgGiBspaL2pZHw,バズーカ岡田の筋トレラボ,11,6,3.282515
UCZWyZ5L_MVBCcB8vmkspb8A,Metron_Vlog,11,20,3.261574
UC2PFHY0nOOVyErB_s1P2iQA,ブレインハック_BrainHack🧠,11,35,3.111538
UCLofrzp-fQ5XAj3GYHcawvQ,GENT Fitness,11,6,2.846101
UCUxgdP02xhhCv4xaKiloThw,パーカーフィットネス【Science Basedトレーナー】,11,11,2.75358
UCNPWT-VG1Haw1HlTQktmFjQ,ヒサノトレーニングラボ久野圭一,11,5,2.557673
UCXVErXFv_fzdIMjFpkIXHtg,まめたまの筋トレ日記,11,20,2.361203
UCGvRIuZH1C6_-p3qsNR2I-g,片倉岳人/ダイエットの知恵袋,11,17,2.264319
UCUz2jRRS1QTgrFAlYuKU5aQ,クライムライフ【Climb Life】,11,12,2.104207
UCIWEO42BPJGHr5mubE13giQ,犬たちのモテ研究所　〜モーニングドッグショー〜,11,11,1.957178
UCRvM4zFmDz2cEiuk7d9C-3w,なーすけFitness,11,11,1.895776
UCV7DLPLDN0HRtpvx46E0OjQ,うわさのゆっくり解説【20時更新】,11,18,1.859046
UCBeVJVMVoCSS76xb51qTK8Q,ドムス【見るだけで痩せるチャンネル】,11,19,1.773792
UCdzrXxMHyQ9ZbZhgS5y9thg,ジェシーズトレVLOG,11,16,1.680451
UCU5nfWTBotXFs0FJsxuCV6g,サラリーマッチョ ニッシー,11,5,1.654119
UCfY8cCh-KkzdgPyVjjkzTNA,ジョーFit,11,9,1.627486
UCNZ0C1brsTykI_3BpiVKRRA,マッスルグリルトーク仮,11,3,1.545077
UCQ0QIc_pXkjJD3Az3TGp_Yg,10分で人生レベルアップチャンネル,11,17,1.427766
UCdV_Sc1tEENX5LOzB-YLiaQ,JIN'S LIFE,11,6,1.348705
UCShZ7YlAqC4LznPnr4arBcw,ちょっと得するゆっくり学園,11,9,1.341117
UC1sCj2fgOEphRa5H0ZaEjeg,katochan33,11,11,1.271291
UCYjykEbcPv_zUlIYK2FeJog,すぐる@iPhone・ガジェット,11,5,1.261196
UCjeZF-Cl42eerVoZ3wpc5vA,前田のまいにちセルフケア !  by GronG,11,9,1.256263
UCLdlzwZmnvqknrFeF0VXAFg,あきと。Aの哲学【考察系】,11,8,1.254979
UC9g3RRh0vtmqA4gEFtfS4MQ,NASUBI-YA,11,5,1.241827
UCEbAXLRkQKcChYgi4zSudyw,SAM Get It Right,11,4,1.240609
UCw0rEA2MzdLwm7G9ZThmGgQ,Just【翁長汰志郎】,11,4,1.183537
UCRvvn1iG_FBoYlWv1XJliZQ,ぷろぷろ iPhoneガジェット,11,6,1.174757
UCd8OeLzUoXpcGRbUd_tJxJg,嶋田 慶太 / Keita Shimada,11,3,1.124055
UC_x_e-SGSU-basLUFOQ6FJA,【地球がジム】fitness mate,11,13,1.061955
UCRiAJrsunDC_MLkMgAU1Psg,Ryoji Yoshikawa / 吉川 凌司,11,12,1.045996
UCCbWeCAr7cuqfu7zE5LcO7A,ジョージのマインド【切り抜き】,11,3,0.928628
UCJGJd9rs68lSlDCf3Ao5X4A,たんぱくとりお,11,4,0.860029
UC0gex8DAn_KPhHk8ywpEBIw,黒人サムライKOKUJIN SAMURAI,11,17,0.848759
UCSQtPsHaJIbbVjd0WWqDhsQ,無水カレーニキ,11,5,0.844773
UCUoyF-9bB6SC4pvEZ3ZNL4Q,ゆっくりは健康になりたい。,11,12,0.824156
UChwgNUWPM-ksOP3BbfQHS5Q,ジャルジャルタワー JARUJARU TOWER,11,11,0.791045
UC__OG8eTZCEmMTiitGJrc8Q,ろびん,11,6,0.774387
UCUagoom4F5BBCfjSpYw-SLg,のりみみチャンネル,11,8,0.764684
UCbemdIKbFIOIbBfXM2X3Xuw,サクトシ【サクッと都市伝説】,11,17,0.75852
UCGuBbbkcmAPO7ZUy8NUnKKQ,五味原領,11,3,0.70471
UCfEgthZTGQC9Hl4YjT_Rz_Q,本当にあった怖い食の話,11,7,0.675148
UC4nFXu3gS34mJlaEVchsRWw,ZORN Official,11,7,0.664152
UCf-wG6PlxW7rpixx1tmODJw,ジャルジャルアイランド JARUJARU ISLAND,11,12,0.652675
UCM3Eo_7bq7Z1EuksMgs5jCA,コアラ小嵐,11,5,0.631035
UC37xmcTGYR8W31vUN6l4JHA,40代ゲーマーなちょす,11,12,0.585842
UCyJreLADRNJLFVZAIg6LSEQ,鷹の目経済分析,11,4,0.581062
UCJcegeACQ9-2GxprHeaEb8Q,Shintaro,11,3,0.578615
UCZ8mljp1LWhnDHDtxuxvpeA,ラブテクチャンネル,11,5,0.56359
UCQjwhxhbU6T1jKTr8TnAZ5g,ショウヘイ / 一服,11,3,0.542889
UCanLQb41iFMmOEzas1LbjHA,なおたろ【パソコン&スマホ便利術】,11,12,0.537666
UCg-YeVzKWiA6Zlpm36-G04A,新・バズーカ岡田チャンネル【岡田隆】,11,8,0.535862
UCGho1EeHY-v-bu-phQqqYSw,カネイ　Kanei,11,20,0.53276
UCGznJeBiKeacKMJR2Bx1O5g,江戸好奇心,11,9,0.530237
UC5ZBn_O4tEXTv_CfbmxYwaQ,カリステニクス東京 | Calisthenics Tokyo,11,6,0.521758
UC09o0gfx7MdL4EKkG_r1FMQ,うわさのゆっくり解説【さぶ】,11,7,0.514335
UCT9uh07OtVk9heoKwDdqhHg,Wild Moose,11,5,0.50989
UCL8MAbUQh7kT1O5Fi5lXmGg,たんぱく食堂,11,4,0.476683
UC-UtTZ44o9HC-UXsrPW1JhQ,パンプリング,11,3,0.440246
UCKubSmJDJ5Or42pgvC9e6Jg,【相続専門チャンネル】谷口税理士事務所,11,7,0.434314
UCgj-JPupxyQqo5rIinwIvxA,BOOST ATHLETES,11,3,0.425884
UCl4e200EZm7NXq_iaYSXfeg,ぷろたん日記,11,10,0.406193
UCaBqRxHEMomgFU-AkSfodCw,CHRIS HERIA,11,3,0.398786
UC7-ImzyV1lvYLmDHrxgCQmw,海外移住チャンネル,11,6,0.383382
UCVjR3_8Y4j1_PQ6AzEbk-GA,になに,11,9,0.377747
UCcO00nXo42tVPoGkc-UFp_Q,タクトfitness,11,4,0.377727
UCFjJES6DbGtb2svNTSZnjqA,野球YouTuber向,11,4,0.375587
UCKCV9EOBV-43Z0vv9riQcFA,あお | 暮らしを快適にするiPhone便利術,11,4,0.350766
UCaysl72KVChv02lV_ATtOcQ,しゅんまるのダイエット日記,11,3,0.348621
UCwVQIkAtyZzQSA-OY1rsGig,Chill Music Lab,11,5,0.343513
UCfkM3u-0uSKADDitZLpXcfA,トクサンTV【A&R】,11,3,0.338488
UCDampMTmVkf0D3rCvQP2R7A,サンシャイン池崎の超・空前絶後超絶怒涛のギャラクシーちゃんねる極,11,11,0.332024
UCEKUm3S2IREvHnCU0UPwM7w,マッスルランチ,11,7,0.313783
UCq7TUTsta8eng9huLbyfOBg,Training Lounge【Takashi Nakano】,11,5,0.308514
UCIY_X_pUXG7HvIcdBxqr9vg,意識高い系フリーザ,11,10,0.287113
UCCDxgj6AtIRL5LqhbV1imrg,Street Fight Battle Royale Japan,11,3,0.282093
UCY2lk1MDWLQiqIpzUzx-WOw,無重力のMASATO【無重力チャンネル】,11,4,0.270855
UCNT3EF3WTGtp5YagbG7KBKg,田上舞子のボディメイク大学,11,5,0.266656
UC69_6DX--kdRjq9XiOsaDyg,【The Science of Youth】Optimal Health to Age 100,11,12,0.260582
UCJCDpN3lo1gd0o6LUuD7_Ew,しまゆーのアトリエ,11,5,0.258643
UCE9OmVENjMVqM13XgEaoEmA,Little bird,11,3,0.255369
UCIMqPagj3IIfBko_VujJY8Q,OZworld,11,6,0.23757
UCG7U4VVLW99-JNyWAv80XGA,【SGIR公式】SAM Get It Right切り抜き,11,3,0.23753
UCG_d_2AJJN2icrjNBNV6w8g,TEAMHIRO【バスケ独学】,11,5,0.228872
UCXSi8Q3L_y_Q44PKaZV-t9w,日本一教育科学に詳しいコンサルタントJamahl Cross,11,4,0.221442
UC2jMzXeZ8z-z1-e42koJNSw,フナイム【犯罪撲滅活動家】funaim,11,4,0.215587
UCSpf3XUdIGDy58i0vcL-_bA,藤井筋トレチャンネル,11,7,0.211106
UCrPCzN6HOfK7FY2NJmKBeWg,栄養チャンネル Nobunaga,11,11,0.209668
UC3xgevNpGmAgWpdjtTXR20w,Wian,11,4,0.204054
UCKizjbFJr_vio1aac7PF3wA,俺がりゅーポンだ!,11,8,0.187188
UCPMII4VKN0MdyUdn9969n-g,シティネス【City_Nest】,11,4,0.185346
UCQUdNis13Y2bXiV7fssSNCg,大食いらすかる,11,3,0.179456
UCK3FGUlvfLWggYxxaHPpm2g,筋肉翻訳,11,3,0.165709
UCExRL0UWHF0R1lo5EeD6ofQ,こたけ正義感のギルティーチャンネル,11,4,0.165243
UC9mJzvWMhvTZmc_vIRkDflQ,Cheka TV 【チェカTV】,11,4,0.164095
UCVP_Fma2_-BEKWYc79JVQDw,HANGRY MONSTER,11,4,0.163574
UCNjTjd2-PMC8Oo_-dCEss7A,Omega Sisters,11,3,0.155601
UC19LtV5aPmzCirHU0V427AQ,集まれホビット【たぬかな】,11,5,0.153201
UCDZHL0cCHpYb1X-x4Ml4wQA,haruka nakamura ,11,4,0.152686
UCLjA3j_JJzFCtggZYx7lBew,日本経済大全,11,6,0.152475
UCYZgduUxcRwoD2SAYplJgaQ,PONちゃんサバイバー(ミュージシャン浅井しんや)の自力でPONちゃんを克服するチャンネル,11,8,0.149609
UCL8UldwzNq9GAZT1Vn4XOwA,SAITAMA FOOD,11,4,0.149372
UCGexAsVgXoRKNks6j8Ah09Q,おかずもちの筋肉生活【持田教利】,11,4,0.141759
UCqAruhRLMuHxGTa-xs22DnA,D-sun/BootCamp Fitness,11,5,0.140542
UCMiiTofXSNV_8c1I5ou11KA,yao's kitchen,11,3,0.139627
UC4gtGRAiS5msZfhEhdZO6hw,マナル隊MANARUTAI,12,13,20.009767
UC5l8bnxxl26Q5PDG_jawcuw,おんりー / ドズル社,12,7,15.539802
UCAsw-OdBJmgIsqNbHZXSNlg,ニューポテトパーティー,12,8,14.464032
UC3l3c-rtg0Pvgbvu9JrFULw,りんき,12,8,11.457751
UC16bljMGmi9JYoyL5x9jLGg,けなそゆ,12,7,9.232586
UC8MS8ai8oNJ07be_hsVAWyw,YASUGOYA:ヤスゴヤ,12,8,9.083907
UCH4yRBPH2pDUjPeqomx8CTQ,てるとくん,12,7,8.891259
UC61K1rlTcu3whbzjlHIa2dA,さんど。【よろずや】,12,7,8.631714
UCA7zzJ3G12UZqAIBGwtYG2A,おかじゅん,12,9,8.169045
UC9Lx-zRFGfpuls27tNAOIqA,マエスケ,12,14,7.878638
UC9UAxVR4Tym2PIICVfLTZUw,混血のカレコレ,12,14,7.75669
UC9ua902wOZQWKP3mxcFqzTw,エムエネch,12,6,7.252268
UC7whjTtWnxNNEwvhRoBxm9g,わくわくクイズひろば,12,7,6.137004
UC-ClplvCZYJsoQ9oCZlGeLA,あかさかの小箱,12,4,5.687333
UC-Cuw7QXLjJd1lFQzp5AP-w,さんちゃんく！,12,9,5.39871
UC5vqbtNnbOF2h7A_xlrIPUw,ぽっぴんず,12,5,5.387818
UCBUz70F8px0mOrnnpujgLdw,かにぱんのおへや,12,4,5.123377
UCR7etr1Oz2J811BykOCO8ew,ぼっちの冒険,12,4,5.042946
UC7UmLmEh9zQW-YV2wCHHJNw,ハネハネ,12,8,4.971898
UC74r64CwkhcInc9qK7GrFFg,エアクラHC,12,4,4.636299
UC1ZnBCHfNVlHjmGu83SmofQ,じゅん,12,9,4.166164
UC96WCBstZCHkY5Y-f0yXb_Q,どぬく🍑,12,4,4.161548
UCSSKXEFwXiEcUjZKYGSvyPg,PutiPuti＜P,12,4,3.996985
UC9_jyB4wC3UXiZG7Zn9WKSA,すなおの着物チャンネル/Kimono-Sunao,12,18,3.787786
UC-Lmxe8ImqCI73hqOjI28ig,バンカラジオの時間【公認】,12,6,3.782471
UC7NmQtOSKrHvthC3fRKw0hg,Seveen / dgsseven,12,6,3.754829
UCT5BVYrrhS7gD5xzloZ8FhA,Bankaradio,12,5,3.68241
UCUdKnSB7YEXAvnMMoToohYw,ジェームズJ ,12,5,3.574458
UCHjiVgS70k7-IiIXlviAFWg,なおきり🍑 / Naokiri Channel,12,3,3.529711
UC-nNxTBjofBNwnkQmeBkvFA,るな🍑,12,3,3.529711
UC9HBwBir6RSzRJ4SZ7xhCVg,シヴァ🍑,12,3,3.529711
UC1gbNFHc3Ut8xZj37QUStKg,テセサクch,12,7,3.46804
UC-6Il-_GUvpordvs2fz3JLw,ゆあんくん🍑,12,4,3.204721
UCH2lnz_OBcVo7Y7ptU2qovg,ブルーシー【Blue  Sea】,12,27,3.145523
UCbp9MyKCTEww4CxEzc_Tp0Q,Stokes Twins,12,7,2.913262
UC2KxdiFxT-5ymlYbzWKIf9A,阿鳥誠/アトリマコト,12,6,2.898862
UCFGbDVRF-uj65PuJV0dKyvg,くらっし社長-株式会社MIRACALE,12,6,2.852127
UC6QZ_ss3i_8qLV_RczPZBkw,ISSEI / いっせい,12,7,2.775557
UC4QyKK9ukHpwNSD3sfgJDpg,ハイブルー,12,4,2.744844
UC0rbVMCStY7IYwwTg4z_EjA,あしざるFC,12,9,2.726718
UC0eTlO_yZOPTSnSd5M6FCxA,オムライス兄さん Omurice Boy🇯🇵,12,9,2.581365
UCdOFJTdqeytxPttqDnWfS_A,REAL PIECE,12,9,2.479899
UCLoUCIRiXfSZlr2VLhvuTig,クイズチャレンジ【脳トレのすゝめ】 -Let's brain training-,12,3,2.475912
UCBEu65x_jT-3H0nELgrWMTw,野良の遊び場【くろねこアニメ】,12,3,2.457636
UC3jzu39-JUmIbpaSFP9dN8g,ひかちゃんねる,12,3,2.457636
UC2CRqFsUHDqUGVQQRUaF1Ew,お馬さん,12,5,2.372896
UC6mn32QUukCLtvZzhmGBt4Q,アナケナファミリー,12,3,2.30591
UCWWEkozYdZZLM-H10-AexqA,Takobond,12,9,2.233898
UCJy7zfLsKBXoo2soFMum7JQ,あかさかの箱,12,4,2.142544
UC-L6oKM0dDcwdWlJv6ZjCDw,Peke-Peke!Peket's!,12,5,2.131688
UCIEgmfyQSPwrjXt1QpmNv0w,おらふくん / ドズル社,12,4,1.992563
UC3ruCdV7xnwAbpkW9tQq-6A,Nowan 【のーわん】,12,6,1.98605
UCLE6AApBa6xrZhs6nAk0r3g,竹下☆ぱらだいす,12,4,1.985624
UCM3yhFc0-fBFuvqx1Vg2YNQ,Maizen Japanese Channel,12,10,1.887839
UC1Tlje8tyV0fejlnbNdrvsA,サムライ翔,12,12,1.83042
UCcJk3iLYn9Xu0BZHMIQ74Yw,なんでもクイズQ,12,3,1.82394
UCG1e-9pKpszEIn7nPAGm6Dw,らた。,12,3,1.7924
UC86px91m2gysJlO4NgmlV0Q,よろずやちゃんねる🍭,12,4,1.691299
UC8BZPEmz0PABw9ZqQGof2yA,らるきる,12,3,1.647147
UCFSUl1pGKKqMddDuiGXvYXg,えんどれす【Endless】,12,4,1.638075
UCB2I462xfqMZYF5thdNUFUg,ボチリスト,12,8,1.562729
UCADSHoziFLAeOEC4L2tibqQ,マイクラまとめ局,12,5,1.542379
UCwAJec7nCDBLu1gJOzDNFKg,トムの実況チャンネル,12,4,1.50822
UC7V9_rZ_bZQTy9gVnsW78hw,Ninja Palette 忍者パレット,12,3,1.349648
UCPuEAY09CtdTzFNWuqVZgDw,Topper Guild,12,3,1.320446
UC6KQb24UIJGBWOO-GzE138Q,爆笑天国🤣,12,4,1.300723
UCAnEi1kI8jPIpt5sKWt4ZHw,ぜるふぃー / ZELLFY,12,6,1.280058
UC5HXXqQVuniJuUrMOPS_1yA,うるこりす,12,3,1.254667
UC7Shb03PAVEf-G1Ji8Xk-OA,マニマニピーポー,12,18,1.148084
UC5EKOQyVgU4VAu7IaAjj_GQ,兎晴エナ / Ena Usabara,12,3,1.111389
UCIg-FMCWY5yv5HGWu3WI1Wg,たくあんTV,12,3,1.04046
UC-I7KHWuazM1EEo9wzp0TrA,ZERO-UCHI Restart,12,7,0.991076
UCMCRXLiUs4GEjeSa5o93KkQ,光ショーツ,12,5,0.980483
UC5R9zd2XDriZALtZeiCh8lw,やまです。,12,3,0.928279
UC4SY3LD4gOuiXRyEdUw5EQA,はらぺこグルメ日記(ぺこグルメ),12,9,0.922769
UCBNVZPlWoR7oArfzJNrK9yw,優里 Official YouTube Channel,12,14,0.894348
UCS7-cMivarzHrT2e5POQL-A,【2chショート】スカッと屋さん,12,3,0.815208
UCBvdgpgK3DPDuPV1em5Sw3Q,100円娯楽(税抜),12,6,0.720252
UC6NZxqq4gVoNIF3fFTdK-1Q,angel / えんじぇる,12,3,0.664735
UCX2fYWaYhi7J1yMaK0M8Amw,ちろぴの,12,6,0.657592
UCYZgvoQJngyG_E40KegdGvw,ダモ好き( damosuki),12,4,0.619716
UCeyvzTqX-DA8lG0LCH33aGQ,ポケるんTV,12,4,0.615189
UC0sbkZaayIhPslqETPBd99g,SATOSHI ONISHI CHANNEL,12,3,0.596267
UC5LiCoPtOS5Tr_fZ5qLc4eA,はんなりーず,12,10,0.576104
UCBliDcAvBxDy-RWoKl5ZHSA,ちろるまる,12,5,0.568409
UCOkd9KtXLE0KXigHY5nIvkw,優里 Official YouTube Channel,12,3,0.552839
UC8bERoOgLnuxltdYKqKUcpA,【 ぴこみんず 】,12,3,0.531806
UC--VXRpoDtokerOb5TDwE5g,Fly-N フライン,12,6,0.525076
UCC05bq9aihDQQFcw7VpRylA,Bokuwata channel,12,4,0.454659
UC17CyLKg9q0X1yu2rYX61Ww,2択の未来,12,3,0.44797
UC7-Qrd3ZCeZHpzwNrbdIkeA,みいるか,12,4,0.427666
UCUHKXV102zeGsUo56BSzQJw,GINTA-official-,12,4,0.427082
UCBCsg1WTv-fCJTloA_i3LNA,さんかく_キモノ(Sankak,12,6,0.424524
UCPy8NP0IV5N5KHWOF8utD2g,ピノの羽,12,3,0.41827
UC3NHhO0wBaZ5OVxaabcDKrw,ありけん【クラスに一人はいそうなデブCh】,12,3,0.412893
UC9L-QRirPMlQCCxKMlI0tyg,さしぶーの娯楽の旅チャンネル【Sashibu】,12,4,0.373168
UC6cXcs9jEmAx9qPx6ubWWkg,KEI Channel,12,3,0.371404
UC4GCHemiQ-jDdvm40GlgHsg,しらす。,12,3,0.370155
UCIU_1WDzifvGu16qzFcKAEA,ぷらぷらぶ,12,6,0.355788
UC6_oeyWIGpupFht3vc9HA6g,JAPANnewsCH,12,4,0.348752
UCO06KZjWOe6b1tXrgzzakZA,ぽこにゃん,12,4,0.268614
UC6BWjurIu3UbQ_4DnjM-ZtA,みやび 引き寄せ名人の教え,12,5,0.264901
UCJPI9QKuNbPdn--wiR8oRRA,ぱちしゅうのげーむ屋さん,12,3,0.224401
UC4cjvf0vSvWOkXbrTkCLuMg,勇気をくれる名言🌱べべ,12,7,0.200378
UCET6ibobAC8xmWKAycjHEjw,2chスカッとムービー,12,5,0.191678
UCAQph0bsoeStucBhGCEcrXw,杉本凛ちゃんねる,12,7,0.191499
UC2dq5IBZzw0KN82mE3DYuZg,ケイコ店長の着物チャンネル,12,4,0.16557
UCR3eHnvTsH8v3Bf_DQWr72w,SS-circuit,13,6,4.35816
UC4YOaeDPrrWdNAfch4lPIRQ,ピノ電気工事,13,6,2.60371
UCGhudK3AIG152KrfURCSb2Q,ICHIKEN Engineering,13,22,2.599018
UC7h1p9Ya_ECneI1kOHHZD8w,YSP横浜戸塚 チャンネル,13,7,2.337541
UCEXCEsV_t1X_d4gSirFLgvA,狂武蔵たくちゃんねる,13,30,2.152503
UC2zM0ulWBixfvs9A-Mozr-Q,RIDE HI / ライドハイ,13,8,1.971043
UCMzcJDNESFPvUrfA0ndU0LQ,日本エネルギー管理センター事務局,13,5,1.641455
UCTQAxkLQseDmf5oBl6RR3Ag,モーターサイクルプロフェッサー,13,3,1.500607
UC7Ey8KpFqH59QQqTNSm0sOw,ひろむTV,13,20,1.484957
UC52fwNcAmiY6rG_LjltxWPQ,keizy38【モタスポTV】,13,3,1.445065
UC10YgBg4a2mbe6fjJGsJxZw,Nobu Aoki,13,3,1.440498
UCGRqql4D56uvMAo2uPbGEJA,Togo Ishii 1inch channel,13,16,1.424303
UCTy5egPnCiEor1746_MBmDA,Chilly Source,13,5,1.198394
UCASv6OgFsfqV03b7TDOrsDA,KUSOLAB,13,11,1.181138
UCPiQ_mEXdEbB-3Yhiq7gq5w,Watercolor by Shibasaki,13,29,1.021632
UCI8dCgv5cGNE1CQ3TmSWJOg,MachSakai Airsoft Japan,13,8,0.990403
UCR0nO4bzegXTNIO6yJ3S4Ng,電験合格,13,3,0.951358
UCLhmcnghttE5PULLtBh-Lpg,NORIKIYO JPN,13,4,0.776949
UCracy_9EWFXOP2Hv7NbZ4gA,MOTO-ACE VLOG,13,3,0.761007
UCnGxonfiiey6qbiuxPPPLDw,SYSTEMA TOKYO CHANNEL by Taka Kitagawa,13,4,0.720928
UC0cy4AN51lAHRzVdpMHGTnA,ジブリに学ぶLesson,13,6,0.68975
UCKjNkGY645qPhT3OaB2QGzg,Mikasu-Channel,13,7,0.610238
UChChS6k7XIhPp8ZpNa9_WVg,バイク大好きフォアグラさん,13,7,0.590173
UC2GS74txP1QN_pa3Svh1uHA,kaiteki ART,13,7,0.562461
UC8ll7KAVY5sAtrmqdvmWcTQ,まゆみ,13,6,0.436334
UCcf_hIfQz1jir7f8NrlJqkQ,福地勇人　空手世界王者,13,5,0.376747
UC6he7aSwwn3JKc0qWi17QdA,maya painting tips,13,7,0.353018
UC5Uz8J0wCNzgIr6WfoBIvpA,ないけんぼーいず,13,4,0.283969
UCs9cxFeHD54Ht5zuNtGBp5g,ガチタマTV,13,7,0.274317
UCBry-IGC_zBdmNkgMucqC7A,Directline Studio,13,7,0.252393
UC74GHh4GkKoTHzssH9vlp1w,イス軸法®︎Channel,13,9,0.231522
UCQLwzS9sAar_IEpI-kggjiQ,ansony jack,13,10,0.216478
UC-oEP6v7yPa4hANJvL9aQuw,日本最後の巫女,13,6,0.206649
UChTGSVnVKxkuuss6DpcKH5g,Haru Atelier,13,7,0.196429
UCCTsr8JOiAqDdNLUWI4vxCA,つまりはなにかch　れいわ新選組🐾,14,3,5.926784
UCC4lrHRaTZM98-SmH-Fn-kw,伊達の政治はエンタメ,14,3,5.926784
UCBU2af_xErnn4m-wxEWJXjg,【山本太郎】を応援するべきと目覚めた者　トラジロ🐯,14,9,5.645873
UC7pkN2wisdmhO2fNmbmJMeQ,やはた愛ちゃんねる❤️,14,4,5.543588
UC1FB7SPHoJOIfRrrqHbrhEQ,山本太郎切り抜きYouTube ch,14,11,5.282678
UC8Mo_VCaWoffKJKF8AsLvaQ,むしょくのヨーン【れいわ新選組十番隊無職】,14,6,4.983446
UCCLCgz29sd9XCEWRTrp90Og,れいわ新選組 ユニバーサルデザインチャンネル,14,6,4.754985
UC7WTGZV5NNPCLJH9wc8e0xQ,れいわ新選組 大石あきこチャンネル,14,8,4.345174
UC0AH-xo5ttx9PCEol_M1Myg,れいわ一閃【いっせん】,14,8,3.370111
UC6yyN9zNf1fAOV8YAWrVIzw,この国を守る【国会中継切り抜き】,14,7,2.754395
UCE_TenNAOPldB0ausxN2YuQ,れいわ新選組を伝える動画,14,11,2.139231
UC6TfjBeDuAcma3Caq5mGn3w,れいわ劇場,14,5,1.386136
UCE0DolSEDOVdKQCgSLl7xBA,れいわ新選組 応援チャンネル,14,5,1.363255
UCRfvvN--iV8kXJYqhVTn10g,FP1級パパこみやまのこみやまFP総合オフィス,14,10,1.078124
UCx2HEX7jkwrRsKXNgmIUMeA,節約看護師りょう,14,11,1.077174
UC3AGP8tjXzAefnKzgxLspQQ,不滅の偉人〜魂の継承〜,14,22,0.931949
UCKynlgFyZESvjpYUfjpVEBQ,ナオヤ@AIヲタク,14,5,0.570144
UC9S7NIH9poid8IkuyxlYUow,エンタメ日本政治劇場「ロデムの部屋」,14,5,0.559805
UC8BaUjB4zYkOeNS-MArmeZA,fashion logic channel Kotaro Doi,14,3,0.379923
UCzZT_CQBlwHCb125VvDN-hw,まかないチャレンジ! ,14,6,0.275665
UCxzI8X4wZF2Osa5Jd_RqgxQ,定年前後のお金の新常識【社労士みなみ】,14,4,0.251983
UC6BciRKAq8E90HFuEQE1lQQ,庭づくり大好きおじさん,14,7,0.15055
UCWxng9kI-8FtFCxl8wWQxAQ,プロサーファー河村カイサ,15,8,1.228006
UCMtvagaOw0IeZJN2RgwyvJA,田中英義 Hideyoshi Tanaka,15,5,1.12509
UCoUOrKoYrF1OTbF7VdcfLyQ,Yugo Kawabata,15,3,0.81469
UCmP-tffQgTf5EULJDHdDkeg,VSC Surf Lessons,15,3,0.537028
UCj4kfURfTrUQfRNHsPzO9Cw,Surfing TV,15,4,0.380578
UC2kLn6SAI4nH7A5Bu8H4YSA,けみちるちゃんねる,16,10,1.955569
UCWJEssGVTIpTwvAZNvd7ILw,ガミデンキちゃんねる,16,4,1.678834
UCZDbvLIZ4IqXNNy9gHA5sZA,電工試験の虎_ホーザン,16,5,1.568766
UC6ebei2qA7W2CnuTw9gYhrg,第二種電気工事士 無線  資格取得,16,3,0.437545
UCYLNGLIzMhRTi6ZOLjAPSmw,Shakira,17,6,1.178464
UCcgqSM4YEo5vVQpqwN-MaNw,Rihanna,17,6,1.017818
UCGnjeahCJW1AF34HBmQTJ-Q,Shakira,17,3,0.801608
UC2xskkQVFEpLcGFnNSLQY0A,Rihanna,17,6,0.640963
UCANLZYMidaCbLQFWXBC95Jg,Taylor Swift,18,9,1.376984
UCFzm6oAGFmmZfkrzQ5wATSQ,Zedd,18,3,1.182413
UCPNokRZ9hacjIQ3IQL6HNUQ,Zedd,18,4,1.120051
UCqECaJ8Gagnn7YCbPEzWH6g,Taylor Swift,18,11,0.725216
UCGvC5SaPiOb3t5HVu5eorOA,一生友子,19,3,2.0
UCmoAkfu1NWAOBDsa36V3RCQ,おさき日記,19,3,2.0
UC6f1jmmHhgtTA17nhFDX1pw,さくらチャンネル,19,3,2.0
UCPbEcJyVcETaWrubYOg4UTw,The Hindley Street Country Club,20,9,1.236193
UCD5ZsXiIFlrWrbOCM6rEDKQ,Leonid & Friends,20,3,0.758978
UCEKyvVCqS1VjE8fWby-Yhxg,Marta,20,3,0.477215
UCEVUCjSDVlw8hd7NRWhIIQg,麻生正人,21,5,1.586371
UCI6SeiNfosGddk5OeQyBBtA,独りワンネスch,21,5,0.843486
UCSwDbRA8qZ4at9oxxXc-lGg,松田悠玄【独りネット起業21年目】,21,7,0.742885
UCFEF5lVqJGV190y_U5GOKAw,Senchan,22,9,1.0711
UCJ2E-ygNbrTa4aXJD59CjLQ,まつちゃんねる日記,22,3,0.578269
UCLj5RBcMdm2F2GQ0o7Pdxbg,田中なつき/なっちゃん,22,4,0.492831
UCMII-Z1Gr2QErtjj8moEHMQ,義英真　Eishin Yoshi,23,5,0.846053
UCjcYYjM16TFOPXDjWgzHiHA,超覚醒てえんだ「スロパチ生放送」,23,3,0.50731
UCN-9wNGk1ouwXISXQmbvW8w,うまログ,23,4,0.338742
UClroi2xAjndGaaA2qfRnlOA, たくろうeBay輸出,24,3,2.0
UCpbAXFvLXA7a4vItLq6h0GQ,Let's Start with eBay by Bee,24,3,2.0
UCMX_L6Bl_nFRJQtL7jrpt5A,ebay輸出のプロ育成チャンネル / まさと ,24,3,2.0
UCb0VvRxoupAlBeIiYbAsHXg,魔裟斗&武蔵チャンネル ムサマサ!,25,3,1.403168
UCQ1PA9Rj7x6ydublqYz_ZXA,Daisuke Nasu,25,4,1.318793
UCWcfNaOvJ-UtZvWMTqDaNjw,鈴木啓太 / Keita Suzuki,25,5,1.02593
UCaPEsUupYhuc13o74jzrC-g,108ザ・チケット,26,6,1.516841
UCl4o45e-VX95oH-y9AHAGjQ,津留晃一公式チャンネル,26,4,0.792685
UC_haHghB_tpKA7X6QXrZ53Q,Yちゃんねる,26,5,0.724155
UC-J6mXodB54MysbKZ5mlweg,石井館長【石井和義 Kazuyoshi Ishii】,27,4,0.865114
UC--qWyVfci2crfG-UyEIMgg,World Oyama Karate--Official Online Training ,27,3,0.865114
UC7s_QEgUYDYYzoOEyQNENtw,Soul release KK channel,28,4,0.940105
UC-Sd8lPzQYa2d1aZZznpo1g,TAROT KK,28,5,0.940105
UC-ZVcMhlFj1DRRbIGLgT2IQ,ikuya【AI×Excel×自動化スキル】,29,6,0.739726
UC3uTHLk_bjF2tByPQAR90hQ,パス【Excel・PC活用術】,29,3,0.739726
UC0dPRX4pAek4PqRRpH0Ukfg,人間関係改善のヒント帳,30,4,0.882237
UC-fz4cU6Nec05gmbOWuQtXg,みるとらちゃんねる【猫のトリビア】,30,3,0.882237
UC0ERnp2TfH9Dj4s3XtVimSw,みんな〜アクアやろ〜よ!,31,5,0.255514
UCusLH34_E9MH_ZCjUoMfL9g,媛めだか,31,5,0.255514
UCfM3zsQsOnfWNUppiycmBuw,EminemMusic,32,7,0.853502
UC20vb-R_px4CguHzzBPhoyQ,EminemMusic,32,4,0.853502
UC2mIrGQYxeNsUICxydIeUNQ,てりたま,33,4,0.899509
UCLOjBUPKe4lv9k8aEW525RA,もものふ&あおつき,33,3,0.899509
UC35TRecEk9N5FAj2a--PAkg,ボートレース公式映像配信 JLCレジャーチャンネル,34,5,0.938624
UC4zGMicoES8FZwkhiXXZThg,ボートレース公式 BOATRACE official,34,4,0.938624
UC79FzcwwW4gMCKGUpHSYqOQ,紫苑千草の占いの部屋,35,5,0.85223
UC3GZWASLVydNPZbC22EnheA,猫の潜在意識教室,35,4,0.85223
UC3RFtKPas3hGPzUSBVF20Sw,LayLax Official,36,5,0.896218
UC48_VbXRLWIkyyjxSp4Bk3g,ガンショップFIRST,36,3,0.896218
UC3mel04H1Q9pGM5sSkyoFyg,CRAZY チャンネル ナティ子,37,3,0.912514
UC5UZv9eYDlE4YJviQmWroJw,Life in Japan,37,4,0.912514
UC3oMU5SP7peSc33a3gHHNJA,ハル映画,38,5,0.559138
UCM3xEncLfBwqxkTfWQck6bg,心にのこる話,38,5,0.559138
UCSe4o712ZacOdFWv_Q-9F2A,ガルラッキー,39,4,0.688777
UC444fh0uIiwUqzutiB70YNg,ガールズちゃんねるまとめ集,39,6,0.688777
UC7C6bhfOSx8MWso-UFWw3PQ,ラブ恋漫画,40,3,0.855987
UC4Kx6KkAayKSphfobWsRM3w,ホメテノバス【ゲーム開発中】,40,5,0.855987
UC7mQ1pnwd3lMKd5Ux5tmWXw,ダビンチメモ,41,4,0.522068
UCL42ZGgTil3_p0miIEQ99Tw,machosuke,41,7,0.522068
UC85segjeAxBSfWDWbN_cRPA,ベーコン家のポテとひだり,42,3,0.609613
UC8GYDNUBerZnldr8Sj01ngQ,リリガル Lillie and Garcello,42,7,0.609613
UCFC-GPBZvbydzgQJVo2j_tQ,フロム埼玉,43,3,0.790645
UCB1yreF9_V1k3I1jxt5KhnA,食べて埼玉【埼玉グルメ&観光】,43,4,0.790645
UCgIfLpQvelloDi8I0Ycbwpg,壱百満天原サロメ / Hyakumantenbara Salome,44,5,0.729208
UCG65Bspo5wXMoOARHlFjKNg,サロメお嬢様専門ch【にじさんじ切り抜き】,44,3,0.729208
UC_C37Xehj2cA8ldquUxDtQw,MDAskater,45,3,1.0
UCKVLlDqtYDKTd5MYLy-JvZQ,Luis Mora,45,3,1.0
UCLCdiydsWOYBbIoSYr09U4Q,MY GOLF-マイゴルフ-,46,4,0.731741
UCKwGZZMrhNYKzucCtTPY2Nw,PGA TOUR,46,3,0.731741
UCMa3SQxeuoCaUh70s85NHQw,imadia,47,4,0.957917
UCjhYyy6Ypl4fXsuwNbdwf1A,Alien Interview Door to domain awakening,47,3,0.957917
UCTES-BB_EDRH1lHFau0KhIw,ホリメロチャンネル,48,3,1.0
UCN0FfOh1g_GfBskgdNFw7rQ,"Famikko Play Video Retro Gamer""",48,3,1.0
UCVwGtjeCw3GEdI08WhlXvgw,JASMINE,49,3,1.0
UCOtleQbvot_mYB2LvibSzsw,JASMINE,49,3,1.0
UCmmQ24oTv5RCaDTGIv7Dt9w,TeamTEMAKI,50,3,1.0
UCQ5kViAW5KRKLfGmsLBsLFw,Banana Games,50,3,1.0
UCk1MEJRb0wtCdFiV6GgmMiw,株塾塾生,51,4,0.903029
UCTqb9F3rpC6vcPs1J3jxdQw,AibaTV【相場師朗 株塾公式チャンネル】,51,7,0.903029
UCh8mE1dX-r-f7UAnPh9QZMA,フィロソス,52,5,0.700028
UCUbLb8zOvCJVQxghCjPeZGQ,心の深層,52,3,0.700028
UCXE7B45KTRYX-I3XPFDnE4g,エルコレ〜歌舞伎超TV〜,53,8,0.913781
UCoCuQhqUurtZAuCnb-VlUow,ABEMA 愛のハイエナ【公式】,53,7,0.913781
UCnr1TXXlDm2H75S5nxt3O3g,脳筋ライダー【No King Rider】 ,54,5,0.825209
UCf7Bkf62BV2n5CGxya0sPoA,Woka Rider,54,4,0.825209
UCryItMG5CX-iF_7OzRTn9SA,VIDEO OPTION,55,4,0.663991
UCfooEc0L2Jfes8EfwVUg4hQ,DRIFT KING TELEVISION,55,3,0.663991
UCnN46269VId_LzgcFIB-KXA,CARPRIME｜カープライム,56,3,0.949313
UCrmsruqPgCIs4PImiZs0t9w,Best MOTORing official ベストモータリング公式チャンネル,56,4,0.949313
UComP_epzeKzvBX156r6pm1Q,Adele,57,3,0.895766
UCsRM0YB_dabtEPGPTKo-gcw,Adele,57,4,0.895766
